PROVIDER;DESCRIPTION;ACCOUNTID;REGION;ASSESSMENTDATE;REQUIREMENTS_ID;REQUIREMENTS_DESCRIPTION;REQUIREMENTS_ATTRIBUTES_SECTION;REQUIREMENTS_ATTRIBUTES_SUBSECTION;REQUIREMENTS_ATTRIBUTES_SUBGROUP;REQUIREMENTS_ATTRIBUTES_SERVICE;REQUIREMENTS_ATTRIBUTES_TYPE;STATUS;STATUSEXTENDED;RESOURCEID;CHECKID;MUTED;RESOURCENAME;FRAMEWORK;NAME;REQUIREMENTS_ATTRIBUTES_COMMENT
aws;The Federal Risk and Authorization Management Program (FedRAMP) was established in 2011. It provides a cost-effective, risk-based approach for the adoption and use of cloud services by the U.S. federal government. FedRAMP empowers federal agencies to use modern cloud technologies, with an emphasis on the security and protection of federal information.;350381001508;us-east-1;2026-08-01 19:04:21.788096;au-9;The information system protects audit information and audit tools from unauthorized access, modification, and deletion.;Audit and Accountability (AU);;;aws;;FAIL;Multiregion trail research-trail has encryption disabled.;arn:aws:cloudtrail:us-east-1:350381001508:trail/research-trail;cloudtrail_kms_encryption_enabled;False;research-trail;FedRAMP-Low-Revision-4;FedRAMP Low Revision 4;
aws;The Federal Risk and Authorization Management Program (FedRAMP) was established in 2011. It provides a cost-effective, risk-based approach for the adoption and use of cloud services by the U.S. federal government. FedRAMP empowers federal agencies to use modern cloud technologies, with an emphasis on the security and protection of federal information.;350381001508;us-east-1;2026-08-01 19:04:21.788096;ac-2;Manage system accounts, group memberships, privileges, workflow, notifications, deactivations, and authorizations.;Access Control (AC);;;aws;;FAIL;Multiregion trail research-trail has log file validation disabled.;arn:aws:cloudtrail:us-east-1:350381001508:trail/research-trail;cloudtrail_log_file_validation_enabled;False;research-trail;FedRAMP-Low-Revision-4;FedRAMP Low Revision 4;
aws;The Federal Risk and Authorization Management Program (FedRAMP) was established in 2011. It provides a cost-effective, risk-based approach for the adoption and use of cloud services by the U.S. federal government. FedRAMP empowers federal agencies to use modern cloud technologies, with an emphasis on the security and protection of federal information.;350381001508;us-east-1;2026-08-01 19:04:21.788096;au-2;"The organization: a. Determines that the information system is capable of auditing the following events: [Assignment: organization-defined auditable events]; b. Coordinates the security audit function with other organizational entities requiring audit- related information to enhance mutual support and to help guide the selection of auditable events; c. Provides a rationale for why the auditable events are deemed to be adequate support after- the-fact investigations of security incidents";Audit and Accountability (AU);;;aws;;FAIL;Multiregion trail research-trail has log file validation disabled.;arn:aws:cloudtrail:us-east-1:350381001508:trail/research-trail;cloudtrail_log_file_validation_enabled;False;research-trail;FedRAMP-Low-Revision-4;FedRAMP Low Revision 4;
aws;The Federal Risk and Authorization Management Program (FedRAMP) was established in 2011. It provides a cost-effective, risk-based approach for the adoption and use of cloud services by the U.S. federal government. FedRAMP empowers federal agencies to use modern cloud technologies, with an emphasis on the security and protection of federal information.;350381001508;us-east-1;2026-08-01 19:04:21.788096;au-9;The information system protects audit information and audit tools from unauthorized access, modification, and deletion.;Audit and Accountability (AU);;;aws;;FAIL;Multiregion trail research-trail has log file validation disabled.;arn:aws:cloudtrail:us-east-1:350381001508:trail/research-trail;cloudtrail_log_file_validation_enabled;False;research-trail;FedRAMP-Low-Revision-4;FedRAMP Low Revision 4;
aws;The Federal Risk and Authorization Management Program (FedRAMP) was established in 2011. It provides a cost-effective, risk-based approach for the adoption and use of cloud services by the U.S. federal government. FedRAMP empowers federal agencies to use modern cloud technologies, with an emphasis on the security and protection of federal information.;350381001508;ap-northeast-1;2026-08-01 19:04:21.788096;ac-2;Manage system accounts, group memberships, privileges, workflow, notifications, deactivations, and authorizations.;Access Control (AC);;;aws;;PASS;Trail research-trail is multiregion and it is logging.;arn:aws:cloudtrail:us-east-1:350381001508:trail/research-trail;cloudtrail_multi_region_enabled;False;research-trail;FedRAMP-Low-Revision-4;FedRAMP Low Revision 4;
aws;The Federal Risk and Authorization Management Program (FedRAMP) was established in 2011. It provides a cost-effective, risk-based approach for the adoption and use of cloud services by the U.S. federal government. FedRAMP empowers federal agencies to use modern cloud technologies, with an emphasis on the security and protection of federal information.;350381001508;ap-northeast-1;2026-08-01 19:04:21.788096;au-2;"The organization: a. Determines that the information system is capable of auditing the following events: [Assignment: organization-defined auditable events]; b. Coordinates the security audit function with other organizational entities requiring audit- related information to enhance mutual support and to help guide the selection of auditable events; c. Provides a rationale for why the auditable events are deemed to be adequate support after- the-fact investigations of security incidents";Audit and Accountability (AU);;;aws;;PASS;Trail research-trail is multiregion and it is logging.;arn:aws:cloudtrail:us-east-1:350381001508:trail/research-trail;cloudtrail_multi_region_enabled;False;research-trail;FedRAMP-Low-Revision-4;FedRAMP Low Revision 4;
aws;The Federal Risk and Authorization Management Program (FedRAMP) was established in 2011. It provides a cost-effective, risk-based approach for the adoption and use of cloud services by the U.S. federal government. FedRAMP empowers federal agencies to use modern cloud technologies, with an emphasis on the security and protection of federal information.;350381001508;ap-northeast-1;2026-08-01 19:04:21.788096;ca-7;Continuously monitor configuration management processes. Determine security impact, environment and operational risks.;Security Assessment And Authorization (CA);;;aws;;PASS;Trail research-trail is multiregion and it is logging.;arn:aws:cloudtrail:us-east-1:350381001508:trail/research-trail;cloudtrail_multi_region_enabled;False;research-trail;FedRAMP-Low-Revision-4;FedRAMP Low Revision 4;
aws;The Federal Risk and Authorization Management Program (FedRAMP) was established in 2011. It provides a cost-effective, risk-based approach for the adoption and use of cloud services by the U.S. federal government. FedRAMP empowers federal agencies to use modern cloud technologies, with an emphasis on the security and protection of federal information.;350381001508;ap-northeast-2;2026-08-01 19:04:21.788096;ac-2;Manage system accounts, group memberships, privileges, workflow, notifications, deactivations, and authorizations.;Access Control (AC);;;aws;;PASS;Trail research-trail is multiregion and it is logging.;arn:aws:cloudtrail:us-east-1:350381001508:trail/research-trail;cloudtrail_multi_region_enabled;False;research-trail;FedRAMP-Low-Revision-4;FedRAMP Low Revision 4;
aws;The Federal Risk and Authorization Management Program (FedRAMP) was established in 2011. It provides a cost-effective, risk-based approach for the adoption and use of cloud services by the U.S. federal government. FedRAMP empowers federal agencies to use modern cloud technologies, with an emphasis on the security and protection of federal information.;350381001508;ap-northeast-2;2026-08-01 19:04:21.788096;au-2;"The organization: a. Determines that the information system is capable of auditing the following events: [Assignment: organization-defined auditable events]; b. Coordinates the security audit function with other organizational entities requiring audit- related information to enhance mutual support and to help guide the selection of auditable events; c. Provides a rationale for why the auditable events are deemed to be adequate support after- the-fact investigations of security incidents";Audit and Accountability (AU);;;aws;;PASS;Trail research-trail is multiregion and it is logging.;arn:aws:cloudtrail:us-east-1:350381001508:trail/research-trail;cloudtrail_multi_region_enabled;False;research-trail;FedRAMP-Low-Revision-4;FedRAMP Low Revision 4;
aws;The Federal Risk and Authorization Management Program (FedRAMP) was established in 2011. It provides a cost-effective, risk-based approach for the adoption and use of cloud services by the U.S. federal government. FedRAMP empowers federal agencies to use modern cloud technologies, with an emphasis on the security and protection of federal information.;350381001508;ap-northeast-2;2026-08-01 19:04:21.788096;ca-7;Continuously monitor configuration management processes. Determine security impact, environment and operational risks.;Security Assessment And Authorization (CA);;;aws;;PASS;Trail research-trail is multiregion and it is logging.;arn:aws:cloudtrail:us-east-1:350381001508:trail/research-trail;cloudtrail_multi_region_enabled;False;research-trail;FedRAMP-Low-Revision-4;FedRAMP Low Revision 4;
aws;The Federal Risk and Authorization Management Program (FedRAMP) was established in 2011. It provides a cost-effective, risk-based approach for the adoption and use of cloud services by the U.S. federal government. FedRAMP empowers federal agencies to use modern cloud technologies, with an emphasis on the security and protection of federal information.;350381001508;ap-northeast-3;2026-08-01 19:04:21.788096;ac-2;Manage system accounts, group memberships, privileges, workflow, notifications, deactivations, and authorizations.;Access Control (AC);;;aws;;PASS;Trail research-trail is multiregion and it is logging.;arn:aws:cloudtrail:us-east-1:350381001508:trail/research-trail;cloudtrail_multi_region_enabled;False;research-trail;FedRAMP-Low-Revision-4;FedRAMP Low Revision 4;
aws;The Federal Risk and Authorization Management Program (FedRAMP) was established in 2011. It provides a cost-effective, risk-based approach for the adoption and use of cloud services by the U.S. federal government. FedRAMP empowers federal agencies to use modern cloud technologies, with an emphasis on the security and protection of federal information.;350381001508;ap-northeast-3;2026-08-01 19:04:21.788096;au-2;"The organization: a. Determines that the information system is capable of auditing the following events: [Assignment: organization-defined auditable events]; b. Coordinates the security audit function with other organizational entities requiring audit- related information to enhance mutual support and to help guide the selection of auditable events; c. Provides a rationale for why the auditable events are deemed to be adequate support after- the-fact investigations of security incidents";Audit and Accountability (AU);;;aws;;PASS;Trail research-trail is multiregion and it is logging.;arn:aws:cloudtrail:us-east-1:350381001508:trail/research-trail;cloudtrail_multi_region_enabled;False;research-trail;FedRAMP-Low-Revision-4;FedRAMP Low Revision 4;
aws;The Federal Risk and Authorization Management Program (FedRAMP) was established in 2011. It provides a cost-effective, risk-based approach for the adoption and use of cloud services by the U.S. federal government. FedRAMP empowers federal agencies to use modern cloud technologies, with an emphasis on the security and protection of federal information.;350381001508;ap-northeast-3;2026-08-01 19:04:21.788096;ca-7;Continuously monitor configuration management processes. Determine security impact, environment and operational risks.;Security Assessment And Authorization (CA);;;aws;;PASS;Trail research-trail is multiregion and it is logging.;arn:aws:cloudtrail:us-east-1:350381001508:trail/research-trail;cloudtrail_multi_region_enabled;False;research-trail;FedRAMP-Low-Revision-4;FedRAMP Low Revision 4;
aws;The Federal Risk and Authorization Management Program (FedRAMP) was established in 2011. It provides a cost-effective, risk-based approach for the adoption and use of cloud services by the U.S. federal government. FedRAMP empowers federal agencies to use modern cloud technologies, with an emphasis on the security and protection of federal information.;350381001508;ap-south-1;2026-08-01 19:04:21.788096;ac-2;Manage system accounts, group memberships, privileges, workflow, notifications, deactivations, and authorizations.;Access Control (AC);;;aws;;PASS;Trail research-trail is multiregion and it is logging.;arn:aws:cloudtrail:us-east-1:350381001508:trail/research-trail;cloudtrail_multi_region_enabled;False;research-trail;FedRAMP-Low-Revision-4;FedRAMP Low Revision 4;
aws;The Federal Risk and Authorization Management Program (FedRAMP) was established in 2011. It provides a cost-effective, risk-based approach for the adoption and use of cloud services by the U.S. federal government. FedRAMP empowers federal agencies to use modern cloud technologies, with an emphasis on the security and protection of federal information.;350381001508;ap-south-1;2026-08-01 19:04:21.788096;au-2;"The organization: a. Determines that the information system is capable of auditing the following events: [Assignment: organization-defined auditable events]; b. Coordinates the security audit function with other organizational entities requiring audit- related information to enhance mutual support and to help guide the selection of auditable events; c. Provides a rationale for why the auditable events are deemed to be adequate support after- the-fact investigations of security incidents";Audit and Accountability (AU);;;aws;;PASS;Trail research-trail is multiregion and it is logging.;arn:aws:cloudtrail:us-east-1:350381001508:trail/research-trail;cloudtrail_multi_region_enabled;False;research-trail;FedRAMP-Low-Revision-4;FedRAMP Low Revision 4;
aws;The Federal Risk and Authorization Management Program (FedRAMP) was established in 2011. It provides a cost-effective, risk-based approach for the adoption and use of cloud services by the U.S. federal government. FedRAMP empowers federal agencies to use modern cloud technologies, with an emphasis on the security and protection of federal information.;350381001508;ap-south-1;2026-08-01 19:04:21.788096;ca-7;Continuously monitor configuration management processes. Determine security impact, environment and operational risks.;Security Assessment And Authorization (CA);;;aws;;PASS;Trail research-trail is multiregion and it is logging.;arn:aws:cloudtrail:us-east-1:350381001508:trail/research-trail;cloudtrail_multi_region_enabled;False;research-trail;FedRAMP-Low-Revision-4;FedRAMP Low Revision 4;
aws;The Federal Risk and Authorization Management Program (FedRAMP) was established in 2011. It provides a cost-effective, risk-based approach for the adoption and use of cloud services by the U.S. federal government. FedRAMP empowers federal agencies to use modern cloud technologies, with an emphasis on the security and protection of federal information.;350381001508;ap-southeast-1;2026-08-01 19:04:21.788096;ac-2;Manage system accounts, group memberships, privileges, workflow, notifications, deactivations, and authorizations.;Access Control (AC);;;aws;;PASS;Trail research-trail is multiregion and it is logging.;arn:aws:cloudtrail:us-east-1:350381001508:trail/research-trail;cloudtrail_multi_region_enabled;False;research-trail;FedRAMP-Low-Revision-4;FedRAMP Low Revision 4;
aws;The Federal Risk and Authorization Management Program (FedRAMP) was established in 2011. It provides a cost-effective, risk-based approach for the adoption and use of cloud services by the U.S. federal government. FedRAMP empowers federal agencies to use modern cloud technologies, with an emphasis on the security and protection of federal information.;350381001508;ap-southeast-1;2026-08-01 19:04:21.788096;au-2;"The organization: a. Determines that the information system is capable of auditing the following events: [Assignment: organization-defined auditable events]; b. Coordinates the security audit function with other organizational entities requiring audit- related information to enhance mutual support and to help guide the selection of auditable events; c. Provides a rationale for why the auditable events are deemed to be adequate support after- the-fact investigations of security incidents";Audit and Accountability (AU);;;aws;;PASS;Trail research-trail is multiregion and it is logging.;arn:aws:cloudtrail:us-east-1:350381001508:trail/research-trail;cloudtrail_multi_region_enabled;False;research-trail;FedRAMP-Low-Revision-4;FedRAMP Low Revision 4;
aws;The Federal Risk and Authorization Management Program (FedRAMP) was established in 2011. It provides a cost-effective, risk-based approach for the adoption and use of cloud services by the U.S. federal government. FedRAMP empowers federal agencies to use modern cloud technologies, with an emphasis on the security and protection of federal information.;350381001508;ap-southeast-1;2026-08-01 19:04:21.788096;ca-7;Continuously monitor configuration management processes. Determine security impact, environment and operational risks.;Security Assessment And Authorization (CA);;;aws;;PASS;Trail research-trail is multiregion and it is logging.;arn:aws:cloudtrail:us-east-1:350381001508:trail/research-trail;cloudtrail_multi_region_enabled;False;research-trail;FedRAMP-Low-Revision-4;FedRAMP Low Revision 4;
aws;The Federal Risk and Authorization Management Program (FedRAMP) was established in 2011. It provides a cost-effective, risk-based approach for the adoption and use of cloud services by the U.S. federal government. FedRAMP empowers federal agencies to use modern cloud technologies, with an emphasis on the security and protection of federal information.;350381001508;ap-southeast-2;2026-08-01 19:04:21.788096;ac-2;Manage system accounts, group memberships, privileges, workflow, notifications, deactivations, and authorizations.;Access Control (AC);;;aws;;PASS;Trail research-trail is multiregion and it is logging.;arn:aws:cloudtrail:us-east-1:350381001508:trail/research-trail;cloudtrail_multi_region_enabled;False;research-trail;FedRAMP-Low-Revision-4;FedRAMP Low Revision 4;
aws;The Federal Risk and Authorization Management Program (FedRAMP) was established in 2011. It provides a cost-effective, risk-based approach for the adoption and use of cloud services by the U.S. federal government. FedRAMP empowers federal agencies to use modern cloud technologies, with an emphasis on the security and protection of federal information.;350381001508;ap-southeast-2;2026-08-01 19:04:21.788096;au-2;"The organization: a. Determines that the information system is capable of auditing the following events: [Assignment: organization-defined auditable events]; b. Coordinates the security audit function with other organizational entities requiring audit- related information to enhance mutual support and to help guide the selection of auditable events; c. Provides a rationale for why the auditable events are deemed to be adequate support after- the-fact investigations of security incidents";Audit and Accountability (AU);;;aws;;PASS;Trail research-trail is multiregion and it is logging.;arn:aws:cloudtrail:us-east-1:350381001508:trail/research-trail;cloudtrail_multi_region_enabled;False;research-trail;FedRAMP-Low-Revision-4;FedRAMP Low Revision 4;
aws;The Federal Risk and Authorization Management Program (FedRAMP) was established in 2011. It provides a cost-effective, risk-based approach for the adoption and use of cloud services by the U.S. federal government. FedRAMP empowers federal agencies to use modern cloud technologies, with an emphasis on the security and protection of federal information.;350381001508;ap-southeast-2;2026-08-01 19:04:21.788096;ca-7;Continuously monitor configuration management processes. Determine security impact, environment and operational risks.;Security Assessment And Authorization (CA);;;aws;;PASS;Trail research-trail is multiregion and it is logging.;arn:aws:cloudtrail:us-east-1:350381001508:trail/research-trail;cloudtrail_multi_region_enabled;False;research-trail;FedRAMP-Low-Revision-4;FedRAMP Low Revision 4;
aws;The Federal Risk and Authorization Management Program (FedRAMP) was established in 2011. It provides a cost-effective, risk-based approach for the adoption and use of cloud services by the U.S. federal government. FedRAMP empowers federal agencies to use modern cloud technologies, with an emphasis on the security and protection of federal information.;350381001508;ca-central-1;2026-08-01 19:04:21.788096;ac-2;Manage system accounts, group memberships, privileges, workflow, notifications, deactivations, and authorizations.;Access Control (AC);;;aws;;PASS;Trail research-trail is multiregion and it is logging.;arn:aws:cloudtrail:us-east-1:350381001508:trail/research-trail;cloudtrail_multi_region_enabled;False;research-trail;FedRAMP-Low-Revision-4;FedRAMP Low Revision 4;
aws;The Federal Risk and Authorization Management Program (FedRAMP) was established in 2011. It provides a cost-effective, risk-based approach for the adoption and use of cloud services by the U.S. federal government. FedRAMP empowers federal agencies to use modern cloud technologies, with an emphasis on the security and protection of federal information.;350381001508;ca-central-1;2026-08-01 19:04:21.788096;au-2;"The organization: a. Determines that the information system is capable of auditing the following events: [Assignment: organization-defined auditable events]; b. Coordinates the security audit function with other organizational entities requiring audit- related information to enhance mutual support and to help guide the selection of auditable events; c. Provides a rationale for why the auditable events are deemed to be adequate support after- the-fact investigations of security incidents";Audit and Accountability (AU);;;aws;;PASS;Trail research-trail is multiregion and it is logging.;arn:aws:cloudtrail:us-east-1:350381001508:trail/research-trail;cloudtrail_multi_region_enabled;False;research-trail;FedRAMP-Low-Revision-4;FedRAMP Low Revision 4;
aws;The Federal Risk and Authorization Management Program (FedRAMP) was established in 2011. It provides a cost-effective, risk-based approach for the adoption and use of cloud services by the U.S. federal government. FedRAMP empowers federal agencies to use modern cloud technologies, with an emphasis on the security and protection of federal information.;350381001508;ca-central-1;2026-08-01 19:04:21.788096;ca-7;Continuously monitor configuration management processes. Determine security impact, environment and operational risks.;Security Assessment And Authorization (CA);;;aws;;PASS;Trail research-trail is multiregion and it is logging.;arn:aws:cloudtrail:us-east-1:350381001508:trail/research-trail;cloudtrail_multi_region_enabled;False;research-trail;FedRAMP-Low-Revision-4;FedRAMP Low Revision 4;
aws;The Federal Risk and Authorization Management Program (FedRAMP) was established in 2011. It provides a cost-effective, risk-based approach for the adoption and use of cloud services by the U.S. federal government. FedRAMP empowers federal agencies to use modern cloud technologies, with an emphasis on the security and protection of federal information.;350381001508;eu-central-1;2026-08-01 19:04:21.788096;ac-2;Manage system accounts, group memberships, privileges, workflow, notifications, deactivations, and authorizations.;Access Control (AC);;;aws;;PASS;Trail research-trail is multiregion and it is logging.;arn:aws:cloudtrail:us-east-1:350381001508:trail/research-trail;cloudtrail_multi_region_enabled;False;research-trail;FedRAMP-Low-Revision-4;FedRAMP Low Revision 4;
aws;The Federal Risk and Authorization Management Program (FedRAMP) was established in 2011. It provides a cost-effective, risk-based approach for the adoption and use of cloud services by the U.S. federal government. FedRAMP empowers federal agencies to use modern cloud technologies, with an emphasis on the security and protection of federal information.;350381001508;eu-central-1;2026-08-01 19:04:21.788096;au-2;"The organization: a. Determines that the information system is capable of auditing the following events: [Assignment: organization-defined auditable events]; b. Coordinates the security audit function with other organizational entities requiring audit- related information to enhance mutual support and to help guide the selection of auditable events; c. Provides a rationale for why the auditable events are deemed to be adequate support after- the-fact investigations of security incidents";Audit and Accountability (AU);;;aws;;PASS;Trail research-trail is multiregion and it is logging.;arn:aws:cloudtrail:us-east-1:350381001508:trail/research-trail;cloudtrail_multi_region_enabled;False;research-trail;FedRAMP-Low-Revision-4;FedRAMP Low Revision 4;
aws;The Federal Risk and Authorization Management Program (FedRAMP) was established in 2011. It provides a cost-effective, risk-based approach for the adoption and use of cloud services by the U.S. federal government. FedRAMP empowers federal agencies to use modern cloud technologies, with an emphasis on the security and protection of federal information.;350381001508;eu-central-1;2026-08-01 19:04:21.788096;ca-7;Continuously monitor configuration management processes. Determine security impact, environment and operational risks.;Security Assessment And Authorization (CA);;;aws;;PASS;Trail research-trail is multiregion and it is logging.;arn:aws:cloudtrail:us-east-1:350381001508:trail/research-trail;cloudtrail_multi_region_enabled;False;research-trail;FedRAMP-Low-Revision-4;FedRAMP Low Revision 4;
aws;The Federal Risk and Authorization Management Program (FedRAMP) was established in 2011. It provides a cost-effective, risk-based approach for the adoption and use of cloud services by the U.S. federal government. FedRAMP empowers federal agencies to use modern cloud technologies, with an emphasis on the security and protection of federal information.;350381001508;eu-north-1;2026-08-01 19:04:21.788096;ac-2;Manage system accounts, group memberships, privileges, workflow, notifications, deactivations, and authorizations.;Access Control (AC);;;aws;;PASS;Trail research-trail is multiregion and it is logging.;arn:aws:cloudtrail:us-east-1:350381001508:trail/research-trail;cloudtrail_multi_region_enabled;False;research-trail;FedRAMP-Low-Revision-4;FedRAMP Low Revision 4;
aws;The Federal Risk and Authorization Management Program (FedRAMP) was established in 2011. It provides a cost-effective, risk-based approach for the adoption and use of cloud services by the U.S. federal government. FedRAMP empowers federal agencies to use modern cloud technologies, with an emphasis on the security and protection of federal information.;350381001508;eu-north-1;2026-08-01 19:04:21.788096;au-2;"The organization: a. Determines that the information system is capable of auditing the following events: [Assignment: organization-defined auditable events]; b. Coordinates the security audit function with other organizational entities requiring audit- related information to enhance mutual support and to help guide the selection of auditable events; c. Provides a rationale for why the auditable events are deemed to be adequate support after- the-fact investigations of security incidents";Audit and Accountability (AU);;;aws;;PASS;Trail research-trail is multiregion and it is logging.;arn:aws:cloudtrail:us-east-1:350381001508:trail/research-trail;cloudtrail_multi_region_enabled;False;research-trail;FedRAMP-Low-Revision-4;FedRAMP Low Revision 4;
aws;The Federal Risk and Authorization Management Program (FedRAMP) was established in 2011. It provides a cost-effective, risk-based approach for the adoption and use of cloud services by the U.S. federal government. FedRAMP empowers federal agencies to use modern cloud technologies, with an emphasis on the security and protection of federal information.;350381001508;eu-north-1;2026-08-01 19:04:21.788096;ca-7;Continuously monitor configuration management processes. Determine security impact, environment and operational risks.;Security Assessment And Authorization (CA);;;aws;;PASS;Trail research-trail is multiregion and it is logging.;arn:aws:cloudtrail:us-east-1:350381001508:trail/research-trail;cloudtrail_multi_region_enabled;False;research-trail;FedRAMP-Low-Revision-4;FedRAMP Low Revision 4;
aws;The Federal Risk and Authorization Management Program (FedRAMP) was established in 2011. It provides a cost-effective, risk-based approach for the adoption and use of cloud services by the U.S. federal government. FedRAMP empowers federal agencies to use modern cloud technologies, with an emphasis on the security and protection of federal information.;350381001508;eu-west-1;2026-08-01 19:04:21.788096;ac-2;Manage system accounts, group memberships, privileges, workflow, notifications, deactivations, and authorizations.;Access Control (AC);;;aws;;PASS;Trail research-trail is multiregion and it is logging.;arn:aws:cloudtrail:us-east-1:350381001508:trail/research-trail;cloudtrail_multi_region_enabled;False;research-trail;FedRAMP-Low-Revision-4;FedRAMP Low Revision 4;
aws;The Federal Risk and Authorization Management Program (FedRAMP) was established in 2011. It provides a cost-effective, risk-based approach for the adoption and use of cloud services by the U.S. federal government. FedRAMP empowers federal agencies to use modern cloud technologies, with an emphasis on the security and protection of federal information.;350381001508;eu-west-1;2026-08-01 19:04:21.788096;au-2;"The organization: a. Determines that the information system is capable of auditing the following events: [Assignment: organization-defined auditable events]; b. Coordinates the security audit function with other organizational entities requiring audit- related information to enhance mutual support and to help guide the selection of auditable events; c. Provides a rationale for why the auditable events are deemed to be adequate support after- the-fact investigations of security incidents";Audit and Accountability (AU);;;aws;;PASS;Trail research-trail is multiregion and it is logging.;arn:aws:cloudtrail:us-east-1:350381001508:trail/research-trail;cloudtrail_multi_region_enabled;False;research-trail;FedRAMP-Low-Revision-4;FedRAMP Low Revision 4;
aws;The Federal Risk and Authorization Management Program (FedRAMP) was established in 2011. It provides a cost-effective, risk-based approach for the adoption and use of cloud services by the U.S. federal government. FedRAMP empowers federal agencies to use modern cloud technologies, with an emphasis on the security and protection of federal information.;350381001508;eu-west-1;2026-08-01 19:04:21.788096;ca-7;Continuously monitor configuration management processes. Determine security impact, environment and operational risks.;Security Assessment And Authorization (CA);;;aws;;PASS;Trail research-trail is multiregion and it is logging.;arn:aws:cloudtrail:us-east-1:350381001508:trail/research-trail;cloudtrail_multi_region_enabled;False;research-trail;FedRAMP-Low-Revision-4;FedRAMP Low Revision 4;
aws;The Federal Risk and Authorization Management Program (FedRAMP) was established in 2011. It provides a cost-effective, risk-based approach for the adoption and use of cloud services by the U.S. federal government. FedRAMP empowers federal agencies to use modern cloud technologies, with an emphasis on the security and protection of federal information.;350381001508;eu-west-2;2026-08-01 19:04:21.788096;ac-2;Manage system accounts, group memberships, privileges, workflow, notifications, deactivations, and authorizations.;Access Control (AC);;;aws;;PASS;Trail research-trail is multiregion and it is logging.;arn:aws:cloudtrail:us-east-1:350381001508:trail/research-trail;cloudtrail_multi_region_enabled;False;research-trail;FedRAMP-Low-Revision-4;FedRAMP Low Revision 4;
aws;The Federal Risk and Authorization Management Program (FedRAMP) was established in 2011. It provides a cost-effective, risk-based approach for the adoption and use of cloud services by the U.S. federal government. FedRAMP empowers federal agencies to use modern cloud technologies, with an emphasis on the security and protection of federal information.;350381001508;eu-west-2;2026-08-01 19:04:21.788096;au-2;"The organization: a. Determines that the information system is capable of auditing the following events: [Assignment: organization-defined auditable events]; b. Coordinates the security audit function with other organizational entities requiring audit- related information to enhance mutual support and to help guide the selection of auditable events; c. Provides a rationale for why the auditable events are deemed to be adequate support after- the-fact investigations of security incidents";Audit and Accountability (AU);;;aws;;PASS;Trail research-trail is multiregion and it is logging.;arn:aws:cloudtrail:us-east-1:350381001508:trail/research-trail;cloudtrail_multi_region_enabled;False;research-trail;FedRAMP-Low-Revision-4;FedRAMP Low Revision 4;
aws;The Federal Risk and Authorization Management Program (FedRAMP) was established in 2011. It provides a cost-effective, risk-based approach for the adoption and use of cloud services by the U.S. federal government. FedRAMP empowers federal agencies to use modern cloud technologies, with an emphasis on the security and protection of federal information.;350381001508;eu-west-2;2026-08-01 19:04:21.788096;ca-7;Continuously monitor configuration management processes. Determine security impact, environment and operational risks.;Security Assessment And Authorization (CA);;;aws;;PASS;Trail research-trail is multiregion and it is logging.;arn:aws:cloudtrail:us-east-1:350381001508:trail/research-trail;cloudtrail_multi_region_enabled;False;research-trail;FedRAMP-Low-Revision-4;FedRAMP Low Revision 4;
aws;The Federal Risk and Authorization Management Program (FedRAMP) was established in 2011. It provides a cost-effective, risk-based approach for the adoption and use of cloud services by the U.S. federal government. FedRAMP empowers federal agencies to use modern cloud technologies, with an emphasis on the security and protection of federal information.;350381001508;eu-west-3;2026-08-01 19:04:21.788096;ac-2;Manage system accounts, group memberships, privileges, workflow, notifications, deactivations, and authorizations.;Access Control (AC);;;aws;;PASS;Trail research-trail is multiregion and it is logging.;arn:aws:cloudtrail:us-east-1:350381001508:trail/research-trail;cloudtrail_multi_region_enabled;False;research-trail;FedRAMP-Low-Revision-4;FedRAMP Low Revision 4;
aws;The Federal Risk and Authorization Management Program (FedRAMP) was established in 2011. It provides a cost-effective, risk-based approach for the adoption and use of cloud services by the U.S. federal government. FedRAMP empowers federal agencies to use modern cloud technologies, with an emphasis on the security and protection of federal information.;350381001508;eu-west-3;2026-08-01 19:04:21.788096;au-2;"The organization: a. Determines that the information system is capable of auditing the following events: [Assignment: organization-defined auditable events]; b. Coordinates the security audit function with other organizational entities requiring audit- related information to enhance mutual support and to help guide the selection of auditable events; c. Provides a rationale for why the auditable events are deemed to be adequate support after- the-fact investigations of security incidents";Audit and Accountability (AU);;;aws;;PASS;Trail research-trail is multiregion and it is logging.;arn:aws:cloudtrail:us-east-1:350381001508:trail/research-trail;cloudtrail_multi_region_enabled;False;research-trail;FedRAMP-Low-Revision-4;FedRAMP Low Revision 4;
aws;The Federal Risk and Authorization Management Program (FedRAMP) was established in 2011. It provides a cost-effective, risk-based approach for the adoption and use of cloud services by the U.S. federal government. FedRAMP empowers federal agencies to use modern cloud technologies, with an emphasis on the security and protection of federal information.;350381001508;eu-west-3;2026-08-01 19:04:21.788096;ca-7;Continuously monitor configuration management processes. Determine security impact, environment and operational risks.;Security Assessment And Authorization (CA);;;aws;;PASS;Trail research-trail is multiregion and it is logging.;arn:aws:cloudtrail:us-east-1:350381001508:trail/research-trail;cloudtrail_multi_region_enabled;False;research-trail;FedRAMP-Low-Revision-4;FedRAMP Low Revision 4;
aws;The Federal Risk and Authorization Management Program (FedRAMP) was established in 2011. It provides a cost-effective, risk-based approach for the adoption and use of cloud services by the U.S. federal government. FedRAMP empowers federal agencies to use modern cloud technologies, with an emphasis on the security and protection of federal information.;350381001508;sa-east-1;2026-08-01 19:04:21.788096;ac-2;Manage system accounts, group memberships, privileges, workflow, notifications, deactivations, and authorizations.;Access Control (AC);;;aws;;PASS;Trail research-trail is multiregion and it is logging.;arn:aws:cloudtrail:us-east-1:350381001508:trail/research-trail;cloudtrail_multi_region_enabled;False;research-trail;FedRAMP-Low-Revision-4;FedRAMP Low Revision 4;
aws;The Federal Risk and Authorization Management Program (FedRAMP) was established in 2011. It provides a cost-effective, risk-based approach for the adoption and use of cloud services by the U.S. federal government. FedRAMP empowers federal agencies to use modern cloud technologies, with an emphasis on the security and protection of federal information.;350381001508;sa-east-1;2026-08-01 19:04:21.788096;au-2;"The organization: a. Determines that the information system is capable of auditing the following events: [Assignment: organization-defined auditable events]; b. Coordinates the security audit function with other organizational entities requiring audit- related information to enhance mutual support and to help guide the selection of auditable events; c. Provides a rationale for why the auditable events are deemed to be adequate support after- the-fact investigations of security incidents";Audit and Accountability (AU);;;aws;;PASS;Trail research-trail is multiregion and it is logging.;arn:aws:cloudtrail:us-east-1:350381001508:trail/research-trail;cloudtrail_multi_region_enabled;False;research-trail;FedRAMP-Low-Revision-4;FedRAMP Low Revision 4;
aws;The Federal Risk and Authorization Management Program (FedRAMP) was established in 2011. It provides a cost-effective, risk-based approach for the adoption and use of cloud services by the U.S. federal government. FedRAMP empowers federal agencies to use modern cloud technologies, with an emphasis on the security and protection of federal information.;350381001508;sa-east-1;2026-08-01 19:04:21.788096;ca-7;Continuously monitor configuration management processes. Determine security impact, environment and operational risks.;Security Assessment And Authorization (CA);;;aws;;PASS;Trail research-trail is multiregion and it is logging.;arn:aws:cloudtrail:us-east-1:350381001508:trail/research-trail;cloudtrail_multi_region_enabled;False;research-trail;FedRAMP-Low-Revision-4;FedRAMP Low Revision 4;
aws;The Federal Risk and Authorization Management Program (FedRAMP) was established in 2011. It provides a cost-effective, risk-based approach for the adoption and use of cloud services by the U.S. federal government. FedRAMP empowers federal agencies to use modern cloud technologies, with an emphasis on the security and protection of federal information.;350381001508;us-east-1;2026-08-01 19:04:21.788096;ac-2;Manage system accounts, group memberships, privileges, workflow, notifications, deactivations, and authorizations.;Access Control (AC);;;aws;;PASS;Trail research-trail is multiregion and it is logging.;arn:aws:cloudtrail:us-east-1:350381001508:trail/research-trail;cloudtrail_multi_region_enabled;False;research-trail;FedRAMP-Low-Revision-4;FedRAMP Low Revision 4;
aws;The Federal Risk and Authorization Management Program (FedRAMP) was established in 2011. It provides a cost-effective, risk-based approach for the adoption and use of cloud services by the U.S. federal government. FedRAMP empowers federal agencies to use modern cloud technologies, with an emphasis on the security and protection of federal information.;350381001508;us-east-1;2026-08-01 19:04:21.788096;au-2;"The organization: a. Determines that the information system is capable of auditing the following events: [Assignment: organization-defined auditable events]; b. Coordinates the security audit function with other organizational entities requiring audit- related information to enhance mutual support and to help guide the selection of auditable events; c. Provides a rationale for why the auditable events are deemed to be adequate support after- the-fact investigations of security incidents";Audit and Accountability (AU);;;aws;;PASS;Trail research-trail is multiregion and it is logging.;arn:aws:cloudtrail:us-east-1:350381001508:trail/research-trail;cloudtrail_multi_region_enabled;False;research-trail;FedRAMP-Low-Revision-4;FedRAMP Low Revision 4;
aws;The Federal Risk and Authorization Management Program (FedRAMP) was established in 2011. It provides a cost-effective, risk-based approach for the adoption and use of cloud services by the U.S. federal government. FedRAMP empowers federal agencies to use modern cloud technologies, with an emphasis on the security and protection of federal information.;350381001508;us-east-1;2026-08-01 19:04:21.788096;ca-7;Continuously monitor configuration management processes. Determine security impact, environment and operational risks.;Security Assessment And Authorization (CA);;;aws;;PASS;Trail research-trail is multiregion and it is logging.;arn:aws:cloudtrail:us-east-1:350381001508:trail/research-trail;cloudtrail_multi_region_enabled;False;research-trail;FedRAMP-Low-Revision-4;FedRAMP Low Revision 4;
aws;The Federal Risk and Authorization Management Program (FedRAMP) was established in 2011. It provides a cost-effective, risk-based approach for the adoption and use of cloud services by the U.S. federal government. FedRAMP empowers federal agencies to use modern cloud technologies, with an emphasis on the security and protection of federal information.;350381001508;us-east-2;2026-08-01 19:04:21.788096;ac-2;Manage system accounts, group memberships, privileges, workflow, notifications, deactivations, and authorizations.;Access Control (AC);;;aws;;PASS;Trail research-trail is multiregion and it is logging.;arn:aws:cloudtrail:us-east-1:350381001508:trail/research-trail;cloudtrail_multi_region_enabled;False;research-trail;FedRAMP-Low-Revision-4;FedRAMP Low Revision 4;
aws;The Federal Risk and Authorization Management Program (FedRAMP) was established in 2011. It provides a cost-effective, risk-based approach for the adoption and use of cloud services by the U.S. federal government. FedRAMP empowers federal agencies to use modern cloud technologies, with an emphasis on the security and protection of federal information.;350381001508;us-east-2;2026-08-01 19:04:21.788096;au-2;"The organization: a. Determines that the information system is capable of auditing the following events: [Assignment: organization-defined auditable events]; b. Coordinates the security audit function with other organizational entities requiring audit- related information to enhance mutual support and to help guide the selection of auditable events; c. Provides a rationale for why the auditable events are deemed to be adequate support after- the-fact investigations of security incidents";Audit and Accountability (AU);;;aws;;PASS;Trail research-trail is multiregion and it is logging.;arn:aws:cloudtrail:us-east-1:350381001508:trail/research-trail;cloudtrail_multi_region_enabled;False;research-trail;FedRAMP-Low-Revision-4;FedRAMP Low Revision 4;
aws;The Federal Risk and Authorization Management Program (FedRAMP) was established in 2011. It provides a cost-effective, risk-based approach for the adoption and use of cloud services by the U.S. federal government. FedRAMP empowers federal agencies to use modern cloud technologies, with an emphasis on the security and protection of federal information.;350381001508;us-east-2;2026-08-01 19:04:21.788096;ca-7;Continuously monitor configuration management processes. Determine security impact, environment and operational risks.;Security Assessment And Authorization (CA);;;aws;;PASS;Trail research-trail is multiregion and it is logging.;arn:aws:cloudtrail:us-east-1:350381001508:trail/research-trail;cloudtrail_multi_region_enabled;False;research-trail;FedRAMP-Low-Revision-4;FedRAMP Low Revision 4;
aws;The Federal Risk and Authorization Management Program (FedRAMP) was established in 2011. It provides a cost-effective, risk-based approach for the adoption and use of cloud services by the U.S. federal government. FedRAMP empowers federal agencies to use modern cloud technologies, with an emphasis on the security and protection of federal information.;350381001508;us-west-1;2026-08-01 19:04:21.788096;ac-2;Manage system accounts, group memberships, privileges, workflow, notifications, deactivations, and authorizations.;Access Control (AC);;;aws;;PASS;Trail research-trail is multiregion and it is logging.;arn:aws:cloudtrail:us-east-1:350381001508:trail/research-trail;cloudtrail_multi_region_enabled;False;research-trail;FedRAMP-Low-Revision-4;FedRAMP Low Revision 4;
aws;The Federal Risk and Authorization Management Program (FedRAMP) was established in 2011. It provides a cost-effective, risk-based approach for the adoption and use of cloud services by the U.S. federal government. FedRAMP empowers federal agencies to use modern cloud technologies, with an emphasis on the security and protection of federal information.;350381001508;us-west-1;2026-08-01 19:04:21.788096;au-2;"The organization: a. Determines that the information system is capable of auditing the following events: [Assignment: organization-defined auditable events]; b. Coordinates the security audit function with other organizational entities requiring audit- related information to enhance mutual support and to help guide the selection of auditable events; c. Provides a rationale for why the auditable events are deemed to be adequate support after- the-fact investigations of security incidents";Audit and Accountability (AU);;;aws;;PASS;Trail research-trail is multiregion and it is logging.;arn:aws:cloudtrail:us-east-1:350381001508:trail/research-trail;cloudtrail_multi_region_enabled;False;research-trail;FedRAMP-Low-Revision-4;FedRAMP Low Revision 4;
aws;The Federal Risk and Authorization Management Program (FedRAMP) was established in 2011. It provides a cost-effective, risk-based approach for the adoption and use of cloud services by the U.S. federal government. FedRAMP empowers federal agencies to use modern cloud technologies, with an emphasis on the security and protection of federal information.;350381001508;us-west-1;2026-08-01 19:04:21.788096;ca-7;Continuously monitor configuration management processes. Determine security impact, environment and operational risks.;Security Assessment And Authorization (CA);;;aws;;PASS;Trail research-trail is multiregion and it is logging.;arn:aws:cloudtrail:us-east-1:350381001508:trail/research-trail;cloudtrail_multi_region_enabled;False;research-trail;FedRAMP-Low-Revision-4;FedRAMP Low Revision 4;
aws;The Federal Risk and Authorization Management Program (FedRAMP) was established in 2011. It provides a cost-effective, risk-based approach for the adoption and use of cloud services by the U.S. federal government. FedRAMP empowers federal agencies to use modern cloud technologies, with an emphasis on the security and protection of federal information.;350381001508;us-west-2;2026-08-01 19:04:21.788096;ac-2;Manage system accounts, group memberships, privileges, workflow, notifications, deactivations, and authorizations.;Access Control (AC);;;aws;;PASS;Trail research-trail is multiregion and it is logging.;arn:aws:cloudtrail:us-east-1:350381001508:trail/research-trail;cloudtrail_multi_region_enabled;False;research-trail;FedRAMP-Low-Revision-4;FedRAMP Low Revision 4;
aws;The Federal Risk and Authorization Management Program (FedRAMP) was established in 2011. It provides a cost-effective, risk-based approach for the adoption and use of cloud services by the U.S. federal government. FedRAMP empowers federal agencies to use modern cloud technologies, with an emphasis on the security and protection of federal information.;350381001508;us-west-2;2026-08-01 19:04:21.788096;au-2;"The organization: a. Determines that the information system is capable of auditing the following events: [Assignment: organization-defined auditable events]; b. Coordinates the security audit function with other organizational entities requiring audit- related information to enhance mutual support and to help guide the selection of auditable events; c. Provides a rationale for why the auditable events are deemed to be adequate support after- the-fact investigations of security incidents";Audit and Accountability (AU);;;aws;;PASS;Trail research-trail is multiregion and it is logging.;arn:aws:cloudtrail:us-east-1:350381001508:trail/research-trail;cloudtrail_multi_region_enabled;False;research-trail;FedRAMP-Low-Revision-4;FedRAMP Low Revision 4;
aws;The Federal Risk and Authorization Management Program (FedRAMP) was established in 2011. It provides a cost-effective, risk-based approach for the adoption and use of cloud services by the U.S. federal government. FedRAMP empowers federal agencies to use modern cloud technologies, with an emphasis on the security and protection of federal information.;350381001508;us-west-2;2026-08-01 19:04:21.788096;ca-7;Continuously monitor configuration management processes. Determine security impact, environment and operational risks.;Security Assessment And Authorization (CA);;;aws;;PASS;Trail research-trail is multiregion and it is logging.;arn:aws:cloudtrail:us-east-1:350381001508:trail/research-trail;cloudtrail_multi_region_enabled;False;research-trail;FedRAMP-Low-Revision-4;FedRAMP Low Revision 4;
aws;The Federal Risk and Authorization Management Program (FedRAMP) was established in 2011. It provides a cost-effective, risk-based approach for the adoption and use of cloud services by the U.S. federal government. FedRAMP empowers federal agencies to use modern cloud technologies, with an emphasis on the security and protection of federal information.;350381001508;us-east-1;2026-08-01 19:04:21.788096;ac-2;Manage system accounts, group memberships, privileges, workflow, notifications, deactivations, and authorizations.;Access Control (AC);;;aws;;FAIL;No CloudTrail trails have a data event to record all S3 object-level API operations.;arn:aws:cloudtrail:us-east-1:350381001508:trail;cloudtrail_s3_dataevents_read_enabled;False;350381001508;FedRAMP-Low-Revision-4;FedRAMP Low Revision 4;
aws;The Federal Risk and Authorization Management Program (FedRAMP) was established in 2011. It provides a cost-effective, risk-based approach for the adoption and use of cloud services by the U.S. federal government. FedRAMP empowers federal agencies to use modern cloud technologies, with an emphasis on the security and protection of federal information.;350381001508;us-east-1;2026-08-01 19:04:21.788096;au-2;"The organization: a. Determines that the information system is capable of auditing the following events: [Assignment: organization-defined auditable events]; b. Coordinates the security audit function with other organizational entities requiring audit- related information to enhance mutual support and to help guide the selection of auditable events; c. Provides a rationale for why the auditable events are deemed to be adequate support after- the-fact investigations of security incidents";Audit and Accountability (AU);;;aws;;FAIL;No CloudTrail trails have a data event to record all S3 object-level API operations.;arn:aws:cloudtrail:us-east-1:350381001508:trail;cloudtrail_s3_dataevents_read_enabled;False;350381001508;FedRAMP-Low-Revision-4;FedRAMP Low Revision 4;
aws;The Federal Risk and Authorization Management Program (FedRAMP) was established in 2011. It provides a cost-effective, risk-based approach for the adoption and use of cloud services by the U.S. federal government. FedRAMP empowers federal agencies to use modern cloud technologies, with an emphasis on the security and protection of federal information.;350381001508;us-east-1;2026-08-01 19:04:21.788096;ca-7;Continuously monitor configuration management processes. Determine security impact, environment and operational risks.;Security Assessment And Authorization (CA);;;aws;;FAIL;No CloudTrail trails have a data event to record all S3 object-level API operations.;arn:aws:cloudtrail:us-east-1:350381001508:trail;cloudtrail_s3_dataevents_read_enabled;False;350381001508;FedRAMP-Low-Revision-4;FedRAMP Low Revision 4;
aws;The Federal Risk and Authorization Management Program (FedRAMP) was established in 2011. It provides a cost-effective, risk-based approach for the adoption and use of cloud services by the U.S. federal government. FedRAMP empowers federal agencies to use modern cloud technologies, with an emphasis on the security and protection of federal information.;350381001508;us-east-1;2026-08-01 19:04:21.788096;ac-2;Manage system accounts, group memberships, privileges, workflow, notifications, deactivations, and authorizations.;Access Control (AC);;;aws;;FAIL;No CloudTrail trails have a data event to record all S3 object-level API operations.;arn:aws:cloudtrail:us-east-1:350381001508:trail;cloudtrail_s3_dataevents_write_enabled;False;350381001508;FedRAMP-Low-Revision-4;FedRAMP Low Revision 4;
aws;The Federal Risk and Authorization Management Program (FedRAMP) was established in 2011. It provides a cost-effective, risk-based approach for the adoption and use of cloud services by the U.S. federal government. FedRAMP empowers federal agencies to use modern cloud technologies, with an emphasis on the security and protection of federal information.;350381001508;us-east-1;2026-08-01 19:04:21.788096;au-2;"The organization: a. Determines that the information system is capable of auditing the following events: [Assignment: organization-defined auditable events]; b. Coordinates the security audit function with other organizational entities requiring audit- related information to enhance mutual support and to help guide the selection of auditable events; c. Provides a rationale for why the auditable events are deemed to be adequate support after- the-fact investigations of security incidents";Audit and Accountability (AU);;;aws;;FAIL;No CloudTrail trails have a data event to record all S3 object-level API operations.;arn:aws:cloudtrail:us-east-1:350381001508:trail;cloudtrail_s3_dataevents_write_enabled;False;350381001508;FedRAMP-Low-Revision-4;FedRAMP Low Revision 4;
aws;The Federal Risk and Authorization Management Program (FedRAMP) was established in 2011. It provides a cost-effective, risk-based approach for the adoption and use of cloud services by the U.S. federal government. FedRAMP empowers federal agencies to use modern cloud technologies, with an emphasis on the security and protection of federal information.;350381001508;us-east-1;2026-08-01 19:04:21.788096;ca-7;Continuously monitor configuration management processes. Determine security impact, environment and operational risks.;Security Assessment And Authorization (CA);;;aws;;FAIL;No CloudTrail trails have a data event to record all S3 object-level API operations.;arn:aws:cloudtrail:us-east-1:350381001508:trail;cloudtrail_s3_dataevents_write_enabled;False;350381001508;FedRAMP-Low-Revision-4;FedRAMP Low Revision 4;
aws;The Federal Risk and Authorization Management Program (FedRAMP) was established in 2011. It provides a cost-effective, risk-based approach for the adoption and use of cloud services by the U.S. federal government. FedRAMP empowers federal agencies to use modern cloud technologies, with an emphasis on the security and protection of federal information.;350381001508;us-east-1;2026-08-01 19:04:21.788096;ac-2;Manage system accounts, group memberships, privileges, workflow, notifications, deactivations, and authorizations.;Access Control (AC);;;aws;;FAIL;No CloudWatch log groups found with metric filters or alarms associated.;arn:aws:logs:us-east-1:350381001508:log-group;cloudwatch_changes_to_network_acls_alarm_configured;False;350381001508;FedRAMP-Low-Revision-4;FedRAMP Low Revision 4;
aws;The Federal Risk and Authorization Management Program (FedRAMP) was established in 2011. It provides a cost-effective, risk-based approach for the adoption and use of cloud services by the U.S. federal government. FedRAMP empowers federal agencies to use modern cloud technologies, with an emphasis on the security and protection of federal information.;350381001508;us-east-1;2026-08-01 19:04:21.788096;ca-7;Continuously monitor configuration management processes. Determine security impact, environment and operational risks.;Security Assessment And Authorization (CA);;;aws;;FAIL;No CloudWatch log groups found with metric filters or alarms associated.;arn:aws:logs:us-east-1:350381001508:log-group;cloudwatch_changes_to_network_acls_alarm_configured;False;350381001508;FedRAMP-Low-Revision-4;FedRAMP Low Revision 4;
aws;The Federal Risk and Authorization Management Program (FedRAMP) was established in 2011. It provides a cost-effective, risk-based approach for the adoption and use of cloud services by the U.S. federal government. FedRAMP empowers federal agencies to use modern cloud technologies, with an emphasis on the security and protection of federal information.;350381001508;us-east-1;2026-08-01 19:04:21.788096;ir-4;The organization implements an incident handling capability for security incidents that includes preparation, detection and analysis, containment, eradication, and recovery, coordinates incident handling activities with contingency planning activities and incorporates lessons learned from ongoing incident handling activities into incident response procedures, training, and testing, and implements the resulting changes accordingly.;Incident Response (IR);;;aws;;FAIL;No CloudWatch log groups found with metric filters or alarms associated.;arn:aws:logs:us-east-1:350381001508:log-group;cloudwatch_changes_to_network_acls_alarm_configured;False;350381001508;FedRAMP-Low-Revision-4;FedRAMP Low Revision 4;
aws;The Federal Risk and Authorization Management Program (FedRAMP) was established in 2011. It provides a cost-effective, risk-based approach for the adoption and use of cloud services by the U.S. federal government. FedRAMP empowers federal agencies to use modern cloud technologies, with an emphasis on the security and protection of federal information.;350381001508;us-east-1;2026-08-01 19:04:21.788096;ir-4;The organization implements an incident handling capability for security incidents that includes preparation, detection and analysis, containment, eradication, and recovery, coordinates incident handling activities with contingency planning activities and incorporates lessons learned from ongoing incident handling activities into incident response procedures, training, and testing, and implements the resulting changes accordingly.;Incident Response (IR);;;aws;;FAIL;No CloudWatch log groups found with metric filters or alarms associated.;arn:aws:logs:us-east-1:350381001508:log-group;cloudwatch_changes_to_network_gateways_alarm_configured;False;350381001508;FedRAMP-Low-Revision-4;FedRAMP Low Revision 4;
aws;The Federal Risk and Authorization Management Program (FedRAMP) was established in 2011. It provides a cost-effective, risk-based approach for the adoption and use of cloud services by the U.S. federal government. FedRAMP empowers federal agencies to use modern cloud technologies, with an emphasis on the security and protection of federal information.;350381001508;us-east-1;2026-08-01 19:04:21.788096;ir-4;The organization implements an incident handling capability for security incidents that includes preparation, detection and analysis, containment, eradication, and recovery, coordinates incident handling activities with contingency planning activities and incorporates lessons learned from ongoing incident handling activities into incident response procedures, training, and testing, and implements the resulting changes accordingly.;Incident Response (IR);;;aws;;FAIL;No CloudWatch log groups found with metric filters or alarms associated.;arn:aws:logs:us-east-1:350381001508:log-group;cloudwatch_changes_to_network_route_tables_alarm_configured;False;350381001508;FedRAMP-Low-Revision-4;FedRAMP Low Revision 4;
aws;The Federal Risk and Authorization Management Program (FedRAMP) was established in 2011. It provides a cost-effective, risk-based approach for the adoption and use of cloud services by the U.S. federal government. FedRAMP empowers federal agencies to use modern cloud technologies, with an emphasis on the security and protection of federal information.;350381001508;us-east-1;2026-08-01 19:04:21.788096;ir-4;The organization implements an incident handling capability for security incidents that includes preparation, detection and analysis, containment, eradication, and recovery, coordinates incident handling activities with contingency planning activities and incorporates lessons learned from ongoing incident handling activities into incident response procedures, training, and testing, and implements the resulting changes accordingly.;Incident Response (IR);;;aws;;FAIL;No CloudWatch log groups found with metric filters or alarms associated.;arn:aws:logs:us-east-1:350381001508:log-group;cloudwatch_changes_to_vpcs_alarm_configured;False;350381001508;FedRAMP-Low-Revision-4;FedRAMP Low Revision 4;
aws;The Federal Risk and Authorization Management Program (FedRAMP) was established in 2011. It provides a cost-effective, risk-based approach for the adoption and use of cloud services by the U.S. federal government. FedRAMP empowers federal agencies to use modern cloud technologies, with an emphasis on the security and protection of federal information.;350381001508;us-east-1;2026-08-01 19:04:21.788096;ac-3;The information system enforces approved authorizations for logical access to information and system resources in accordance with applicable access control policies.;Access Control (AC);;;aws;;PASS;EC2 Instance i-0eefd2ddc65f26f85 has IMDSv2 enabled and required.;arn:aws:ec2:us-east-1:350381001508:instance/i-0eefd2ddc65f26f85;ec2_instance_imdsv2_enabled;False;i-0eefd2ddc65f26f85;FedRAMP-Low-Revision-4;FedRAMP Low Revision 4;
aws;The Federal Risk and Authorization Management Program (FedRAMP) was established in 2011. It provides a cost-effective, risk-based approach for the adoption and use of cloud services by the U.S. federal government. FedRAMP empowers federal agencies to use modern cloud technologies, with an emphasis on the security and protection of federal information.;350381001508;us-east-1;2026-08-01 19:04:21.788096;ca-7;Continuously monitor configuration management processes. Determine security impact, environment and operational risks.;Security Assessment And Authorization (CA);;;aws;;PASS;EC2 Instance i-0eefd2ddc65f26f85 has IMDSv2 enabled and required.;arn:aws:ec2:us-east-1:350381001508:instance/i-0eefd2ddc65f26f85;ec2_instance_imdsv2_enabled;False;i-0eefd2ddc65f26f85;FedRAMP-Low-Revision-4;FedRAMP Low Revision 4;
aws;The Federal Risk and Authorization Management Program (FedRAMP) was established in 2011. It provides a cost-effective, risk-based approach for the adoption and use of cloud services by the U.S. federal government. FedRAMP empowers federal agencies to use modern cloud technologies, with an emphasis on the security and protection of federal information.;350381001508;us-east-1;2026-08-01 19:04:21.788096;cm-8;The organization develops and documents an inventory of information system components that accurately reflects the current information system, includes all components within the authorization boundary of the information system, is at the level of granularity deemed necessary for tracking and reporting and reviews and updates the information system component inventory.;Configuration Management (CM);;;aws;;FAIL;EC2 Instance i-0eefd2ddc65f26f85 is not managed by Systems Manager.;arn:aws:ec2:us-east-1:350381001508:instance/i-0eefd2ddc65f26f85;ec2_instance_managed_by_ssm;False;i-0eefd2ddc65f26f85;FedRAMP-Low-Revision-4;FedRAMP Low Revision 4;
aws;The Federal Risk and Authorization Management Program (FedRAMP) was established in 2011. It provides a cost-effective, risk-based approach for the adoption and use of cloud services by the U.S. federal government. FedRAMP empowers federal agencies to use modern cloud technologies, with an emphasis on the security and protection of federal information.;350381001508;us-east-1;2026-08-01 19:04:21.788096;sa-3;The organization manages the information system using organization-defined system development life cycle, defines and documents information security roles and responsibilities throughout the system development life cycle, identifies individuals having information security roles and responsibilities and integrates the organizational information security risk management process into system development life cycle activities.;System and Services Acquisition (SA);;;aws;;FAIL;EC2 Instance i-0eefd2ddc65f26f85 is not managed by Systems Manager.;arn:aws:ec2:us-east-1:350381001508:instance/i-0eefd2ddc65f26f85;ec2_instance_managed_by_ssm;False;i-0eefd2ddc65f26f85;FedRAMP-Low-Revision-4;FedRAMP Low Revision 4;
aws;The Federal Risk and Authorization Management Program (FedRAMP) was established in 2011. It provides a cost-effective, risk-based approach for the adoption and use of cloud services by the U.S. federal government. FedRAMP empowers federal agencies to use modern cloud technologies, with an emphasis on the security and protection of federal information.;350381001508;us-east-1;2026-08-01 19:04:21.788096;cm-2;The organization develops, documents, and maintains under configuration control, a current baseline configuration of the information system.;Configuration Management (CM);;;aws;;PASS;EC2 Instance i-0eefd2ddc65f26f85 is not older than 180 days (3 days).;arn:aws:ec2:us-east-1:350381001508:instance/i-0eefd2ddc65f26f85;ec2_instance_older_than_specific_days;False;i-0eefd2ddc65f26f85;FedRAMP-Low-Revision-4;FedRAMP Low Revision 4;
aws;The Federal Risk and Authorization Management Program (FedRAMP) was established in 2011. It provides a cost-effective, risk-based approach for the adoption and use of cloud services by the U.S. federal government. FedRAMP empowers federal agencies to use modern cloud technologies, with an emphasis on the security and protection of federal information.;350381001508;us-east-1;2026-08-01 19:04:21.788096;ac-3;The information system enforces approved authorizations for logical access to information and system resources in accordance with applicable access control policies.;Access Control (AC);;;aws;;FAIL;EC2 Instance i-0eefd2ddc65f26f85 has a Public IP: 18.209.245.118 (ec2-18-209-245-118.compute-1.amazonaws.com).;arn:aws:ec2:us-east-1:350381001508:instance/i-0eefd2ddc65f26f85;ec2_instance_public_ip;False;i-0eefd2ddc65f26f85;FedRAMP-Low-Revision-4;FedRAMP Low Revision 4;
aws;The Federal Risk and Authorization Management Program (FedRAMP) was established in 2011. It provides a cost-effective, risk-based approach for the adoption and use of cloud services by the U.S. federal government. FedRAMP empowers federal agencies to use modern cloud technologies, with an emphasis on the security and protection of federal information.;350381001508;us-east-1;2026-08-01 19:04:21.788096;ac-17;Authorize remote access systems prior to connection. Enforce remote connection requirements to information systems.;Access Control (AC);;;aws;;FAIL;EC2 Instance i-0eefd2ddc65f26f85 has a Public IP: 18.209.245.118 (ec2-18-209-245-118.compute-1.amazonaws.com).;arn:aws:ec2:us-east-1:350381001508:instance/i-0eefd2ddc65f26f85;ec2_instance_public_ip;False;i-0eefd2ddc65f26f85;FedRAMP-Low-Revision-4;FedRAMP Low Revision 4;
aws;The Federal Risk and Authorization Management Program (FedRAMP) was established in 2011. It provides a cost-effective, risk-based approach for the adoption and use of cloud services by the U.S. federal government. FedRAMP empowers federal agencies to use modern cloud technologies, with an emphasis on the security and protection of federal information.;350381001508;us-east-1;2026-08-01 19:04:21.788096;cm-2;The organization develops, documents, and maintains under configuration control, a current baseline configuration of the information system.;Configuration Management (CM);;;aws;;FAIL;EC2 Instance i-0eefd2ddc65f26f85 has a Public IP: 18.209.245.118 (ec2-18-209-245-118.compute-1.amazonaws.com).;arn:aws:ec2:us-east-1:350381001508:instance/i-0eefd2ddc65f26f85;ec2_instance_public_ip;False;i-0eefd2ddc65f26f85;FedRAMP-Low-Revision-4;FedRAMP Low Revision 4;
aws;The Federal Risk and Authorization Management Program (FedRAMP) was established in 2011. It provides a cost-effective, risk-based approach for the adoption and use of cloud services by the U.S. federal government. FedRAMP empowers federal agencies to use modern cloud technologies, with an emphasis on the security and protection of federal information.;350381001508;us-east-1;2026-08-01 19:04:21.788096;sc-7;"The information system: a. Monitors and controls communications at the external boundary of the system and at key internal boundaries within the system; b. Implements subnetworks for publicly accessible system components that are [Selection: physically; logically] separated from internal organizational networks; and c. Connects to external networks or information systems only through managed interfaces consisting of boundary protection devices arranged in accordance with an organizational security architecture.";System and Communications Protection (SC);;;aws;;FAIL;EC2 Instance i-0eefd2ddc65f26f85 has a Public IP: 18.209.245.118 (ec2-18-209-245-118.compute-1.amazonaws.com).;arn:aws:ec2:us-east-1:350381001508:instance/i-0eefd2ddc65f26f85;ec2_instance_public_ip;False;i-0eefd2ddc65f26f85;FedRAMP-Low-Revision-4;FedRAMP Low Revision 4;
aws;The Federal Risk and Authorization Management Program (FedRAMP) was established in 2011. It provides a cost-effective, risk-based approach for the adoption and use of cloud services by the U.S. federal government. FedRAMP empowers federal agencies to use modern cloud technologies, with an emphasis on the security and protection of federal information.;350381001508;us-east-1;2026-08-01 19:04:21.788096;ac-17;Authorize remote access systems prior to connection. Enforce remote connection requirements to information systems.;Access Control (AC);;;aws;;FAIL;Network ACL acl-014e51ba0fad383a2 has every port open to the Internet.;arn:aws:ec2:us-east-1:350381001508:network-acl/acl-014e51ba0fad383a2;ec2_networkacl_allow_ingress_any_port;False;acl-014e51ba0fad383a2;FedRAMP-Low-Revision-4;FedRAMP Low Revision 4;
aws;The Federal Risk and Authorization Management Program (FedRAMP) was established in 2011. It provides a cost-effective, risk-based approach for the adoption and use of cloud services by the U.S. federal government. FedRAMP empowers federal agencies to use modern cloud technologies, with an emphasis on the security and protection of federal information.;350381001508;us-east-1;2026-08-01 19:04:21.788096;cm-2;The organization develops, documents, and maintains under configuration control, a current baseline configuration of the information system.;Configuration Management (CM);;;aws;;FAIL;Network ACL acl-014e51ba0fad383a2 has every port open to the Internet.;arn:aws:ec2:us-east-1:350381001508:network-acl/acl-014e51ba0fad383a2;ec2_networkacl_allow_ingress_any_port;False;acl-014e51ba0fad383a2;FedRAMP-Low-Revision-4;FedRAMP Low Revision 4;
aws;The Federal Risk and Authorization Management Program (FedRAMP) was established in 2011. It provides a cost-effective, risk-based approach for the adoption and use of cloud services by the U.S. federal government. FedRAMP empowers federal agencies to use modern cloud technologies, with an emphasis on the security and protection of federal information.;350381001508;us-east-1;2026-08-01 19:04:21.788096;sc-7;"The information system: a. Monitors and controls communications at the external boundary of the system and at key internal boundaries within the system; b. Implements subnetworks for publicly accessible system components that are [Selection: physically; logically] separated from internal organizational networks; and c. Connects to external networks or information systems only through managed interfaces consisting of boundary protection devices arranged in accordance with an organizational security architecture.";System and Communications Protection (SC);;;aws;;FAIL;Network ACL acl-014e51ba0fad383a2 has every port open to the Internet.;arn:aws:ec2:us-east-1:350381001508:network-acl/acl-014e51ba0fad383a2;ec2_networkacl_allow_ingress_any_port;False;acl-014e51ba0fad383a2;FedRAMP-Low-Revision-4;FedRAMP Low Revision 4;
aws;The Federal Risk and Authorization Management Program (FedRAMP) was established in 2011. It provides a cost-effective, risk-based approach for the adoption and use of cloud services by the U.S. federal government. FedRAMP empowers federal agencies to use modern cloud technologies, with an emphasis on the security and protection of federal information.;350381001508;us-east-1;2026-08-01 19:04:21.788096;ac-17;Authorize remote access systems prior to connection. Enforce remote connection requirements to information systems.;Access Control (AC);;;aws;;FAIL;Network ACL acl-0202bf3ad7768fe92 has every port open to the Internet.;arn:aws:ec2:us-east-1:350381001508:network-acl/acl-0202bf3ad7768fe92;ec2_networkacl_allow_ingress_any_port;False;acl-0202bf3ad7768fe92;FedRAMP-Low-Revision-4;FedRAMP Low Revision 4;
aws;The Federal Risk and Authorization Management Program (FedRAMP) was established in 2011. It provides a cost-effective, risk-based approach for the adoption and use of cloud services by the U.S. federal government. FedRAMP empowers federal agencies to use modern cloud technologies, with an emphasis on the security and protection of federal information.;350381001508;us-east-1;2026-08-01 19:04:21.788096;cm-2;The organization develops, documents, and maintains under configuration control, a current baseline configuration of the information system.;Configuration Management (CM);;;aws;;FAIL;Network ACL acl-0202bf3ad7768fe92 has every port open to the Internet.;arn:aws:ec2:us-east-1:350381001508:network-acl/acl-0202bf3ad7768fe92;ec2_networkacl_allow_ingress_any_port;False;acl-0202bf3ad7768fe92;FedRAMP-Low-Revision-4;FedRAMP Low Revision 4;
aws;The Federal Risk and Authorization Management Program (FedRAMP) was established in 2011. It provides a cost-effective, risk-based approach for the adoption and use of cloud services by the U.S. federal government. FedRAMP empowers federal agencies to use modern cloud technologies, with an emphasis on the security and protection of federal information.;350381001508;us-east-1;2026-08-01 19:04:21.788096;sc-7;"The information system: a. Monitors and controls communications at the external boundary of the system and at key internal boundaries within the system; b. Implements subnetworks for publicly accessible system components that are [Selection: physically; logically] separated from internal organizational networks; and c. Connects to external networks or information systems only through managed interfaces consisting of boundary protection devices arranged in accordance with an organizational security architecture.";System and Communications Protection (SC);;;aws;;FAIL;Network ACL acl-0202bf3ad7768fe92 has every port open to the Internet.;arn:aws:ec2:us-east-1:350381001508:network-acl/acl-0202bf3ad7768fe92;ec2_networkacl_allow_ingress_any_port;False;acl-0202bf3ad7768fe92;FedRAMP-Low-Revision-4;FedRAMP Low Revision 4;
aws;The Federal Risk and Authorization Management Program (FedRAMP) was established in 2011. It provides a cost-effective, risk-based approach for the adoption and use of cloud services by the U.S. federal government. FedRAMP empowers federal agencies to use modern cloud technologies, with an emphasis on the security and protection of federal information.;350381001508;us-east-1;2026-08-01 19:04:21.788096;ac-17;Authorize remote access systems prior to connection. Enforce remote connection requirements to information systems.;Access Control (AC);;;aws;;FAIL;Security group research-sg (sg-0ffe5cbdcf88d22b5) has SSH port 22 open to the Internet.;arn:aws:ec2:us-east-1:350381001508:security-group/sg-0ffe5cbdcf88d22b5;ec2_securitygroup_allow_ingress_from_internet_to_tcp_port_22;False;sg-0ffe5cbdcf88d22b5;FedRAMP-Low-Revision-4;FedRAMP Low Revision 4;
aws;The Federal Risk and Authorization Management Program (FedRAMP) was established in 2011. It provides a cost-effective, risk-based approach for the adoption and use of cloud services by the U.S. federal government. FedRAMP empowers federal agencies to use modern cloud technologies, with an emphasis on the security and protection of federal information.;350381001508;us-east-1;2026-08-01 19:04:21.788096;cm-2;The organization develops, documents, and maintains under configuration control, a current baseline configuration of the information system.;Configuration Management (CM);;;aws;;FAIL;Security group research-sg (sg-0ffe5cbdcf88d22b5) has SSH port 22 open to the Internet.;arn:aws:ec2:us-east-1:350381001508:security-group/sg-0ffe5cbdcf88d22b5;ec2_securitygroup_allow_ingress_from_internet_to_tcp_port_22;False;sg-0ffe5cbdcf88d22b5;FedRAMP-Low-Revision-4;FedRAMP Low Revision 4;
aws;The Federal Risk and Authorization Management Program (FedRAMP) was established in 2011. It provides a cost-effective, risk-based approach for the adoption and use of cloud services by the U.S. federal government. FedRAMP empowers federal agencies to use modern cloud technologies, with an emphasis on the security and protection of federal information.;350381001508;us-east-1;2026-08-01 19:04:21.788096;sc-7;"The information system: a. Monitors and controls communications at the external boundary of the system and at key internal boundaries within the system; b. Implements subnetworks for publicly accessible system components that are [Selection: physically; logically] separated from internal organizational networks; and c. Connects to external networks or information systems only through managed interfaces consisting of boundary protection devices arranged in accordance with an organizational security architecture.";System and Communications Protection (SC);;;aws;;FAIL;Security group research-sg (sg-0ffe5cbdcf88d22b5) has SSH port 22 open to the Internet.;arn:aws:ec2:us-east-1:350381001508:security-group/sg-0ffe5cbdcf88d22b5;ec2_securitygroup_allow_ingress_from_internet_to_tcp_port_22;False;sg-0ffe5cbdcf88d22b5;FedRAMP-Low-Revision-4;FedRAMP Low Revision 4;
aws;The Federal Risk and Authorization Management Program (FedRAMP) was established in 2011. It provides a cost-effective, risk-based approach for the adoption and use of cloud services by the U.S. federal government. FedRAMP empowers federal agencies to use modern cloud technologies, with an emphasis on the security and protection of federal information.;350381001508;us-east-1;2026-08-01 19:04:21.788096;ac-2;Manage system accounts, group memberships, privileges, workflow, notifications, deactivations, and authorizations.;Access Control (AC);;;aws;;PASS;AWS policy AWSTrustedAdvisorServiceRolePolicy is attached but does not allow '*:*' administrative privileges.;arn:aws:iam::aws:policy/aws-service-role/AWSTrustedAdvisorServiceRolePolicy;iam_aws_attached_policy_no_administrative_privileges;False;AWSTrustedAdvisorServiceRolePolicy;FedRAMP-Low-Revision-4;FedRAMP Low Revision 4;
aws;The Federal Risk and Authorization Management Program (FedRAMP) was established in 2011. It provides a cost-effective, risk-based approach for the adoption and use of cloud services by the U.S. federal government. FedRAMP empowers federal agencies to use modern cloud technologies, with an emphasis on the security and protection of federal information.;350381001508;us-east-1;2026-08-01 19:04:21.788096;ac-3;The information system enforces approved authorizations for logical access to information and system resources in accordance with applicable access control policies.;Access Control (AC);;;aws;;PASS;AWS policy AWSTrustedAdvisorServiceRolePolicy is attached but does not allow '*:*' administrative privileges.;arn:aws:iam::aws:policy/aws-service-role/AWSTrustedAdvisorServiceRolePolicy;iam_aws_attached_policy_no_administrative_privileges;False;AWSTrustedAdvisorServiceRolePolicy;FedRAMP-Low-Revision-4;FedRAMP Low Revision 4;
aws;The Federal Risk and Authorization Management Program (FedRAMP) was established in 2011. It provides a cost-effective, risk-based approach for the adoption and use of cloud services by the U.S. federal government. FedRAMP empowers federal agencies to use modern cloud technologies, with an emphasis on the security and protection of federal information.;350381001508;us-east-1;2026-08-01 19:04:21.788096;ac-2;Manage system accounts, group memberships, privileges, workflow, notifications, deactivations, and authorizations.;Access Control (AC);;;aws;;FAIL;AWS policy AdministratorAccess is attached and allows '*:*' administrative privileges.;arn:aws:iam::aws:policy/AdministratorAccess;iam_aws_attached_policy_no_administrative_privileges;False;AdministratorAccess;FedRAMP-Low-Revision-4;FedRAMP Low Revision 4;
aws;The Federal Risk and Authorization Management Program (FedRAMP) was established in 2011. It provides a cost-effective, risk-based approach for the adoption and use of cloud services by the U.S. federal government. FedRAMP empowers federal agencies to use modern cloud technologies, with an emphasis on the security and protection of federal information.;350381001508;us-east-1;2026-08-01 19:04:21.788096;ac-3;The information system enforces approved authorizations for logical access to information and system resources in accordance with applicable access control policies.;Access Control (AC);;;aws;;FAIL;AWS policy AdministratorAccess is attached and allows '*:*' administrative privileges.;arn:aws:iam::aws:policy/AdministratorAccess;iam_aws_attached_policy_no_administrative_privileges;False;AdministratorAccess;FedRAMP-Low-Revision-4;FedRAMP Low Revision 4;
aws;The Federal Risk and Authorization Management Program (FedRAMP) was established in 2011. It provides a cost-effective, risk-based approach for the adoption and use of cloud services by the U.S. federal government. FedRAMP empowers federal agencies to use modern cloud technologies, with an emphasis on the security and protection of federal information.;350381001508;us-east-1;2026-08-01 19:04:21.788096;ac-2;Manage system accounts, group memberships, privileges, workflow, notifications, deactivations, and authorizations.;Access Control (AC);;;aws;;PASS;AWS policy AWSSupportServiceRolePolicy is attached but does not allow '*:*' administrative privileges.;arn:aws:iam::aws:policy/aws-service-role/AWSSupportServiceRolePolicy;iam_aws_attached_policy_no_administrative_privileges;False;AWSSupportServiceRolePolicy;FedRAMP-Low-Revision-4;FedRAMP Low Revision 4;
aws;The Federal Risk and Authorization Management Program (FedRAMP) was established in 2011. It provides a cost-effective, risk-based approach for the adoption and use of cloud services by the U.S. federal government. FedRAMP empowers federal agencies to use modern cloud technologies, with an emphasis on the security and protection of federal information.;350381001508;us-east-1;2026-08-01 19:04:21.788096;ac-3;The information system enforces approved authorizations for logical access to information and system resources in accordance with applicable access control policies.;Access Control (AC);;;aws;;PASS;AWS policy AWSSupportServiceRolePolicy is attached but does not allow '*:*' administrative privileges.;arn:aws:iam::aws:policy/aws-service-role/AWSSupportServiceRolePolicy;iam_aws_attached_policy_no_administrative_privileges;False;AWSSupportServiceRolePolicy;FedRAMP-Low-Revision-4;FedRAMP Low Revision 4;
aws;The Federal Risk and Authorization Management Program (FedRAMP) was established in 2011. It provides a cost-effective, risk-based approach for the adoption and use of cloud services by the U.S. federal government. FedRAMP empowers federal agencies to use modern cloud technologies, with an emphasis on the security and protection of federal information.;350381001508;us-east-1;2026-08-01 19:04:21.788096;ac-2;Manage system accounts, group memberships, privileges, workflow, notifications, deactivations, and authorizations.;Access Control (AC);;;aws;;PASS;AWS policy ReadOnlyAccess is attached but does not allow '*:*' administrative privileges.;arn:aws:iam::aws:policy/ReadOnlyAccess;iam_aws_attached_policy_no_administrative_privileges;False;ReadOnlyAccess;FedRAMP-Low-Revision-4;FedRAMP Low Revision 4;
aws;The Federal Risk and Authorization Management Program (FedRAMP) was established in 2011. It provides a cost-effective, risk-based approach for the adoption and use of cloud services by the U.S. federal government. FedRAMP empowers federal agencies to use modern cloud technologies, with an emphasis on the security and protection of federal information.;350381001508;us-east-1;2026-08-01 19:04:21.788096;ac-3;The information system enforces approved authorizations for logical access to information and system resources in accordance with applicable access control policies.;Access Control (AC);;;aws;;PASS;AWS policy ReadOnlyAccess is attached but does not allow '*:*' administrative privileges.;arn:aws:iam::aws:policy/ReadOnlyAccess;iam_aws_attached_policy_no_administrative_privileges;False;ReadOnlyAccess;FedRAMP-Low-Revision-4;FedRAMP Low Revision 4;
aws;The Federal Risk and Authorization Management Program (FedRAMP) was established in 2011. It provides a cost-effective, risk-based approach for the adoption and use of cloud services by the U.S. federal government. FedRAMP empowers federal agencies to use modern cloud technologies, with an emphasis on the security and protection of federal information.;350381001508;us-east-1;2026-08-01 19:04:21.788096;ac-2;Manage system accounts, group memberships, privileges, workflow, notifications, deactivations, and authorizations.;Access Control (AC);;;aws;;PASS;AWS policy IAMUserChangePassword is attached but does not allow '*:*' administrative privileges.;arn:aws:iam::aws:policy/IAMUserChangePassword;iam_aws_attached_policy_no_administrative_privileges;False;IAMUserChangePassword;FedRAMP-Low-Revision-4;FedRAMP Low Revision 4;
aws;The Federal Risk and Authorization Management Program (FedRAMP) was established in 2011. It provides a cost-effective, risk-based approach for the adoption and use of cloud services by the U.S. federal government. FedRAMP empowers federal agencies to use modern cloud technologies, with an emphasis on the security and protection of federal information.;350381001508;us-east-1;2026-08-01 19:04:21.788096;ac-3;The information system enforces approved authorizations for logical access to information and system resources in accordance with applicable access control policies.;Access Control (AC);;;aws;;PASS;AWS policy IAMUserChangePassword is attached but does not allow '*:*' administrative privileges.;arn:aws:iam::aws:policy/IAMUserChangePassword;iam_aws_attached_policy_no_administrative_privileges;False;IAMUserChangePassword;FedRAMP-Low-Revision-4;FedRAMP Low Revision 4;
aws;The Federal Risk and Authorization Management Program (FedRAMP) was established in 2011. It provides a cost-effective, risk-based approach for the adoption and use of cloud services by the U.S. federal government. FedRAMP empowers federal agencies to use modern cloud technologies, with an emphasis on the security and protection of federal information.;350381001508;us-east-1;2026-08-01 19:04:21.788096;ac-2;Manage system accounts, group memberships, privileges, workflow, notifications, deactivations, and authorizations.;Access Control (AC);;;aws;;PASS;AWS policy AWSResourceExplorerServiceRolePolicy is attached but does not allow '*:*' administrative privileges.;arn:aws:iam::aws:policy/aws-service-role/AWSResourceExplorerServiceRolePolicy;iam_aws_attached_policy_no_administrative_privileges;False;AWSResourceExplorerServiceRolePolicy;FedRAMP-Low-Revision-4;FedRAMP Low Revision 4;
aws;The Federal Risk and Authorization Management Program (FedRAMP) was established in 2011. It provides a cost-effective, risk-based approach for the adoption and use of cloud services by the U.S. federal government. FedRAMP empowers federal agencies to use modern cloud technologies, with an emphasis on the security and protection of federal information.;350381001508;us-east-1;2026-08-01 19:04:21.788096;ac-3;The information system enforces approved authorizations for logical access to information and system resources in accordance with applicable access control policies.;Access Control (AC);;;aws;;PASS;AWS policy AWSResourceExplorerServiceRolePolicy is attached but does not allow '*:*' administrative privileges.;arn:aws:iam::aws:policy/aws-service-role/AWSResourceExplorerServiceRolePolicy;iam_aws_attached_policy_no_administrative_privileges;False;AWSResourceExplorerServiceRolePolicy;FedRAMP-Low-Revision-4;FedRAMP Low Revision 4;
aws;The Federal Risk and Authorization Management Program (FedRAMP) was established in 2011. It provides a cost-effective, risk-based approach for the adoption and use of cloud services by the U.S. federal government. FedRAMP empowers federal agencies to use modern cloud technologies, with an emphasis on the security and protection of federal information.;350381001508;us-east-1;2026-08-01 19:04:21.788096;ac-2;Manage system accounts, group memberships, privileges, workflow, notifications, deactivations, and authorizations.;Access Control (AC);;;aws;;PASS;Root account does not have access keys.;arn:aws:iam::350381001508:root;iam_no_root_access_key;False;<root_account>;FedRAMP-Low-Revision-4;FedRAMP Low Revision 4;
aws;The Federal Risk and Authorization Management Program (FedRAMP) was established in 2011. It provides a cost-effective, risk-based approach for the adoption and use of cloud services by the U.S. federal government. FedRAMP empowers federal agencies to use modern cloud technologies, with an emphasis on the security and protection of federal information.;350381001508;us-east-1;2026-08-01 19:04:21.788096;ac-3;The information system enforces approved authorizations for logical access to information and system resources in accordance with applicable access control policies.;Access Control (AC);;;aws;;PASS;Root account does not have access keys.;arn:aws:iam::350381001508:root;iam_no_root_access_key;False;<root_account>;FedRAMP-Low-Revision-4;FedRAMP Low Revision 4;
aws;The Federal Risk and Authorization Management Program (FedRAMP) was established in 2011. It provides a cost-effective, risk-based approach for the adoption and use of cloud services by the U.S. federal government. FedRAMP empowers federal agencies to use modern cloud technologies, with an emphasis on the security and protection of federal information.;350381001508;us-east-1;2026-08-01 19:04:21.788096;ia-2;The information system uniquely identifies and authenticates organizational users (or processes acting on behalf of organizational users).;Identification and Authentication (IA);;;aws;;PASS;Root account does not have access keys.;arn:aws:iam::350381001508:root;iam_no_root_access_key;False;<root_account>;FedRAMP-Low-Revision-4;FedRAMP Low Revision 4;
aws;The Federal Risk and Authorization Management Program (FedRAMP) was established in 2011. It provides a cost-effective, risk-based approach for the adoption and use of cloud services by the U.S. federal government. FedRAMP empowers federal agencies to use modern cloud technologies, with an emphasis on the security and protection of federal information.;350381001508;us-east-1;2026-08-01 19:04:21.788096;ac-2;Manage system accounts, group memberships, privileges, workflow, notifications, deactivations, and authorizations.;Access Control (AC);;;aws;;FAIL;IAM password policy does not require minimum length of 14 characters.;arn:aws:iam:us-east-1:350381001508:password-policy;iam_password_policy_minimum_length_14;False;350381001508;FedRAMP-Low-Revision-4;FedRAMP Low Revision 4;
aws;The Federal Risk and Authorization Management Program (FedRAMP) was established in 2011. It provides a cost-effective, risk-based approach for the adoption and use of cloud services by the U.S. federal government. FedRAMP empowers federal agencies to use modern cloud technologies, with an emphasis on the security and protection of federal information.;350381001508;us-east-1;2026-08-01 19:04:21.788096;ia-2;The information system uniquely identifies and authenticates organizational users (or processes acting on behalf of organizational users).;Identification and Authentication (IA);;;aws;;FAIL;IAM password policy does not require minimum length of 14 characters.;arn:aws:iam:us-east-1:350381001508:password-policy;iam_password_policy_minimum_length_14;False;350381001508;FedRAMP-Low-Revision-4;FedRAMP Low Revision 4;
aws;The Federal Risk and Authorization Management Program (FedRAMP) was established in 2011. It provides a cost-effective, risk-based approach for the adoption and use of cloud services by the U.S. federal government. FedRAMP empowers federal agencies to use modern cloud technologies, with an emphasis on the security and protection of federal information.;350381001508;us-east-1;2026-08-01 19:04:21.788096;ac-2;Manage system accounts, group memberships, privileges, workflow, notifications, deactivations, and authorizations.;Access Control (AC);;;aws;;FAIL;User research-admin has the policy IAMUserChangePassword attached.;arn:aws:iam::350381001508:user/research-admin;iam_policy_attached_only_to_group_or_roles;False;research-admin/IAMUserChangePassword;FedRAMP-Low-Revision-4;FedRAMP Low Revision 4;
aws;The Federal Risk and Authorization Management Program (FedRAMP) was established in 2011. It provides a cost-effective, risk-based approach for the adoption and use of cloud services by the U.S. federal government. FedRAMP empowers federal agencies to use modern cloud technologies, with an emphasis on the security and protection of federal information.;350381001508;us-east-1;2026-08-01 19:04:21.788096;ac-3;The information system enforces approved authorizations for logical access to information and system resources in accordance with applicable access control policies.;Access Control (AC);;;aws;;FAIL;User research-admin has the policy IAMUserChangePassword attached.;arn:aws:iam::350381001508:user/research-admin;iam_policy_attached_only_to_group_or_roles;False;research-admin/IAMUserChangePassword;FedRAMP-Low-Revision-4;FedRAMP Low Revision 4;
aws;The Federal Risk and Authorization Management Program (FedRAMP) was established in 2011. It provides a cost-effective, risk-based approach for the adoption and use of cloud services by the U.S. federal government. FedRAMP empowers federal agencies to use modern cloud technologies, with an emphasis on the security and protection of federal information.;350381001508;us-east-1;2026-08-01 19:04:21.788096;ac-2;Manage system accounts, group memberships, privileges, workflow, notifications, deactivations, and authorizations.;Access Control (AC);;;aws;;FAIL;User scanner-user has the policy IAMUserChangePassword attached.;arn:aws:iam::350381001508:user/scanner-user;iam_policy_attached_only_to_group_or_roles;False;scanner-user/IAMUserChangePassword;FedRAMP-Low-Revision-4;FedRAMP Low Revision 4;
aws;The Federal Risk and Authorization Management Program (FedRAMP) was established in 2011. It provides a cost-effective, risk-based approach for the adoption and use of cloud services by the U.S. federal government. FedRAMP empowers federal agencies to use modern cloud technologies, with an emphasis on the security and protection of federal information.;350381001508;us-east-1;2026-08-01 19:04:21.788096;ac-3;The information system enforces approved authorizations for logical access to information and system resources in accordance with applicable access control policies.;Access Control (AC);;;aws;;FAIL;User scanner-user has the policy IAMUserChangePassword attached.;arn:aws:iam::350381001508:user/scanner-user;iam_policy_attached_only_to_group_or_roles;False;scanner-user/IAMUserChangePassword;FedRAMP-Low-Revision-4;FedRAMP Low Revision 4;
aws;The Federal Risk and Authorization Management Program (FedRAMP) was established in 2011. It provides a cost-effective, risk-based approach for the adoption and use of cloud services by the U.S. federal government. FedRAMP empowers federal agencies to use modern cloud technologies, with an emphasis on the security and protection of federal information.;350381001508;us-east-1;2026-08-01 19:04:21.788096;ac-2;Manage system accounts, group memberships, privileges, workflow, notifications, deactivations, and authorizations.;Access Control (AC);;;aws;;FAIL;User test-user has the policy IAMUserChangePassword attached.;arn:aws:iam::350381001508:user/test-user;iam_policy_attached_only_to_group_or_roles;False;test-user/IAMUserChangePassword;FedRAMP-Low-Revision-4;FedRAMP Low Revision 4;
aws;The Federal Risk and Authorization Management Program (FedRAMP) was established in 2011. It provides a cost-effective, risk-based approach for the adoption and use of cloud services by the U.S. federal government. FedRAMP empowers federal agencies to use modern cloud technologies, with an emphasis on the security and protection of federal information.;350381001508;us-east-1;2026-08-01 19:04:21.788096;ac-3;The information system enforces approved authorizations for logical access to information and system resources in accordance with applicable access control policies.;Access Control (AC);;;aws;;FAIL;User test-user has the policy IAMUserChangePassword attached.;arn:aws:iam::350381001508:user/test-user;iam_policy_attached_only_to_group_or_roles;False;test-user/IAMUserChangePassword;FedRAMP-Low-Revision-4;FedRAMP Low Revision 4;
aws;The Federal Risk and Authorization Management Program (FedRAMP) was established in 2011. It provides a cost-effective, risk-based approach for the adoption and use of cloud services by the U.S. federal government. FedRAMP empowers federal agencies to use modern cloud technologies, with an emphasis on the security and protection of federal information.;350381001508;us-east-1;2026-08-01 19:04:21.788096;ac-2;Manage system accounts, group memberships, privileges, workflow, notifications, deactivations, and authorizations.;Access Control (AC);;;aws;;PASS;IAM Role AWSServiceRoleForResourceExplorer accessed Bedrock 2 days ago (threshold: 60 days).;arn:aws:iam::350381001508:role/aws-service-role/resource-explorer-2.amazonaws.com/AWSServiceRoleForResourceExplorer;iam_role_access_not_stale_to_bedrock;False;AWSServiceRoleForResourceExplorer;FedRAMP-Low-Revision-4;FedRAMP Low Revision 4;
aws;The Federal Risk and Authorization Management Program (FedRAMP) was established in 2011. It provides a cost-effective, risk-based approach for the adoption and use of cloud services by the U.S. federal government. FedRAMP empowers federal agencies to use modern cloud technologies, with an emphasis on the security and protection of federal information.;350381001508;us-east-1;2026-08-01 19:04:21.788096;ac-2;Manage system accounts, group memberships, privileges, workflow, notifications, deactivations, and authorizations.;Access Control (AC);;;aws;;FAIL;IAM Role AWSServiceRoleForSupport has Bedrock permissions but has never used them.;arn:aws:iam::350381001508:role/aws-service-role/support.amazonaws.com/AWSServiceRoleForSupport;iam_role_access_not_stale_to_bedrock;False;AWSServiceRoleForSupport;FedRAMP-Low-Revision-4;FedRAMP Low Revision 4;
aws;The Federal Risk and Authorization Management Program (FedRAMP) was established in 2011. It provides a cost-effective, risk-based approach for the adoption and use of cloud services by the U.S. federal government. FedRAMP empowers federal agencies to use modern cloud technologies, with an emphasis on the security and protection of federal information.;350381001508;us-east-1;2026-08-01 19:04:21.788096;ac-2;Manage system accounts, group memberships, privileges, workflow, notifications, deactivations, and authorizations.;Access Control (AC);;;aws;;FAIL;Root account has a virtual MFA instead of a hardware MFA device enabled.;arn:aws:iam::350381001508:mfa;iam_root_hardware_mfa_enabled;False;<root_account>;FedRAMP-Low-Revision-4;FedRAMP Low Revision 4;
aws;The Federal Risk and Authorization Management Program (FedRAMP) was established in 2011. It provides a cost-effective, risk-based approach for the adoption and use of cloud services by the U.S. federal government. FedRAMP empowers federal agencies to use modern cloud technologies, with an emphasis on the security and protection of federal information.;350381001508;us-east-1;2026-08-01 19:04:21.788096;ia-2;The information system uniquely identifies and authenticates organizational users (or processes acting on behalf of organizational users).;Identification and Authentication (IA);;;aws;;FAIL;Root account has a virtual MFA instead of a hardware MFA device enabled.;arn:aws:iam::350381001508:mfa;iam_root_hardware_mfa_enabled;False;<root_account>;FedRAMP-Low-Revision-4;FedRAMP Low Revision 4;
aws;The Federal Risk and Authorization Management Program (FedRAMP) was established in 2011. It provides a cost-effective, risk-based approach for the adoption and use of cloud services by the U.S. federal government. FedRAMP empowers federal agencies to use modern cloud technologies, with an emphasis on the security and protection of federal information.;350381001508;us-east-1;2026-08-01 19:04:21.788096;ac-2;Manage system accounts, group memberships, privileges, workflow, notifications, deactivations, and authorizations.;Access Control (AC);;;aws;;PASS;MFA is enabled for root account.;arn:aws:iam::350381001508:root;iam_root_mfa_enabled;False;<root_account>;FedRAMP-Low-Revision-4;FedRAMP Low Revision 4;
aws;The Federal Risk and Authorization Management Program (FedRAMP) was established in 2011. It provides a cost-effective, risk-based approach for the adoption and use of cloud services by the U.S. federal government. FedRAMP empowers federal agencies to use modern cloud technologies, with an emphasis on the security and protection of federal information.;350381001508;us-east-1;2026-08-01 19:04:21.788096;ia-2;The information system uniquely identifies and authenticates organizational users (or processes acting on behalf of organizational users).;Identification and Authentication (IA);;;aws;;PASS;MFA is enabled for root account.;arn:aws:iam::350381001508:root;iam_root_mfa_enabled;False;<root_account>;FedRAMP-Low-Revision-4;FedRAMP Low Revision 4;
aws;The Federal Risk and Authorization Management Program (FedRAMP) was established in 2011. It provides a cost-effective, risk-based approach for the adoption and use of cloud services by the U.S. federal government. FedRAMP empowers federal agencies to use modern cloud technologies, with an emphasis on the security and protection of federal information.;350381001508;us-east-1;2026-08-01 19:04:21.788096;ac-2;Manage system accounts, group memberships, privileges, workflow, notifications, deactivations, and authorizations.;Access Control (AC);;;aws;;PASS;User <root_account> does not have access keys.;arn:aws:iam::350381001508:root;iam_rotate_access_key_90_days;False;<root_account>;FedRAMP-Low-Revision-4;FedRAMP Low Revision 4;
aws;The Federal Risk and Authorization Management Program (FedRAMP) was established in 2011. It provides a cost-effective, risk-based approach for the adoption and use of cloud services by the U.S. federal government. FedRAMP empowers federal agencies to use modern cloud technologies, with an emphasis on the security and protection of federal information.;350381001508;us-east-1;2026-08-01 19:04:21.788096;ac-2;Manage system accounts, group memberships, privileges, workflow, notifications, deactivations, and authorizations.;Access Control (AC);;;aws;;PASS;User research-admin does not have access keys.;arn:aws:iam::350381001508:user/research-admin;iam_rotate_access_key_90_days;False;research-admin;FedRAMP-Low-Revision-4;FedRAMP Low Revision 4;
aws;The Federal Risk and Authorization Management Program (FedRAMP) was established in 2011. It provides a cost-effective, risk-based approach for the adoption and use of cloud services by the U.S. federal government. FedRAMP empowers federal agencies to use modern cloud technologies, with an emphasis on the security and protection of federal information.;350381001508;us-east-1;2026-08-01 19:04:21.788096;ac-2;Manage system accounts, group memberships, privileges, workflow, notifications, deactivations, and authorizations.;Access Control (AC);;;aws;;PASS;User scanner-user does not have access keys older than 90 days.;arn:aws:iam::350381001508:user/scanner-user;iam_rotate_access_key_90_days;False;scanner-user;FedRAMP-Low-Revision-4;FedRAMP Low Revision 4;
aws;The Federal Risk and Authorization Management Program (FedRAMP) was established in 2011. It provides a cost-effective, risk-based approach for the adoption and use of cloud services by the U.S. federal government. FedRAMP empowers federal agencies to use modern cloud technologies, with an emphasis on the security and protection of federal information.;350381001508;us-east-1;2026-08-01 19:04:21.788096;ac-2;Manage system accounts, group memberships, privileges, workflow, notifications, deactivations, and authorizations.;Access Control (AC);;;aws;;PASS;User test-user does not have access keys older than 90 days.;arn:aws:iam::350381001508:user/test-user;iam_rotate_access_key_90_days;False;test-user;FedRAMP-Low-Revision-4;FedRAMP Low Revision 4;
aws;The Federal Risk and Authorization Management Program (FedRAMP) was established in 2011. It provides a cost-effective, risk-based approach for the adoption and use of cloud services by the U.S. federal government. FedRAMP empowers federal agencies to use modern cloud technologies, with an emphasis on the security and protection of federal information.;350381001508;us-east-1;2026-08-01 19:04:21.788096;ac-2;Manage system accounts, group memberships, privileges, workflow, notifications, deactivations, and authorizations.;Access Control (AC);;;aws;;FAIL;IAM User research-admin has Bedrock permissions but has never used them.;arn:aws:iam::350381001508:user/research-admin;iam_user_access_not_stale_to_bedrock;False;research-admin;FedRAMP-Low-Revision-4;FedRAMP Low Revision 4;
aws;The Federal Risk and Authorization Management Program (FedRAMP) was established in 2011. It provides a cost-effective, risk-based approach for the adoption and use of cloud services by the U.S. federal government. FedRAMP empowers federal agencies to use modern cloud technologies, with an emphasis on the security and protection of federal information.;350381001508;us-east-1;2026-08-01 19:04:21.788096;ac-2;Manage system accounts, group memberships, privileges, workflow, notifications, deactivations, and authorizations.;Access Control (AC);;;aws;;PASS;IAM User scanner-user accessed Bedrock 0 days ago (threshold: 60 days).;arn:aws:iam::350381001508:user/scanner-user;iam_user_access_not_stale_to_bedrock;False;scanner-user;FedRAMP-Low-Revision-4;FedRAMP Low Revision 4;
aws;The Federal Risk and Authorization Management Program (FedRAMP) was established in 2011. It provides a cost-effective, risk-based approach for the adoption and use of cloud services by the U.S. federal government. FedRAMP empowers federal agencies to use modern cloud technologies, with an emphasis on the security and protection of federal information.;350381001508;us-east-1;2026-08-01 19:04:21.788096;ac-2;Manage system accounts, group memberships, privileges, workflow, notifications, deactivations, and authorizations.;Access Control (AC);;;aws;;FAIL;IAM User test-user has Bedrock permissions but has never used them.;arn:aws:iam::350381001508:user/test-user;iam_user_access_not_stale_to_bedrock;False;test-user;FedRAMP-Low-Revision-4;FedRAMP Low Revision 4;
aws;The Federal Risk and Authorization Management Program (FedRAMP) was established in 2011. It provides a cost-effective, risk-based approach for the adoption and use of cloud services by the U.S. federal government. FedRAMP empowers federal agencies to use modern cloud technologies, with an emphasis on the security and protection of federal information.;350381001508;us-east-1;2026-08-01 19:04:21.788096;ac-2;Manage system accounts, group memberships, privileges, workflow, notifications, deactivations, and authorizations.;Access Control (AC);;;aws;;PASS;User <root_account> does not have access keys.;arn:aws:iam::350381001508:root;iam_user_accesskey_unused;False;<root_account>;FedRAMP-Low-Revision-4;FedRAMP Low Revision 4;
aws;The Federal Risk and Authorization Management Program (FedRAMP) was established in 2011. It provides a cost-effective, risk-based approach for the adoption and use of cloud services by the U.S. federal government. FedRAMP empowers federal agencies to use modern cloud technologies, with an emphasis on the security and protection of federal information.;350381001508;us-east-1;2026-08-01 19:04:21.788096;ac-3;The information system enforces approved authorizations for logical access to information and system resources in accordance with applicable access control policies.;Access Control (AC);;;aws;;PASS;User <root_account> does not have access keys.;arn:aws:iam::350381001508:root;iam_user_accesskey_unused;False;<root_account>;FedRAMP-Low-Revision-4;FedRAMP Low Revision 4;
aws;The Federal Risk and Authorization Management Program (FedRAMP) was established in 2011. It provides a cost-effective, risk-based approach for the adoption and use of cloud services by the U.S. federal government. FedRAMP empowers federal agencies to use modern cloud technologies, with an emphasis on the security and protection of federal information.;350381001508;us-east-1;2026-08-01 19:04:21.788096;ac-2;Manage system accounts, group memberships, privileges, workflow, notifications, deactivations, and authorizations.;Access Control (AC);;;aws;;PASS;User research-admin does not have access keys.;arn:aws:iam::350381001508:user/research-admin;iam_user_accesskey_unused;False;research-admin;FedRAMP-Low-Revision-4;FedRAMP Low Revision 4;
aws;The Federal Risk and Authorization Management Program (FedRAMP) was established in 2011. It provides a cost-effective, risk-based approach for the adoption and use of cloud services by the U.S. federal government. FedRAMP empowers federal agencies to use modern cloud technologies, with an emphasis on the security and protection of federal information.;350381001508;us-east-1;2026-08-01 19:04:21.788096;ac-3;The information system enforces approved authorizations for logical access to information and system resources in accordance with applicable access control policies.;Access Control (AC);;;aws;;PASS;User research-admin does not have access keys.;arn:aws:iam::350381001508:user/research-admin;iam_user_accesskey_unused;False;research-admin;FedRAMP-Low-Revision-4;FedRAMP Low Revision 4;
aws;The Federal Risk and Authorization Management Program (FedRAMP) was established in 2011. It provides a cost-effective, risk-based approach for the adoption and use of cloud services by the U.S. federal government. FedRAMP empowers federal agencies to use modern cloud technologies, with an emphasis on the security and protection of federal information.;350381001508;us-east-1;2026-08-01 19:04:21.788096;ac-2;Manage system accounts, group memberships, privileges, workflow, notifications, deactivations, and authorizations.;Access Control (AC);;;aws;;PASS;User scanner-user does not have unused access keys for 45 days.;arn:aws:iam::350381001508:user/scanner-user;iam_user_accesskey_unused;False;scanner-user;FedRAMP-Low-Revision-4;FedRAMP Low Revision 4;
aws;The Federal Risk and Authorization Management Program (FedRAMP) was established in 2011. It provides a cost-effective, risk-based approach for the adoption and use of cloud services by the U.S. federal government. FedRAMP empowers federal agencies to use modern cloud technologies, with an emphasis on the security and protection of federal information.;350381001508;us-east-1;2026-08-01 19:04:21.788096;ac-3;The information system enforces approved authorizations for logical access to information and system resources in accordance with applicable access control policies.;Access Control (AC);;;aws;;PASS;User scanner-user does not have unused access keys for 45 days.;arn:aws:iam::350381001508:user/scanner-user;iam_user_accesskey_unused;False;scanner-user;FedRAMP-Low-Revision-4;FedRAMP Low Revision 4;
aws;The Federal Risk and Authorization Management Program (FedRAMP) was established in 2011. It provides a cost-effective, risk-based approach for the adoption and use of cloud services by the U.S. federal government. FedRAMP empowers federal agencies to use modern cloud technologies, with an emphasis on the security and protection of federal information.;350381001508;us-east-1;2026-08-01 19:04:21.788096;ac-2;Manage system accounts, group memberships, privileges, workflow, notifications, deactivations, and authorizations.;Access Control (AC);;;aws;;PASS;User test-user does not have unused access keys for 45 days.;arn:aws:iam::350381001508:user/test-user;iam_user_accesskey_unused;False;test-user;FedRAMP-Low-Revision-4;FedRAMP Low Revision 4;
aws;The Federal Risk and Authorization Management Program (FedRAMP) was established in 2011. It provides a cost-effective, risk-based approach for the adoption and use of cloud services by the U.S. federal government. FedRAMP empowers federal agencies to use modern cloud technologies, with an emphasis on the security and protection of federal information.;350381001508;us-east-1;2026-08-01 19:04:21.788096;ac-3;The information system enforces approved authorizations for logical access to information and system resources in accordance with applicable access control policies.;Access Control (AC);;;aws;;PASS;User test-user does not have unused access keys for 45 days.;arn:aws:iam::350381001508:user/test-user;iam_user_accesskey_unused;False;test-user;FedRAMP-Low-Revision-4;FedRAMP Low Revision 4;
aws;The Federal Risk and Authorization Management Program (FedRAMP) was established in 2011. It provides a cost-effective, risk-based approach for the adoption and use of cloud services by the U.S. federal government. FedRAMP empowers federal agencies to use modern cloud technologies, with an emphasis on the security and protection of federal information.;350381001508;us-east-1;2026-08-01 19:04:21.788096;ac-2;Manage system accounts, group memberships, privileges, workflow, notifications, deactivations, and authorizations.;Access Control (AC);;;aws;;PASS;User research-admin does not have console access enabled or is unused.;arn:aws:iam::350381001508:user/research-admin;iam_user_console_access_unused;False;research-admin;FedRAMP-Low-Revision-4;FedRAMP Low Revision 4;
aws;The Federal Risk and Authorization Management Program (FedRAMP) was established in 2011. It provides a cost-effective, risk-based approach for the adoption and use of cloud services by the U.S. federal government. FedRAMP empowers federal agencies to use modern cloud technologies, with an emphasis on the security and protection of federal information.;350381001508;us-east-1;2026-08-01 19:04:21.788096;ac-3;The information system enforces approved authorizations for logical access to information and system resources in accordance with applicable access control policies.;Access Control (AC);;;aws;;PASS;User research-admin does not have console access enabled or is unused.;arn:aws:iam::350381001508:user/research-admin;iam_user_console_access_unused;False;research-admin;FedRAMP-Low-Revision-4;FedRAMP Low Revision 4;
aws;The Federal Risk and Authorization Management Program (FedRAMP) was established in 2011. It provides a cost-effective, risk-based approach for the adoption and use of cloud services by the U.S. federal government. FedRAMP empowers federal agencies to use modern cloud technologies, with an emphasis on the security and protection of federal information.;350381001508;us-east-1;2026-08-01 19:04:21.788096;ac-2;Manage system accounts, group memberships, privileges, workflow, notifications, deactivations, and authorizations.;Access Control (AC);;;aws;;PASS;User scanner-user does not have console access enabled or is unused.;arn:aws:iam::350381001508:user/scanner-user;iam_user_console_access_unused;False;scanner-user;FedRAMP-Low-Revision-4;FedRAMP Low Revision 4;
aws;The Federal Risk and Authorization Management Program (FedRAMP) was established in 2011. It provides a cost-effective, risk-based approach for the adoption and use of cloud services by the U.S. federal government. FedRAMP empowers federal agencies to use modern cloud technologies, with an emphasis on the security and protection of federal information.;350381001508;us-east-1;2026-08-01 19:04:21.788096;ac-3;The information system enforces approved authorizations for logical access to information and system resources in accordance with applicable access control policies.;Access Control (AC);;;aws;;PASS;User scanner-user does not have console access enabled or is unused.;arn:aws:iam::350381001508:user/scanner-user;iam_user_console_access_unused;False;scanner-user;FedRAMP-Low-Revision-4;FedRAMP Low Revision 4;
aws;The Federal Risk and Authorization Management Program (FedRAMP) was established in 2011. It provides a cost-effective, risk-based approach for the adoption and use of cloud services by the U.S. federal government. FedRAMP empowers federal agencies to use modern cloud technologies, with an emphasis on the security and protection of federal information.;350381001508;us-east-1;2026-08-01 19:04:21.788096;ac-2;Manage system accounts, group memberships, privileges, workflow, notifications, deactivations, and authorizations.;Access Control (AC);;;aws;;PASS;User test-user does not have console access enabled or is unused.;arn:aws:iam::350381001508:user/test-user;iam_user_console_access_unused;False;test-user;FedRAMP-Low-Revision-4;FedRAMP Low Revision 4;
aws;The Federal Risk and Authorization Management Program (FedRAMP) was established in 2011. It provides a cost-effective, risk-based approach for the adoption and use of cloud services by the U.S. federal government. FedRAMP empowers federal agencies to use modern cloud technologies, with an emphasis on the security and protection of federal information.;350381001508;us-east-1;2026-08-01 19:04:21.788096;ac-3;The information system enforces approved authorizations for logical access to information and system resources in accordance with applicable access control policies.;Access Control (AC);;;aws;;PASS;User test-user does not have console access enabled or is unused.;arn:aws:iam::350381001508:user/test-user;iam_user_console_access_unused;False;test-user;FedRAMP-Low-Revision-4;FedRAMP Low Revision 4;
aws;The Federal Risk and Authorization Management Program (FedRAMP) was established in 2011. It provides a cost-effective, risk-based approach for the adoption and use of cloud services by the U.S. federal government. FedRAMP empowers federal agencies to use modern cloud technologies, with an emphasis on the security and protection of federal information.;350381001508;us-east-1;2026-08-01 19:04:21.788096;ac-2;Manage system accounts, group memberships, privileges, workflow, notifications, deactivations, and authorizations.;Access Control (AC);;;aws;;PASS;User research-admin has hardware MFA enabled.;arn:aws:iam::350381001508:user/research-admin;iam_user_hardware_mfa_enabled;False;research-admin;FedRAMP-Low-Revision-4;FedRAMP Low Revision 4;
aws;The Federal Risk and Authorization Management Program (FedRAMP) was established in 2011. It provides a cost-effective, risk-based approach for the adoption and use of cloud services by the U.S. federal government. FedRAMP empowers federal agencies to use modern cloud technologies, with an emphasis on the security and protection of federal information.;350381001508;us-east-1;2026-08-01 19:04:21.788096;ac-2;Manage system accounts, group memberships, privileges, workflow, notifications, deactivations, and authorizations.;Access Control (AC);;;aws;;PASS;User scanner-user has hardware MFA enabled.;arn:aws:iam::350381001508:user/scanner-user;iam_user_hardware_mfa_enabled;False;scanner-user;FedRAMP-Low-Revision-4;FedRAMP Low Revision 4;
aws;The Federal Risk and Authorization Management Program (FedRAMP) was established in 2011. It provides a cost-effective, risk-based approach for the adoption and use of cloud services by the U.S. federal government. FedRAMP empowers federal agencies to use modern cloud technologies, with an emphasis on the security and protection of federal information.;350381001508;us-east-1;2026-08-01 19:04:21.788096;ac-2;Manage system accounts, group memberships, privileges, workflow, notifications, deactivations, and authorizations.;Access Control (AC);;;aws;;FAIL;User test-user does not have any type of MFA enabled.;arn:aws:iam::350381001508:user/test-user;iam_user_hardware_mfa_enabled;False;test-user;FedRAMP-Low-Revision-4;FedRAMP Low Revision 4;
aws;The Federal Risk and Authorization Management Program (FedRAMP) was established in 2011. It provides a cost-effective, risk-based approach for the adoption and use of cloud services by the U.S. federal government. FedRAMP empowers federal agencies to use modern cloud technologies, with an emphasis on the security and protection of federal information.;350381001508;us-east-1;2026-08-01 19:04:21.788096;ac-2;Manage system accounts, group memberships, privileges, workflow, notifications, deactivations, and authorizations.;Access Control (AC);;;aws;;PASS;User research-admin has Console Password enabled and MFA enabled.;arn:aws:iam::350381001508:user/research-admin;iam_user_mfa_enabled_console_access;False;research-admin;FedRAMP-Low-Revision-4;FedRAMP Low Revision 4;
aws;The Federal Risk and Authorization Management Program (FedRAMP) was established in 2011. It provides a cost-effective, risk-based approach for the adoption and use of cloud services by the U.S. federal government. FedRAMP empowers federal agencies to use modern cloud technologies, with an emphasis on the security and protection of federal information.;350381001508;us-east-1;2026-08-01 19:04:21.788096;ia-2;The information system uniquely identifies and authenticates organizational users (or processes acting on behalf of organizational users).;Identification and Authentication (IA);;;aws;;PASS;User research-admin has Console Password enabled and MFA enabled.;arn:aws:iam::350381001508:user/research-admin;iam_user_mfa_enabled_console_access;False;research-admin;FedRAMP-Low-Revision-4;FedRAMP Low Revision 4;
aws;The Federal Risk and Authorization Management Program (FedRAMP) was established in 2011. It provides a cost-effective, risk-based approach for the adoption and use of cloud services by the U.S. federal government. FedRAMP empowers federal agencies to use modern cloud technologies, with an emphasis on the security and protection of federal information.;350381001508;us-east-1;2026-08-01 19:04:21.788096;ac-2;Manage system accounts, group memberships, privileges, workflow, notifications, deactivations, and authorizations.;Access Control (AC);;;aws;;PASS;User scanner-user has Console Password enabled and MFA enabled.;arn:aws:iam::350381001508:user/scanner-user;iam_user_mfa_enabled_console_access;False;scanner-user;FedRAMP-Low-Revision-4;FedRAMP Low Revision 4;
aws;The Federal Risk and Authorization Management Program (FedRAMP) was established in 2011. It provides a cost-effective, risk-based approach for the adoption and use of cloud services by the U.S. federal government. FedRAMP empowers federal agencies to use modern cloud technologies, with an emphasis on the security and protection of federal information.;350381001508;us-east-1;2026-08-01 19:04:21.788096;ia-2;The information system uniquely identifies and authenticates organizational users (or processes acting on behalf of organizational users).;Identification and Authentication (IA);;;aws;;PASS;User scanner-user has Console Password enabled and MFA enabled.;arn:aws:iam::350381001508:user/scanner-user;iam_user_mfa_enabled_console_access;False;scanner-user;FedRAMP-Low-Revision-4;FedRAMP Low Revision 4;
aws;The Federal Risk and Authorization Management Program (FedRAMP) was established in 2011. It provides a cost-effective, risk-based approach for the adoption and use of cloud services by the U.S. federal government. FedRAMP empowers federal agencies to use modern cloud technologies, with an emphasis on the security and protection of federal information.;350381001508;us-east-1;2026-08-01 19:04:21.788096;ac-2;Manage system accounts, group memberships, privileges, workflow, notifications, deactivations, and authorizations.;Access Control (AC);;;aws;;FAIL;User test-user has Console Password enabled but MFA disabled.;arn:aws:iam::350381001508:user/test-user;iam_user_mfa_enabled_console_access;False;test-user;FedRAMP-Low-Revision-4;FedRAMP Low Revision 4;
aws;The Federal Risk and Authorization Management Program (FedRAMP) was established in 2011. It provides a cost-effective, risk-based approach for the adoption and use of cloud services by the U.S. federal government. FedRAMP empowers federal agencies to use modern cloud technologies, with an emphasis on the security and protection of federal information.;350381001508;us-east-1;2026-08-01 19:04:21.788096;ia-2;The information system uniquely identifies and authenticates organizational users (or processes acting on behalf of organizational users).;Identification and Authentication (IA);;;aws;;FAIL;User test-user has Console Password enabled but MFA disabled.;arn:aws:iam::350381001508:user/test-user;iam_user_mfa_enabled_console_access;False;test-user;FedRAMP-Low-Revision-4;FedRAMP Low Revision 4;
aws;The Federal Risk and Authorization Management Program (FedRAMP) was established in 2011. It provides a cost-effective, risk-based approach for the adoption and use of cloud services by the U.S. federal government. FedRAMP empowers federal agencies to use modern cloud technologies, with an emphasis on the security and protection of federal information.;350381001508;us-east-1;2026-08-01 19:04:21.788096;ac-3;The information system enforces approved authorizations for logical access to information and system resources in accordance with applicable access control policies.;Access Control (AC);;;aws;;FAIL;Block Public Access is not configured for the account 350381001508.;arn:aws:s3:us-east-1:350381001508:account;s3_account_level_public_access_blocks;False;350381001508;FedRAMP-Low-Revision-4;FedRAMP Low Revision 4;
aws;The Federal Risk and Authorization Management Program (FedRAMP) was established in 2011. It provides a cost-effective, risk-based approach for the adoption and use of cloud services by the U.S. federal government. FedRAMP empowers federal agencies to use modern cloud technologies, with an emphasis on the security and protection of federal information.;350381001508;us-east-1;2026-08-01 19:04:21.788096;ac-17;Authorize remote access systems prior to connection. Enforce remote connection requirements to information systems.;Access Control (AC);;;aws;;FAIL;Block Public Access is not configured for the account 350381001508.;arn:aws:s3:us-east-1:350381001508:account;s3_account_level_public_access_blocks;False;350381001508;FedRAMP-Low-Revision-4;FedRAMP Low Revision 4;
aws;The Federal Risk and Authorization Management Program (FedRAMP) was established in 2011. It provides a cost-effective, risk-based approach for the adoption and use of cloud services by the U.S. federal government. FedRAMP empowers federal agencies to use modern cloud technologies, with an emphasis on the security and protection of federal information.;350381001508;us-east-1;2026-08-01 19:04:21.788096;cm-2;The organization develops, documents, and maintains under configuration control, a current baseline configuration of the information system.;Configuration Management (CM);;;aws;;FAIL;Block Public Access is not configured for the account 350381001508.;arn:aws:s3:us-east-1:350381001508:account;s3_account_level_public_access_blocks;False;350381001508;FedRAMP-Low-Revision-4;FedRAMP Low Revision 4;
aws;The Federal Risk and Authorization Management Program (FedRAMP) was established in 2011. It provides a cost-effective, risk-based approach for the adoption and use of cloud services by the U.S. federal government. FedRAMP empowers federal agencies to use modern cloud technologies, with an emphasis on the security and protection of federal information.;350381001508;us-east-1;2026-08-01 19:04:21.788096;sc-7;"The information system: a. Monitors and controls communications at the external boundary of the system and at key internal boundaries within the system; b. Implements subnetworks for publicly accessible system components that are [Selection: physically; logically] separated from internal organizational networks; and c. Connects to external networks or information systems only through managed interfaces consisting of boundary protection devices arranged in accordance with an organizational security architecture.";System and Communications Protection (SC);;;aws;;FAIL;Block Public Access is not configured for the account 350381001508.;arn:aws:s3:us-east-1:350381001508:account;s3_account_level_public_access_blocks;False;350381001508;FedRAMP-Low-Revision-4;FedRAMP Low Revision 4;
aws;The Federal Risk and Authorization Management Program (FedRAMP) was established in 2011. It provides a cost-effective, risk-based approach for the adoption and use of cloud services by the U.S. federal government. FedRAMP empowers federal agencies to use modern cloud technologies, with an emphasis on the security and protection of federal information.;350381001508;us-east-1;2026-08-01 19:04:21.788096;sc-13;The information system implements FIPS-validated or NSA-approved cryptography in accordance with applicable federal laws, Executive Orders, directives, policies, regulations, and standards.;System and Communications Protection (SC);;;aws;;PASS;S3 Bucket aws-cloudtrail-logs-350381001508-dae76776 has Server Side Encryption with AES256.;arn:aws:s3:::aws-cloudtrail-logs-350381001508-dae76776;s3_bucket_default_encryption;False;aws-cloudtrail-logs-350381001508-dae76776;FedRAMP-Low-Revision-4;FedRAMP Low Revision 4;
aws;The Federal Risk and Authorization Management Program (FedRAMP) was established in 2011. It provides a cost-effective, risk-based approach for the adoption and use of cloud services by the U.S. federal government. FedRAMP empowers federal agencies to use modern cloud technologies, with an emphasis on the security and protection of federal information.;350381001508;us-east-1;2026-08-01 19:04:21.788096;sc-13;The information system implements FIPS-validated or NSA-approved cryptography in accordance with applicable federal laws, Executive Orders, directives, policies, regulations, and standards.;System and Communications Protection (SC);;;aws;;PASS;S3 Bucket public-bucket-open has Server Side Encryption with AES256.;arn:aws:s3:::public-bucket-open;s3_bucket_default_encryption;False;public-bucket-open;FedRAMP-Low-Revision-4;FedRAMP Low Revision 4;
aws;The Federal Risk and Authorization Management Program (FedRAMP) was established in 2011. It provides a cost-effective, risk-based approach for the adoption and use of cloud services by the U.S. federal government. FedRAMP empowers federal agencies to use modern cloud technologies, with an emphasis on the security and protection of federal information.;350381001508;us-east-1;2026-08-01 19:04:21.788096;sc-13;The information system implements FIPS-validated or NSA-approved cryptography in accordance with applicable federal laws, Executive Orders, directives, policies, regulations, and standards.;System and Communications Protection (SC);;;aws;;PASS;S3 Bucket research-secure-bucket has Server Side Encryption with AES256.;arn:aws:s3:::research-secure-bucket;s3_bucket_default_encryption;False;research-secure-bucket;FedRAMP-Low-Revision-4;FedRAMP Low Revision 4;
aws;The Federal Risk and Authorization Management Program (FedRAMP) was established in 2011. It provides a cost-effective, risk-based approach for the adoption and use of cloud services by the U.S. federal government. FedRAMP empowers federal agencies to use modern cloud technologies, with an emphasis on the security and protection of federal information.;350381001508;us-east-1;2026-08-01 19:04:21.788096;au-9;The information system protects audit information and audit tools from unauthorized access, modification, and deletion.;Audit and Accountability (AU);;;aws;;FAIL;S3 Bucket aws-cloudtrail-logs-350381001508-dae76776 has versioning disabled.;arn:aws:s3:::aws-cloudtrail-logs-350381001508-dae76776;s3_bucket_object_versioning;False;aws-cloudtrail-logs-350381001508-dae76776;FedRAMP-Low-Revision-4;FedRAMP Low Revision 4;
aws;The Federal Risk and Authorization Management Program (FedRAMP) was established in 2011. It provides a cost-effective, risk-based approach for the adoption and use of cloud services by the U.S. federal government. FedRAMP empowers federal agencies to use modern cloud technologies, with an emphasis on the security and protection of federal information.;350381001508;us-east-1;2026-08-01 19:04:21.788096;cp-9;The organization conducts backups of user-level information, system-level information and information system documentation including security-related documentation contained in the information system and protects the confidentiality, integrity, and availability of backup information at storage locations.;Contingency Planning (CP);;;aws;;FAIL;S3 Bucket aws-cloudtrail-logs-350381001508-dae76776 has versioning disabled.;arn:aws:s3:::aws-cloudtrail-logs-350381001508-dae76776;s3_bucket_object_versioning;False;aws-cloudtrail-logs-350381001508-dae76776;FedRAMP-Low-Revision-4;FedRAMP Low Revision 4;
aws;The Federal Risk and Authorization Management Program (FedRAMP) was established in 2011. It provides a cost-effective, risk-based approach for the adoption and use of cloud services by the U.S. federal government. FedRAMP empowers federal agencies to use modern cloud technologies, with an emphasis on the security and protection of federal information.;350381001508;us-east-1;2026-08-01 19:04:21.788096;cp-10;The organization provides for the recovery and reconstitution of the information system to a known state after a disruption, compromise, or failure.;Contingency Planning (CP);;;aws;;FAIL;S3 Bucket aws-cloudtrail-logs-350381001508-dae76776 has versioning disabled.;arn:aws:s3:::aws-cloudtrail-logs-350381001508-dae76776;s3_bucket_object_versioning;False;aws-cloudtrail-logs-350381001508-dae76776;FedRAMP-Low-Revision-4;FedRAMP Low Revision 4;
aws;The Federal Risk and Authorization Management Program (FedRAMP) was established in 2011. It provides a cost-effective, risk-based approach for the adoption and use of cloud services by the U.S. federal government. FedRAMP empowers federal agencies to use modern cloud technologies, with an emphasis on the security and protection of federal information.;350381001508;us-east-1;2026-08-01 19:04:21.788096;sc-5;The information system protects against or limits the effects of the following types of denial of service attacks: [Assignment: organization-defined types of denial of service attacks or references to sources for such information] by employing [Assignment: organization-defined security safeguards].;System and Communications Protection (SC);;;aws;;FAIL;S3 Bucket aws-cloudtrail-logs-350381001508-dae76776 has versioning disabled.;arn:aws:s3:::aws-cloudtrail-logs-350381001508-dae76776;s3_bucket_object_versioning;False;aws-cloudtrail-logs-350381001508-dae76776;FedRAMP-Low-Revision-4;FedRAMP Low Revision 4;
aws;The Federal Risk and Authorization Management Program (FedRAMP) was established in 2011. It provides a cost-effective, risk-based approach for the adoption and use of cloud services by the U.S. federal government. FedRAMP empowers federal agencies to use modern cloud technologies, with an emphasis on the security and protection of federal information.;350381001508;us-east-1;2026-08-01 19:04:21.788096;au-9;The information system protects audit information and audit tools from unauthorized access, modification, and deletion.;Audit and Accountability (AU);;;aws;;FAIL;S3 Bucket public-bucket-open has versioning disabled.;arn:aws:s3:::public-bucket-open;s3_bucket_object_versioning;False;public-bucket-open;FedRAMP-Low-Revision-4;FedRAMP Low Revision 4;
aws;The Federal Risk and Authorization Management Program (FedRAMP) was established in 2011. It provides a cost-effective, risk-based approach for the adoption and use of cloud services by the U.S. federal government. FedRAMP empowers federal agencies to use modern cloud technologies, with an emphasis on the security and protection of federal information.;350381001508;us-east-1;2026-08-01 19:04:21.788096;cp-9;The organization conducts backups of user-level information, system-level information and information system documentation including security-related documentation contained in the information system and protects the confidentiality, integrity, and availability of backup information at storage locations.;Contingency Planning (CP);;;aws;;FAIL;S3 Bucket public-bucket-open has versioning disabled.;arn:aws:s3:::public-bucket-open;s3_bucket_object_versioning;False;public-bucket-open;FedRAMP-Low-Revision-4;FedRAMP Low Revision 4;
aws;The Federal Risk and Authorization Management Program (FedRAMP) was established in 2011. It provides a cost-effective, risk-based approach for the adoption and use of cloud services by the U.S. federal government. FedRAMP empowers federal agencies to use modern cloud technologies, with an emphasis on the security and protection of federal information.;350381001508;us-east-1;2026-08-01 19:04:21.788096;cp-10;The organization provides for the recovery and reconstitution of the information system to a known state after a disruption, compromise, or failure.;Contingency Planning (CP);;;aws;;FAIL;S3 Bucket public-bucket-open has versioning disabled.;arn:aws:s3:::public-bucket-open;s3_bucket_object_versioning;False;public-bucket-open;FedRAMP-Low-Revision-4;FedRAMP Low Revision 4;
aws;The Federal Risk and Authorization Management Program (FedRAMP) was established in 2011. It provides a cost-effective, risk-based approach for the adoption and use of cloud services by the U.S. federal government. FedRAMP empowers federal agencies to use modern cloud technologies, with an emphasis on the security and protection of federal information.;350381001508;us-east-1;2026-08-01 19:04:21.788096;sc-5;The information system protects against or limits the effects of the following types of denial of service attacks: [Assignment: organization-defined types of denial of service attacks or references to sources for such information] by employing [Assignment: organization-defined security safeguards].;System and Communications Protection (SC);;;aws;;FAIL;S3 Bucket public-bucket-open has versioning disabled.;arn:aws:s3:::public-bucket-open;s3_bucket_object_versioning;False;public-bucket-open;FedRAMP-Low-Revision-4;FedRAMP Low Revision 4;
aws;The Federal Risk and Authorization Management Program (FedRAMP) was established in 2011. It provides a cost-effective, risk-based approach for the adoption and use of cloud services by the U.S. federal government. FedRAMP empowers federal agencies to use modern cloud technologies, with an emphasis on the security and protection of federal information.;350381001508;us-east-1;2026-08-01 19:04:21.788096;au-9;The information system protects audit information and audit tools from unauthorized access, modification, and deletion.;Audit and Accountability (AU);;;aws;;PASS;S3 Bucket research-secure-bucket has versioning enabled.;arn:aws:s3:::research-secure-bucket;s3_bucket_object_versioning;False;research-secure-bucket;FedRAMP-Low-Revision-4;FedRAMP Low Revision 4;
aws;The Federal Risk and Authorization Management Program (FedRAMP) was established in 2011. It provides a cost-effective, risk-based approach for the adoption and use of cloud services by the U.S. federal government. FedRAMP empowers federal agencies to use modern cloud technologies, with an emphasis on the security and protection of federal information.;350381001508;us-east-1;2026-08-01 19:04:21.788096;cp-9;The organization conducts backups of user-level information, system-level information and information system documentation including security-related documentation contained in the information system and protects the confidentiality, integrity, and availability of backup information at storage locations.;Contingency Planning (CP);;;aws;;PASS;S3 Bucket research-secure-bucket has versioning enabled.;arn:aws:s3:::research-secure-bucket;s3_bucket_object_versioning;False;research-secure-bucket;FedRAMP-Low-Revision-4;FedRAMP Low Revision 4;
aws;The Federal Risk and Authorization Management Program (FedRAMP) was established in 2011. It provides a cost-effective, risk-based approach for the adoption and use of cloud services by the U.S. federal government. FedRAMP empowers federal agencies to use modern cloud technologies, with an emphasis on the security and protection of federal information.;350381001508;us-east-1;2026-08-01 19:04:21.788096;cp-10;The organization provides for the recovery and reconstitution of the information system to a known state after a disruption, compromise, or failure.;Contingency Planning (CP);;;aws;;PASS;S3 Bucket research-secure-bucket has versioning enabled.;arn:aws:s3:::research-secure-bucket;s3_bucket_object_versioning;False;research-secure-bucket;FedRAMP-Low-Revision-4;FedRAMP Low Revision 4;
aws;The Federal Risk and Authorization Management Program (FedRAMP) was established in 2011. It provides a cost-effective, risk-based approach for the adoption and use of cloud services by the U.S. federal government. FedRAMP empowers federal agencies to use modern cloud technologies, with an emphasis on the security and protection of federal information.;350381001508;us-east-1;2026-08-01 19:04:21.788096;sc-5;The information system protects against or limits the effects of the following types of denial of service attacks: [Assignment: organization-defined types of denial of service attacks or references to sources for such information] by employing [Assignment: organization-defined security safeguards].;System and Communications Protection (SC);;;aws;;PASS;S3 Bucket research-secure-bucket has versioning enabled.;arn:aws:s3:::research-secure-bucket;s3_bucket_object_versioning;False;research-secure-bucket;FedRAMP-Low-Revision-4;FedRAMP Low Revision 4;
aws;The Federal Risk and Authorization Management Program (FedRAMP) was established in 2011. It provides a cost-effective, risk-based approach for the adoption and use of cloud services by the U.S. federal government. FedRAMP empowers federal agencies to use modern cloud technologies, with an emphasis on the security and protection of federal information.;350381001508;us-east-1;2026-08-01 19:04:21.788096;ac-3;The information system enforces approved authorizations for logical access to information and system resources in accordance with applicable access control policies.;Access Control (AC);;;aws;;PASS;S3 public access blocked at bucket level for aws-cloudtrail-logs-350381001508-dae76776.;arn:aws:s3:::aws-cloudtrail-logs-350381001508-dae76776;s3_bucket_policy_public_write_access;False;aws-cloudtrail-logs-350381001508-dae76776;FedRAMP-Low-Revision-4;FedRAMP Low Revision 4;
aws;The Federal Risk and Authorization Management Program (FedRAMP) was established in 2011. It provides a cost-effective, risk-based approach for the adoption and use of cloud services by the U.S. federal government. FedRAMP empowers federal agencies to use modern cloud technologies, with an emphasis on the security and protection of federal information.;350381001508;us-east-1;2026-08-01 19:04:21.788096;ac-17;Authorize remote access systems prior to connection. Enforce remote connection requirements to information systems.;Access Control (AC);;;aws;;PASS;S3 public access blocked at bucket level for aws-cloudtrail-logs-350381001508-dae76776.;arn:aws:s3:::aws-cloudtrail-logs-350381001508-dae76776;s3_bucket_policy_public_write_access;False;aws-cloudtrail-logs-350381001508-dae76776;FedRAMP-Low-Revision-4;FedRAMP Low Revision 4;
aws;The Federal Risk and Authorization Management Program (FedRAMP) was established in 2011. It provides a cost-effective, risk-based approach for the adoption and use of cloud services by the U.S. federal government. FedRAMP empowers federal agencies to use modern cloud technologies, with an emphasis on the security and protection of federal information.;350381001508;us-east-1;2026-08-01 19:04:21.788096;cm-2;The organization develops, documents, and maintains under configuration control, a current baseline configuration of the information system.;Configuration Management (CM);;;aws;;PASS;S3 public access blocked at bucket level for aws-cloudtrail-logs-350381001508-dae76776.;arn:aws:s3:::aws-cloudtrail-logs-350381001508-dae76776;s3_bucket_policy_public_write_access;False;aws-cloudtrail-logs-350381001508-dae76776;FedRAMP-Low-Revision-4;FedRAMP Low Revision 4;
aws;The Federal Risk and Authorization Management Program (FedRAMP) was established in 2011. It provides a cost-effective, risk-based approach for the adoption and use of cloud services by the U.S. federal government. FedRAMP empowers federal agencies to use modern cloud technologies, with an emphasis on the security and protection of federal information.;350381001508;us-east-1;2026-08-01 19:04:21.788096;sc-7;"The information system: a. Monitors and controls communications at the external boundary of the system and at key internal boundaries within the system; b. Implements subnetworks for publicly accessible system components that are [Selection: physically; logically] separated from internal organizational networks; and c. Connects to external networks or information systems only through managed interfaces consisting of boundary protection devices arranged in accordance with an organizational security architecture.";System and Communications Protection (SC);;;aws;;PASS;S3 public access blocked at bucket level for aws-cloudtrail-logs-350381001508-dae76776.;arn:aws:s3:::aws-cloudtrail-logs-350381001508-dae76776;s3_bucket_policy_public_write_access;False;aws-cloudtrail-logs-350381001508-dae76776;FedRAMP-Low-Revision-4;FedRAMP Low Revision 4;
aws;The Federal Risk and Authorization Management Program (FedRAMP) was established in 2011. It provides a cost-effective, risk-based approach for the adoption and use of cloud services by the U.S. federal government. FedRAMP empowers federal agencies to use modern cloud technologies, with an emphasis on the security and protection of federal information.;350381001508;us-east-1;2026-08-01 19:04:21.788096;ac-3;The information system enforces approved authorizations for logical access to information and system resources in accordance with applicable access control policies.;Access Control (AC);;;aws;;PASS;S3 Bucket public-bucket-open does not allow public write access in the bucket policy.;arn:aws:s3:::public-bucket-open;s3_bucket_policy_public_write_access;False;public-bucket-open;FedRAMP-Low-Revision-4;FedRAMP Low Revision 4;
aws;The Federal Risk and Authorization Management Program (FedRAMP) was established in 2011. It provides a cost-effective, risk-based approach for the adoption and use of cloud services by the U.S. federal government. FedRAMP empowers federal agencies to use modern cloud technologies, with an emphasis on the security and protection of federal information.;350381001508;us-east-1;2026-08-01 19:04:21.788096;ac-17;Authorize remote access systems prior to connection. Enforce remote connection requirements to information systems.;Access Control (AC);;;aws;;PASS;S3 Bucket public-bucket-open does not allow public write access in the bucket policy.;arn:aws:s3:::public-bucket-open;s3_bucket_policy_public_write_access;False;public-bucket-open;FedRAMP-Low-Revision-4;FedRAMP Low Revision 4;
aws;The Federal Risk and Authorization Management Program (FedRAMP) was established in 2011. It provides a cost-effective, risk-based approach for the adoption and use of cloud services by the U.S. federal government. FedRAMP empowers federal agencies to use modern cloud technologies, with an emphasis on the security and protection of federal information.;350381001508;us-east-1;2026-08-01 19:04:21.788096;cm-2;The organization develops, documents, and maintains under configuration control, a current baseline configuration of the information system.;Configuration Management (CM);;;aws;;PASS;S3 Bucket public-bucket-open does not allow public write access in the bucket policy.;arn:aws:s3:::public-bucket-open;s3_bucket_policy_public_write_access;False;public-bucket-open;FedRAMP-Low-Revision-4;FedRAMP Low Revision 4;
aws;The Federal Risk and Authorization Management Program (FedRAMP) was established in 2011. It provides a cost-effective, risk-based approach for the adoption and use of cloud services by the U.S. federal government. FedRAMP empowers federal agencies to use modern cloud technologies, with an emphasis on the security and protection of federal information.;350381001508;us-east-1;2026-08-01 19:04:21.788096;sc-7;"The information system: a. Monitors and controls communications at the external boundary of the system and at key internal boundaries within the system; b. Implements subnetworks for publicly accessible system components that are [Selection: physically; logically] separated from internal organizational networks; and c. Connects to external networks or information systems only through managed interfaces consisting of boundary protection devices arranged in accordance with an organizational security architecture.";System and Communications Protection (SC);;;aws;;PASS;S3 Bucket public-bucket-open does not allow public write access in the bucket policy.;arn:aws:s3:::public-bucket-open;s3_bucket_policy_public_write_access;False;public-bucket-open;FedRAMP-Low-Revision-4;FedRAMP Low Revision 4;
aws;The Federal Risk and Authorization Management Program (FedRAMP) was established in 2011. It provides a cost-effective, risk-based approach for the adoption and use of cloud services by the U.S. federal government. FedRAMP empowers federal agencies to use modern cloud technologies, with an emphasis on the security and protection of federal information.;350381001508;us-east-1;2026-08-01 19:04:21.788096;ac-3;The information system enforces approved authorizations for logical access to information and system resources in accordance with applicable access control policies.;Access Control (AC);;;aws;;PASS;S3 Bucket research-secure-bucket does not have a bucket policy.;arn:aws:s3:::research-secure-bucket;s3_bucket_policy_public_write_access;False;research-secure-bucket;FedRAMP-Low-Revision-4;FedRAMP Low Revision 4;
aws;The Federal Risk and Authorization Management Program (FedRAMP) was established in 2011. It provides a cost-effective, risk-based approach for the adoption and use of cloud services by the U.S. federal government. FedRAMP empowers federal agencies to use modern cloud technologies, with an emphasis on the security and protection of federal information.;350381001508;us-east-1;2026-08-01 19:04:21.788096;ac-17;Authorize remote access systems prior to connection. Enforce remote connection requirements to information systems.;Access Control (AC);;;aws;;PASS;S3 Bucket research-secure-bucket does not have a bucket policy.;arn:aws:s3:::research-secure-bucket;s3_bucket_policy_public_write_access;False;research-secure-bucket;FedRAMP-Low-Revision-4;FedRAMP Low Revision 4;
aws;The Federal Risk and Authorization Management Program (FedRAMP) was established in 2011. It provides a cost-effective, risk-based approach for the adoption and use of cloud services by the U.S. federal government. FedRAMP empowers federal agencies to use modern cloud technologies, with an emphasis on the security and protection of federal information.;350381001508;us-east-1;2026-08-01 19:04:21.788096;cm-2;The organization develops, documents, and maintains under configuration control, a current baseline configuration of the information system.;Configuration Management (CM);;;aws;;PASS;S3 Bucket research-secure-bucket does not have a bucket policy.;arn:aws:s3:::research-secure-bucket;s3_bucket_policy_public_write_access;False;research-secure-bucket;FedRAMP-Low-Revision-4;FedRAMP Low Revision 4;
aws;The Federal Risk and Authorization Management Program (FedRAMP) was established in 2011. It provides a cost-effective, risk-based approach for the adoption and use of cloud services by the U.S. federal government. FedRAMP empowers federal agencies to use modern cloud technologies, with an emphasis on the security and protection of federal information.;350381001508;us-east-1;2026-08-01 19:04:21.788096;sc-7;"The information system: a. Monitors and controls communications at the external boundary of the system and at key internal boundaries within the system; b. Implements subnetworks for publicly accessible system components that are [Selection: physically; logically] separated from internal organizational networks; and c. Connects to external networks or information systems only through managed interfaces consisting of boundary protection devices arranged in accordance with an organizational security architecture.";System and Communications Protection (SC);;;aws;;PASS;S3 Bucket research-secure-bucket does not have a bucket policy.;arn:aws:s3:::research-secure-bucket;s3_bucket_policy_public_write_access;False;research-secure-bucket;FedRAMP-Low-Revision-4;FedRAMP Low Revision 4;
aws;The Federal Risk and Authorization Management Program (FedRAMP) was established in 2011. It provides a cost-effective, risk-based approach for the adoption and use of cloud services by the U.S. federal government. FedRAMP empowers federal agencies to use modern cloud technologies, with an emphasis on the security and protection of federal information.;350381001508;us-east-1;2026-08-01 19:04:21.788096;ac-3;The information system enforces approved authorizations for logical access to information and system resources in accordance with applicable access control policies.;Access Control (AC);;;aws;;PASS;S3 Bucket aws-cloudtrail-logs-350381001508-dae76776 is not public.;arn:aws:s3:::aws-cloudtrail-logs-350381001508-dae76776;s3_bucket_public_access;False;aws-cloudtrail-logs-350381001508-dae76776;FedRAMP-Low-Revision-4;FedRAMP Low Revision 4;
aws;The Federal Risk and Authorization Management Program (FedRAMP) was established in 2011. It provides a cost-effective, risk-based approach for the adoption and use of cloud services by the U.S. federal government. FedRAMP empowers federal agencies to use modern cloud technologies, with an emphasis on the security and protection of federal information.;350381001508;us-east-1;2026-08-01 19:04:21.788096;ac-17;Authorize remote access systems prior to connection. Enforce remote connection requirements to information systems.;Access Control (AC);;;aws;;PASS;S3 Bucket aws-cloudtrail-logs-350381001508-dae76776 is not public.;arn:aws:s3:::aws-cloudtrail-logs-350381001508-dae76776;s3_bucket_public_access;False;aws-cloudtrail-logs-350381001508-dae76776;FedRAMP-Low-Revision-4;FedRAMP Low Revision 4;
aws;The Federal Risk and Authorization Management Program (FedRAMP) was established in 2011. It provides a cost-effective, risk-based approach for the adoption and use of cloud services by the U.S. federal government. FedRAMP empowers federal agencies to use modern cloud technologies, with an emphasis on the security and protection of federal information.;350381001508;us-east-1;2026-08-01 19:04:21.788096;cm-2;The organization develops, documents, and maintains under configuration control, a current baseline configuration of the information system.;Configuration Management (CM);;;aws;;PASS;S3 Bucket aws-cloudtrail-logs-350381001508-dae76776 is not public.;arn:aws:s3:::aws-cloudtrail-logs-350381001508-dae76776;s3_bucket_public_access;False;aws-cloudtrail-logs-350381001508-dae76776;FedRAMP-Low-Revision-4;FedRAMP Low Revision 4;
aws;The Federal Risk and Authorization Management Program (FedRAMP) was established in 2011. It provides a cost-effective, risk-based approach for the adoption and use of cloud services by the U.S. federal government. FedRAMP empowers federal agencies to use modern cloud technologies, with an emphasis on the security and protection of federal information.;350381001508;us-east-1;2026-08-01 19:04:21.788096;sc-7;"The information system: a. Monitors and controls communications at the external boundary of the system and at key internal boundaries within the system; b. Implements subnetworks for publicly accessible system components that are [Selection: physically; logically] separated from internal organizational networks; and c. Connects to external networks or information systems only through managed interfaces consisting of boundary protection devices arranged in accordance with an organizational security architecture.";System and Communications Protection (SC);;;aws;;PASS;S3 Bucket aws-cloudtrail-logs-350381001508-dae76776 is not public.;arn:aws:s3:::aws-cloudtrail-logs-350381001508-dae76776;s3_bucket_public_access;False;aws-cloudtrail-logs-350381001508-dae76776;FedRAMP-Low-Revision-4;FedRAMP Low Revision 4;
aws;The Federal Risk and Authorization Management Program (FedRAMP) was established in 2011. It provides a cost-effective, risk-based approach for the adoption and use of cloud services by the U.S. federal government. FedRAMP empowers federal agencies to use modern cloud technologies, with an emphasis on the security and protection of federal information.;350381001508;us-east-1;2026-08-01 19:04:21.788096;ac-3;The information system enforces approved authorizations for logical access to information and system resources in accordance with applicable access control policies.;Access Control (AC);;;aws;;FAIL;S3 Bucket public-bucket-open has public access due to bucket policy.;arn:aws:s3:::public-bucket-open;s3_bucket_public_access;False;public-bucket-open;FedRAMP-Low-Revision-4;FedRAMP Low Revision 4;
aws;The Federal Risk and Authorization Management Program (FedRAMP) was established in 2011. It provides a cost-effective, risk-based approach for the adoption and use of cloud services by the U.S. federal government. FedRAMP empowers federal agencies to use modern cloud technologies, with an emphasis on the security and protection of federal information.;350381001508;us-east-1;2026-08-01 19:04:21.788096;ac-17;Authorize remote access systems prior to connection. Enforce remote connection requirements to information systems.;Access Control (AC);;;aws;;FAIL;S3 Bucket public-bucket-open has public access due to bucket policy.;arn:aws:s3:::public-bucket-open;s3_bucket_public_access;False;public-bucket-open;FedRAMP-Low-Revision-4;FedRAMP Low Revision 4;
aws;The Federal Risk and Authorization Management Program (FedRAMP) was established in 2011. It provides a cost-effective, risk-based approach for the adoption and use of cloud services by the U.S. federal government. FedRAMP empowers federal agencies to use modern cloud technologies, with an emphasis on the security and protection of federal information.;350381001508;us-east-1;2026-08-01 19:04:21.788096;cm-2;The organization develops, documents, and maintains under configuration control, a current baseline configuration of the information system.;Configuration Management (CM);;;aws;;FAIL;S3 Bucket public-bucket-open has public access due to bucket policy.;arn:aws:s3:::public-bucket-open;s3_bucket_public_access;False;public-bucket-open;FedRAMP-Low-Revision-4;FedRAMP Low Revision 4;
aws;The Federal Risk and Authorization Management Program (FedRAMP) was established in 2011. It provides a cost-effective, risk-based approach for the adoption and use of cloud services by the U.S. federal government. FedRAMP empowers federal agencies to use modern cloud technologies, with an emphasis on the security and protection of federal information.;350381001508;us-east-1;2026-08-01 19:04:21.788096;sc-7;"The information system: a. Monitors and controls communications at the external boundary of the system and at key internal boundaries within the system; b. Implements subnetworks for publicly accessible system components that are [Selection: physically; logically] separated from internal organizational networks; and c. Connects to external networks or information systems only through managed interfaces consisting of boundary protection devices arranged in accordance with an organizational security architecture.";System and Communications Protection (SC);;;aws;;FAIL;S3 Bucket public-bucket-open has public access due to bucket policy.;arn:aws:s3:::public-bucket-open;s3_bucket_public_access;False;public-bucket-open;FedRAMP-Low-Revision-4;FedRAMP Low Revision 4;
aws;The Federal Risk and Authorization Management Program (FedRAMP) was established in 2011. It provides a cost-effective, risk-based approach for the adoption and use of cloud services by the U.S. federal government. FedRAMP empowers federal agencies to use modern cloud technologies, with an emphasis on the security and protection of federal information.;350381001508;us-east-1;2026-08-01 19:04:21.788096;ac-3;The information system enforces approved authorizations for logical access to information and system resources in accordance with applicable access control policies.;Access Control (AC);;;aws;;PASS;S3 Bucket research-secure-bucket is not public.;arn:aws:s3:::research-secure-bucket;s3_bucket_public_access;False;research-secure-bucket;FedRAMP-Low-Revision-4;FedRAMP Low Revision 4;
aws;The Federal Risk and Authorization Management Program (FedRAMP) was established in 2011. It provides a cost-effective, risk-based approach for the adoption and use of cloud services by the U.S. federal government. FedRAMP empowers federal agencies to use modern cloud technologies, with an emphasis on the security and protection of federal information.;350381001508;us-east-1;2026-08-01 19:04:21.788096;ac-17;Authorize remote access systems prior to connection. Enforce remote connection requirements to information systems.;Access Control (AC);;;aws;;PASS;S3 Bucket research-secure-bucket is not public.;arn:aws:s3:::research-secure-bucket;s3_bucket_public_access;False;research-secure-bucket;FedRAMP-Low-Revision-4;FedRAMP Low Revision 4;
aws;The Federal Risk and Authorization Management Program (FedRAMP) was established in 2011. It provides a cost-effective, risk-based approach for the adoption and use of cloud services by the U.S. federal government. FedRAMP empowers federal agencies to use modern cloud technologies, with an emphasis on the security and protection of federal information.;350381001508;us-east-1;2026-08-01 19:04:21.788096;cm-2;The organization develops, documents, and maintains under configuration control, a current baseline configuration of the information system.;Configuration Management (CM);;;aws;;PASS;S3 Bucket research-secure-bucket is not public.;arn:aws:s3:::research-secure-bucket;s3_bucket_public_access;False;research-secure-bucket;FedRAMP-Low-Revision-4;FedRAMP Low Revision 4;
aws;The Federal Risk and Authorization Management Program (FedRAMP) was established in 2011. It provides a cost-effective, risk-based approach for the adoption and use of cloud services by the U.S. federal government. FedRAMP empowers federal agencies to use modern cloud technologies, with an emphasis on the security and protection of federal information.;350381001508;us-east-1;2026-08-01 19:04:21.788096;sc-7;"The information system: a. Monitors and controls communications at the external boundary of the system and at key internal boundaries within the system; b. Implements subnetworks for publicly accessible system components that are [Selection: physically; logically] separated from internal organizational networks; and c. Connects to external networks or information systems only through managed interfaces consisting of boundary protection devices arranged in accordance with an organizational security architecture.";System and Communications Protection (SC);;;aws;;PASS;S3 Bucket research-secure-bucket is not public.;arn:aws:s3:::research-secure-bucket;s3_bucket_public_access;False;research-secure-bucket;FedRAMP-Low-Revision-4;FedRAMP Low Revision 4;
aws;The Federal Risk and Authorization Management Program (FedRAMP) was established in 2011. It provides a cost-effective, risk-based approach for the adoption and use of cloud services by the U.S. federal government. FedRAMP empowers federal agencies to use modern cloud technologies, with an emphasis on the security and protection of federal information.;350381001508;us-east-1;2026-08-01 19:04:21.788096;ac-17;Authorize remote access systems prior to connection. Enforce remote connection requirements to information systems.;Access Control (AC);;;aws;;FAIL;S3 Bucket aws-cloudtrail-logs-350381001508-dae76776 allows requests over insecure transport in the bucket policy.;arn:aws:s3:::aws-cloudtrail-logs-350381001508-dae76776;s3_bucket_secure_transport_policy;False;aws-cloudtrail-logs-350381001508-dae76776;FedRAMP-Low-Revision-4;FedRAMP Low Revision 4;
aws;The Federal Risk and Authorization Management Program (FedRAMP) was established in 2011. It provides a cost-effective, risk-based approach for the adoption and use of cloud services by the U.S. federal government. FedRAMP empowers federal agencies to use modern cloud technologies, with an emphasis on the security and protection of federal information.;350381001508;us-east-1;2026-08-01 19:04:21.788096;sc-7;"The information system: a. Monitors and controls communications at the external boundary of the system and at key internal boundaries within the system; b. Implements subnetworks for publicly accessible system components that are [Selection: physically; logically] separated from internal organizational networks; and c. Connects to external networks or information systems only through managed interfaces consisting of boundary protection devices arranged in accordance with an organizational security architecture.";System and Communications Protection (SC);;;aws;;FAIL;S3 Bucket aws-cloudtrail-logs-350381001508-dae76776 allows requests over insecure transport in the bucket policy.;arn:aws:s3:::aws-cloudtrail-logs-350381001508-dae76776;s3_bucket_secure_transport_policy;False;aws-cloudtrail-logs-350381001508-dae76776;FedRAMP-Low-Revision-4;FedRAMP Low Revision 4;
aws;The Federal Risk and Authorization Management Program (FedRAMP) was established in 2011. It provides a cost-effective, risk-based approach for the adoption and use of cloud services by the U.S. federal government. FedRAMP empowers federal agencies to use modern cloud technologies, with an emphasis on the security and protection of federal information.;350381001508;us-east-1;2026-08-01 19:04:21.788096;ac-17;Authorize remote access systems prior to connection. Enforce remote connection requirements to information systems.;Access Control (AC);;;aws;;FAIL;S3 Bucket public-bucket-open allows requests over insecure transport in the bucket policy.;arn:aws:s3:::public-bucket-open;s3_bucket_secure_transport_policy;False;public-bucket-open;FedRAMP-Low-Revision-4;FedRAMP Low Revision 4;
aws;The Federal Risk and Authorization Management Program (FedRAMP) was established in 2011. It provides a cost-effective, risk-based approach for the adoption and use of cloud services by the U.S. federal government. FedRAMP empowers federal agencies to use modern cloud technologies, with an emphasis on the security and protection of federal information.;350381001508;us-east-1;2026-08-01 19:04:21.788096;sc-7;"The information system: a. Monitors and controls communications at the external boundary of the system and at key internal boundaries within the system; b. Implements subnetworks for publicly accessible system components that are [Selection: physically; logically] separated from internal organizational networks; and c. Connects to external networks or information systems only through managed interfaces consisting of boundary protection devices arranged in accordance with an organizational security architecture.";System and Communications Protection (SC);;;aws;;FAIL;S3 Bucket public-bucket-open allows requests over insecure transport in the bucket policy.;arn:aws:s3:::public-bucket-open;s3_bucket_secure_transport_policy;False;public-bucket-open;FedRAMP-Low-Revision-4;FedRAMP Low Revision 4;
aws;The Federal Risk and Authorization Management Program (FedRAMP) was established in 2011. It provides a cost-effective, risk-based approach for the adoption and use of cloud services by the U.S. federal government. FedRAMP empowers federal agencies to use modern cloud technologies, with an emphasis on the security and protection of federal information.;350381001508;us-east-1;2026-08-01 19:04:21.788096;ac-17;Authorize remote access systems prior to connection. Enforce remote connection requirements to information systems.;Access Control (AC);;;aws;;FAIL;S3 Bucket research-secure-bucket does not have a bucket policy, thus it allows HTTP requests.;arn:aws:s3:::research-secure-bucket;s3_bucket_secure_transport_policy;False;research-secure-bucket;FedRAMP-Low-Revision-4;FedRAMP Low Revision 4;
aws;The Federal Risk and Authorization Management Program (FedRAMP) was established in 2011. It provides a cost-effective, risk-based approach for the adoption and use of cloud services by the U.S. federal government. FedRAMP empowers federal agencies to use modern cloud technologies, with an emphasis on the security and protection of federal information.;350381001508;us-east-1;2026-08-01 19:04:21.788096;sc-7;"The information system: a. Monitors and controls communications at the external boundary of the system and at key internal boundaries within the system; b. Implements subnetworks for publicly accessible system components that are [Selection: physically; logically] separated from internal organizational networks; and c. Connects to external networks or information systems only through managed interfaces consisting of boundary protection devices arranged in accordance with an organizational security architecture.";System and Communications Protection (SC);;;aws;;FAIL;S3 Bucket research-secure-bucket does not have a bucket policy, thus it allows HTTP requests.;arn:aws:s3:::research-secure-bucket;s3_bucket_secure_transport_policy;False;research-secure-bucket;FedRAMP-Low-Revision-4;FedRAMP Low Revision 4;
aws;The Federal Risk and Authorization Management Program (FedRAMP) was established in 2011. It provides a cost-effective, risk-based approach for the adoption and use of cloud services by the U.S. federal government. FedRAMP empowers federal agencies to use modern cloud technologies, with an emphasis on the security and protection of federal information.;350381001508;us-east-1;2026-08-01 19:04:21.788096;ac-2;Manage system accounts, group memberships, privileges, workflow, notifications, deactivations, and authorizations.;Access Control (AC);;;aws;;FAIL;S3 Bucket aws-cloudtrail-logs-350381001508-dae76776 has server access logging disabled.;arn:aws:s3:::aws-cloudtrail-logs-350381001508-dae76776;s3_bucket_server_access_logging_enabled;False;aws-cloudtrail-logs-350381001508-dae76776;FedRAMP-Low-Revision-4;FedRAMP Low Revision 4;
aws;The Federal Risk and Authorization Management Program (FedRAMP) was established in 2011. It provides a cost-effective, risk-based approach for the adoption and use of cloud services by the U.S. federal government. FedRAMP empowers federal agencies to use modern cloud technologies, with an emphasis on the security and protection of federal information.;350381001508;us-east-1;2026-08-01 19:04:21.788096;au-2;"The organization: a. Determines that the information system is capable of auditing the following events: [Assignment: organization-defined auditable events]; b. Coordinates the security audit function with other organizational entities requiring audit- related information to enhance mutual support and to help guide the selection of auditable events; c. Provides a rationale for why the auditable events are deemed to be adequate support after- the-fact investigations of security incidents";Audit and Accountability (AU);;;aws;;FAIL;S3 Bucket aws-cloudtrail-logs-350381001508-dae76776 has server access logging disabled.;arn:aws:s3:::aws-cloudtrail-logs-350381001508-dae76776;s3_bucket_server_access_logging_enabled;False;aws-cloudtrail-logs-350381001508-dae76776;FedRAMP-Low-Revision-4;FedRAMP Low Revision 4;
aws;The Federal Risk and Authorization Management Program (FedRAMP) was established in 2011. It provides a cost-effective, risk-based approach for the adoption and use of cloud services by the U.S. federal government. FedRAMP empowers federal agencies to use modern cloud technologies, with an emphasis on the security and protection of federal information.;350381001508;us-east-1;2026-08-01 19:04:21.788096;ac-2;Manage system accounts, group memberships, privileges, workflow, notifications, deactivations, and authorizations.;Access Control (AC);;;aws;;FAIL;S3 Bucket public-bucket-open has server access logging disabled.;arn:aws:s3:::public-bucket-open;s3_bucket_server_access_logging_enabled;False;public-bucket-open;FedRAMP-Low-Revision-4;FedRAMP Low Revision 4;
aws;The Federal Risk and Authorization Management Program (FedRAMP) was established in 2011. It provides a cost-effective, risk-based approach for the adoption and use of cloud services by the U.S. federal government. FedRAMP empowers federal agencies to use modern cloud technologies, with an emphasis on the security and protection of federal information.;350381001508;us-east-1;2026-08-01 19:04:21.788096;au-2;"The organization: a. Determines that the information system is capable of auditing the following events: [Assignment: organization-defined auditable events]; b. Coordinates the security audit function with other organizational entities requiring audit- related information to enhance mutual support and to help guide the selection of auditable events; c. Provides a rationale for why the auditable events are deemed to be adequate support after- the-fact investigations of security incidents";Audit and Accountability (AU);;;aws;;FAIL;S3 Bucket public-bucket-open has server access logging disabled.;arn:aws:s3:::public-bucket-open;s3_bucket_server_access_logging_enabled;False;public-bucket-open;FedRAMP-Low-Revision-4;FedRAMP Low Revision 4;
aws;The Federal Risk and Authorization Management Program (FedRAMP) was established in 2011. It provides a cost-effective, risk-based approach for the adoption and use of cloud services by the U.S. federal government. FedRAMP empowers federal agencies to use modern cloud technologies, with an emphasis on the security and protection of federal information.;350381001508;us-east-1;2026-08-01 19:04:21.788096;ac-2;Manage system accounts, group memberships, privileges, workflow, notifications, deactivations, and authorizations.;Access Control (AC);;;aws;;FAIL;S3 Bucket research-secure-bucket has server access logging disabled.;arn:aws:s3:::research-secure-bucket;s3_bucket_server_access_logging_enabled;False;research-secure-bucket;FedRAMP-Low-Revision-4;FedRAMP Low Revision 4;
aws;The Federal Risk and Authorization Management Program (FedRAMP) was established in 2011. It provides a cost-effective, risk-based approach for the adoption and use of cloud services by the U.S. federal government. FedRAMP empowers federal agencies to use modern cloud technologies, with an emphasis on the security and protection of federal information.;350381001508;us-east-1;2026-08-01 19:04:21.788096;au-2;"The organization: a. Determines that the information system is capable of auditing the following events: [Assignment: organization-defined auditable events]; b. Coordinates the security audit function with other organizational entities requiring audit- related information to enhance mutual support and to help guide the selection of auditable events; c. Provides a rationale for why the auditable events are deemed to be adequate support after- the-fact investigations of security incidents";Audit and Accountability (AU);;;aws;;FAIL;S3 Bucket research-secure-bucket has server access logging disabled.;arn:aws:s3:::research-secure-bucket;s3_bucket_server_access_logging_enabled;False;research-secure-bucket;FedRAMP-Low-Revision-4;FedRAMP Low Revision 4;
aws;The Federal Risk and Authorization Management Program (FedRAMP) was established in 2011. It provides a cost-effective, risk-based approach for the adoption and use of cloud services by the U.S. federal government. FedRAMP empowers federal agencies to use modern cloud technologies, with an emphasis on the security and protection of federal information.;350381001508;us-east-1;2026-08-01 19:04:21.788096;au-2;"The organization: a. Determines that the information system is capable of auditing the following events: [Assignment: organization-defined auditable events]; b. Coordinates the security audit function with other organizational entities requiring audit- related information to enhance mutual support and to help guide the selection of auditable events; c. Provides a rationale for why the auditable events are deemed to be adequate support after- the-fact investigations of security incidents";Audit and Accountability (AU);;;aws;;FAIL;VPC research-vpc Flow logs are disabled.;arn:aws:ec2:us-east-1:350381001508:vpc/vpc-081d4be98bcc01b9b;vpc_flow_logs_enabled;False;vpc-081d4be98bcc01b9b;FedRAMP-Low-Revision-4;FedRAMP Low Revision 4;
