PROVIDER;DESCRIPTION;ACCOUNTID;REGION;ASSESSMENTDATE;REQUIREMENTS_ID;REQUIREMENTS_DESCRIPTION;REQUIREMENTS_ATTRIBUTES_SECTION;REQUIREMENTS_ATTRIBUTES_SUBSECTION;REQUIREMENTS_ATTRIBUTES_SUBGROUP;REQUIREMENTS_ATTRIBUTES_SERVICE;REQUIREMENTS_ATTRIBUTES_TYPE;STATUS;STATUSEXTENDED;RESOURCEID;CHECKID;MUTED;RESOURCENAME;FRAMEWORK;NAME;REQUIREMENTS_ATTRIBUTES_COMMENT
aws;Security compliance framework based on the AWS AI Security Framework blog post (2025). Organizes controls across three security layers (Infrastructure, Identity & Data, AI Application), three deployment phases (Foundational, Enhanced, Advanced), and three AI use cases (AI that Answers, AI that Connects, AI that Acts). Maps existing Prowler checks to AI workload security requirements and identifies gaps requiring new checks.;350381001508;ap-northeast-1;2026-08-01 19:04:21.788096;AISF-DATA-02;Ensure IAM Access Analyzer is enabled to validate access policies and identify unintended access to resources used by AI workloads.;Identity and Data Security;Access Analysis;;accessanalyzer;Automated;FAIL;IAM Access Analyzer in account 350381001508 is not enabled.;arn:aws:accessanalyzer:ap-northeast-1:350381001508:analyzer/unknown;accessanalyzer_enabled;False;analyzer/unknown;AWS-AI-Security-Framework;AWS AI Security Framework;
aws;Security compliance framework based on the AWS AI Security Framework blog post (2025). Organizes controls across three security layers (Infrastructure, Identity & Data, AI Application), three deployment phases (Foundational, Enhanced, Advanced), and three AI use cases (AI that Answers, AI that Connects, AI that Acts). Maps existing Prowler checks to AI workload security requirements and identifies gaps requiring new checks.;350381001508;ap-northeast-2;2026-08-01 19:04:21.788096;AISF-DATA-02;Ensure IAM Access Analyzer is enabled to validate access policies and identify unintended access to resources used by AI workloads.;Identity and Data Security;Access Analysis;;accessanalyzer;Automated;FAIL;IAM Access Analyzer in account 350381001508 is not enabled.;arn:aws:accessanalyzer:ap-northeast-2:350381001508:analyzer/unknown;accessanalyzer_enabled;False;analyzer/unknown;AWS-AI-Security-Framework;AWS AI Security Framework;
aws;Security compliance framework based on the AWS AI Security Framework blog post (2025). Organizes controls across three security layers (Infrastructure, Identity & Data, AI Application), three deployment phases (Foundational, Enhanced, Advanced), and three AI use cases (AI that Answers, AI that Connects, AI that Acts). Maps existing Prowler checks to AI workload security requirements and identifies gaps requiring new checks.;350381001508;ap-northeast-3;2026-08-01 19:04:21.788096;AISF-DATA-02;Ensure IAM Access Analyzer is enabled to validate access policies and identify unintended access to resources used by AI workloads.;Identity and Data Security;Access Analysis;;accessanalyzer;Automated;FAIL;IAM Access Analyzer in account 350381001508 is not enabled.;arn:aws:accessanalyzer:ap-northeast-3:350381001508:analyzer/unknown;accessanalyzer_enabled;False;analyzer/unknown;AWS-AI-Security-Framework;AWS AI Security Framework;
aws;Security compliance framework based on the AWS AI Security Framework blog post (2025). Organizes controls across three security layers (Infrastructure, Identity & Data, AI Application), three deployment phases (Foundational, Enhanced, Advanced), and three AI use cases (AI that Answers, AI that Connects, AI that Acts). Maps existing Prowler checks to AI workload security requirements and identifies gaps requiring new checks.;350381001508;ap-south-1;2026-08-01 19:04:21.788096;AISF-DATA-02;Ensure IAM Access Analyzer is enabled to validate access policies and identify unintended access to resources used by AI workloads.;Identity and Data Security;Access Analysis;;accessanalyzer;Automated;FAIL;IAM Access Analyzer in account 350381001508 is not enabled.;arn:aws:accessanalyzer:ap-south-1:350381001508:analyzer/unknown;accessanalyzer_enabled;False;analyzer/unknown;AWS-AI-Security-Framework;AWS AI Security Framework;
aws;Security compliance framework based on the AWS AI Security Framework blog post (2025). Organizes controls across three security layers (Infrastructure, Identity & Data, AI Application), three deployment phases (Foundational, Enhanced, Advanced), and three AI use cases (AI that Answers, AI that Connects, AI that Acts). Maps existing Prowler checks to AI workload security requirements and identifies gaps requiring new checks.;350381001508;ap-southeast-1;2026-08-01 19:04:21.788096;AISF-DATA-02;Ensure IAM Access Analyzer is enabled to validate access policies and identify unintended access to resources used by AI workloads.;Identity and Data Security;Access Analysis;;accessanalyzer;Automated;FAIL;IAM Access Analyzer in account 350381001508 is not enabled.;arn:aws:accessanalyzer:ap-southeast-1:350381001508:analyzer/unknown;accessanalyzer_enabled;False;analyzer/unknown;AWS-AI-Security-Framework;AWS AI Security Framework;
aws;Security compliance framework based on the AWS AI Security Framework blog post (2025). Organizes controls across three security layers (Infrastructure, Identity & Data, AI Application), three deployment phases (Foundational, Enhanced, Advanced), and three AI use cases (AI that Answers, AI that Connects, AI that Acts). Maps existing Prowler checks to AI workload security requirements and identifies gaps requiring new checks.;350381001508;ap-southeast-2;2026-08-01 19:04:21.788096;AISF-DATA-02;Ensure IAM Access Analyzer is enabled to validate access policies and identify unintended access to resources used by AI workloads.;Identity and Data Security;Access Analysis;;accessanalyzer;Automated;FAIL;IAM Access Analyzer in account 350381001508 is not enabled.;arn:aws:accessanalyzer:ap-southeast-2:350381001508:analyzer/unknown;accessanalyzer_enabled;False;analyzer/unknown;AWS-AI-Security-Framework;AWS AI Security Framework;
aws;Security compliance framework based on the AWS AI Security Framework blog post (2025). Organizes controls across three security layers (Infrastructure, Identity & Data, AI Application), three deployment phases (Foundational, Enhanced, Advanced), and three AI use cases (AI that Answers, AI that Connects, AI that Acts). Maps existing Prowler checks to AI workload security requirements and identifies gaps requiring new checks.;350381001508;ca-central-1;2026-08-01 19:04:21.788096;AISF-DATA-02;Ensure IAM Access Analyzer is enabled to validate access policies and identify unintended access to resources used by AI workloads.;Identity and Data Security;Access Analysis;;accessanalyzer;Automated;FAIL;IAM Access Analyzer in account 350381001508 is not enabled.;arn:aws:accessanalyzer:ca-central-1:350381001508:analyzer/unknown;accessanalyzer_enabled;False;analyzer/unknown;AWS-AI-Security-Framework;AWS AI Security Framework;
aws;Security compliance framework based on the AWS AI Security Framework blog post (2025). Organizes controls across three security layers (Infrastructure, Identity & Data, AI Application), three deployment phases (Foundational, Enhanced, Advanced), and three AI use cases (AI that Answers, AI that Connects, AI that Acts). Maps existing Prowler checks to AI workload security requirements and identifies gaps requiring new checks.;350381001508;eu-central-1;2026-08-01 19:04:21.788096;AISF-DATA-02;Ensure IAM Access Analyzer is enabled to validate access policies and identify unintended access to resources used by AI workloads.;Identity and Data Security;Access Analysis;;accessanalyzer;Automated;FAIL;IAM Access Analyzer in account 350381001508 is not enabled.;arn:aws:accessanalyzer:eu-central-1:350381001508:analyzer/unknown;accessanalyzer_enabled;False;analyzer/unknown;AWS-AI-Security-Framework;AWS AI Security Framework;
aws;Security compliance framework based on the AWS AI Security Framework blog post (2025). Organizes controls across three security layers (Infrastructure, Identity & Data, AI Application), three deployment phases (Foundational, Enhanced, Advanced), and three AI use cases (AI that Answers, AI that Connects, AI that Acts). Maps existing Prowler checks to AI workload security requirements and identifies gaps requiring new checks.;350381001508;eu-north-1;2026-08-01 19:04:21.788096;AISF-DATA-02;Ensure IAM Access Analyzer is enabled to validate access policies and identify unintended access to resources used by AI workloads.;Identity and Data Security;Access Analysis;;accessanalyzer;Automated;FAIL;IAM Access Analyzer in account 350381001508 is not enabled.;arn:aws:accessanalyzer:eu-north-1:350381001508:analyzer/unknown;accessanalyzer_enabled;False;analyzer/unknown;AWS-AI-Security-Framework;AWS AI Security Framework;
aws;Security compliance framework based on the AWS AI Security Framework blog post (2025). Organizes controls across three security layers (Infrastructure, Identity & Data, AI Application), three deployment phases (Foundational, Enhanced, Advanced), and three AI use cases (AI that Answers, AI that Connects, AI that Acts). Maps existing Prowler checks to AI workload security requirements and identifies gaps requiring new checks.;350381001508;eu-west-1;2026-08-01 19:04:21.788096;AISF-DATA-02;Ensure IAM Access Analyzer is enabled to validate access policies and identify unintended access to resources used by AI workloads.;Identity and Data Security;Access Analysis;;accessanalyzer;Automated;FAIL;IAM Access Analyzer in account 350381001508 is not enabled.;arn:aws:accessanalyzer:eu-west-1:350381001508:analyzer/unknown;accessanalyzer_enabled;False;analyzer/unknown;AWS-AI-Security-Framework;AWS AI Security Framework;
aws;Security compliance framework based on the AWS AI Security Framework blog post (2025). Organizes controls across three security layers (Infrastructure, Identity & Data, AI Application), three deployment phases (Foundational, Enhanced, Advanced), and three AI use cases (AI that Answers, AI that Connects, AI that Acts). Maps existing Prowler checks to AI workload security requirements and identifies gaps requiring new checks.;350381001508;eu-west-2;2026-08-01 19:04:21.788096;AISF-DATA-02;Ensure IAM Access Analyzer is enabled to validate access policies and identify unintended access to resources used by AI workloads.;Identity and Data Security;Access Analysis;;accessanalyzer;Automated;FAIL;IAM Access Analyzer in account 350381001508 is not enabled.;arn:aws:accessanalyzer:eu-west-2:350381001508:analyzer/unknown;accessanalyzer_enabled;False;analyzer/unknown;AWS-AI-Security-Framework;AWS AI Security Framework;
aws;Security compliance framework based on the AWS AI Security Framework blog post (2025). Organizes controls across three security layers (Infrastructure, Identity & Data, AI Application), three deployment phases (Foundational, Enhanced, Advanced), and three AI use cases (AI that Answers, AI that Connects, AI that Acts). Maps existing Prowler checks to AI workload security requirements and identifies gaps requiring new checks.;350381001508;eu-west-3;2026-08-01 19:04:21.788096;AISF-DATA-02;Ensure IAM Access Analyzer is enabled to validate access policies and identify unintended access to resources used by AI workloads.;Identity and Data Security;Access Analysis;;accessanalyzer;Automated;FAIL;IAM Access Analyzer in account 350381001508 is not enabled.;arn:aws:accessanalyzer:eu-west-3:350381001508:analyzer/unknown;accessanalyzer_enabled;False;analyzer/unknown;AWS-AI-Security-Framework;AWS AI Security Framework;
aws;Security compliance framework based on the AWS AI Security Framework blog post (2025). Organizes controls across three security layers (Infrastructure, Identity & Data, AI Application), three deployment phases (Foundational, Enhanced, Advanced), and three AI use cases (AI that Answers, AI that Connects, AI that Acts). Maps existing Prowler checks to AI workload security requirements and identifies gaps requiring new checks.;350381001508;sa-east-1;2026-08-01 19:04:21.788096;AISF-DATA-02;Ensure IAM Access Analyzer is enabled to validate access policies and identify unintended access to resources used by AI workloads.;Identity and Data Security;Access Analysis;;accessanalyzer;Automated;FAIL;IAM Access Analyzer in account 350381001508 is not enabled.;arn:aws:accessanalyzer:sa-east-1:350381001508:analyzer/unknown;accessanalyzer_enabled;False;analyzer/unknown;AWS-AI-Security-Framework;AWS AI Security Framework;
aws;Security compliance framework based on the AWS AI Security Framework blog post (2025). Organizes controls across three security layers (Infrastructure, Identity & Data, AI Application), three deployment phases (Foundational, Enhanced, Advanced), and three AI use cases (AI that Answers, AI that Connects, AI that Acts). Maps existing Prowler checks to AI workload security requirements and identifies gaps requiring new checks.;350381001508;us-east-1;2026-08-01 19:04:21.788096;AISF-DATA-02;Ensure IAM Access Analyzer is enabled to validate access policies and identify unintended access to resources used by AI workloads.;Identity and Data Security;Access Analysis;;accessanalyzer;Automated;FAIL;IAM Access Analyzer in account 350381001508 is not enabled.;arn:aws:accessanalyzer:us-east-1:350381001508:analyzer/unknown;accessanalyzer_enabled;False;analyzer/unknown;AWS-AI-Security-Framework;AWS AI Security Framework;
aws;Security compliance framework based on the AWS AI Security Framework blog post (2025). Organizes controls across three security layers (Infrastructure, Identity & Data, AI Application), three deployment phases (Foundational, Enhanced, Advanced), and three AI use cases (AI that Answers, AI that Connects, AI that Acts). Maps existing Prowler checks to AI workload security requirements and identifies gaps requiring new checks.;350381001508;us-east-2;2026-08-01 19:04:21.788096;AISF-DATA-02;Ensure IAM Access Analyzer is enabled to validate access policies and identify unintended access to resources used by AI workloads.;Identity and Data Security;Access Analysis;;accessanalyzer;Automated;FAIL;IAM Access Analyzer in account 350381001508 is not enabled.;arn:aws:accessanalyzer:us-east-2:350381001508:analyzer/unknown;accessanalyzer_enabled;False;analyzer/unknown;AWS-AI-Security-Framework;AWS AI Security Framework;
aws;Security compliance framework based on the AWS AI Security Framework blog post (2025). Organizes controls across three security layers (Infrastructure, Identity & Data, AI Application), three deployment phases (Foundational, Enhanced, Advanced), and three AI use cases (AI that Answers, AI that Connects, AI that Acts). Maps existing Prowler checks to AI workload security requirements and identifies gaps requiring new checks.;350381001508;us-west-1;2026-08-01 19:04:21.788096;AISF-DATA-02;Ensure IAM Access Analyzer is enabled to validate access policies and identify unintended access to resources used by AI workloads.;Identity and Data Security;Access Analysis;;accessanalyzer;Automated;FAIL;IAM Access Analyzer in account 350381001508 is not enabled.;arn:aws:accessanalyzer:us-west-1:350381001508:analyzer/unknown;accessanalyzer_enabled;False;analyzer/unknown;AWS-AI-Security-Framework;AWS AI Security Framework;
aws;Security compliance framework based on the AWS AI Security Framework blog post (2025). Organizes controls across three security layers (Infrastructure, Identity & Data, AI Application), three deployment phases (Foundational, Enhanced, Advanced), and three AI use cases (AI that Answers, AI that Connects, AI that Acts). Maps existing Prowler checks to AI workload security requirements and identifies gaps requiring new checks.;350381001508;us-west-2;2026-08-01 19:04:21.788096;AISF-DATA-02;Ensure IAM Access Analyzer is enabled to validate access policies and identify unintended access to resources used by AI workloads.;Identity and Data Security;Access Analysis;;accessanalyzer;Automated;FAIL;IAM Access Analyzer in account 350381001508 is not enabled.;arn:aws:accessanalyzer:us-west-2:350381001508:analyzer/unknown;accessanalyzer_enabled;False;analyzer/unknown;AWS-AI-Security-Framework;AWS AI Security Framework;
aws;Security compliance framework based on the AWS AI Security Framework blog post (2025). Organizes controls across three security layers (Infrastructure, Identity & Data, AI Application), three deployment phases (Foundational, Enhanced, Advanced), and three AI use cases (AI that Answers, AI that Connects, AI that Acts). Maps existing Prowler checks to AI workload security requirements and identifies gaps requiring new checks.;350381001508;us-east-1;2026-08-01 19:04:21.788096;AISF-GOV-03;Ensure security contact information is registered and current for AI workload incident response communication.;Governance and Compliance;Incident Response;;account;Automated;MANUAL;Login to the AWS Console. Choose your account name on the top right of the window -> My Account -> Contact Information.;arn:aws:iam::350381001508:root;account_maintain_current_contact_details;False;350381001508;AWS-AI-Security-Framework;AWS AI Security Framework;
aws;Security compliance framework based on the AWS AI Security Framework blog post (2025). Organizes controls across three security layers (Infrastructure, Identity & Data, AI Application), three deployment phases (Foundational, Enhanced, Advanced), and three AI use cases (AI that Answers, AI that Connects, AI that Acts). Maps existing Prowler checks to AI workload security requirements and identifies gaps requiring new checks.;350381001508;us-east-1;2026-08-01 19:04:21.788096;AISF-GOV-03;Ensure security contact information is registered and current for AI workload incident response communication.;Governance and Compliance;Incident Response;;account;Automated;FAIL;SECURITY, BILLING and OPERATIONS contacts not found or they are not different between each other and between ROOT contact.;arn:aws:iam::350381001508:root;account_maintain_different_contact_details_to_security_billing_and_operations;False;350381001508;AWS-AI-Security-Framework;AWS AI Security Framework;
aws;Security compliance framework based on the AWS AI Security Framework blog post (2025). Organizes controls across three security layers (Infrastructure, Identity & Data, AI Application), three deployment phases (Foundational, Enhanced, Advanced), and three AI use cases (AI that Answers, AI that Connects, AI that Acts). Maps existing Prowler checks to AI workload security requirements and identifies gaps requiring new checks.;350381001508;us-east-1;2026-08-01 19:04:21.788096;AISF-GOV-03;Ensure security contact information is registered and current for AI workload incident response communication.;Governance and Compliance;Incident Response;;account;Automated;MANUAL;Login to the AWS Console. Choose your account name on the top right of the window -> My Account -> Alternate Contacts -> Security Section.;arn:aws:iam::350381001508:root;account_security_contact_information_is_registered;False;350381001508;AWS-AI-Security-Framework;AWS AI Security Framework;
aws;Security compliance framework based on the AWS AI Security Framework blog post (2025). Organizes controls across three security layers (Infrastructure, Identity & Data, AI Application), three deployment phases (Foundational, Enhanced, Advanced), and three AI use cases (AI that Answers, AI that Connects, AI that Acts). Maps existing Prowler checks to AI workload security requirements and identifies gaps requiring new checks.;350381001508;ap-northeast-1;2026-08-01 19:04:21.788096;AISF-AI-01;Ensure Amazon Bedrock has at least one guardrail configured to provide content filtering, prompt injection defense, PII filtering, and topic restrictions for foundation model interactions.;AI Application Security;Content Filtering;;bedrock;Automated;FAIL;Bedrock has no guardrails configured in region ap-northeast-1.;arn:aws:bedrock:ap-northeast-1:350381001508:guardrails;bedrock_guardrails_configured;False;bedrock-guardrails;AWS-AI-Security-Framework;AWS AI Security Framework;
aws;Security compliance framework based on the AWS AI Security Framework blog post (2025). Organizes controls across three security layers (Infrastructure, Identity & Data, AI Application), three deployment phases (Foundational, Enhanced, Advanced), and three AI use cases (AI that Answers, AI that Connects, AI that Acts). Maps existing Prowler checks to AI workload security requirements and identifies gaps requiring new checks.;350381001508;ap-northeast-2;2026-08-01 19:04:21.788096;AISF-AI-01;Ensure Amazon Bedrock has at least one guardrail configured to provide content filtering, prompt injection defense, PII filtering, and topic restrictions for foundation model interactions.;AI Application Security;Content Filtering;;bedrock;Automated;FAIL;Bedrock has no guardrails configured in region ap-northeast-2.;arn:aws:bedrock:ap-northeast-2:350381001508:guardrails;bedrock_guardrails_configured;False;bedrock-guardrails;AWS-AI-Security-Framework;AWS AI Security Framework;
aws;Security compliance framework based on the AWS AI Security Framework blog post (2025). Organizes controls across three security layers (Infrastructure, Identity & Data, AI Application), three deployment phases (Foundational, Enhanced, Advanced), and three AI use cases (AI that Answers, AI that Connects, AI that Acts). Maps existing Prowler checks to AI workload security requirements and identifies gaps requiring new checks.;350381001508;ap-northeast-3;2026-08-01 19:04:21.788096;AISF-AI-01;Ensure Amazon Bedrock has at least one guardrail configured to provide content filtering, prompt injection defense, PII filtering, and topic restrictions for foundation model interactions.;AI Application Security;Content Filtering;;bedrock;Automated;FAIL;Bedrock has no guardrails configured in region ap-northeast-3.;arn:aws:bedrock:ap-northeast-3:350381001508:guardrails;bedrock_guardrails_configured;False;bedrock-guardrails;AWS-AI-Security-Framework;AWS AI Security Framework;
aws;Security compliance framework based on the AWS AI Security Framework blog post (2025). Organizes controls across three security layers (Infrastructure, Identity & Data, AI Application), three deployment phases (Foundational, Enhanced, Advanced), and three AI use cases (AI that Answers, AI that Connects, AI that Acts). Maps existing Prowler checks to AI workload security requirements and identifies gaps requiring new checks.;350381001508;ap-south-1;2026-08-01 19:04:21.788096;AISF-AI-01;Ensure Amazon Bedrock has at least one guardrail configured to provide content filtering, prompt injection defense, PII filtering, and topic restrictions for foundation model interactions.;AI Application Security;Content Filtering;;bedrock;Automated;FAIL;Bedrock has no guardrails configured in region ap-south-1.;arn:aws:bedrock:ap-south-1:350381001508:guardrails;bedrock_guardrails_configured;False;bedrock-guardrails;AWS-AI-Security-Framework;AWS AI Security Framework;
aws;Security compliance framework based on the AWS AI Security Framework blog post (2025). Organizes controls across three security layers (Infrastructure, Identity & Data, AI Application), three deployment phases (Foundational, Enhanced, Advanced), and three AI use cases (AI that Answers, AI that Connects, AI that Acts). Maps existing Prowler checks to AI workload security requirements and identifies gaps requiring new checks.;350381001508;ap-southeast-1;2026-08-01 19:04:21.788096;AISF-AI-01;Ensure Amazon Bedrock has at least one guardrail configured to provide content filtering, prompt injection defense, PII filtering, and topic restrictions for foundation model interactions.;AI Application Security;Content Filtering;;bedrock;Automated;FAIL;Bedrock has no guardrails configured in region ap-southeast-1.;arn:aws:bedrock:ap-southeast-1:350381001508:guardrails;bedrock_guardrails_configured;False;bedrock-guardrails;AWS-AI-Security-Framework;AWS AI Security Framework;
aws;Security compliance framework based on the AWS AI Security Framework blog post (2025). Organizes controls across three security layers (Infrastructure, Identity & Data, AI Application), three deployment phases (Foundational, Enhanced, Advanced), and three AI use cases (AI that Answers, AI that Connects, AI that Acts). Maps existing Prowler checks to AI workload security requirements and identifies gaps requiring new checks.;350381001508;ap-southeast-2;2026-08-01 19:04:21.788096;AISF-AI-01;Ensure Amazon Bedrock has at least one guardrail configured to provide content filtering, prompt injection defense, PII filtering, and topic restrictions for foundation model interactions.;AI Application Security;Content Filtering;;bedrock;Automated;FAIL;Bedrock has no guardrails configured in region ap-southeast-2.;arn:aws:bedrock:ap-southeast-2:350381001508:guardrails;bedrock_guardrails_configured;False;bedrock-guardrails;AWS-AI-Security-Framework;AWS AI Security Framework;
aws;Security compliance framework based on the AWS AI Security Framework blog post (2025). Organizes controls across three security layers (Infrastructure, Identity & Data, AI Application), three deployment phases (Foundational, Enhanced, Advanced), and three AI use cases (AI that Answers, AI that Connects, AI that Acts). Maps existing Prowler checks to AI workload security requirements and identifies gaps requiring new checks.;350381001508;ca-central-1;2026-08-01 19:04:21.788096;AISF-AI-01;Ensure Amazon Bedrock has at least one guardrail configured to provide content filtering, prompt injection defense, PII filtering, and topic restrictions for foundation model interactions.;AI Application Security;Content Filtering;;bedrock;Automated;FAIL;Bedrock has no guardrails configured in region ca-central-1.;arn:aws:bedrock:ca-central-1:350381001508:guardrails;bedrock_guardrails_configured;False;bedrock-guardrails;AWS-AI-Security-Framework;AWS AI Security Framework;
aws;Security compliance framework based on the AWS AI Security Framework blog post (2025). Organizes controls across three security layers (Infrastructure, Identity & Data, AI Application), three deployment phases (Foundational, Enhanced, Advanced), and three AI use cases (AI that Answers, AI that Connects, AI that Acts). Maps existing Prowler checks to AI workload security requirements and identifies gaps requiring new checks.;350381001508;eu-central-1;2026-08-01 19:04:21.788096;AISF-AI-01;Ensure Amazon Bedrock has at least one guardrail configured to provide content filtering, prompt injection defense, PII filtering, and topic restrictions for foundation model interactions.;AI Application Security;Content Filtering;;bedrock;Automated;FAIL;Bedrock has no guardrails configured in region eu-central-1.;arn:aws:bedrock:eu-central-1:350381001508:guardrails;bedrock_guardrails_configured;False;bedrock-guardrails;AWS-AI-Security-Framework;AWS AI Security Framework;
aws;Security compliance framework based on the AWS AI Security Framework blog post (2025). Organizes controls across three security layers (Infrastructure, Identity & Data, AI Application), three deployment phases (Foundational, Enhanced, Advanced), and three AI use cases (AI that Answers, AI that Connects, AI that Acts). Maps existing Prowler checks to AI workload security requirements and identifies gaps requiring new checks.;350381001508;eu-north-1;2026-08-01 19:04:21.788096;AISF-AI-01;Ensure Amazon Bedrock has at least one guardrail configured to provide content filtering, prompt injection defense, PII filtering, and topic restrictions for foundation model interactions.;AI Application Security;Content Filtering;;bedrock;Automated;FAIL;Bedrock has no guardrails configured in region eu-north-1.;arn:aws:bedrock:eu-north-1:350381001508:guardrails;bedrock_guardrails_configured;False;bedrock-guardrails;AWS-AI-Security-Framework;AWS AI Security Framework;
aws;Security compliance framework based on the AWS AI Security Framework blog post (2025). Organizes controls across three security layers (Infrastructure, Identity & Data, AI Application), three deployment phases (Foundational, Enhanced, Advanced), and three AI use cases (AI that Answers, AI that Connects, AI that Acts). Maps existing Prowler checks to AI workload security requirements and identifies gaps requiring new checks.;350381001508;eu-west-1;2026-08-01 19:04:21.788096;AISF-AI-01;Ensure Amazon Bedrock has at least one guardrail configured to provide content filtering, prompt injection defense, PII filtering, and topic restrictions for foundation model interactions.;AI Application Security;Content Filtering;;bedrock;Automated;FAIL;Bedrock has no guardrails configured in region eu-west-1.;arn:aws:bedrock:eu-west-1:350381001508:guardrails;bedrock_guardrails_configured;False;bedrock-guardrails;AWS-AI-Security-Framework;AWS AI Security Framework;
aws;Security compliance framework based on the AWS AI Security Framework blog post (2025). Organizes controls across three security layers (Infrastructure, Identity & Data, AI Application), three deployment phases (Foundational, Enhanced, Advanced), and three AI use cases (AI that Answers, AI that Connects, AI that Acts). Maps existing Prowler checks to AI workload security requirements and identifies gaps requiring new checks.;350381001508;eu-west-2;2026-08-01 19:04:21.788096;AISF-AI-01;Ensure Amazon Bedrock has at least one guardrail configured to provide content filtering, prompt injection defense, PII filtering, and topic restrictions for foundation model interactions.;AI Application Security;Content Filtering;;bedrock;Automated;FAIL;Bedrock has no guardrails configured in region eu-west-2.;arn:aws:bedrock:eu-west-2:350381001508:guardrails;bedrock_guardrails_configured;False;bedrock-guardrails;AWS-AI-Security-Framework;AWS AI Security Framework;
aws;Security compliance framework based on the AWS AI Security Framework blog post (2025). Organizes controls across three security layers (Infrastructure, Identity & Data, AI Application), three deployment phases (Foundational, Enhanced, Advanced), and three AI use cases (AI that Answers, AI that Connects, AI that Acts). Maps existing Prowler checks to AI workload security requirements and identifies gaps requiring new checks.;350381001508;eu-west-3;2026-08-01 19:04:21.788096;AISF-AI-01;Ensure Amazon Bedrock has at least one guardrail configured to provide content filtering, prompt injection defense, PII filtering, and topic restrictions for foundation model interactions.;AI Application Security;Content Filtering;;bedrock;Automated;FAIL;Bedrock has no guardrails configured in region eu-west-3.;arn:aws:bedrock:eu-west-3:350381001508:guardrails;bedrock_guardrails_configured;False;bedrock-guardrails;AWS-AI-Security-Framework;AWS AI Security Framework;
aws;Security compliance framework based on the AWS AI Security Framework blog post (2025). Organizes controls across three security layers (Infrastructure, Identity & Data, AI Application), three deployment phases (Foundational, Enhanced, Advanced), and three AI use cases (AI that Answers, AI that Connects, AI that Acts). Maps existing Prowler checks to AI workload security requirements and identifies gaps requiring new checks.;350381001508;sa-east-1;2026-08-01 19:04:21.788096;AISF-AI-01;Ensure Amazon Bedrock has at least one guardrail configured to provide content filtering, prompt injection defense, PII filtering, and topic restrictions for foundation model interactions.;AI Application Security;Content Filtering;;bedrock;Automated;FAIL;Bedrock has no guardrails configured in region sa-east-1.;arn:aws:bedrock:sa-east-1:350381001508:guardrails;bedrock_guardrails_configured;False;bedrock-guardrails;AWS-AI-Security-Framework;AWS AI Security Framework;
aws;Security compliance framework based on the AWS AI Security Framework blog post (2025). Organizes controls across three security layers (Infrastructure, Identity & Data, AI Application), three deployment phases (Foundational, Enhanced, Advanced), and three AI use cases (AI that Answers, AI that Connects, AI that Acts). Maps existing Prowler checks to AI workload security requirements and identifies gaps requiring new checks.;350381001508;us-east-1;2026-08-01 19:04:21.788096;AISF-AI-01;Ensure Amazon Bedrock has at least one guardrail configured to provide content filtering, prompt injection defense, PII filtering, and topic restrictions for foundation model interactions.;AI Application Security;Content Filtering;;bedrock;Automated;FAIL;Bedrock has no guardrails configured in region us-east-1.;arn:aws:bedrock:us-east-1:350381001508:guardrails;bedrock_guardrails_configured;False;bedrock-guardrails;AWS-AI-Security-Framework;AWS AI Security Framework;
aws;Security compliance framework based on the AWS AI Security Framework blog post (2025). Organizes controls across three security layers (Infrastructure, Identity & Data, AI Application), three deployment phases (Foundational, Enhanced, Advanced), and three AI use cases (AI that Answers, AI that Connects, AI that Acts). Maps existing Prowler checks to AI workload security requirements and identifies gaps requiring new checks.;350381001508;us-east-2;2026-08-01 19:04:21.788096;AISF-AI-01;Ensure Amazon Bedrock has at least one guardrail configured to provide content filtering, prompt injection defense, PII filtering, and topic restrictions for foundation model interactions.;AI Application Security;Content Filtering;;bedrock;Automated;FAIL;Bedrock has no guardrails configured in region us-east-2.;arn:aws:bedrock:us-east-2:350381001508:guardrails;bedrock_guardrails_configured;False;bedrock-guardrails;AWS-AI-Security-Framework;AWS AI Security Framework;
aws;Security compliance framework based on the AWS AI Security Framework blog post (2025). Organizes controls across three security layers (Infrastructure, Identity & Data, AI Application), three deployment phases (Foundational, Enhanced, Advanced), and three AI use cases (AI that Answers, AI that Connects, AI that Acts). Maps existing Prowler checks to AI workload security requirements and identifies gaps requiring new checks.;350381001508;us-west-1;2026-08-01 19:04:21.788096;AISF-AI-01;Ensure Amazon Bedrock has at least one guardrail configured to provide content filtering, prompt injection defense, PII filtering, and topic restrictions for foundation model interactions.;AI Application Security;Content Filtering;;bedrock;Automated;FAIL;Bedrock has no guardrails configured in region us-west-1.;arn:aws:bedrock:us-west-1:350381001508:guardrails;bedrock_guardrails_configured;False;bedrock-guardrails;AWS-AI-Security-Framework;AWS AI Security Framework;
aws;Security compliance framework based on the AWS AI Security Framework blog post (2025). Organizes controls across three security layers (Infrastructure, Identity & Data, AI Application), three deployment phases (Foundational, Enhanced, Advanced), and three AI use cases (AI that Answers, AI that Connects, AI that Acts). Maps existing Prowler checks to AI workload security requirements and identifies gaps requiring new checks.;350381001508;us-west-2;2026-08-01 19:04:21.788096;AISF-AI-01;Ensure Amazon Bedrock has at least one guardrail configured to provide content filtering, prompt injection defense, PII filtering, and topic restrictions for foundation model interactions.;AI Application Security;Content Filtering;;bedrock;Automated;FAIL;Bedrock has no guardrails configured in region us-west-2.;arn:aws:bedrock:us-west-2:350381001508:guardrails;bedrock_guardrails_configured;False;bedrock-guardrails;AWS-AI-Security-Framework;AWS AI Security Framework;
aws;Security compliance framework based on the AWS AI Security Framework blog post (2025). Organizes controls across three security layers (Infrastructure, Identity & Data, AI Application), three deployment phases (Foundational, Enhanced, Advanced), and three AI use cases (AI that Answers, AI that Connects, AI that Acts). Maps existing Prowler checks to AI workload security requirements and identifies gaps requiring new checks.;350381001508;ap-northeast-1;2026-08-01 19:04:21.788096;AISF-AI-05;Ensure Bedrock model invocation logging is enabled to maintain an immutable audit trail of all model interactions, enabling incident investigation and behavioral analysis.;AI Application Security;AI Audit Logging;;bedrock;Automated;FAIL;Bedrock Model Invocation Logging is disabled.;arn:aws:bedrock:ap-northeast-1:350381001508:model-invocation-logging;bedrock_model_invocation_logging_enabled;False;model-invocation-logging;AWS-AI-Security-Framework;AWS AI Security Framework;
aws;Security compliance framework based on the AWS AI Security Framework blog post (2025). Organizes controls across three security layers (Infrastructure, Identity & Data, AI Application), three deployment phases (Foundational, Enhanced, Advanced), and three AI use cases (AI that Answers, AI that Connects, AI that Acts). Maps existing Prowler checks to AI workload security requirements and identifies gaps requiring new checks.;350381001508;ap-northeast-2;2026-08-01 19:04:21.788096;AISF-AI-05;Ensure Bedrock model invocation logging is enabled to maintain an immutable audit trail of all model interactions, enabling incident investigation and behavioral analysis.;AI Application Security;AI Audit Logging;;bedrock;Automated;FAIL;Bedrock Model Invocation Logging is disabled.;arn:aws:bedrock:ap-northeast-2:350381001508:model-invocation-logging;bedrock_model_invocation_logging_enabled;False;model-invocation-logging;AWS-AI-Security-Framework;AWS AI Security Framework;
aws;Security compliance framework based on the AWS AI Security Framework blog post (2025). Organizes controls across three security layers (Infrastructure, Identity & Data, AI Application), three deployment phases (Foundational, Enhanced, Advanced), and three AI use cases (AI that Answers, AI that Connects, AI that Acts). Maps existing Prowler checks to AI workload security requirements and identifies gaps requiring new checks.;350381001508;ap-northeast-3;2026-08-01 19:04:21.788096;AISF-AI-05;Ensure Bedrock model invocation logging is enabled to maintain an immutable audit trail of all model interactions, enabling incident investigation and behavioral analysis.;AI Application Security;AI Audit Logging;;bedrock;Automated;FAIL;Bedrock Model Invocation Logging is disabled.;arn:aws:bedrock:ap-northeast-3:350381001508:model-invocation-logging;bedrock_model_invocation_logging_enabled;False;model-invocation-logging;AWS-AI-Security-Framework;AWS AI Security Framework;
aws;Security compliance framework based on the AWS AI Security Framework blog post (2025). Organizes controls across three security layers (Infrastructure, Identity & Data, AI Application), three deployment phases (Foundational, Enhanced, Advanced), and three AI use cases (AI that Answers, AI that Connects, AI that Acts). Maps existing Prowler checks to AI workload security requirements and identifies gaps requiring new checks.;350381001508;ap-south-1;2026-08-01 19:04:21.788096;AISF-AI-05;Ensure Bedrock model invocation logging is enabled to maintain an immutable audit trail of all model interactions, enabling incident investigation and behavioral analysis.;AI Application Security;AI Audit Logging;;bedrock;Automated;FAIL;Bedrock Model Invocation Logging is disabled.;arn:aws:bedrock:ap-south-1:350381001508:model-invocation-logging;bedrock_model_invocation_logging_enabled;False;model-invocation-logging;AWS-AI-Security-Framework;AWS AI Security Framework;
aws;Security compliance framework based on the AWS AI Security Framework blog post (2025). Organizes controls across three security layers (Infrastructure, Identity & Data, AI Application), three deployment phases (Foundational, Enhanced, Advanced), and three AI use cases (AI that Answers, AI that Connects, AI that Acts). Maps existing Prowler checks to AI workload security requirements and identifies gaps requiring new checks.;350381001508;ap-southeast-1;2026-08-01 19:04:21.788096;AISF-AI-05;Ensure Bedrock model invocation logging is enabled to maintain an immutable audit trail of all model interactions, enabling incident investigation and behavioral analysis.;AI Application Security;AI Audit Logging;;bedrock;Automated;FAIL;Bedrock Model Invocation Logging is disabled.;arn:aws:bedrock:ap-southeast-1:350381001508:model-invocation-logging;bedrock_model_invocation_logging_enabled;False;model-invocation-logging;AWS-AI-Security-Framework;AWS AI Security Framework;
aws;Security compliance framework based on the AWS AI Security Framework blog post (2025). Organizes controls across three security layers (Infrastructure, Identity & Data, AI Application), three deployment phases (Foundational, Enhanced, Advanced), and three AI use cases (AI that Answers, AI that Connects, AI that Acts). Maps existing Prowler checks to AI workload security requirements and identifies gaps requiring new checks.;350381001508;ap-southeast-2;2026-08-01 19:04:21.788096;AISF-AI-05;Ensure Bedrock model invocation logging is enabled to maintain an immutable audit trail of all model interactions, enabling incident investigation and behavioral analysis.;AI Application Security;AI Audit Logging;;bedrock;Automated;FAIL;Bedrock Model Invocation Logging is disabled.;arn:aws:bedrock:ap-southeast-2:350381001508:model-invocation-logging;bedrock_model_invocation_logging_enabled;False;model-invocation-logging;AWS-AI-Security-Framework;AWS AI Security Framework;
aws;Security compliance framework based on the AWS AI Security Framework blog post (2025). Organizes controls across three security layers (Infrastructure, Identity & Data, AI Application), three deployment phases (Foundational, Enhanced, Advanced), and three AI use cases (AI that Answers, AI that Connects, AI that Acts). Maps existing Prowler checks to AI workload security requirements and identifies gaps requiring new checks.;350381001508;ca-central-1;2026-08-01 19:04:21.788096;AISF-AI-05;Ensure Bedrock model invocation logging is enabled to maintain an immutable audit trail of all model interactions, enabling incident investigation and behavioral analysis.;AI Application Security;AI Audit Logging;;bedrock;Automated;FAIL;Bedrock Model Invocation Logging is disabled.;arn:aws:bedrock:ca-central-1:350381001508:model-invocation-logging;bedrock_model_invocation_logging_enabled;False;model-invocation-logging;AWS-AI-Security-Framework;AWS AI Security Framework;
aws;Security compliance framework based on the AWS AI Security Framework blog post (2025). Organizes controls across three security layers (Infrastructure, Identity & Data, AI Application), three deployment phases (Foundational, Enhanced, Advanced), and three AI use cases (AI that Answers, AI that Connects, AI that Acts). Maps existing Prowler checks to AI workload security requirements and identifies gaps requiring new checks.;350381001508;eu-central-1;2026-08-01 19:04:21.788096;AISF-AI-05;Ensure Bedrock model invocation logging is enabled to maintain an immutable audit trail of all model interactions, enabling incident investigation and behavioral analysis.;AI Application Security;AI Audit Logging;;bedrock;Automated;FAIL;Bedrock Model Invocation Logging is disabled.;arn:aws:bedrock:eu-central-1:350381001508:model-invocation-logging;bedrock_model_invocation_logging_enabled;False;model-invocation-logging;AWS-AI-Security-Framework;AWS AI Security Framework;
aws;Security compliance framework based on the AWS AI Security Framework blog post (2025). Organizes controls across three security layers (Infrastructure, Identity & Data, AI Application), three deployment phases (Foundational, Enhanced, Advanced), and three AI use cases (AI that Answers, AI that Connects, AI that Acts). Maps existing Prowler checks to AI workload security requirements and identifies gaps requiring new checks.;350381001508;eu-north-1;2026-08-01 19:04:21.788096;AISF-AI-05;Ensure Bedrock model invocation logging is enabled to maintain an immutable audit trail of all model interactions, enabling incident investigation and behavioral analysis.;AI Application Security;AI Audit Logging;;bedrock;Automated;FAIL;Bedrock Model Invocation Logging is disabled.;arn:aws:bedrock:eu-north-1:350381001508:model-invocation-logging;bedrock_model_invocation_logging_enabled;False;model-invocation-logging;AWS-AI-Security-Framework;AWS AI Security Framework;
aws;Security compliance framework based on the AWS AI Security Framework blog post (2025). Organizes controls across three security layers (Infrastructure, Identity & Data, AI Application), three deployment phases (Foundational, Enhanced, Advanced), and three AI use cases (AI that Answers, AI that Connects, AI that Acts). Maps existing Prowler checks to AI workload security requirements and identifies gaps requiring new checks.;350381001508;eu-west-1;2026-08-01 19:04:21.788096;AISF-AI-05;Ensure Bedrock model invocation logging is enabled to maintain an immutable audit trail of all model interactions, enabling incident investigation and behavioral analysis.;AI Application Security;AI Audit Logging;;bedrock;Automated;FAIL;Bedrock Model Invocation Logging is disabled.;arn:aws:bedrock:eu-west-1:350381001508:model-invocation-logging;bedrock_model_invocation_logging_enabled;False;model-invocation-logging;AWS-AI-Security-Framework;AWS AI Security Framework;
aws;Security compliance framework based on the AWS AI Security Framework blog post (2025). Organizes controls across three security layers (Infrastructure, Identity & Data, AI Application), three deployment phases (Foundational, Enhanced, Advanced), and three AI use cases (AI that Answers, AI that Connects, AI that Acts). Maps existing Prowler checks to AI workload security requirements and identifies gaps requiring new checks.;350381001508;eu-west-2;2026-08-01 19:04:21.788096;AISF-AI-05;Ensure Bedrock model invocation logging is enabled to maintain an immutable audit trail of all model interactions, enabling incident investigation and behavioral analysis.;AI Application Security;AI Audit Logging;;bedrock;Automated;FAIL;Bedrock Model Invocation Logging is disabled.;arn:aws:bedrock:eu-west-2:350381001508:model-invocation-logging;bedrock_model_invocation_logging_enabled;False;model-invocation-logging;AWS-AI-Security-Framework;AWS AI Security Framework;
aws;Security compliance framework based on the AWS AI Security Framework blog post (2025). Organizes controls across three security layers (Infrastructure, Identity & Data, AI Application), three deployment phases (Foundational, Enhanced, Advanced), and three AI use cases (AI that Answers, AI that Connects, AI that Acts). Maps existing Prowler checks to AI workload security requirements and identifies gaps requiring new checks.;350381001508;eu-west-3;2026-08-01 19:04:21.788096;AISF-AI-05;Ensure Bedrock model invocation logging is enabled to maintain an immutable audit trail of all model interactions, enabling incident investigation and behavioral analysis.;AI Application Security;AI Audit Logging;;bedrock;Automated;FAIL;Bedrock Model Invocation Logging is disabled.;arn:aws:bedrock:eu-west-3:350381001508:model-invocation-logging;bedrock_model_invocation_logging_enabled;False;model-invocation-logging;AWS-AI-Security-Framework;AWS AI Security Framework;
aws;Security compliance framework based on the AWS AI Security Framework blog post (2025). Organizes controls across three security layers (Infrastructure, Identity & Data, AI Application), three deployment phases (Foundational, Enhanced, Advanced), and three AI use cases (AI that Answers, AI that Connects, AI that Acts). Maps existing Prowler checks to AI workload security requirements and identifies gaps requiring new checks.;350381001508;sa-east-1;2026-08-01 19:04:21.788096;AISF-AI-05;Ensure Bedrock model invocation logging is enabled to maintain an immutable audit trail of all model interactions, enabling incident investigation and behavioral analysis.;AI Application Security;AI Audit Logging;;bedrock;Automated;FAIL;Bedrock Model Invocation Logging is disabled.;arn:aws:bedrock:sa-east-1:350381001508:model-invocation-logging;bedrock_model_invocation_logging_enabled;False;model-invocation-logging;AWS-AI-Security-Framework;AWS AI Security Framework;
aws;Security compliance framework based on the AWS AI Security Framework blog post (2025). Organizes controls across three security layers (Infrastructure, Identity & Data, AI Application), three deployment phases (Foundational, Enhanced, Advanced), and three AI use cases (AI that Answers, AI that Connects, AI that Acts). Maps existing Prowler checks to AI workload security requirements and identifies gaps requiring new checks.;350381001508;us-east-1;2026-08-01 19:04:21.788096;AISF-AI-05;Ensure Bedrock model invocation logging is enabled to maintain an immutable audit trail of all model interactions, enabling incident investigation and behavioral analysis.;AI Application Security;AI Audit Logging;;bedrock;Automated;FAIL;Bedrock Model Invocation Logging is disabled.;arn:aws:bedrock:us-east-1:350381001508:model-invocation-logging;bedrock_model_invocation_logging_enabled;False;model-invocation-logging;AWS-AI-Security-Framework;AWS AI Security Framework;
aws;Security compliance framework based on the AWS AI Security Framework blog post (2025). Organizes controls across three security layers (Infrastructure, Identity & Data, AI Application), three deployment phases (Foundational, Enhanced, Advanced), and three AI use cases (AI that Answers, AI that Connects, AI that Acts). Maps existing Prowler checks to AI workload security requirements and identifies gaps requiring new checks.;350381001508;us-east-2;2026-08-01 19:04:21.788096;AISF-AI-05;Ensure Bedrock model invocation logging is enabled to maintain an immutable audit trail of all model interactions, enabling incident investigation and behavioral analysis.;AI Application Security;AI Audit Logging;;bedrock;Automated;FAIL;Bedrock Model Invocation Logging is disabled.;arn:aws:bedrock:us-east-2:350381001508:model-invocation-logging;bedrock_model_invocation_logging_enabled;False;model-invocation-logging;AWS-AI-Security-Framework;AWS AI Security Framework;
aws;Security compliance framework based on the AWS AI Security Framework blog post (2025). Organizes controls across three security layers (Infrastructure, Identity & Data, AI Application), three deployment phases (Foundational, Enhanced, Advanced), and three AI use cases (AI that Answers, AI that Connects, AI that Acts). Maps existing Prowler checks to AI workload security requirements and identifies gaps requiring new checks.;350381001508;us-west-1;2026-08-01 19:04:21.788096;AISF-AI-05;Ensure Bedrock model invocation logging is enabled to maintain an immutable audit trail of all model interactions, enabling incident investigation and behavioral analysis.;AI Application Security;AI Audit Logging;;bedrock;Automated;FAIL;Bedrock Model Invocation Logging is disabled.;arn:aws:bedrock:us-west-1:350381001508:model-invocation-logging;bedrock_model_invocation_logging_enabled;False;model-invocation-logging;AWS-AI-Security-Framework;AWS AI Security Framework;
aws;Security compliance framework based on the AWS AI Security Framework blog post (2025). Organizes controls across three security layers (Infrastructure, Identity & Data, AI Application), three deployment phases (Foundational, Enhanced, Advanced), and three AI use cases (AI that Answers, AI that Connects, AI that Acts). Maps existing Prowler checks to AI workload security requirements and identifies gaps requiring new checks.;350381001508;us-west-2;2026-08-01 19:04:21.788096;AISF-AI-05;Ensure Bedrock model invocation logging is enabled to maintain an immutable audit trail of all model interactions, enabling incident investigation and behavioral analysis.;AI Application Security;AI Audit Logging;;bedrock;Automated;FAIL;Bedrock Model Invocation Logging is disabled.;arn:aws:bedrock:us-west-2:350381001508:model-invocation-logging;bedrock_model_invocation_logging_enabled;False;model-invocation-logging;AWS-AI-Security-Framework;AWS AI Security Framework;
aws;Security compliance framework based on the AWS AI Security Framework blog post (2025). Organizes controls across three security layers (Infrastructure, Identity & Data, AI Application), three deployment phases (Foundational, Enhanced, Advanced), and three AI use cases (AI that Answers, AI that Connects, AI that Acts). Maps existing Prowler checks to AI workload security requirements and identifies gaps requiring new checks.;350381001508;ap-northeast-1;2026-08-01 19:04:21.788096;AISF-AI-07;Ensure Bedrock prompts are encrypted at rest with customer-managed KMS keys and Prompt Management is used for centralized prompt governance.;AI Application Security;Prompt Management;;bedrock;Automated;FAIL;No Bedrock Prompt Management prompts exist in region ap-northeast-1.;arn:aws:bedrock:ap-northeast-1:350381001508:prompt-management;bedrock_prompt_management_exists;False;prompt-management;AWS-AI-Security-Framework;AWS AI Security Framework;
aws;Security compliance framework based on the AWS AI Security Framework blog post (2025). Organizes controls across three security layers (Infrastructure, Identity & Data, AI Application), three deployment phases (Foundational, Enhanced, Advanced), and three AI use cases (AI that Answers, AI that Connects, AI that Acts). Maps existing Prowler checks to AI workload security requirements and identifies gaps requiring new checks.;350381001508;ap-northeast-2;2026-08-01 19:04:21.788096;AISF-AI-07;Ensure Bedrock prompts are encrypted at rest with customer-managed KMS keys and Prompt Management is used for centralized prompt governance.;AI Application Security;Prompt Management;;bedrock;Automated;FAIL;No Bedrock Prompt Management prompts exist in region ap-northeast-2.;arn:aws:bedrock:ap-northeast-2:350381001508:prompt-management;bedrock_prompt_management_exists;False;prompt-management;AWS-AI-Security-Framework;AWS AI Security Framework;
aws;Security compliance framework based on the AWS AI Security Framework blog post (2025). Organizes controls across three security layers (Infrastructure, Identity & Data, AI Application), three deployment phases (Foundational, Enhanced, Advanced), and three AI use cases (AI that Answers, AI that Connects, AI that Acts). Maps existing Prowler checks to AI workload security requirements and identifies gaps requiring new checks.;350381001508;ap-south-1;2026-08-01 19:04:21.788096;AISF-AI-07;Ensure Bedrock prompts are encrypted at rest with customer-managed KMS keys and Prompt Management is used for centralized prompt governance.;AI Application Security;Prompt Management;;bedrock;Automated;FAIL;No Bedrock Prompt Management prompts exist in region ap-south-1.;arn:aws:bedrock:ap-south-1:350381001508:prompt-management;bedrock_prompt_management_exists;False;prompt-management;AWS-AI-Security-Framework;AWS AI Security Framework;
aws;Security compliance framework based on the AWS AI Security Framework blog post (2025). Organizes controls across three security layers (Infrastructure, Identity & Data, AI Application), three deployment phases (Foundational, Enhanced, Advanced), and three AI use cases (AI that Answers, AI that Connects, AI that Acts). Maps existing Prowler checks to AI workload security requirements and identifies gaps requiring new checks.;350381001508;ap-southeast-1;2026-08-01 19:04:21.788096;AISF-AI-07;Ensure Bedrock prompts are encrypted at rest with customer-managed KMS keys and Prompt Management is used for centralized prompt governance.;AI Application Security;Prompt Management;;bedrock;Automated;FAIL;No Bedrock Prompt Management prompts exist in region ap-southeast-1.;arn:aws:bedrock:ap-southeast-1:350381001508:prompt-management;bedrock_prompt_management_exists;False;prompt-management;AWS-AI-Security-Framework;AWS AI Security Framework;
aws;Security compliance framework based on the AWS AI Security Framework blog post (2025). Organizes controls across three security layers (Infrastructure, Identity & Data, AI Application), three deployment phases (Foundational, Enhanced, Advanced), and three AI use cases (AI that Answers, AI that Connects, AI that Acts). Maps existing Prowler checks to AI workload security requirements and identifies gaps requiring new checks.;350381001508;ap-southeast-2;2026-08-01 19:04:21.788096;AISF-AI-07;Ensure Bedrock prompts are encrypted at rest with customer-managed KMS keys and Prompt Management is used for centralized prompt governance.;AI Application Security;Prompt Management;;bedrock;Automated;FAIL;No Bedrock Prompt Management prompts exist in region ap-southeast-2.;arn:aws:bedrock:ap-southeast-2:350381001508:prompt-management;bedrock_prompt_management_exists;False;prompt-management;AWS-AI-Security-Framework;AWS AI Security Framework;
aws;Security compliance framework based on the AWS AI Security Framework blog post (2025). Organizes controls across three security layers (Infrastructure, Identity & Data, AI Application), three deployment phases (Foundational, Enhanced, Advanced), and three AI use cases (AI that Answers, AI that Connects, AI that Acts). Maps existing Prowler checks to AI workload security requirements and identifies gaps requiring new checks.;350381001508;ca-central-1;2026-08-01 19:04:21.788096;AISF-AI-07;Ensure Bedrock prompts are encrypted at rest with customer-managed KMS keys and Prompt Management is used for centralized prompt governance.;AI Application Security;Prompt Management;;bedrock;Automated;FAIL;No Bedrock Prompt Management prompts exist in region ca-central-1.;arn:aws:bedrock:ca-central-1:350381001508:prompt-management;bedrock_prompt_management_exists;False;prompt-management;AWS-AI-Security-Framework;AWS AI Security Framework;
aws;Security compliance framework based on the AWS AI Security Framework blog post (2025). Organizes controls across three security layers (Infrastructure, Identity & Data, AI Application), three deployment phases (Foundational, Enhanced, Advanced), and three AI use cases (AI that Answers, AI that Connects, AI that Acts). Maps existing Prowler checks to AI workload security requirements and identifies gaps requiring new checks.;350381001508;eu-central-1;2026-08-01 19:04:21.788096;AISF-AI-07;Ensure Bedrock prompts are encrypted at rest with customer-managed KMS keys and Prompt Management is used for centralized prompt governance.;AI Application Security;Prompt Management;;bedrock;Automated;FAIL;No Bedrock Prompt Management prompts exist in region eu-central-1.;arn:aws:bedrock:eu-central-1:350381001508:prompt-management;bedrock_prompt_management_exists;False;prompt-management;AWS-AI-Security-Framework;AWS AI Security Framework;
aws;Security compliance framework based on the AWS AI Security Framework blog post (2025). Organizes controls across three security layers (Infrastructure, Identity & Data, AI Application), three deployment phases (Foundational, Enhanced, Advanced), and three AI use cases (AI that Answers, AI that Connects, AI that Acts). Maps existing Prowler checks to AI workload security requirements and identifies gaps requiring new checks.;350381001508;eu-west-1;2026-08-01 19:04:21.788096;AISF-AI-07;Ensure Bedrock prompts are encrypted at rest with customer-managed KMS keys and Prompt Management is used for centralized prompt governance.;AI Application Security;Prompt Management;;bedrock;Automated;FAIL;No Bedrock Prompt Management prompts exist in region eu-west-1.;arn:aws:bedrock:eu-west-1:350381001508:prompt-management;bedrock_prompt_management_exists;False;prompt-management;AWS-AI-Security-Framework;AWS AI Security Framework;
aws;Security compliance framework based on the AWS AI Security Framework blog post (2025). Organizes controls across three security layers (Infrastructure, Identity & Data, AI Application), three deployment phases (Foundational, Enhanced, Advanced), and three AI use cases (AI that Answers, AI that Connects, AI that Acts). Maps existing Prowler checks to AI workload security requirements and identifies gaps requiring new checks.;350381001508;eu-west-2;2026-08-01 19:04:21.788096;AISF-AI-07;Ensure Bedrock prompts are encrypted at rest with customer-managed KMS keys and Prompt Management is used for centralized prompt governance.;AI Application Security;Prompt Management;;bedrock;Automated;FAIL;No Bedrock Prompt Management prompts exist in region eu-west-2.;arn:aws:bedrock:eu-west-2:350381001508:prompt-management;bedrock_prompt_management_exists;False;prompt-management;AWS-AI-Security-Framework;AWS AI Security Framework;
aws;Security compliance framework based on the AWS AI Security Framework blog post (2025). Organizes controls across three security layers (Infrastructure, Identity & Data, AI Application), three deployment phases (Foundational, Enhanced, Advanced), and three AI use cases (AI that Answers, AI that Connects, AI that Acts). Maps existing Prowler checks to AI workload security requirements and identifies gaps requiring new checks.;350381001508;eu-west-3;2026-08-01 19:04:21.788096;AISF-AI-07;Ensure Bedrock prompts are encrypted at rest with customer-managed KMS keys and Prompt Management is used for centralized prompt governance.;AI Application Security;Prompt Management;;bedrock;Automated;FAIL;No Bedrock Prompt Management prompts exist in region eu-west-3.;arn:aws:bedrock:eu-west-3:350381001508:prompt-management;bedrock_prompt_management_exists;False;prompt-management;AWS-AI-Security-Framework;AWS AI Security Framework;
aws;Security compliance framework based on the AWS AI Security Framework blog post (2025). Organizes controls across three security layers (Infrastructure, Identity & Data, AI Application), three deployment phases (Foundational, Enhanced, Advanced), and three AI use cases (AI that Answers, AI that Connects, AI that Acts). Maps existing Prowler checks to AI workload security requirements and identifies gaps requiring new checks.;350381001508;sa-east-1;2026-08-01 19:04:21.788096;AISF-AI-07;Ensure Bedrock prompts are encrypted at rest with customer-managed KMS keys and Prompt Management is used for centralized prompt governance.;AI Application Security;Prompt Management;;bedrock;Automated;FAIL;No Bedrock Prompt Management prompts exist in region sa-east-1.;arn:aws:bedrock:sa-east-1:350381001508:prompt-management;bedrock_prompt_management_exists;False;prompt-management;AWS-AI-Security-Framework;AWS AI Security Framework;
aws;Security compliance framework based on the AWS AI Security Framework blog post (2025). Organizes controls across three security layers (Infrastructure, Identity & Data, AI Application), three deployment phases (Foundational, Enhanced, Advanced), and three AI use cases (AI that Answers, AI that Connects, AI that Acts). Maps existing Prowler checks to AI workload security requirements and identifies gaps requiring new checks.;350381001508;us-east-1;2026-08-01 19:04:21.788096;AISF-AI-07;Ensure Bedrock prompts are encrypted at rest with customer-managed KMS keys and Prompt Management is used for centralized prompt governance.;AI Application Security;Prompt Management;;bedrock;Automated;FAIL;No Bedrock Prompt Management prompts exist in region us-east-1.;arn:aws:bedrock:us-east-1:350381001508:prompt-management;bedrock_prompt_management_exists;False;prompt-management;AWS-AI-Security-Framework;AWS AI Security Framework;
aws;Security compliance framework based on the AWS AI Security Framework blog post (2025). Organizes controls across three security layers (Infrastructure, Identity & Data, AI Application), three deployment phases (Foundational, Enhanced, Advanced), and three AI use cases (AI that Answers, AI that Connects, AI that Acts). Maps existing Prowler checks to AI workload security requirements and identifies gaps requiring new checks.;350381001508;us-west-2;2026-08-01 19:04:21.788096;AISF-AI-07;Ensure Bedrock prompts are encrypted at rest with customer-managed KMS keys and Prompt Management is used for centralized prompt governance.;AI Application Security;Prompt Management;;bedrock;Automated;FAIL;No Bedrock Prompt Management prompts exist in region us-west-2.;arn:aws:bedrock:us-west-2:350381001508:prompt-management;bedrock_prompt_management_exists;False;prompt-management;AWS-AI-Security-Framework;AWS AI Security Framework;
aws;Security compliance framework based on the AWS AI Security Framework blog post (2025). Organizes controls across three security layers (Infrastructure, Identity & Data, AI Application), three deployment phases (Foundational, Enhanced, Advanced), and three AI use cases (AI that Answers, AI that Connects, AI that Acts). Maps existing Prowler checks to AI workload security requirements and identifies gaps requiring new checks.;350381001508;us-east-1;2026-08-01 19:04:21.788096;AISF-DETECT-01;Ensure CloudTrail is enabled in all regions with multi-region logging, management event recording, log file validation, and CloudWatch integration for comprehensive AI workload audit trails.;Threat Detection and Monitoring;Audit Logging;;cloudtrail;Automated;FAIL;Multiregion trail research-trail has not been logging in the last 24h or is not configured to deliver logs.;arn:aws:cloudtrail:us-east-1:350381001508:trail/research-trail;cloudtrail_cloudwatch_logging_enabled;False;research-trail;AWS-AI-Security-Framework;AWS AI Security Framework;
aws;Security compliance framework based on the AWS AI Security Framework blog post (2025). Organizes controls across three security layers (Infrastructure, Identity & Data, AI Application), three deployment phases (Foundational, Enhanced, Advanced), and three AI use cases (AI that Answers, AI that Connects, AI that Acts). Maps existing Prowler checks to AI workload security requirements and identifies gaps requiring new checks.;350381001508;us-east-1;2026-08-01 19:04:21.788096;AISF-DETECT-01;Ensure CloudTrail is enabled in all regions with multi-region logging, management event recording, log file validation, and CloudWatch integration for comprehensive AI workload audit trails.;Threat Detection and Monitoring;Audit Logging;;cloudtrail;Automated;FAIL;Trail research-trail does not have insight selectors and it is logging.;arn:aws:cloudtrail:us-east-1:350381001508:trail/research-trail;cloudtrail_insights_exist;False;research-trail;AWS-AI-Security-Framework;AWS AI Security Framework;
aws;Security compliance framework based on the AWS AI Security Framework blog post (2025). Organizes controls across three security layers (Infrastructure, Identity & Data, AI Application), three deployment phases (Foundational, Enhanced, Advanced), and three AI use cases (AI that Answers, AI that Connects, AI that Acts). Maps existing Prowler checks to AI workload security requirements and identifies gaps requiring new checks.;350381001508;us-east-1;2026-08-01 19:04:21.788096;AISF-INFRA-05;Ensure all data at rest is encrypted with AES-256 across AI workload storage including S3 buckets, EBS volumes, RDS instances, SageMaker notebooks, and Bedrock prompts using customer-managed KMS keys where possible.;Infrastructure Security;Encryption at Rest;;kms;Automated;FAIL;Multiregion trail research-trail has encryption disabled.;arn:aws:cloudtrail:us-east-1:350381001508:trail/research-trail;cloudtrail_kms_encryption_enabled;False;research-trail;AWS-AI-Security-Framework;AWS AI Security Framework;
aws;Security compliance framework based on the AWS AI Security Framework blog post (2025). Organizes controls across three security layers (Infrastructure, Identity & Data, AI Application), three deployment phases (Foundational, Enhanced, Advanced), and three AI use cases (AI that Answers, AI that Connects, AI that Acts). Maps existing Prowler checks to AI workload security requirements and identifies gaps requiring new checks.;350381001508;us-east-1;2026-08-01 19:04:21.788096;AISF-DETECT-01;Ensure CloudTrail is enabled in all regions with multi-region logging, management event recording, log file validation, and CloudWatch integration for comprehensive AI workload audit trails.;Threat Detection and Monitoring;Audit Logging;;cloudtrail;Automated;FAIL;Multiregion trail research-trail has encryption disabled.;arn:aws:cloudtrail:us-east-1:350381001508:trail/research-trail;cloudtrail_kms_encryption_enabled;False;research-trail;AWS-AI-Security-Framework;AWS AI Security Framework;
aws;Security compliance framework based on the AWS AI Security Framework blog post (2025). Organizes controls across three security layers (Infrastructure, Identity & Data, AI Application), three deployment phases (Foundational, Enhanced, Advanced), and three AI use cases (AI that Answers, AI that Connects, AI that Acts). Maps existing Prowler checks to AI workload security requirements and identifies gaps requiring new checks.;350381001508;us-east-1;2026-08-01 19:04:21.788096;AISF-DETECT-01;Ensure CloudTrail is enabled in all regions with multi-region logging, management event recording, log file validation, and CloudWatch integration for comprehensive AI workload audit trails.;Threat Detection and Monitoring;Audit Logging;;cloudtrail;Automated;FAIL;Multiregion trail research-trail has log file validation disabled.;arn:aws:cloudtrail:us-east-1:350381001508:trail/research-trail;cloudtrail_log_file_validation_enabled;False;research-trail;AWS-AI-Security-Framework;AWS AI Security Framework;
aws;Security compliance framework based on the AWS AI Security Framework blog post (2025). Organizes controls across three security layers (Infrastructure, Identity & Data, AI Application), three deployment phases (Foundational, Enhanced, Advanced), and three AI use cases (AI that Answers, AI that Connects, AI that Acts). Maps existing Prowler checks to AI workload security requirements and identifies gaps requiring new checks.;350381001508;us-east-1;2026-08-01 19:04:21.788096;AISF-DETECT-01;Ensure CloudTrail is enabled in all regions with multi-region logging, management event recording, log file validation, and CloudWatch integration for comprehensive AI workload audit trails.;Threat Detection and Monitoring;Audit Logging;;cloudtrail;Automated;FAIL;Multiregion Trail research-trail S3 bucket access logging is not enabled for bucket aws-cloudtrail-logs-350381001508-dae76776.;arn:aws:cloudtrail:us-east-1:350381001508:trail/research-trail;cloudtrail_logs_s3_bucket_access_logging_enabled;False;research-trail;AWS-AI-Security-Framework;AWS AI Security Framework;
aws;Security compliance framework based on the AWS AI Security Framework blog post (2025). Organizes controls across three security layers (Infrastructure, Identity & Data, AI Application), three deployment phases (Foundational, Enhanced, Advanced), and three AI use cases (AI that Answers, AI that Connects, AI that Acts). Maps existing Prowler checks to AI workload security requirements and identifies gaps requiring new checks.;350381001508;us-east-1;2026-08-01 19:04:21.788096;AISF-DETECT-01;Ensure CloudTrail is enabled in all regions with multi-region logging, management event recording, log file validation, and CloudWatch integration for comprehensive AI workload audit trails.;Threat Detection and Monitoring;Audit Logging;;cloudtrail;Automated;PASS;S3 Bucket aws-cloudtrail-logs-350381001508-dae76776 from multiregion trail research-trail is not publicly accessible.;arn:aws:cloudtrail:us-east-1:350381001508:trail/research-trail;cloudtrail_logs_s3_bucket_is_not_publicly_accessible;False;research-trail;AWS-AI-Security-Framework;AWS AI Security Framework;
aws;Security compliance framework based on the AWS AI Security Framework blog post (2025). Organizes controls across three security layers (Infrastructure, Identity & Data, AI Application), three deployment phases (Foundational, Enhanced, Advanced), and three AI use cases (AI that Answers, AI that Connects, AI that Acts). Maps existing Prowler checks to AI workload security requirements and identifies gaps requiring new checks.;350381001508;ap-northeast-1;2026-08-01 19:04:21.788096;AISF-DETECT-01;Ensure CloudTrail is enabled in all regions with multi-region logging, management event recording, log file validation, and CloudWatch integration for comprehensive AI workload audit trails.;Threat Detection and Monitoring;Audit Logging;;cloudtrail;Automated;PASS;Trail research-trail is multiregion and it is logging.;arn:aws:cloudtrail:us-east-1:350381001508:trail/research-trail;cloudtrail_multi_region_enabled;False;research-trail;AWS-AI-Security-Framework;AWS AI Security Framework;
aws;Security compliance framework based on the AWS AI Security Framework blog post (2025). Organizes controls across three security layers (Infrastructure, Identity & Data, AI Application), three deployment phases (Foundational, Enhanced, Advanced), and three AI use cases (AI that Answers, AI that Connects, AI that Acts). Maps existing Prowler checks to AI workload security requirements and identifies gaps requiring new checks.;350381001508;ap-northeast-2;2026-08-01 19:04:21.788096;AISF-DETECT-01;Ensure CloudTrail is enabled in all regions with multi-region logging, management event recording, log file validation, and CloudWatch integration for comprehensive AI workload audit trails.;Threat Detection and Monitoring;Audit Logging;;cloudtrail;Automated;PASS;Trail research-trail is multiregion and it is logging.;arn:aws:cloudtrail:us-east-1:350381001508:trail/research-trail;cloudtrail_multi_region_enabled;False;research-trail;AWS-AI-Security-Framework;AWS AI Security Framework;
aws;Security compliance framework based on the AWS AI Security Framework blog post (2025). Organizes controls across three security layers (Infrastructure, Identity & Data, AI Application), three deployment phases (Foundational, Enhanced, Advanced), and three AI use cases (AI that Answers, AI that Connects, AI that Acts). Maps existing Prowler checks to AI workload security requirements and identifies gaps requiring new checks.;350381001508;ap-northeast-3;2026-08-01 19:04:21.788096;AISF-DETECT-01;Ensure CloudTrail is enabled in all regions with multi-region logging, management event recording, log file validation, and CloudWatch integration for comprehensive AI workload audit trails.;Threat Detection and Monitoring;Audit Logging;;cloudtrail;Automated;PASS;Trail research-trail is multiregion and it is logging.;arn:aws:cloudtrail:us-east-1:350381001508:trail/research-trail;cloudtrail_multi_region_enabled;False;research-trail;AWS-AI-Security-Framework;AWS AI Security Framework;
aws;Security compliance framework based on the AWS AI Security Framework blog post (2025). Organizes controls across three security layers (Infrastructure, Identity & Data, AI Application), three deployment phases (Foundational, Enhanced, Advanced), and three AI use cases (AI that Answers, AI that Connects, AI that Acts). Maps existing Prowler checks to AI workload security requirements and identifies gaps requiring new checks.;350381001508;ap-south-1;2026-08-01 19:04:21.788096;AISF-DETECT-01;Ensure CloudTrail is enabled in all regions with multi-region logging, management event recording, log file validation, and CloudWatch integration for comprehensive AI workload audit trails.;Threat Detection and Monitoring;Audit Logging;;cloudtrail;Automated;PASS;Trail research-trail is multiregion and it is logging.;arn:aws:cloudtrail:us-east-1:350381001508:trail/research-trail;cloudtrail_multi_region_enabled;False;research-trail;AWS-AI-Security-Framework;AWS AI Security Framework;
aws;Security compliance framework based on the AWS AI Security Framework blog post (2025). Organizes controls across three security layers (Infrastructure, Identity & Data, AI Application), three deployment phases (Foundational, Enhanced, Advanced), and three AI use cases (AI that Answers, AI that Connects, AI that Acts). Maps existing Prowler checks to AI workload security requirements and identifies gaps requiring new checks.;350381001508;ap-southeast-1;2026-08-01 19:04:21.788096;AISF-DETECT-01;Ensure CloudTrail is enabled in all regions with multi-region logging, management event recording, log file validation, and CloudWatch integration for comprehensive AI workload audit trails.;Threat Detection and Monitoring;Audit Logging;;cloudtrail;Automated;PASS;Trail research-trail is multiregion and it is logging.;arn:aws:cloudtrail:us-east-1:350381001508:trail/research-trail;cloudtrail_multi_region_enabled;False;research-trail;AWS-AI-Security-Framework;AWS AI Security Framework;
aws;Security compliance framework based on the AWS AI Security Framework blog post (2025). Organizes controls across three security layers (Infrastructure, Identity & Data, AI Application), three deployment phases (Foundational, Enhanced, Advanced), and three AI use cases (AI that Answers, AI that Connects, AI that Acts). Maps existing Prowler checks to AI workload security requirements and identifies gaps requiring new checks.;350381001508;ap-southeast-2;2026-08-01 19:04:21.788096;AISF-DETECT-01;Ensure CloudTrail is enabled in all regions with multi-region logging, management event recording, log file validation, and CloudWatch integration for comprehensive AI workload audit trails.;Threat Detection and Monitoring;Audit Logging;;cloudtrail;Automated;PASS;Trail research-trail is multiregion and it is logging.;arn:aws:cloudtrail:us-east-1:350381001508:trail/research-trail;cloudtrail_multi_region_enabled;False;research-trail;AWS-AI-Security-Framework;AWS AI Security Framework;
aws;Security compliance framework based on the AWS AI Security Framework blog post (2025). Organizes controls across three security layers (Infrastructure, Identity & Data, AI Application), three deployment phases (Foundational, Enhanced, Advanced), and three AI use cases (AI that Answers, AI that Connects, AI that Acts). Maps existing Prowler checks to AI workload security requirements and identifies gaps requiring new checks.;350381001508;ca-central-1;2026-08-01 19:04:21.788096;AISF-DETECT-01;Ensure CloudTrail is enabled in all regions with multi-region logging, management event recording, log file validation, and CloudWatch integration for comprehensive AI workload audit trails.;Threat Detection and Monitoring;Audit Logging;;cloudtrail;Automated;PASS;Trail research-trail is multiregion and it is logging.;arn:aws:cloudtrail:us-east-1:350381001508:trail/research-trail;cloudtrail_multi_region_enabled;False;research-trail;AWS-AI-Security-Framework;AWS AI Security Framework;
aws;Security compliance framework based on the AWS AI Security Framework blog post (2025). Organizes controls across three security layers (Infrastructure, Identity & Data, AI Application), three deployment phases (Foundational, Enhanced, Advanced), and three AI use cases (AI that Answers, AI that Connects, AI that Acts). Maps existing Prowler checks to AI workload security requirements and identifies gaps requiring new checks.;350381001508;eu-central-1;2026-08-01 19:04:21.788096;AISF-DETECT-01;Ensure CloudTrail is enabled in all regions with multi-region logging, management event recording, log file validation, and CloudWatch integration for comprehensive AI workload audit trails.;Threat Detection and Monitoring;Audit Logging;;cloudtrail;Automated;PASS;Trail research-trail is multiregion and it is logging.;arn:aws:cloudtrail:us-east-1:350381001508:trail/research-trail;cloudtrail_multi_region_enabled;False;research-trail;AWS-AI-Security-Framework;AWS AI Security Framework;
aws;Security compliance framework based on the AWS AI Security Framework blog post (2025). Organizes controls across three security layers (Infrastructure, Identity & Data, AI Application), three deployment phases (Foundational, Enhanced, Advanced), and three AI use cases (AI that Answers, AI that Connects, AI that Acts). Maps existing Prowler checks to AI workload security requirements and identifies gaps requiring new checks.;350381001508;eu-north-1;2026-08-01 19:04:21.788096;AISF-DETECT-01;Ensure CloudTrail is enabled in all regions with multi-region logging, management event recording, log file validation, and CloudWatch integration for comprehensive AI workload audit trails.;Threat Detection and Monitoring;Audit Logging;;cloudtrail;Automated;PASS;Trail research-trail is multiregion and it is logging.;arn:aws:cloudtrail:us-east-1:350381001508:trail/research-trail;cloudtrail_multi_region_enabled;False;research-trail;AWS-AI-Security-Framework;AWS AI Security Framework;
aws;Security compliance framework based on the AWS AI Security Framework blog post (2025). Organizes controls across three security layers (Infrastructure, Identity & Data, AI Application), three deployment phases (Foundational, Enhanced, Advanced), and three AI use cases (AI that Answers, AI that Connects, AI that Acts). Maps existing Prowler checks to AI workload security requirements and identifies gaps requiring new checks.;350381001508;eu-west-1;2026-08-01 19:04:21.788096;AISF-DETECT-01;Ensure CloudTrail is enabled in all regions with multi-region logging, management event recording, log file validation, and CloudWatch integration for comprehensive AI workload audit trails.;Threat Detection and Monitoring;Audit Logging;;cloudtrail;Automated;PASS;Trail research-trail is multiregion and it is logging.;arn:aws:cloudtrail:us-east-1:350381001508:trail/research-trail;cloudtrail_multi_region_enabled;False;research-trail;AWS-AI-Security-Framework;AWS AI Security Framework;
aws;Security compliance framework based on the AWS AI Security Framework blog post (2025). Organizes controls across three security layers (Infrastructure, Identity & Data, AI Application), three deployment phases (Foundational, Enhanced, Advanced), and three AI use cases (AI that Answers, AI that Connects, AI that Acts). Maps existing Prowler checks to AI workload security requirements and identifies gaps requiring new checks.;350381001508;eu-west-2;2026-08-01 19:04:21.788096;AISF-DETECT-01;Ensure CloudTrail is enabled in all regions with multi-region logging, management event recording, log file validation, and CloudWatch integration for comprehensive AI workload audit trails.;Threat Detection and Monitoring;Audit Logging;;cloudtrail;Automated;PASS;Trail research-trail is multiregion and it is logging.;arn:aws:cloudtrail:us-east-1:350381001508:trail/research-trail;cloudtrail_multi_region_enabled;False;research-trail;AWS-AI-Security-Framework;AWS AI Security Framework;
aws;Security compliance framework based on the AWS AI Security Framework blog post (2025). Organizes controls across three security layers (Infrastructure, Identity & Data, AI Application), three deployment phases (Foundational, Enhanced, Advanced), and three AI use cases (AI that Answers, AI that Connects, AI that Acts). Maps existing Prowler checks to AI workload security requirements and identifies gaps requiring new checks.;350381001508;eu-west-3;2026-08-01 19:04:21.788096;AISF-DETECT-01;Ensure CloudTrail is enabled in all regions with multi-region logging, management event recording, log file validation, and CloudWatch integration for comprehensive AI workload audit trails.;Threat Detection and Monitoring;Audit Logging;;cloudtrail;Automated;PASS;Trail research-trail is multiregion and it is logging.;arn:aws:cloudtrail:us-east-1:350381001508:trail/research-trail;cloudtrail_multi_region_enabled;False;research-trail;AWS-AI-Security-Framework;AWS AI Security Framework;
aws;Security compliance framework based on the AWS AI Security Framework blog post (2025). Organizes controls across three security layers (Infrastructure, Identity & Data, AI Application), three deployment phases (Foundational, Enhanced, Advanced), and three AI use cases (AI that Answers, AI that Connects, AI that Acts). Maps existing Prowler checks to AI workload security requirements and identifies gaps requiring new checks.;350381001508;sa-east-1;2026-08-01 19:04:21.788096;AISF-DETECT-01;Ensure CloudTrail is enabled in all regions with multi-region logging, management event recording, log file validation, and CloudWatch integration for comprehensive AI workload audit trails.;Threat Detection and Monitoring;Audit Logging;;cloudtrail;Automated;PASS;Trail research-trail is multiregion and it is logging.;arn:aws:cloudtrail:us-east-1:350381001508:trail/research-trail;cloudtrail_multi_region_enabled;False;research-trail;AWS-AI-Security-Framework;AWS AI Security Framework;
aws;Security compliance framework based on the AWS AI Security Framework blog post (2025). Organizes controls across three security layers (Infrastructure, Identity & Data, AI Application), three deployment phases (Foundational, Enhanced, Advanced), and three AI use cases (AI that Answers, AI that Connects, AI that Acts). Maps existing Prowler checks to AI workload security requirements and identifies gaps requiring new checks.;350381001508;us-east-1;2026-08-01 19:04:21.788096;AISF-DETECT-01;Ensure CloudTrail is enabled in all regions with multi-region logging, management event recording, log file validation, and CloudWatch integration for comprehensive AI workload audit trails.;Threat Detection and Monitoring;Audit Logging;;cloudtrail;Automated;PASS;Trail research-trail is multiregion and it is logging.;arn:aws:cloudtrail:us-east-1:350381001508:trail/research-trail;cloudtrail_multi_region_enabled;False;research-trail;AWS-AI-Security-Framework;AWS AI Security Framework;
aws;Security compliance framework based on the AWS AI Security Framework blog post (2025). Organizes controls across three security layers (Infrastructure, Identity & Data, AI Application), three deployment phases (Foundational, Enhanced, Advanced), and three AI use cases (AI that Answers, AI that Connects, AI that Acts). Maps existing Prowler checks to AI workload security requirements and identifies gaps requiring new checks.;350381001508;us-east-2;2026-08-01 19:04:21.788096;AISF-DETECT-01;Ensure CloudTrail is enabled in all regions with multi-region logging, management event recording, log file validation, and CloudWatch integration for comprehensive AI workload audit trails.;Threat Detection and Monitoring;Audit Logging;;cloudtrail;Automated;PASS;Trail research-trail is multiregion and it is logging.;arn:aws:cloudtrail:us-east-1:350381001508:trail/research-trail;cloudtrail_multi_region_enabled;False;research-trail;AWS-AI-Security-Framework;AWS AI Security Framework;
aws;Security compliance framework based on the AWS AI Security Framework blog post (2025). Organizes controls across three security layers (Infrastructure, Identity & Data, AI Application), three deployment phases (Foundational, Enhanced, Advanced), and three AI use cases (AI that Answers, AI that Connects, AI that Acts). Maps existing Prowler checks to AI workload security requirements and identifies gaps requiring new checks.;350381001508;us-west-1;2026-08-01 19:04:21.788096;AISF-DETECT-01;Ensure CloudTrail is enabled in all regions with multi-region logging, management event recording, log file validation, and CloudWatch integration for comprehensive AI workload audit trails.;Threat Detection and Monitoring;Audit Logging;;cloudtrail;Automated;PASS;Trail research-trail is multiregion and it is logging.;arn:aws:cloudtrail:us-east-1:350381001508:trail/research-trail;cloudtrail_multi_region_enabled;False;research-trail;AWS-AI-Security-Framework;AWS AI Security Framework;
aws;Security compliance framework based on the AWS AI Security Framework blog post (2025). Organizes controls across three security layers (Infrastructure, Identity & Data, AI Application), three deployment phases (Foundational, Enhanced, Advanced), and three AI use cases (AI that Answers, AI that Connects, AI that Acts). Maps existing Prowler checks to AI workload security requirements and identifies gaps requiring new checks.;350381001508;us-west-2;2026-08-01 19:04:21.788096;AISF-DETECT-01;Ensure CloudTrail is enabled in all regions with multi-region logging, management event recording, log file validation, and CloudWatch integration for comprehensive AI workload audit trails.;Threat Detection and Monitoring;Audit Logging;;cloudtrail;Automated;PASS;Trail research-trail is multiregion and it is logging.;arn:aws:cloudtrail:us-east-1:350381001508:trail/research-trail;cloudtrail_multi_region_enabled;False;research-trail;AWS-AI-Security-Framework;AWS AI Security Framework;
aws;Security compliance framework based on the AWS AI Security Framework blog post (2025). Organizes controls across three security layers (Infrastructure, Identity & Data, AI Application), three deployment phases (Foundational, Enhanced, Advanced), and three AI use cases (AI that Answers, AI that Connects, AI that Acts). Maps existing Prowler checks to AI workload security requirements and identifies gaps requiring new checks.;350381001508;ap-northeast-1;2026-08-01 19:04:21.788096;AISF-DETECT-01;Ensure CloudTrail is enabled in all regions with multi-region logging, management event recording, log file validation, and CloudWatch integration for comprehensive AI workload audit trails.;Threat Detection and Monitoring;Audit Logging;;cloudtrail;Automated;PASS;Trail research-trail from home region us-east-1 is multi-region, is logging and have management events enabled.;arn:aws:cloudtrail:us-east-1:350381001508:trail/research-trail;cloudtrail_multi_region_enabled_logging_management_events;False;research-trail;AWS-AI-Security-Framework;AWS AI Security Framework;
aws;Security compliance framework based on the AWS AI Security Framework blog post (2025). Organizes controls across three security layers (Infrastructure, Identity & Data, AI Application), three deployment phases (Foundational, Enhanced, Advanced), and three AI use cases (AI that Answers, AI that Connects, AI that Acts). Maps existing Prowler checks to AI workload security requirements and identifies gaps requiring new checks.;350381001508;ap-northeast-2;2026-08-01 19:04:21.788096;AISF-DETECT-01;Ensure CloudTrail is enabled in all regions with multi-region logging, management event recording, log file validation, and CloudWatch integration for comprehensive AI workload audit trails.;Threat Detection and Monitoring;Audit Logging;;cloudtrail;Automated;PASS;Trail research-trail from home region us-east-1 is multi-region, is logging and have management events enabled.;arn:aws:cloudtrail:us-east-1:350381001508:trail/research-trail;cloudtrail_multi_region_enabled_logging_management_events;False;research-trail;AWS-AI-Security-Framework;AWS AI Security Framework;
aws;Security compliance framework based on the AWS AI Security Framework blog post (2025). Organizes controls across three security layers (Infrastructure, Identity & Data, AI Application), three deployment phases (Foundational, Enhanced, Advanced), and three AI use cases (AI that Answers, AI that Connects, AI that Acts). Maps existing Prowler checks to AI workload security requirements and identifies gaps requiring new checks.;350381001508;ap-northeast-3;2026-08-01 19:04:21.788096;AISF-DETECT-01;Ensure CloudTrail is enabled in all regions with multi-region logging, management event recording, log file validation, and CloudWatch integration for comprehensive AI workload audit trails.;Threat Detection and Monitoring;Audit Logging;;cloudtrail;Automated;PASS;Trail research-trail from home region us-east-1 is multi-region, is logging and have management events enabled.;arn:aws:cloudtrail:us-east-1:350381001508:trail/research-trail;cloudtrail_multi_region_enabled_logging_management_events;False;research-trail;AWS-AI-Security-Framework;AWS AI Security Framework;
aws;Security compliance framework based on the AWS AI Security Framework blog post (2025). Organizes controls across three security layers (Infrastructure, Identity & Data, AI Application), three deployment phases (Foundational, Enhanced, Advanced), and three AI use cases (AI that Answers, AI that Connects, AI that Acts). Maps existing Prowler checks to AI workload security requirements and identifies gaps requiring new checks.;350381001508;ap-south-1;2026-08-01 19:04:21.788096;AISF-DETECT-01;Ensure CloudTrail is enabled in all regions with multi-region logging, management event recording, log file validation, and CloudWatch integration for comprehensive AI workload audit trails.;Threat Detection and Monitoring;Audit Logging;;cloudtrail;Automated;PASS;Trail research-trail from home region us-east-1 is multi-region, is logging and have management events enabled.;arn:aws:cloudtrail:us-east-1:350381001508:trail/research-trail;cloudtrail_multi_region_enabled_logging_management_events;False;research-trail;AWS-AI-Security-Framework;AWS AI Security Framework;
aws;Security compliance framework based on the AWS AI Security Framework blog post (2025). Organizes controls across three security layers (Infrastructure, Identity & Data, AI Application), three deployment phases (Foundational, Enhanced, Advanced), and three AI use cases (AI that Answers, AI that Connects, AI that Acts). Maps existing Prowler checks to AI workload security requirements and identifies gaps requiring new checks.;350381001508;ap-southeast-1;2026-08-01 19:04:21.788096;AISF-DETECT-01;Ensure CloudTrail is enabled in all regions with multi-region logging, management event recording, log file validation, and CloudWatch integration for comprehensive AI workload audit trails.;Threat Detection and Monitoring;Audit Logging;;cloudtrail;Automated;PASS;Trail research-trail from home region us-east-1 is multi-region, is logging and have management events enabled.;arn:aws:cloudtrail:us-east-1:350381001508:trail/research-trail;cloudtrail_multi_region_enabled_logging_management_events;False;research-trail;AWS-AI-Security-Framework;AWS AI Security Framework;
aws;Security compliance framework based on the AWS AI Security Framework blog post (2025). Organizes controls across three security layers (Infrastructure, Identity & Data, AI Application), three deployment phases (Foundational, Enhanced, Advanced), and three AI use cases (AI that Answers, AI that Connects, AI that Acts). Maps existing Prowler checks to AI workload security requirements and identifies gaps requiring new checks.;350381001508;ap-southeast-2;2026-08-01 19:04:21.788096;AISF-DETECT-01;Ensure CloudTrail is enabled in all regions with multi-region logging, management event recording, log file validation, and CloudWatch integration for comprehensive AI workload audit trails.;Threat Detection and Monitoring;Audit Logging;;cloudtrail;Automated;PASS;Trail research-trail from home region us-east-1 is multi-region, is logging and have management events enabled.;arn:aws:cloudtrail:us-east-1:350381001508:trail/research-trail;cloudtrail_multi_region_enabled_logging_management_events;False;research-trail;AWS-AI-Security-Framework;AWS AI Security Framework;
aws;Security compliance framework based on the AWS AI Security Framework blog post (2025). Organizes controls across three security layers (Infrastructure, Identity & Data, AI Application), three deployment phases (Foundational, Enhanced, Advanced), and three AI use cases (AI that Answers, AI that Connects, AI that Acts). Maps existing Prowler checks to AI workload security requirements and identifies gaps requiring new checks.;350381001508;ca-central-1;2026-08-01 19:04:21.788096;AISF-DETECT-01;Ensure CloudTrail is enabled in all regions with multi-region logging, management event recording, log file validation, and CloudWatch integration for comprehensive AI workload audit trails.;Threat Detection and Monitoring;Audit Logging;;cloudtrail;Automated;PASS;Trail research-trail from home region us-east-1 is multi-region, is logging and have management events enabled.;arn:aws:cloudtrail:us-east-1:350381001508:trail/research-trail;cloudtrail_multi_region_enabled_logging_management_events;False;research-trail;AWS-AI-Security-Framework;AWS AI Security Framework;
aws;Security compliance framework based on the AWS AI Security Framework blog post (2025). Organizes controls across three security layers (Infrastructure, Identity & Data, AI Application), three deployment phases (Foundational, Enhanced, Advanced), and three AI use cases (AI that Answers, AI that Connects, AI that Acts). Maps existing Prowler checks to AI workload security requirements and identifies gaps requiring new checks.;350381001508;eu-central-1;2026-08-01 19:04:21.788096;AISF-DETECT-01;Ensure CloudTrail is enabled in all regions with multi-region logging, management event recording, log file validation, and CloudWatch integration for comprehensive AI workload audit trails.;Threat Detection and Monitoring;Audit Logging;;cloudtrail;Automated;PASS;Trail research-trail from home region us-east-1 is multi-region, is logging and have management events enabled.;arn:aws:cloudtrail:us-east-1:350381001508:trail/research-trail;cloudtrail_multi_region_enabled_logging_management_events;False;research-trail;AWS-AI-Security-Framework;AWS AI Security Framework;
aws;Security compliance framework based on the AWS AI Security Framework blog post (2025). Organizes controls across three security layers (Infrastructure, Identity & Data, AI Application), three deployment phases (Foundational, Enhanced, Advanced), and three AI use cases (AI that Answers, AI that Connects, AI that Acts). Maps existing Prowler checks to AI workload security requirements and identifies gaps requiring new checks.;350381001508;eu-north-1;2026-08-01 19:04:21.788096;AISF-DETECT-01;Ensure CloudTrail is enabled in all regions with multi-region logging, management event recording, log file validation, and CloudWatch integration for comprehensive AI workload audit trails.;Threat Detection and Monitoring;Audit Logging;;cloudtrail;Automated;PASS;Trail research-trail from home region us-east-1 is multi-region, is logging and have management events enabled.;arn:aws:cloudtrail:us-east-1:350381001508:trail/research-trail;cloudtrail_multi_region_enabled_logging_management_events;False;research-trail;AWS-AI-Security-Framework;AWS AI Security Framework;
aws;Security compliance framework based on the AWS AI Security Framework blog post (2025). Organizes controls across three security layers (Infrastructure, Identity & Data, AI Application), three deployment phases (Foundational, Enhanced, Advanced), and three AI use cases (AI that Answers, AI that Connects, AI that Acts). Maps existing Prowler checks to AI workload security requirements and identifies gaps requiring new checks.;350381001508;eu-west-1;2026-08-01 19:04:21.788096;AISF-DETECT-01;Ensure CloudTrail is enabled in all regions with multi-region logging, management event recording, log file validation, and CloudWatch integration for comprehensive AI workload audit trails.;Threat Detection and Monitoring;Audit Logging;;cloudtrail;Automated;PASS;Trail research-trail from home region us-east-1 is multi-region, is logging and have management events enabled.;arn:aws:cloudtrail:us-east-1:350381001508:trail/research-trail;cloudtrail_multi_region_enabled_logging_management_events;False;research-trail;AWS-AI-Security-Framework;AWS AI Security Framework;
aws;Security compliance framework based on the AWS AI Security Framework blog post (2025). Organizes controls across three security layers (Infrastructure, Identity & Data, AI Application), three deployment phases (Foundational, Enhanced, Advanced), and three AI use cases (AI that Answers, AI that Connects, AI that Acts). Maps existing Prowler checks to AI workload security requirements and identifies gaps requiring new checks.;350381001508;eu-west-2;2026-08-01 19:04:21.788096;AISF-DETECT-01;Ensure CloudTrail is enabled in all regions with multi-region logging, management event recording, log file validation, and CloudWatch integration for comprehensive AI workload audit trails.;Threat Detection and Monitoring;Audit Logging;;cloudtrail;Automated;PASS;Trail research-trail from home region us-east-1 is multi-region, is logging and have management events enabled.;arn:aws:cloudtrail:us-east-1:350381001508:trail/research-trail;cloudtrail_multi_region_enabled_logging_management_events;False;research-trail;AWS-AI-Security-Framework;AWS AI Security Framework;
aws;Security compliance framework based on the AWS AI Security Framework blog post (2025). Organizes controls across three security layers (Infrastructure, Identity & Data, AI Application), three deployment phases (Foundational, Enhanced, Advanced), and three AI use cases (AI that Answers, AI that Connects, AI that Acts). Maps existing Prowler checks to AI workload security requirements and identifies gaps requiring new checks.;350381001508;eu-west-3;2026-08-01 19:04:21.788096;AISF-DETECT-01;Ensure CloudTrail is enabled in all regions with multi-region logging, management event recording, log file validation, and CloudWatch integration for comprehensive AI workload audit trails.;Threat Detection and Monitoring;Audit Logging;;cloudtrail;Automated;PASS;Trail research-trail from home region us-east-1 is multi-region, is logging and have management events enabled.;arn:aws:cloudtrail:us-east-1:350381001508:trail/research-trail;cloudtrail_multi_region_enabled_logging_management_events;False;research-trail;AWS-AI-Security-Framework;AWS AI Security Framework;
aws;Security compliance framework based on the AWS AI Security Framework blog post (2025). Organizes controls across three security layers (Infrastructure, Identity & Data, AI Application), three deployment phases (Foundational, Enhanced, Advanced), and three AI use cases (AI that Answers, AI that Connects, AI that Acts). Maps existing Prowler checks to AI workload security requirements and identifies gaps requiring new checks.;350381001508;sa-east-1;2026-08-01 19:04:21.788096;AISF-DETECT-01;Ensure CloudTrail is enabled in all regions with multi-region logging, management event recording, log file validation, and CloudWatch integration for comprehensive AI workload audit trails.;Threat Detection and Monitoring;Audit Logging;;cloudtrail;Automated;PASS;Trail research-trail from home region us-east-1 is multi-region, is logging and have management events enabled.;arn:aws:cloudtrail:us-east-1:350381001508:trail/research-trail;cloudtrail_multi_region_enabled_logging_management_events;False;research-trail;AWS-AI-Security-Framework;AWS AI Security Framework;
aws;Security compliance framework based on the AWS AI Security Framework blog post (2025). Organizes controls across three security layers (Infrastructure, Identity & Data, AI Application), three deployment phases (Foundational, Enhanced, Advanced), and three AI use cases (AI that Answers, AI that Connects, AI that Acts). Maps existing Prowler checks to AI workload security requirements and identifies gaps requiring new checks.;350381001508;us-east-1;2026-08-01 19:04:21.788096;AISF-DETECT-01;Ensure CloudTrail is enabled in all regions with multi-region logging, management event recording, log file validation, and CloudWatch integration for comprehensive AI workload audit trails.;Threat Detection and Monitoring;Audit Logging;;cloudtrail;Automated;PASS;Trail research-trail from home region us-east-1 is multi-region, is logging and have management events enabled.;arn:aws:cloudtrail:us-east-1:350381001508:trail/research-trail;cloudtrail_multi_region_enabled_logging_management_events;False;research-trail;AWS-AI-Security-Framework;AWS AI Security Framework;
aws;Security compliance framework based on the AWS AI Security Framework blog post (2025). Organizes controls across three security layers (Infrastructure, Identity & Data, AI Application), three deployment phases (Foundational, Enhanced, Advanced), and three AI use cases (AI that Answers, AI that Connects, AI that Acts). Maps existing Prowler checks to AI workload security requirements and identifies gaps requiring new checks.;350381001508;us-east-2;2026-08-01 19:04:21.788096;AISF-DETECT-01;Ensure CloudTrail is enabled in all regions with multi-region logging, management event recording, log file validation, and CloudWatch integration for comprehensive AI workload audit trails.;Threat Detection and Monitoring;Audit Logging;;cloudtrail;Automated;PASS;Trail research-trail from home region us-east-1 is multi-region, is logging and have management events enabled.;arn:aws:cloudtrail:us-east-1:350381001508:trail/research-trail;cloudtrail_multi_region_enabled_logging_management_events;False;research-trail;AWS-AI-Security-Framework;AWS AI Security Framework;
aws;Security compliance framework based on the AWS AI Security Framework blog post (2025). Organizes controls across three security layers (Infrastructure, Identity & Data, AI Application), three deployment phases (Foundational, Enhanced, Advanced), and three AI use cases (AI that Answers, AI that Connects, AI that Acts). Maps existing Prowler checks to AI workload security requirements and identifies gaps requiring new checks.;350381001508;us-west-1;2026-08-01 19:04:21.788096;AISF-DETECT-01;Ensure CloudTrail is enabled in all regions with multi-region logging, management event recording, log file validation, and CloudWatch integration for comprehensive AI workload audit trails.;Threat Detection and Monitoring;Audit Logging;;cloudtrail;Automated;PASS;Trail research-trail from home region us-east-1 is multi-region, is logging and have management events enabled.;arn:aws:cloudtrail:us-east-1:350381001508:trail/research-trail;cloudtrail_multi_region_enabled_logging_management_events;False;research-trail;AWS-AI-Security-Framework;AWS AI Security Framework;
aws;Security compliance framework based on the AWS AI Security Framework blog post (2025). Organizes controls across three security layers (Infrastructure, Identity & Data, AI Application), three deployment phases (Foundational, Enhanced, Advanced), and three AI use cases (AI that Answers, AI that Connects, AI that Acts). Maps existing Prowler checks to AI workload security requirements and identifies gaps requiring new checks.;350381001508;us-west-2;2026-08-01 19:04:21.788096;AISF-DETECT-01;Ensure CloudTrail is enabled in all regions with multi-region logging, management event recording, log file validation, and CloudWatch integration for comprehensive AI workload audit trails.;Threat Detection and Monitoring;Audit Logging;;cloudtrail;Automated;PASS;Trail research-trail from home region us-east-1 is multi-region, is logging and have management events enabled.;arn:aws:cloudtrail:us-east-1:350381001508:trail/research-trail;cloudtrail_multi_region_enabled_logging_management_events;False;research-trail;AWS-AI-Security-Framework;AWS AI Security Framework;
aws;Security compliance framework based on the AWS AI Security Framework blog post (2025). Organizes controls across three security layers (Infrastructure, Identity & Data, AI Application), three deployment phases (Foundational, Enhanced, Advanced), and three AI use cases (AI that Answers, AI that Connects, AI that Acts). Maps existing Prowler checks to AI workload security requirements and identifies gaps requiring new checks.;350381001508;us-east-1;2026-08-01 19:04:21.788096;AISF-DETECT-05;Ensure CloudWatch metric filters and alarms are configured for critical security events including IAM policy changes, unauthorized API calls, console sign-in without MFA, KMS key deletion, and network changes.;Threat Detection and Monitoring;Security Alerting;;cloudwatch;Automated;FAIL;No CloudWatch log groups found with metric filters or alarms associated.;arn:aws:logs:us-east-1:350381001508:log-group;cloudwatch_changes_to_network_acls_alarm_configured;False;350381001508;AWS-AI-Security-Framework;AWS AI Security Framework;
aws;Security compliance framework based on the AWS AI Security Framework blog post (2025). Organizes controls across three security layers (Infrastructure, Identity & Data, AI Application), three deployment phases (Foundational, Enhanced, Advanced), and three AI use cases (AI that Answers, AI that Connects, AI that Acts). Maps existing Prowler checks to AI workload security requirements and identifies gaps requiring new checks.;350381001508;us-east-1;2026-08-01 19:04:21.788096;AISF-DETECT-05;Ensure CloudWatch metric filters and alarms are configured for critical security events including IAM policy changes, unauthorized API calls, console sign-in without MFA, KMS key deletion, and network changes.;Threat Detection and Monitoring;Security Alerting;;cloudwatch;Automated;FAIL;No CloudWatch log groups found with metric filters or alarms associated.;arn:aws:logs:us-east-1:350381001508:log-group;cloudwatch_changes_to_vpcs_alarm_configured;False;350381001508;AWS-AI-Security-Framework;AWS AI Security Framework;
aws;Security compliance framework based on the AWS AI Security Framework blog post (2025). Organizes controls across three security layers (Infrastructure, Identity & Data, AI Application), three deployment phases (Foundational, Enhanced, Advanced), and three AI use cases (AI that Answers, AI that Connects, AI that Acts). Maps existing Prowler checks to AI workload security requirements and identifies gaps requiring new checks.;350381001508;us-east-1;2026-08-01 19:04:21.788096;AISF-DETECT-05;Ensure CloudWatch metric filters and alarms are configured for critical security events including IAM policy changes, unauthorized API calls, console sign-in without MFA, KMS key deletion, and network changes.;Threat Detection and Monitoring;Security Alerting;;cloudwatch;Automated;FAIL;No CloudWatch log groups found with metric filters or alarms associated.;arn:aws:logs:us-east-1:350381001508:log-group;cloudwatch_log_metric_filter_authentication_failures;False;350381001508;AWS-AI-Security-Framework;AWS AI Security Framework;
aws;Security compliance framework based on the AWS AI Security Framework blog post (2025). Organizes controls across three security layers (Infrastructure, Identity & Data, AI Application), three deployment phases (Foundational, Enhanced, Advanced), and three AI use cases (AI that Answers, AI that Connects, AI that Acts). Maps existing Prowler checks to AI workload security requirements and identifies gaps requiring new checks.;350381001508;us-east-1;2026-08-01 19:04:21.788096;AISF-DETECT-05;Ensure CloudWatch metric filters and alarms are configured for critical security events including IAM policy changes, unauthorized API calls, console sign-in without MFA, KMS key deletion, and network changes.;Threat Detection and Monitoring;Security Alerting;;cloudwatch;Automated;FAIL;No CloudWatch log groups found with metric filters or alarms associated.;arn:aws:logs:us-east-1:350381001508:log-group;cloudwatch_log_metric_filter_aws_organizations_changes;False;350381001508;AWS-AI-Security-Framework;AWS AI Security Framework;
aws;Security compliance framework based on the AWS AI Security Framework blog post (2025). Organizes controls across three security layers (Infrastructure, Identity & Data, AI Application), three deployment phases (Foundational, Enhanced, Advanced), and three AI use cases (AI that Answers, AI that Connects, AI that Acts). Maps existing Prowler checks to AI workload security requirements and identifies gaps requiring new checks.;350381001508;us-east-1;2026-08-01 19:04:21.788096;AISF-DETECT-05;Ensure CloudWatch metric filters and alarms are configured for critical security events including IAM policy changes, unauthorized API calls, console sign-in without MFA, KMS key deletion, and network changes.;Threat Detection and Monitoring;Security Alerting;;cloudwatch;Automated;FAIL;No CloudWatch log groups found with metric filters or alarms associated.;arn:aws:logs:us-east-1:350381001508:log-group;cloudwatch_log_metric_filter_disable_or_scheduled_deletion_of_kms_cmk;False;350381001508;AWS-AI-Security-Framework;AWS AI Security Framework;
aws;Security compliance framework based on the AWS AI Security Framework blog post (2025). Organizes controls across three security layers (Infrastructure, Identity & Data, AI Application), three deployment phases (Foundational, Enhanced, Advanced), and three AI use cases (AI that Answers, AI that Connects, AI that Acts). Maps existing Prowler checks to AI workload security requirements and identifies gaps requiring new checks.;350381001508;us-east-1;2026-08-01 19:04:21.788096;AISF-DETECT-05;Ensure CloudWatch metric filters and alarms are configured for critical security events including IAM policy changes, unauthorized API calls, console sign-in without MFA, KMS key deletion, and network changes.;Threat Detection and Monitoring;Security Alerting;;cloudwatch;Automated;FAIL;No CloudWatch log groups found with metric filters or alarms associated.;arn:aws:logs:us-east-1:350381001508:log-group;cloudwatch_log_metric_filter_policy_changes;False;350381001508;AWS-AI-Security-Framework;AWS AI Security Framework;
aws;Security compliance framework based on the AWS AI Security Framework blog post (2025). Organizes controls across three security layers (Infrastructure, Identity & Data, AI Application), three deployment phases (Foundational, Enhanced, Advanced), and three AI use cases (AI that Answers, AI that Connects, AI that Acts). Maps existing Prowler checks to AI workload security requirements and identifies gaps requiring new checks.;350381001508;us-east-1;2026-08-01 19:04:21.788096;AISF-IAM-04;Ensure root account is properly secured with no active access keys and minimal usage, as root credentials in AI environments could grant unrestricted access to all AI models, data, and agent configurations.;Identity and Data Security;Root Account;;iam;Automated;FAIL;No CloudWatch log groups found with metric filters or alarms associated.;arn:aws:logs:us-east-1:350381001508:log-group;cloudwatch_log_metric_filter_root_usage;False;350381001508;AWS-AI-Security-Framework;AWS AI Security Framework;
aws;Security compliance framework based on the AWS AI Security Framework blog post (2025). Organizes controls across three security layers (Infrastructure, Identity & Data, AI Application), three deployment phases (Foundational, Enhanced, Advanced), and three AI use cases (AI that Answers, AI that Connects, AI that Acts). Maps existing Prowler checks to AI workload security requirements and identifies gaps requiring new checks.;350381001508;us-east-1;2026-08-01 19:04:21.788096;AISF-DETECT-05;Ensure CloudWatch metric filters and alarms are configured for critical security events including IAM policy changes, unauthorized API calls, console sign-in without MFA, KMS key deletion, and network changes.;Threat Detection and Monitoring;Security Alerting;;cloudwatch;Automated;FAIL;No CloudWatch log groups found with metric filters or alarms associated.;arn:aws:logs:us-east-1:350381001508:log-group;cloudwatch_log_metric_filter_root_usage;False;350381001508;AWS-AI-Security-Framework;AWS AI Security Framework;
aws;Security compliance framework based on the AWS AI Security Framework blog post (2025). Organizes controls across three security layers (Infrastructure, Identity & Data, AI Application), three deployment phases (Foundational, Enhanced, Advanced), and three AI use cases (AI that Answers, AI that Connects, AI that Acts). Maps existing Prowler checks to AI workload security requirements and identifies gaps requiring new checks.;350381001508;us-east-1;2026-08-01 19:04:21.788096;AISF-DETECT-05;Ensure CloudWatch metric filters and alarms are configured for critical security events including IAM policy changes, unauthorized API calls, console sign-in without MFA, KMS key deletion, and network changes.;Threat Detection and Monitoring;Security Alerting;;cloudwatch;Automated;FAIL;No CloudWatch log groups found with metric filters or alarms associated.;arn:aws:logs:us-east-1:350381001508:log-group;cloudwatch_log_metric_filter_security_group_changes;False;350381001508;AWS-AI-Security-Framework;AWS AI Security Framework;
aws;Security compliance framework based on the AWS AI Security Framework blog post (2025). Organizes controls across three security layers (Infrastructure, Identity & Data, AI Application), three deployment phases (Foundational, Enhanced, Advanced), and three AI use cases (AI that Answers, AI that Connects, AI that Acts). Maps existing Prowler checks to AI workload security requirements and identifies gaps requiring new checks.;350381001508;us-east-1;2026-08-01 19:04:21.788096;AISF-DETECT-05;Ensure CloudWatch metric filters and alarms are configured for critical security events including IAM policy changes, unauthorized API calls, console sign-in without MFA, KMS key deletion, and network changes.;Threat Detection and Monitoring;Security Alerting;;cloudwatch;Automated;FAIL;No CloudWatch log groups found with metric filters or alarms associated.;arn:aws:logs:us-east-1:350381001508:log-group;cloudwatch_log_metric_filter_sign_in_without_mfa;False;350381001508;AWS-AI-Security-Framework;AWS AI Security Framework;
aws;Security compliance framework based on the AWS AI Security Framework blog post (2025). Organizes controls across three security layers (Infrastructure, Identity & Data, AI Application), three deployment phases (Foundational, Enhanced, Advanced), and three AI use cases (AI that Answers, AI that Connects, AI that Acts). Maps existing Prowler checks to AI workload security requirements and identifies gaps requiring new checks.;350381001508;us-east-1;2026-08-01 19:04:21.788096;AISF-DETECT-05;Ensure CloudWatch metric filters and alarms are configured for critical security events including IAM policy changes, unauthorized API calls, console sign-in without MFA, KMS key deletion, and network changes.;Threat Detection and Monitoring;Security Alerting;;cloudwatch;Automated;FAIL;No CloudWatch log groups found with metric filters or alarms associated.;arn:aws:logs:us-east-1:350381001508:log-group;cloudwatch_log_metric_filter_unauthorized_api_calls;False;350381001508;AWS-AI-Security-Framework;AWS AI Security Framework;
aws;Security compliance framework based on the AWS AI Security Framework blog post (2025). Organizes controls across three security layers (Infrastructure, Identity & Data, AI Application), three deployment phases (Foundational, Enhanced, Advanced), and three AI use cases (AI that Answers, AI that Connects, AI that Acts). Maps existing Prowler checks to AI workload security requirements and identifies gaps requiring new checks.;350381001508;ap-northeast-1;2026-08-01 19:04:21.788096;AISF-GOV-01;Ensure AWS Config recorder is enabled in all regions to continuously monitor and record AI resource configurations, detect drift, and enforce compliance rules.;Governance and Compliance;Configuration Management;;config;Automated;FAIL;AWS Config recorder 350381001508 is disabled.;arn:aws:config:ap-northeast-1:350381001508:recorder;config_recorder_all_regions_enabled;False;350381001508;AWS-AI-Security-Framework;AWS AI Security Framework;
aws;Security compliance framework based on the AWS AI Security Framework blog post (2025). Organizes controls across three security layers (Infrastructure, Identity & Data, AI Application), three deployment phases (Foundational, Enhanced, Advanced), and three AI use cases (AI that Answers, AI that Connects, AI that Acts). Maps existing Prowler checks to AI workload security requirements and identifies gaps requiring new checks.;350381001508;ap-northeast-2;2026-08-01 19:04:21.788096;AISF-GOV-01;Ensure AWS Config recorder is enabled in all regions to continuously monitor and record AI resource configurations, detect drift, and enforce compliance rules.;Governance and Compliance;Configuration Management;;config;Automated;FAIL;AWS Config recorder 350381001508 is disabled.;arn:aws:config:ap-northeast-2:350381001508:recorder;config_recorder_all_regions_enabled;False;350381001508;AWS-AI-Security-Framework;AWS AI Security Framework;
aws;Security compliance framework based on the AWS AI Security Framework blog post (2025). Organizes controls across three security layers (Infrastructure, Identity & Data, AI Application), three deployment phases (Foundational, Enhanced, Advanced), and three AI use cases (AI that Answers, AI that Connects, AI that Acts). Maps existing Prowler checks to AI workload security requirements and identifies gaps requiring new checks.;350381001508;ap-northeast-3;2026-08-01 19:04:21.788096;AISF-GOV-01;Ensure AWS Config recorder is enabled in all regions to continuously monitor and record AI resource configurations, detect drift, and enforce compliance rules.;Governance and Compliance;Configuration Management;;config;Automated;FAIL;AWS Config recorder 350381001508 is disabled.;arn:aws:config:ap-northeast-3:350381001508:recorder;config_recorder_all_regions_enabled;False;350381001508;AWS-AI-Security-Framework;AWS AI Security Framework;
aws;Security compliance framework based on the AWS AI Security Framework blog post (2025). Organizes controls across three security layers (Infrastructure, Identity & Data, AI Application), three deployment phases (Foundational, Enhanced, Advanced), and three AI use cases (AI that Answers, AI that Connects, AI that Acts). Maps existing Prowler checks to AI workload security requirements and identifies gaps requiring new checks.;350381001508;ap-south-1;2026-08-01 19:04:21.788096;AISF-GOV-01;Ensure AWS Config recorder is enabled in all regions to continuously monitor and record AI resource configurations, detect drift, and enforce compliance rules.;Governance and Compliance;Configuration Management;;config;Automated;FAIL;AWS Config recorder 350381001508 is disabled.;arn:aws:config:ap-south-1:350381001508:recorder;config_recorder_all_regions_enabled;False;350381001508;AWS-AI-Security-Framework;AWS AI Security Framework;
aws;Security compliance framework based on the AWS AI Security Framework blog post (2025). Organizes controls across three security layers (Infrastructure, Identity & Data, AI Application), three deployment phases (Foundational, Enhanced, Advanced), and three AI use cases (AI that Answers, AI that Connects, AI that Acts). Maps existing Prowler checks to AI workload security requirements and identifies gaps requiring new checks.;350381001508;ap-southeast-1;2026-08-01 19:04:21.788096;AISF-GOV-01;Ensure AWS Config recorder is enabled in all regions to continuously monitor and record AI resource configurations, detect drift, and enforce compliance rules.;Governance and Compliance;Configuration Management;;config;Automated;FAIL;AWS Config recorder 350381001508 is disabled.;arn:aws:config:ap-southeast-1:350381001508:recorder;config_recorder_all_regions_enabled;False;350381001508;AWS-AI-Security-Framework;AWS AI Security Framework;
aws;Security compliance framework based on the AWS AI Security Framework blog post (2025). Organizes controls across three security layers (Infrastructure, Identity & Data, AI Application), three deployment phases (Foundational, Enhanced, Advanced), and three AI use cases (AI that Answers, AI that Connects, AI that Acts). Maps existing Prowler checks to AI workload security requirements and identifies gaps requiring new checks.;350381001508;ap-southeast-2;2026-08-01 19:04:21.788096;AISF-GOV-01;Ensure AWS Config recorder is enabled in all regions to continuously monitor and record AI resource configurations, detect drift, and enforce compliance rules.;Governance and Compliance;Configuration Management;;config;Automated;FAIL;AWS Config recorder 350381001508 is disabled.;arn:aws:config:ap-southeast-2:350381001508:recorder;config_recorder_all_regions_enabled;False;350381001508;AWS-AI-Security-Framework;AWS AI Security Framework;
aws;Security compliance framework based on the AWS AI Security Framework blog post (2025). Organizes controls across three security layers (Infrastructure, Identity & Data, AI Application), three deployment phases (Foundational, Enhanced, Advanced), and three AI use cases (AI that Answers, AI that Connects, AI that Acts). Maps existing Prowler checks to AI workload security requirements and identifies gaps requiring new checks.;350381001508;ca-central-1;2026-08-01 19:04:21.788096;AISF-GOV-01;Ensure AWS Config recorder is enabled in all regions to continuously monitor and record AI resource configurations, detect drift, and enforce compliance rules.;Governance and Compliance;Configuration Management;;config;Automated;FAIL;AWS Config recorder 350381001508 is disabled.;arn:aws:config:ca-central-1:350381001508:recorder;config_recorder_all_regions_enabled;False;350381001508;AWS-AI-Security-Framework;AWS AI Security Framework;
aws;Security compliance framework based on the AWS AI Security Framework blog post (2025). Organizes controls across three security layers (Infrastructure, Identity & Data, AI Application), three deployment phases (Foundational, Enhanced, Advanced), and three AI use cases (AI that Answers, AI that Connects, AI that Acts). Maps existing Prowler checks to AI workload security requirements and identifies gaps requiring new checks.;350381001508;eu-central-1;2026-08-01 19:04:21.788096;AISF-GOV-01;Ensure AWS Config recorder is enabled in all regions to continuously monitor and record AI resource configurations, detect drift, and enforce compliance rules.;Governance and Compliance;Configuration Management;;config;Automated;FAIL;AWS Config recorder 350381001508 is disabled.;arn:aws:config:eu-central-1:350381001508:recorder;config_recorder_all_regions_enabled;False;350381001508;AWS-AI-Security-Framework;AWS AI Security Framework;
aws;Security compliance framework based on the AWS AI Security Framework blog post (2025). Organizes controls across three security layers (Infrastructure, Identity & Data, AI Application), three deployment phases (Foundational, Enhanced, Advanced), and three AI use cases (AI that Answers, AI that Connects, AI that Acts). Maps existing Prowler checks to AI workload security requirements and identifies gaps requiring new checks.;350381001508;eu-north-1;2026-08-01 19:04:21.788096;AISF-GOV-01;Ensure AWS Config recorder is enabled in all regions to continuously monitor and record AI resource configurations, detect drift, and enforce compliance rules.;Governance and Compliance;Configuration Management;;config;Automated;FAIL;AWS Config recorder 350381001508 is disabled.;arn:aws:config:eu-north-1:350381001508:recorder;config_recorder_all_regions_enabled;False;350381001508;AWS-AI-Security-Framework;AWS AI Security Framework;
aws;Security compliance framework based on the AWS AI Security Framework blog post (2025). Organizes controls across three security layers (Infrastructure, Identity & Data, AI Application), three deployment phases (Foundational, Enhanced, Advanced), and three AI use cases (AI that Answers, AI that Connects, AI that Acts). Maps existing Prowler checks to AI workload security requirements and identifies gaps requiring new checks.;350381001508;eu-west-1;2026-08-01 19:04:21.788096;AISF-GOV-01;Ensure AWS Config recorder is enabled in all regions to continuously monitor and record AI resource configurations, detect drift, and enforce compliance rules.;Governance and Compliance;Configuration Management;;config;Automated;FAIL;AWS Config recorder 350381001508 is disabled.;arn:aws:config:eu-west-1:350381001508:recorder;config_recorder_all_regions_enabled;False;350381001508;AWS-AI-Security-Framework;AWS AI Security Framework;
aws;Security compliance framework based on the AWS AI Security Framework blog post (2025). Organizes controls across three security layers (Infrastructure, Identity & Data, AI Application), three deployment phases (Foundational, Enhanced, Advanced), and three AI use cases (AI that Answers, AI that Connects, AI that Acts). Maps existing Prowler checks to AI workload security requirements and identifies gaps requiring new checks.;350381001508;eu-west-2;2026-08-01 19:04:21.788096;AISF-GOV-01;Ensure AWS Config recorder is enabled in all regions to continuously monitor and record AI resource configurations, detect drift, and enforce compliance rules.;Governance and Compliance;Configuration Management;;config;Automated;FAIL;AWS Config recorder 350381001508 is disabled.;arn:aws:config:eu-west-2:350381001508:recorder;config_recorder_all_regions_enabled;False;350381001508;AWS-AI-Security-Framework;AWS AI Security Framework;
aws;Security compliance framework based on the AWS AI Security Framework blog post (2025). Organizes controls across three security layers (Infrastructure, Identity & Data, AI Application), three deployment phases (Foundational, Enhanced, Advanced), and three AI use cases (AI that Answers, AI that Connects, AI that Acts). Maps existing Prowler checks to AI workload security requirements and identifies gaps requiring new checks.;350381001508;eu-west-3;2026-08-01 19:04:21.788096;AISF-GOV-01;Ensure AWS Config recorder is enabled in all regions to continuously monitor and record AI resource configurations, detect drift, and enforce compliance rules.;Governance and Compliance;Configuration Management;;config;Automated;FAIL;AWS Config recorder 350381001508 is disabled.;arn:aws:config:eu-west-3:350381001508:recorder;config_recorder_all_regions_enabled;False;350381001508;AWS-AI-Security-Framework;AWS AI Security Framework;
aws;Security compliance framework based on the AWS AI Security Framework blog post (2025). Organizes controls across three security layers (Infrastructure, Identity & Data, AI Application), three deployment phases (Foundational, Enhanced, Advanced), and three AI use cases (AI that Answers, AI that Connects, AI that Acts). Maps existing Prowler checks to AI workload security requirements and identifies gaps requiring new checks.;350381001508;sa-east-1;2026-08-01 19:04:21.788096;AISF-GOV-01;Ensure AWS Config recorder is enabled in all regions to continuously monitor and record AI resource configurations, detect drift, and enforce compliance rules.;Governance and Compliance;Configuration Management;;config;Automated;FAIL;AWS Config recorder 350381001508 is disabled.;arn:aws:config:sa-east-1:350381001508:recorder;config_recorder_all_regions_enabled;False;350381001508;AWS-AI-Security-Framework;AWS AI Security Framework;
aws;Security compliance framework based on the AWS AI Security Framework blog post (2025). Organizes controls across three security layers (Infrastructure, Identity & Data, AI Application), three deployment phases (Foundational, Enhanced, Advanced), and three AI use cases (AI that Answers, AI that Connects, AI that Acts). Maps existing Prowler checks to AI workload security requirements and identifies gaps requiring new checks.;350381001508;us-east-1;2026-08-01 19:04:21.788096;AISF-GOV-01;Ensure AWS Config recorder is enabled in all regions to continuously monitor and record AI resource configurations, detect drift, and enforce compliance rules.;Governance and Compliance;Configuration Management;;config;Automated;FAIL;AWS Config recorder 350381001508 is disabled.;arn:aws:config:us-east-1:350381001508:recorder;config_recorder_all_regions_enabled;False;350381001508;AWS-AI-Security-Framework;AWS AI Security Framework;
aws;Security compliance framework based on the AWS AI Security Framework blog post (2025). Organizes controls across three security layers (Infrastructure, Identity & Data, AI Application), three deployment phases (Foundational, Enhanced, Advanced), and three AI use cases (AI that Answers, AI that Connects, AI that Acts). Maps existing Prowler checks to AI workload security requirements and identifies gaps requiring new checks.;350381001508;us-east-2;2026-08-01 19:04:21.788096;AISF-GOV-01;Ensure AWS Config recorder is enabled in all regions to continuously monitor and record AI resource configurations, detect drift, and enforce compliance rules.;Governance and Compliance;Configuration Management;;config;Automated;FAIL;AWS Config recorder 350381001508 is disabled.;arn:aws:config:us-east-2:350381001508:recorder;config_recorder_all_regions_enabled;False;350381001508;AWS-AI-Security-Framework;AWS AI Security Framework;
aws;Security compliance framework based on the AWS AI Security Framework blog post (2025). Organizes controls across three security layers (Infrastructure, Identity & Data, AI Application), three deployment phases (Foundational, Enhanced, Advanced), and three AI use cases (AI that Answers, AI that Connects, AI that Acts). Maps existing Prowler checks to AI workload security requirements and identifies gaps requiring new checks.;350381001508;us-west-1;2026-08-01 19:04:21.788096;AISF-GOV-01;Ensure AWS Config recorder is enabled in all regions to continuously monitor and record AI resource configurations, detect drift, and enforce compliance rules.;Governance and Compliance;Configuration Management;;config;Automated;FAIL;AWS Config recorder 350381001508 is disabled.;arn:aws:config:us-west-1:350381001508:recorder;config_recorder_all_regions_enabled;False;350381001508;AWS-AI-Security-Framework;AWS AI Security Framework;
aws;Security compliance framework based on the AWS AI Security Framework blog post (2025). Organizes controls across three security layers (Infrastructure, Identity & Data, AI Application), three deployment phases (Foundational, Enhanced, Advanced), and three AI use cases (AI that Answers, AI that Connects, AI that Acts). Maps existing Prowler checks to AI workload security requirements and identifies gaps requiring new checks.;350381001508;us-west-2;2026-08-01 19:04:21.788096;AISF-GOV-01;Ensure AWS Config recorder is enabled in all regions to continuously monitor and record AI resource configurations, detect drift, and enforce compliance rules.;Governance and Compliance;Configuration Management;;config;Automated;FAIL;AWS Config recorder 350381001508 is disabled.;arn:aws:config:us-west-2:350381001508:recorder;config_recorder_all_regions_enabled;False;350381001508;AWS-AI-Security-Framework;AWS AI Security Framework;
aws;Security compliance framework based on the AWS AI Security Framework blog post (2025). Organizes controls across three security layers (Infrastructure, Identity & Data, AI Application), three deployment phases (Foundational, Enhanced, Advanced), and three AI use cases (AI that Answers, AI that Connects, AI that Acts). Maps existing Prowler checks to AI workload security requirements and identifies gaps requiring new checks.;350381001508;us-east-1;2026-08-01 19:04:21.788096;AISF-INFRA-05;Ensure all data at rest is encrypted with AES-256 across AI workload storage including S3 buckets, EBS volumes, RDS instances, SageMaker notebooks, and Bedrock prompts using customer-managed KMS keys where possible.;Infrastructure Security;Encryption at Rest;;kms;Automated;FAIL;EBS Default Encryption is not activated.;arn:aws:ec2:us-east-1:350381001508:volume;ec2_ebs_default_encryption;False;350381001508;AWS-AI-Security-Framework;AWS AI Security Framework;
aws;Security compliance framework based on the AWS AI Security Framework blog post (2025). Organizes controls across three security layers (Infrastructure, Identity & Data, AI Application), three deployment phases (Foundational, Enhanced, Advanced), and three AI use cases (AI that Answers, AI that Connects, AI that Acts). Maps existing Prowler checks to AI workload security requirements and identifies gaps requiring new checks.;350381001508;us-east-1;2026-08-01 19:04:21.788096;AISF-INFRA-05;Ensure all data at rest is encrypted with AES-256 across AI workload storage including S3 buckets, EBS volumes, RDS instances, SageMaker notebooks, and Bedrock prompts using customer-managed KMS keys where possible.;Infrastructure Security;Encryption at Rest;;kms;Automated;FAIL;EBS Snapshot vol-06f58dc8b8493e9f8 is unencrypted.;arn:aws:ec2:us-east-1:350381001508:volume/vol-06f58dc8b8493e9f8;ec2_ebs_volume_encryption;False;vol-06f58dc8b8493e9f8;AWS-AI-Security-Framework;AWS AI Security Framework;
aws;Security compliance framework based on the AWS AI Security Framework blog post (2025). Organizes controls across three security layers (Infrastructure, Identity & Data, AI Application), three deployment phases (Foundational, Enhanced, Advanced), and three AI use cases (AI that Answers, AI that Connects, AI that Acts). Maps existing Prowler checks to AI workload security requirements and identifies gaps requiring new checks.;350381001508;us-east-1;2026-08-01 19:04:21.788096;AISF-DATA-05;Ensure no secrets or credentials are hardcoded in Lambda functions, ECS task definitions, or EC2 instances used as part of AI application architectures.;Identity and Data Security;Secret Hygiene;;multiple;Automated;PASS;No secrets found in EC2 instance i-0eefd2ddc65f26f85 since User Data is empty.;arn:aws:ec2:us-east-1:350381001508:instance/i-0eefd2ddc65f26f85;ec2_instance_secrets_user_data;False;i-0eefd2ddc65f26f85;AWS-AI-Security-Framework;AWS AI Security Framework;
aws;Security compliance framework based on the AWS AI Security Framework blog post (2025). Organizes controls across three security layers (Infrastructure, Identity & Data, AI Application), three deployment phases (Foundational, Enhanced, Advanced), and three AI use cases (AI that Answers, AI that Connects, AI that Acts). Maps existing Prowler checks to AI workload security requirements and identifies gaps requiring new checks.;350381001508;us-east-1;2026-08-01 19:04:21.788096;AISF-IAM-01;Ensure MFA is enforced for all users accessing AI services, including root account hardware MFA, IAM user MFA for console access, and Cognito user pool MFA for AI application end users.;Identity and Data Security;Authentication;;iam;Automated;PASS;Group Admin-group provides non-administrative access.;arn:aws:iam::350381001508:group/Admin-group;iam_administrator_access_with_mfa;False;Admin-group;AWS-AI-Security-Framework;AWS AI Security Framework;
aws;Security compliance framework based on the AWS AI Security Framework blog post (2025). Organizes controls across three security layers (Infrastructure, Identity & Data, AI Application), three deployment phases (Foundational, Enhanced, Advanced), and three AI use cases (AI that Answers, AI that Connects, AI that Acts). Maps existing Prowler checks to AI workload security requirements and identifies gaps requiring new checks.;350381001508;us-east-1;2026-08-01 19:04:21.788096;AISF-IAM-01;Ensure MFA is enforced for all users accessing AI services, including root account hardware MFA, IAM user MFA for console access, and Cognito user pool MFA for AI application end users.;Identity and Data Security;Authentication;;iam;Automated;PASS;Group scanner-group provides non-administrative access.;arn:aws:iam::350381001508:group/scanner-group;iam_administrator_access_with_mfa;False;scanner-group;AWS-AI-Security-Framework;AWS AI Security Framework;
aws;Security compliance framework based on the AWS AI Security Framework blog post (2025). Organizes controls across three security layers (Infrastructure, Identity & Data, AI Application), three deployment phases (Foundational, Enhanced, Advanced), and three AI use cases (AI that Answers, AI that Connects, AI that Acts). Maps existing Prowler checks to AI workload security requirements and identifies gaps requiring new checks.;350381001508;us-east-1;2026-08-01 19:04:21.788096;AISF-IAM-01;Ensure MFA is enforced for all users accessing AI services, including root account hardware MFA, IAM user MFA for console access, and Cognito user pool MFA for AI application end users.;Identity and Data Security;Authentication;;iam;Automated;FAIL;Group weak-admin-group provides administrator access to User test-user with MFA disabled.;arn:aws:iam::350381001508:group/weak-admin-group;iam_administrator_access_with_mfa;False;weak-admin-group;AWS-AI-Security-Framework;AWS AI Security Framework;
aws;Security compliance framework based on the AWS AI Security Framework blog post (2025). Organizes controls across three security layers (Infrastructure, Identity & Data, AI Application), three deployment phases (Foundational, Enhanced, Advanced), and three AI use cases (AI that Answers, AI that Connects, AI that Acts). Maps existing Prowler checks to AI workload security requirements and identifies gaps requiring new checks.;350381001508;us-east-1;2026-08-01 19:04:21.788096;AISF-IAM-04;Ensure root account is properly secured with no active access keys and minimal usage, as root credentials in AI environments could grant unrestricted access to all AI models, data, and agent configurations.;Identity and Data Security;Root Account;;iam;Automated;FAIL;Root user in the account was last accessed 0 days ago.;arn:aws:iam::350381001508:root;iam_avoid_root_usage;False;<root_account>;AWS-AI-Security-Framework;AWS AI Security Framework;
aws;Security compliance framework based on the AWS AI Security Framework blog post (2025). Organizes controls across three security layers (Infrastructure, Identity & Data, AI Application), three deployment phases (Foundational, Enhanced, Advanced), and three AI use cases (AI that Answers, AI that Connects, AI that Acts). Maps existing Prowler checks to AI workload security requirements and identifies gaps requiring new checks.;350381001508;us-east-1;2026-08-01 19:04:21.788096;AISF-IAM-02;Ensure least-privilege access is enforced for all AI service identities. No administrative privileges should be attached to IAM entities that interact with Bedrock, SageMaker, or other AI services.;Identity and Data Security;Authorization;;iam;Automated;PASS;AWS policy AWSTrustedAdvisorServiceRolePolicy is attached but does not allow '*:*' administrative privileges.;arn:aws:iam::aws:policy/aws-service-role/AWSTrustedAdvisorServiceRolePolicy;iam_aws_attached_policy_no_administrative_privileges;False;AWSTrustedAdvisorServiceRolePolicy;AWS-AI-Security-Framework;AWS AI Security Framework;
aws;Security compliance framework based on the AWS AI Security Framework blog post (2025). Organizes controls across three security layers (Infrastructure, Identity & Data, AI Application), three deployment phases (Foundational, Enhanced, Advanced), and three AI use cases (AI that Answers, AI that Connects, AI that Acts). Maps existing Prowler checks to AI workload security requirements and identifies gaps requiring new checks.;350381001508;us-east-1;2026-08-01 19:04:21.788096;AISF-IAM-02;Ensure least-privilege access is enforced for all AI service identities. No administrative privileges should be attached to IAM entities that interact with Bedrock, SageMaker, or other AI services.;Identity and Data Security;Authorization;;iam;Automated;FAIL;AWS policy AdministratorAccess is attached and allows '*:*' administrative privileges.;arn:aws:iam::aws:policy/AdministratorAccess;iam_aws_attached_policy_no_administrative_privileges;False;AdministratorAccess;AWS-AI-Security-Framework;AWS AI Security Framework;
aws;Security compliance framework based on the AWS AI Security Framework blog post (2025). Organizes controls across three security layers (Infrastructure, Identity & Data, AI Application), three deployment phases (Foundational, Enhanced, Advanced), and three AI use cases (AI that Answers, AI that Connects, AI that Acts). Maps existing Prowler checks to AI workload security requirements and identifies gaps requiring new checks.;350381001508;us-east-1;2026-08-01 19:04:21.788096;AISF-IAM-02;Ensure least-privilege access is enforced for all AI service identities. No administrative privileges should be attached to IAM entities that interact with Bedrock, SageMaker, or other AI services.;Identity and Data Security;Authorization;;iam;Automated;PASS;AWS policy AWSSupportServiceRolePolicy is attached but does not allow '*:*' administrative privileges.;arn:aws:iam::aws:policy/aws-service-role/AWSSupportServiceRolePolicy;iam_aws_attached_policy_no_administrative_privileges;False;AWSSupportServiceRolePolicy;AWS-AI-Security-Framework;AWS AI Security Framework;
aws;Security compliance framework based on the AWS AI Security Framework blog post (2025). Organizes controls across three security layers (Infrastructure, Identity & Data, AI Application), three deployment phases (Foundational, Enhanced, Advanced), and three AI use cases (AI that Answers, AI that Connects, AI that Acts). Maps existing Prowler checks to AI workload security requirements and identifies gaps requiring new checks.;350381001508;us-east-1;2026-08-01 19:04:21.788096;AISF-IAM-02;Ensure least-privilege access is enforced for all AI service identities. No administrative privileges should be attached to IAM entities that interact with Bedrock, SageMaker, or other AI services.;Identity and Data Security;Authorization;;iam;Automated;PASS;AWS policy ReadOnlyAccess is attached but does not allow '*:*' administrative privileges.;arn:aws:iam::aws:policy/ReadOnlyAccess;iam_aws_attached_policy_no_administrative_privileges;False;ReadOnlyAccess;AWS-AI-Security-Framework;AWS AI Security Framework;
aws;Security compliance framework based on the AWS AI Security Framework blog post (2025). Organizes controls across three security layers (Infrastructure, Identity & Data, AI Application), three deployment phases (Foundational, Enhanced, Advanced), and three AI use cases (AI that Answers, AI that Connects, AI that Acts). Maps existing Prowler checks to AI workload security requirements and identifies gaps requiring new checks.;350381001508;us-east-1;2026-08-01 19:04:21.788096;AISF-IAM-02;Ensure least-privilege access is enforced for all AI service identities. No administrative privileges should be attached to IAM entities that interact with Bedrock, SageMaker, or other AI services.;Identity and Data Security;Authorization;;iam;Automated;PASS;AWS policy IAMUserChangePassword is attached but does not allow '*:*' administrative privileges.;arn:aws:iam::aws:policy/IAMUserChangePassword;iam_aws_attached_policy_no_administrative_privileges;False;IAMUserChangePassword;AWS-AI-Security-Framework;AWS AI Security Framework;
aws;Security compliance framework based on the AWS AI Security Framework blog post (2025). Organizes controls across three security layers (Infrastructure, Identity & Data, AI Application), three deployment phases (Foundational, Enhanced, Advanced), and three AI use cases (AI that Answers, AI that Connects, AI that Acts). Maps existing Prowler checks to AI workload security requirements and identifies gaps requiring new checks.;350381001508;us-east-1;2026-08-01 19:04:21.788096;AISF-IAM-02;Ensure least-privilege access is enforced for all AI service identities. No administrative privileges should be attached to IAM entities that interact with Bedrock, SageMaker, or other AI services.;Identity and Data Security;Authorization;;iam;Automated;PASS;AWS policy AWSResourceExplorerServiceRolePolicy is attached but does not allow '*:*' administrative privileges.;arn:aws:iam::aws:policy/aws-service-role/AWSResourceExplorerServiceRolePolicy;iam_aws_attached_policy_no_administrative_privileges;False;AWSResourceExplorerServiceRolePolicy;AWS-AI-Security-Framework;AWS AI Security Framework;
aws;Security compliance framework based on the AWS AI Security Framework blog post (2025). Organizes controls across three security layers (Infrastructure, Identity & Data, AI Application), three deployment phases (Foundational, Enhanced, Advanced), and three AI use cases (AI that Answers, AI that Connects, AI that Acts). Maps existing Prowler checks to AI workload security requirements and identifies gaps requiring new checks.;350381001508;us-east-1;2026-08-01 19:04:21.788096;AISF-IAM-02;Ensure least-privilege access is enforced for all AI service identities. No administrative privileges should be attached to IAM entities that interact with Bedrock, SageMaker, or other AI services.;Identity and Data Security;Authorization;;iam;Automated;FAIL;IAM Group Admin-group has AdministratorAccess policy attached.;arn:aws:iam::350381001508:group/Admin-group;iam_group_administrator_access_policy;False;Admin-group;AWS-AI-Security-Framework;AWS AI Security Framework;
aws;Security compliance framework based on the AWS AI Security Framework blog post (2025). Organizes controls across three security layers (Infrastructure, Identity & Data, AI Application), three deployment phases (Foundational, Enhanced, Advanced), and three AI use cases (AI that Answers, AI that Connects, AI that Acts). Maps existing Prowler checks to AI workload security requirements and identifies gaps requiring new checks.;350381001508;us-east-1;2026-08-01 19:04:21.788096;AISF-IAM-02;Ensure least-privilege access is enforced for all AI service identities. No administrative privileges should be attached to IAM entities that interact with Bedrock, SageMaker, or other AI services.;Identity and Data Security;Authorization;;iam;Automated;PASS;IAM Group scanner-group does not have AdministratorAccess policy.;arn:aws:iam::350381001508:group/scanner-group;iam_group_administrator_access_policy;False;scanner-group;AWS-AI-Security-Framework;AWS AI Security Framework;
aws;Security compliance framework based on the AWS AI Security Framework blog post (2025). Organizes controls across three security layers (Infrastructure, Identity & Data, AI Application), three deployment phases (Foundational, Enhanced, Advanced), and three AI use cases (AI that Answers, AI that Connects, AI that Acts). Maps existing Prowler checks to AI workload security requirements and identifies gaps requiring new checks.;350381001508;us-east-1;2026-08-01 19:04:21.788096;AISF-IAM-02;Ensure least-privilege access is enforced for all AI service identities. No administrative privileges should be attached to IAM entities that interact with Bedrock, SageMaker, or other AI services.;Identity and Data Security;Authorization;;iam;Automated;FAIL;IAM Group weak-admin-group has AdministratorAccess policy attached.;arn:aws:iam::350381001508:group/weak-admin-group;iam_group_administrator_access_policy;False;weak-admin-group;AWS-AI-Security-Framework;AWS AI Security Framework;
aws;Security compliance framework based on the AWS AI Security Framework blog post (2025). Organizes controls across three security layers (Infrastructure, Identity & Data, AI Application), three deployment phases (Foundational, Enhanced, Advanced), and three AI use cases (AI that Answers, AI that Connects, AI that Acts). Maps existing Prowler checks to AI workload security requirements and identifies gaps requiring new checks.;350381001508;us-east-1;2026-08-01 19:04:21.788096;AISF-IAM-04;Ensure root account is properly secured with no active access keys and minimal usage, as root credentials in AI environments could grant unrestricted access to all AI models, data, and agent configurations.;Identity and Data Security;Root Account;;iam;Automated;PASS;Root account does not have access keys.;arn:aws:iam::350381001508:root;iam_no_root_access_key;False;<root_account>;AWS-AI-Security-Framework;AWS AI Security Framework;
aws;Security compliance framework based on the AWS AI Security Framework blog post (2025). Organizes controls across three security layers (Infrastructure, Identity & Data, AI Application), three deployment phases (Foundational, Enhanced, Advanced), and three AI use cases (AI that Answers, AI that Connects, AI that Acts). Maps existing Prowler checks to AI workload security requirements and identifies gaps requiring new checks.;350381001508;us-east-1;2026-08-01 19:04:21.788096;AISF-IAM-06;Ensure strong password policies are enforced with minimum length, complexity requirements, expiration, and reuse prevention for all human identities accessing AI services.;Identity and Data Security;Password Policy;;iam;Automated;FAIL;Password expiration is not set.;arn:aws:iam:us-east-1:350381001508:password-policy;iam_password_policy_expires_passwords_within_90_days_or_less;False;350381001508;AWS-AI-Security-Framework;AWS AI Security Framework;
aws;Security compliance framework based on the AWS AI Security Framework blog post (2025). Organizes controls across three security layers (Infrastructure, Identity & Data, AI Application), three deployment phases (Foundational, Enhanced, Advanced), and three AI use cases (AI that Answers, AI that Connects, AI that Acts). Maps existing Prowler checks to AI workload security requirements and identifies gaps requiring new checks.;350381001508;us-east-1;2026-08-01 19:04:21.788096;AISF-IAM-06;Ensure strong password policies are enforced with minimum length, complexity requirements, expiration, and reuse prevention for all human identities accessing AI services.;Identity and Data Security;Password Policy;;iam;Automated;FAIL;IAM password policy does not require at least one lowercase letter.;arn:aws:iam:us-east-1:350381001508:password-policy;iam_password_policy_lowercase;False;350381001508;AWS-AI-Security-Framework;AWS AI Security Framework;
aws;Security compliance framework based on the AWS AI Security Framework blog post (2025). Organizes controls across three security layers (Infrastructure, Identity & Data, AI Application), three deployment phases (Foundational, Enhanced, Advanced), and three AI use cases (AI that Answers, AI that Connects, AI that Acts). Maps existing Prowler checks to AI workload security requirements and identifies gaps requiring new checks.;350381001508;us-east-1;2026-08-01 19:04:21.788096;AISF-IAM-06;Ensure strong password policies are enforced with minimum length, complexity requirements, expiration, and reuse prevention for all human identities accessing AI services.;Identity and Data Security;Password Policy;;iam;Automated;FAIL;IAM password policy does not require minimum length of 14 characters.;arn:aws:iam:us-east-1:350381001508:password-policy;iam_password_policy_minimum_length_14;False;350381001508;AWS-AI-Security-Framework;AWS AI Security Framework;
aws;Security compliance framework based on the AWS AI Security Framework blog post (2025). Organizes controls across three security layers (Infrastructure, Identity & Data, AI Application), three deployment phases (Foundational, Enhanced, Advanced), and three AI use cases (AI that Answers, AI that Connects, AI that Acts). Maps existing Prowler checks to AI workload security requirements and identifies gaps requiring new checks.;350381001508;us-east-1;2026-08-01 19:04:21.788096;AISF-IAM-06;Ensure strong password policies are enforced with minimum length, complexity requirements, expiration, and reuse prevention for all human identities accessing AI services.;Identity and Data Security;Password Policy;;iam;Automated;FAIL;IAM password policy does not require at least one number.;arn:aws:iam:us-east-1:350381001508:password-policy;iam_password_policy_number;False;350381001508;AWS-AI-Security-Framework;AWS AI Security Framework;
aws;Security compliance framework based on the AWS AI Security Framework blog post (2025). Organizes controls across three security layers (Infrastructure, Identity & Data, AI Application), three deployment phases (Foundational, Enhanced, Advanced), and three AI use cases (AI that Answers, AI that Connects, AI that Acts). Maps existing Prowler checks to AI workload security requirements and identifies gaps requiring new checks.;350381001508;us-east-1;2026-08-01 19:04:21.788096;AISF-IAM-06;Ensure strong password policies are enforced with minimum length, complexity requirements, expiration, and reuse prevention for all human identities accessing AI services.;Identity and Data Security;Password Policy;;iam;Automated;FAIL;IAM password policy reuse prevention is less than 24 or not set.;arn:aws:iam:us-east-1:350381001508:password-policy;iam_password_policy_reuse_24;False;350381001508;AWS-AI-Security-Framework;AWS AI Security Framework;
aws;Security compliance framework based on the AWS AI Security Framework blog post (2025). Organizes controls across three security layers (Infrastructure, Identity & Data, AI Application), three deployment phases (Foundational, Enhanced, Advanced), and three AI use cases (AI that Answers, AI that Connects, AI that Acts). Maps existing Prowler checks to AI workload security requirements and identifies gaps requiring new checks.;350381001508;us-east-1;2026-08-01 19:04:21.788096;AISF-IAM-06;Ensure strong password policies are enforced with minimum length, complexity requirements, expiration, and reuse prevention for all human identities accessing AI services.;Identity and Data Security;Password Policy;;iam;Automated;FAIL;IAM password policy does not require at least one symbol.;arn:aws:iam:us-east-1:350381001508:password-policy;iam_password_policy_symbol;False;350381001508;AWS-AI-Security-Framework;AWS AI Security Framework;
aws;Security compliance framework based on the AWS AI Security Framework blog post (2025). Organizes controls across three security layers (Infrastructure, Identity & Data, AI Application), three deployment phases (Foundational, Enhanced, Advanced), and three AI use cases (AI that Answers, AI that Connects, AI that Acts). Maps existing Prowler checks to AI workload security requirements and identifies gaps requiring new checks.;350381001508;us-east-1;2026-08-01 19:04:21.788096;AISF-IAM-06;Ensure strong password policies are enforced with minimum length, complexity requirements, expiration, and reuse prevention for all human identities accessing AI services.;Identity and Data Security;Password Policy;;iam;Automated;FAIL;IAM password policy does not require at least one uppercase letter.;arn:aws:iam:us-east-1:350381001508:password-policy;iam_password_policy_uppercase;False;350381001508;AWS-AI-Security-Framework;AWS AI Security Framework;
aws;Security compliance framework based on the AWS AI Security Framework blog post (2025). Organizes controls across three security layers (Infrastructure, Identity & Data, AI Application), three deployment phases (Foundational, Enhanced, Advanced), and three AI use cases (AI that Answers, AI that Connects, AI that Acts). Maps existing Prowler checks to AI workload security requirements and identifies gaps requiring new checks.;350381001508;us-east-1;2026-08-01 19:04:21.788096;AISF-IAM-02;Ensure least-privilege access is enforced for all AI service identities. No administrative privileges should be attached to IAM entities that interact with Bedrock, SageMaker, or other AI services.;Identity and Data Security;Authorization;;iam;Automated;FAIL;User research-admin has the policy IAMUserChangePassword attached.;arn:aws:iam::350381001508:user/research-admin;iam_policy_attached_only_to_group_or_roles;False;research-admin/IAMUserChangePassword;AWS-AI-Security-Framework;AWS AI Security Framework;
aws;Security compliance framework based on the AWS AI Security Framework blog post (2025). Organizes controls across three security layers (Infrastructure, Identity & Data, AI Application), three deployment phases (Foundational, Enhanced, Advanced), and three AI use cases (AI that Answers, AI that Connects, AI that Acts). Maps existing Prowler checks to AI workload security requirements and identifies gaps requiring new checks.;350381001508;us-east-1;2026-08-01 19:04:21.788096;AISF-IAM-02;Ensure least-privilege access is enforced for all AI service identities. No administrative privileges should be attached to IAM entities that interact with Bedrock, SageMaker, or other AI services.;Identity and Data Security;Authorization;;iam;Automated;FAIL;User scanner-user has the policy IAMUserChangePassword attached.;arn:aws:iam::350381001508:user/scanner-user;iam_policy_attached_only_to_group_or_roles;False;scanner-user/IAMUserChangePassword;AWS-AI-Security-Framework;AWS AI Security Framework;
aws;Security compliance framework based on the AWS AI Security Framework blog post (2025). Organizes controls across three security layers (Infrastructure, Identity & Data, AI Application), three deployment phases (Foundational, Enhanced, Advanced), and three AI use cases (AI that Answers, AI that Connects, AI that Acts). Maps existing Prowler checks to AI workload security requirements and identifies gaps requiring new checks.;350381001508;us-east-1;2026-08-01 19:04:21.788096;AISF-IAM-02;Ensure least-privilege access is enforced for all AI service identities. No administrative privileges should be attached to IAM entities that interact with Bedrock, SageMaker, or other AI services.;Identity and Data Security;Authorization;;iam;Automated;FAIL;User test-user has the policy IAMUserChangePassword attached.;arn:aws:iam::350381001508:user/test-user;iam_policy_attached_only_to_group_or_roles;False;test-user/IAMUserChangePassword;AWS-AI-Security-Framework;AWS AI Security Framework;
aws;Security compliance framework based on the AWS AI Security Framework blog post (2025). Organizes controls across three security layers (Infrastructure, Identity & Data, AI Application), three deployment phases (Foundational, Enhanced, Advanced), and three AI use cases (AI that Answers, AI that Connects, AI that Acts). Maps existing Prowler checks to AI workload security requirements and identifies gaps requiring new checks.;350381001508;us-east-1;2026-08-01 19:04:21.788096;AISF-IAM-05;Ensure IAM roles used for AI services prevent cross-service confused deputy attacks and stale access to Bedrock and SageMaker is reviewed regularly.;Identity and Data Security;Service Roles;;iam;Automated;PASS;IAM Role AWSServiceRoleForResourceExplorer accessed Bedrock 2 days ago (threshold: 60 days).;arn:aws:iam::350381001508:role/aws-service-role/resource-explorer-2.amazonaws.com/AWSServiceRoleForResourceExplorer;iam_role_access_not_stale_to_bedrock;False;AWSServiceRoleForResourceExplorer;AWS-AI-Security-Framework;AWS AI Security Framework;
aws;Security compliance framework based on the AWS AI Security Framework blog post (2025). Organizes controls across three security layers (Infrastructure, Identity & Data, AI Application), three deployment phases (Foundational, Enhanced, Advanced), and three AI use cases (AI that Answers, AI that Connects, AI that Acts). Maps existing Prowler checks to AI workload security requirements and identifies gaps requiring new checks.;350381001508;us-east-1;2026-08-01 19:04:21.788096;AISF-IAM-05;Ensure IAM roles used for AI services prevent cross-service confused deputy attacks and stale access to Bedrock and SageMaker is reviewed regularly.;Identity and Data Security;Service Roles;;iam;Automated;FAIL;IAM Role AWSServiceRoleForSupport has Bedrock permissions but has never used them.;arn:aws:iam::350381001508:role/aws-service-role/support.amazonaws.com/AWSServiceRoleForSupport;iam_role_access_not_stale_to_bedrock;False;AWSServiceRoleForSupport;AWS-AI-Security-Framework;AWS AI Security Framework;
aws;Security compliance framework based on the AWS AI Security Framework blog post (2025). Organizes controls across three security layers (Infrastructure, Identity & Data, AI Application), three deployment phases (Foundational, Enhanced, Advanced), and three AI use cases (AI that Answers, AI that Connects, AI that Acts). Maps existing Prowler checks to AI workload security requirements and identifies gaps requiring new checks.;350381001508;us-east-1;2026-08-01 19:04:21.788096;AISF-IAM-01;Ensure MFA is enforced for all users accessing AI services, including root account hardware MFA, IAM user MFA for console access, and Cognito user pool MFA for AI application end users.;Identity and Data Security;Authentication;;iam;Automated;FAIL;Root account has a virtual MFA instead of a hardware MFA device enabled.;arn:aws:iam::350381001508:mfa;iam_root_hardware_mfa_enabled;False;<root_account>;AWS-AI-Security-Framework;AWS AI Security Framework;
aws;Security compliance framework based on the AWS AI Security Framework blog post (2025). Organizes controls across three security layers (Infrastructure, Identity & Data, AI Application), three deployment phases (Foundational, Enhanced, Advanced), and three AI use cases (AI that Answers, AI that Connects, AI that Acts). Maps existing Prowler checks to AI workload security requirements and identifies gaps requiring new checks.;350381001508;us-east-1;2026-08-01 19:04:21.788096;AISF-IAM-01;Ensure MFA is enforced for all users accessing AI services, including root account hardware MFA, IAM user MFA for console access, and Cognito user pool MFA for AI application end users.;Identity and Data Security;Authentication;;iam;Automated;PASS;MFA is enabled for root account.;arn:aws:iam::350381001508:root;iam_root_mfa_enabled;False;<root_account>;AWS-AI-Security-Framework;AWS AI Security Framework;
aws;Security compliance framework based on the AWS AI Security Framework blog post (2025). Organizes controls across three security layers (Infrastructure, Identity & Data, AI Application), three deployment phases (Foundational, Enhanced, Advanced), and three AI use cases (AI that Answers, AI that Connects, AI that Acts). Maps existing Prowler checks to AI workload security requirements and identifies gaps requiring new checks.;350381001508;us-east-1;2026-08-01 19:04:21.788096;AISF-IAM-03;Ensure temporary and scoped credentials are used for AI service access. Long-term access keys should be avoided, rotated within 90 days when necessary, and unused keys should be disabled.;Identity and Data Security;Credential Management;;iam;Automated;PASS;User <root_account> does not have access keys.;arn:aws:iam::350381001508:root;iam_rotate_access_key_90_days;False;<root_account>;AWS-AI-Security-Framework;AWS AI Security Framework;
aws;Security compliance framework based on the AWS AI Security Framework blog post (2025). Organizes controls across three security layers (Infrastructure, Identity & Data, AI Application), three deployment phases (Foundational, Enhanced, Advanced), and three AI use cases (AI that Answers, AI that Connects, AI that Acts). Maps existing Prowler checks to AI workload security requirements and identifies gaps requiring new checks.;350381001508;us-east-1;2026-08-01 19:04:21.788096;AISF-IAM-03;Ensure temporary and scoped credentials are used for AI service access. Long-term access keys should be avoided, rotated within 90 days when necessary, and unused keys should be disabled.;Identity and Data Security;Credential Management;;iam;Automated;PASS;User research-admin does not have access keys.;arn:aws:iam::350381001508:user/research-admin;iam_rotate_access_key_90_days;False;research-admin;AWS-AI-Security-Framework;AWS AI Security Framework;
aws;Security compliance framework based on the AWS AI Security Framework blog post (2025). Organizes controls across three security layers (Infrastructure, Identity & Data, AI Application), three deployment phases (Foundational, Enhanced, Advanced), and three AI use cases (AI that Answers, AI that Connects, AI that Acts). Maps existing Prowler checks to AI workload security requirements and identifies gaps requiring new checks.;350381001508;us-east-1;2026-08-01 19:04:21.788096;AISF-IAM-03;Ensure temporary and scoped credentials are used for AI service access. Long-term access keys should be avoided, rotated within 90 days when necessary, and unused keys should be disabled.;Identity and Data Security;Credential Management;;iam;Automated;PASS;User scanner-user does not have access keys older than 90 days.;arn:aws:iam::350381001508:user/scanner-user;iam_rotate_access_key_90_days;False;scanner-user;AWS-AI-Security-Framework;AWS AI Security Framework;
aws;Security compliance framework based on the AWS AI Security Framework blog post (2025). Organizes controls across three security layers (Infrastructure, Identity & Data, AI Application), three deployment phases (Foundational, Enhanced, Advanced), and three AI use cases (AI that Answers, AI that Connects, AI that Acts). Maps existing Prowler checks to AI workload security requirements and identifies gaps requiring new checks.;350381001508;us-east-1;2026-08-01 19:04:21.788096;AISF-IAM-03;Ensure temporary and scoped credentials are used for AI service access. Long-term access keys should be avoided, rotated within 90 days when necessary, and unused keys should be disabled.;Identity and Data Security;Credential Management;;iam;Automated;PASS;User test-user does not have access keys older than 90 days.;arn:aws:iam::350381001508:user/test-user;iam_rotate_access_key_90_days;False;test-user;AWS-AI-Security-Framework;AWS AI Security Framework;
aws;Security compliance framework based on the AWS AI Security Framework blog post (2025). Organizes controls across three security layers (Infrastructure, Identity & Data, AI Application), three deployment phases (Foundational, Enhanced, Advanced), and three AI use cases (AI that Answers, AI that Connects, AI that Acts). Maps existing Prowler checks to AI workload security requirements and identifies gaps requiring new checks.;350381001508;us-east-1;2026-08-01 19:04:21.788096;AISF-IAM-05;Ensure IAM roles used for AI services prevent cross-service confused deputy attacks and stale access to Bedrock and SageMaker is reviewed regularly.;Identity and Data Security;Service Roles;;iam;Automated;FAIL;IAM User research-admin has Bedrock permissions but has never used them.;arn:aws:iam::350381001508:user/research-admin;iam_user_access_not_stale_to_bedrock;False;research-admin;AWS-AI-Security-Framework;AWS AI Security Framework;
aws;Security compliance framework based on the AWS AI Security Framework blog post (2025). Organizes controls across three security layers (Infrastructure, Identity & Data, AI Application), three deployment phases (Foundational, Enhanced, Advanced), and three AI use cases (AI that Answers, AI that Connects, AI that Acts). Maps existing Prowler checks to AI workload security requirements and identifies gaps requiring new checks.;350381001508;us-east-1;2026-08-01 19:04:21.788096;AISF-IAM-05;Ensure IAM roles used for AI services prevent cross-service confused deputy attacks and stale access to Bedrock and SageMaker is reviewed regularly.;Identity and Data Security;Service Roles;;iam;Automated;PASS;IAM User scanner-user accessed Bedrock 0 days ago (threshold: 60 days).;arn:aws:iam::350381001508:user/scanner-user;iam_user_access_not_stale_to_bedrock;False;scanner-user;AWS-AI-Security-Framework;AWS AI Security Framework;
aws;Security compliance framework based on the AWS AI Security Framework blog post (2025). Organizes controls across three security layers (Infrastructure, Identity & Data, AI Application), three deployment phases (Foundational, Enhanced, Advanced), and three AI use cases (AI that Answers, AI that Connects, AI that Acts). Maps existing Prowler checks to AI workload security requirements and identifies gaps requiring new checks.;350381001508;us-east-1;2026-08-01 19:04:21.788096;AISF-IAM-05;Ensure IAM roles used for AI services prevent cross-service confused deputy attacks and stale access to Bedrock and SageMaker is reviewed regularly.;Identity and Data Security;Service Roles;;iam;Automated;FAIL;IAM User test-user has Bedrock permissions but has never used them.;arn:aws:iam::350381001508:user/test-user;iam_user_access_not_stale_to_bedrock;False;test-user;AWS-AI-Security-Framework;AWS AI Security Framework;
aws;Security compliance framework based on the AWS AI Security Framework blog post (2025). Organizes controls across three security layers (Infrastructure, Identity & Data, AI Application), three deployment phases (Foundational, Enhanced, Advanced), and three AI use cases (AI that Answers, AI that Connects, AI that Acts). Maps existing Prowler checks to AI workload security requirements and identifies gaps requiring new checks.;350381001508;us-east-1;2026-08-01 19:04:21.788096;AISF-IAM-03;Ensure temporary and scoped credentials are used for AI service access. Long-term access keys should be avoided, rotated within 90 days when necessary, and unused keys should be disabled.;Identity and Data Security;Credential Management;;iam;Automated;PASS;User <root_account> does not have access keys.;arn:aws:iam::350381001508:root;iam_user_accesskey_unused;False;<root_account>;AWS-AI-Security-Framework;AWS AI Security Framework;
aws;Security compliance framework based on the AWS AI Security Framework blog post (2025). Organizes controls across three security layers (Infrastructure, Identity & Data, AI Application), three deployment phases (Foundational, Enhanced, Advanced), and three AI use cases (AI that Answers, AI that Connects, AI that Acts). Maps existing Prowler checks to AI workload security requirements and identifies gaps requiring new checks.;350381001508;us-east-1;2026-08-01 19:04:21.788096;AISF-IAM-03;Ensure temporary and scoped credentials are used for AI service access. Long-term access keys should be avoided, rotated within 90 days when necessary, and unused keys should be disabled.;Identity and Data Security;Credential Management;;iam;Automated;PASS;User research-admin does not have access keys.;arn:aws:iam::350381001508:user/research-admin;iam_user_accesskey_unused;False;research-admin;AWS-AI-Security-Framework;AWS AI Security Framework;
aws;Security compliance framework based on the AWS AI Security Framework blog post (2025). Organizes controls across three security layers (Infrastructure, Identity & Data, AI Application), three deployment phases (Foundational, Enhanced, Advanced), and three AI use cases (AI that Answers, AI that Connects, AI that Acts). Maps existing Prowler checks to AI workload security requirements and identifies gaps requiring new checks.;350381001508;us-east-1;2026-08-01 19:04:21.788096;AISF-IAM-03;Ensure temporary and scoped credentials are used for AI service access. Long-term access keys should be avoided, rotated within 90 days when necessary, and unused keys should be disabled.;Identity and Data Security;Credential Management;;iam;Automated;PASS;User scanner-user does not have unused access keys for 45 days.;arn:aws:iam::350381001508:user/scanner-user;iam_user_accesskey_unused;False;scanner-user;AWS-AI-Security-Framework;AWS AI Security Framework;
aws;Security compliance framework based on the AWS AI Security Framework blog post (2025). Organizes controls across three security layers (Infrastructure, Identity & Data, AI Application), three deployment phases (Foundational, Enhanced, Advanced), and three AI use cases (AI that Answers, AI that Connects, AI that Acts). Maps existing Prowler checks to AI workload security requirements and identifies gaps requiring new checks.;350381001508;us-east-1;2026-08-01 19:04:21.788096;AISF-IAM-03;Ensure temporary and scoped credentials are used for AI service access. Long-term access keys should be avoided, rotated within 90 days when necessary, and unused keys should be disabled.;Identity and Data Security;Credential Management;;iam;Automated;PASS;User test-user does not have unused access keys for 45 days.;arn:aws:iam::350381001508:user/test-user;iam_user_accesskey_unused;False;test-user;AWS-AI-Security-Framework;AWS AI Security Framework;
aws;Security compliance framework based on the AWS AI Security Framework blog post (2025). Organizes controls across three security layers (Infrastructure, Identity & Data, AI Application), three deployment phases (Foundational, Enhanced, Advanced), and three AI use cases (AI that Answers, AI that Connects, AI that Acts). Maps existing Prowler checks to AI workload security requirements and identifies gaps requiring new checks.;350381001508;us-east-1;2026-08-01 19:04:21.788096;AISF-IAM-02;Ensure least-privilege access is enforced for all AI service identities. No administrative privileges should be attached to IAM entities that interact with Bedrock, SageMaker, or other AI services.;Identity and Data Security;Authorization;;iam;Automated;PASS;IAM User research-admin does not have AdministratorAccess policy.;arn:aws:iam::350381001508:user/research-admin;iam_user_administrator_access_policy;False;research-admin;AWS-AI-Security-Framework;AWS AI Security Framework;
aws;Security compliance framework based on the AWS AI Security Framework blog post (2025). Organizes controls across three security layers (Infrastructure, Identity & Data, AI Application), three deployment phases (Foundational, Enhanced, Advanced), and three AI use cases (AI that Answers, AI that Connects, AI that Acts). Maps existing Prowler checks to AI workload security requirements and identifies gaps requiring new checks.;350381001508;us-east-1;2026-08-01 19:04:21.788096;AISF-IAM-02;Ensure least-privilege access is enforced for all AI service identities. No administrative privileges should be attached to IAM entities that interact with Bedrock, SageMaker, or other AI services.;Identity and Data Security;Authorization;;iam;Automated;PASS;IAM User scanner-user does not have AdministratorAccess policy.;arn:aws:iam::350381001508:user/scanner-user;iam_user_administrator_access_policy;False;scanner-user;AWS-AI-Security-Framework;AWS AI Security Framework;
aws;Security compliance framework based on the AWS AI Security Framework blog post (2025). Organizes controls across three security layers (Infrastructure, Identity & Data, AI Application), three deployment phases (Foundational, Enhanced, Advanced), and three AI use cases (AI that Answers, AI that Connects, AI that Acts). Maps existing Prowler checks to AI workload security requirements and identifies gaps requiring new checks.;350381001508;us-east-1;2026-08-01 19:04:21.788096;AISF-IAM-02;Ensure least-privilege access is enforced for all AI service identities. No administrative privileges should be attached to IAM entities that interact with Bedrock, SageMaker, or other AI services.;Identity and Data Security;Authorization;;iam;Automated;PASS;IAM User test-user does not have AdministratorAccess policy.;arn:aws:iam::350381001508:user/test-user;iam_user_administrator_access_policy;False;test-user;AWS-AI-Security-Framework;AWS AI Security Framework;
aws;Security compliance framework based on the AWS AI Security Framework blog post (2025). Organizes controls across three security layers (Infrastructure, Identity & Data, AI Application), three deployment phases (Foundational, Enhanced, Advanced), and three AI use cases (AI that Answers, AI that Connects, AI that Acts). Maps existing Prowler checks to AI workload security requirements and identifies gaps requiring new checks.;350381001508;us-east-1;2026-08-01 19:04:21.788096;AISF-IAM-03;Ensure temporary and scoped credentials are used for AI service access. Long-term access keys should be avoided, rotated within 90 days when necessary, and unused keys should be disabled.;Identity and Data Security;Credential Management;;iam;Automated;PASS;User research-admin does not have console access enabled or is unused.;arn:aws:iam::350381001508:user/research-admin;iam_user_console_access_unused;False;research-admin;AWS-AI-Security-Framework;AWS AI Security Framework;
aws;Security compliance framework based on the AWS AI Security Framework blog post (2025). Organizes controls across three security layers (Infrastructure, Identity & Data, AI Application), three deployment phases (Foundational, Enhanced, Advanced), and three AI use cases (AI that Answers, AI that Connects, AI that Acts). Maps existing Prowler checks to AI workload security requirements and identifies gaps requiring new checks.;350381001508;us-east-1;2026-08-01 19:04:21.788096;AISF-IAM-03;Ensure temporary and scoped credentials are used for AI service access. Long-term access keys should be avoided, rotated within 90 days when necessary, and unused keys should be disabled.;Identity and Data Security;Credential Management;;iam;Automated;PASS;User scanner-user does not have console access enabled or is unused.;arn:aws:iam::350381001508:user/scanner-user;iam_user_console_access_unused;False;scanner-user;AWS-AI-Security-Framework;AWS AI Security Framework;
aws;Security compliance framework based on the AWS AI Security Framework blog post (2025). Organizes controls across three security layers (Infrastructure, Identity & Data, AI Application), three deployment phases (Foundational, Enhanced, Advanced), and three AI use cases (AI that Answers, AI that Connects, AI that Acts). Maps existing Prowler checks to AI workload security requirements and identifies gaps requiring new checks.;350381001508;us-east-1;2026-08-01 19:04:21.788096;AISF-IAM-03;Ensure temporary and scoped credentials are used for AI service access. Long-term access keys should be avoided, rotated within 90 days when necessary, and unused keys should be disabled.;Identity and Data Security;Credential Management;;iam;Automated;PASS;User test-user does not have console access enabled or is unused.;arn:aws:iam::350381001508:user/test-user;iam_user_console_access_unused;False;test-user;AWS-AI-Security-Framework;AWS AI Security Framework;
aws;Security compliance framework based on the AWS AI Security Framework blog post (2025). Organizes controls across three security layers (Infrastructure, Identity & Data, AI Application), three deployment phases (Foundational, Enhanced, Advanced), and three AI use cases (AI that Answers, AI that Connects, AI that Acts). Maps existing Prowler checks to AI workload security requirements and identifies gaps requiring new checks.;350381001508;us-east-1;2026-08-01 19:04:21.788096;AISF-IAM-01;Ensure MFA is enforced for all users accessing AI services, including root account hardware MFA, IAM user MFA for console access, and Cognito user pool MFA for AI application end users.;Identity and Data Security;Authentication;;iam;Automated;PASS;User research-admin has hardware MFA enabled.;arn:aws:iam::350381001508:user/research-admin;iam_user_hardware_mfa_enabled;False;research-admin;AWS-AI-Security-Framework;AWS AI Security Framework;
aws;Security compliance framework based on the AWS AI Security Framework blog post (2025). Organizes controls across three security layers (Infrastructure, Identity & Data, AI Application), three deployment phases (Foundational, Enhanced, Advanced), and three AI use cases (AI that Answers, AI that Connects, AI that Acts). Maps existing Prowler checks to AI workload security requirements and identifies gaps requiring new checks.;350381001508;us-east-1;2026-08-01 19:04:21.788096;AISF-IAM-01;Ensure MFA is enforced for all users accessing AI services, including root account hardware MFA, IAM user MFA for console access, and Cognito user pool MFA for AI application end users.;Identity and Data Security;Authentication;;iam;Automated;PASS;User scanner-user has hardware MFA enabled.;arn:aws:iam::350381001508:user/scanner-user;iam_user_hardware_mfa_enabled;False;scanner-user;AWS-AI-Security-Framework;AWS AI Security Framework;
aws;Security compliance framework based on the AWS AI Security Framework blog post (2025). Organizes controls across three security layers (Infrastructure, Identity & Data, AI Application), three deployment phases (Foundational, Enhanced, Advanced), and three AI use cases (AI that Answers, AI that Connects, AI that Acts). Maps existing Prowler checks to AI workload security requirements and identifies gaps requiring new checks.;350381001508;us-east-1;2026-08-01 19:04:21.788096;AISF-IAM-01;Ensure MFA is enforced for all users accessing AI services, including root account hardware MFA, IAM user MFA for console access, and Cognito user pool MFA for AI application end users.;Identity and Data Security;Authentication;;iam;Automated;FAIL;User test-user does not have any type of MFA enabled.;arn:aws:iam::350381001508:user/test-user;iam_user_hardware_mfa_enabled;False;test-user;AWS-AI-Security-Framework;AWS AI Security Framework;
aws;Security compliance framework based on the AWS AI Security Framework blog post (2025). Organizes controls across three security layers (Infrastructure, Identity & Data, AI Application), three deployment phases (Foundational, Enhanced, Advanced), and three AI use cases (AI that Answers, AI that Connects, AI that Acts). Maps existing Prowler checks to AI workload security requirements and identifies gaps requiring new checks.;350381001508;us-east-1;2026-08-01 19:04:21.788096;AISF-IAM-01;Ensure MFA is enforced for all users accessing AI services, including root account hardware MFA, IAM user MFA for console access, and Cognito user pool MFA for AI application end users.;Identity and Data Security;Authentication;;iam;Automated;PASS;User research-admin has Console Password enabled and MFA enabled.;arn:aws:iam::350381001508:user/research-admin;iam_user_mfa_enabled_console_access;False;research-admin;AWS-AI-Security-Framework;AWS AI Security Framework;
aws;Security compliance framework based on the AWS AI Security Framework blog post (2025). Organizes controls across three security layers (Infrastructure, Identity & Data, AI Application), three deployment phases (Foundational, Enhanced, Advanced), and three AI use cases (AI that Answers, AI that Connects, AI that Acts). Maps existing Prowler checks to AI workload security requirements and identifies gaps requiring new checks.;350381001508;us-east-1;2026-08-01 19:04:21.788096;AISF-IAM-01;Ensure MFA is enforced for all users accessing AI services, including root account hardware MFA, IAM user MFA for console access, and Cognito user pool MFA for AI application end users.;Identity and Data Security;Authentication;;iam;Automated;PASS;User scanner-user has Console Password enabled and MFA enabled.;arn:aws:iam::350381001508:user/scanner-user;iam_user_mfa_enabled_console_access;False;scanner-user;AWS-AI-Security-Framework;AWS AI Security Framework;
aws;Security compliance framework based on the AWS AI Security Framework blog post (2025). Organizes controls across three security layers (Infrastructure, Identity & Data, AI Application), three deployment phases (Foundational, Enhanced, Advanced), and three AI use cases (AI that Answers, AI that Connects, AI that Acts). Maps existing Prowler checks to AI workload security requirements and identifies gaps requiring new checks.;350381001508;us-east-1;2026-08-01 19:04:21.788096;AISF-IAM-01;Ensure MFA is enforced for all users accessing AI services, including root account hardware MFA, IAM user MFA for console access, and Cognito user pool MFA for AI application end users.;Identity and Data Security;Authentication;;iam;Automated;FAIL;User test-user has Console Password enabled but MFA disabled.;arn:aws:iam::350381001508:user/test-user;iam_user_mfa_enabled_console_access;False;test-user;AWS-AI-Security-Framework;AWS AI Security Framework;
aws;Security compliance framework based on the AWS AI Security Framework blog post (2025). Organizes controls across three security layers (Infrastructure, Identity & Data, AI Application), three deployment phases (Foundational, Enhanced, Advanced), and three AI use cases (AI that Answers, AI that Connects, AI that Acts). Maps existing Prowler checks to AI workload security requirements and identifies gaps requiring new checks.;350381001508;us-east-1;2026-08-01 19:04:21.788096;AISF-IAM-03;Ensure temporary and scoped credentials are used for AI service access. Long-term access keys should be avoided, rotated within 90 days when necessary, and unused keys should be disabled.;Identity and Data Security;Credential Management;;iam;Automated;PASS;User <root_account> does not have access keys or uses the access keys configured.;arn:aws:iam::350381001508:root;iam_user_no_setup_initial_access_key;False;<root_account>;AWS-AI-Security-Framework;AWS AI Security Framework;
aws;Security compliance framework based on the AWS AI Security Framework blog post (2025). Organizes controls across three security layers (Infrastructure, Identity & Data, AI Application), three deployment phases (Foundational, Enhanced, Advanced), and three AI use cases (AI that Answers, AI that Connects, AI that Acts). Maps existing Prowler checks to AI workload security requirements and identifies gaps requiring new checks.;350381001508;us-east-1;2026-08-01 19:04:21.788096;AISF-IAM-03;Ensure temporary and scoped credentials are used for AI service access. Long-term access keys should be avoided, rotated within 90 days when necessary, and unused keys should be disabled.;Identity and Data Security;Credential Management;;iam;Automated;PASS;User research-admin does not have access keys or uses the access keys configured.;arn:aws:iam::350381001508:user/research-admin;iam_user_no_setup_initial_access_key;False;research-admin;AWS-AI-Security-Framework;AWS AI Security Framework;
aws;Security compliance framework based on the AWS AI Security Framework blog post (2025). Organizes controls across three security layers (Infrastructure, Identity & Data, AI Application), three deployment phases (Foundational, Enhanced, Advanced), and three AI use cases (AI that Answers, AI that Connects, AI that Acts). Maps existing Prowler checks to AI workload security requirements and identifies gaps requiring new checks.;350381001508;us-east-1;2026-08-01 19:04:21.788096;AISF-IAM-03;Ensure temporary and scoped credentials are used for AI service access. Long-term access keys should be avoided, rotated within 90 days when necessary, and unused keys should be disabled.;Identity and Data Security;Credential Management;;iam;Automated;PASS;User scanner-user does not have access keys or uses the access keys configured.;arn:aws:iam::350381001508:user/scanner-user;iam_user_no_setup_initial_access_key;False;scanner-user;AWS-AI-Security-Framework;AWS AI Security Framework;
aws;Security compliance framework based on the AWS AI Security Framework blog post (2025). Organizes controls across three security layers (Infrastructure, Identity & Data, AI Application), three deployment phases (Foundational, Enhanced, Advanced), and three AI use cases (AI that Answers, AI that Connects, AI that Acts). Maps existing Prowler checks to AI workload security requirements and identifies gaps requiring new checks.;350381001508;us-east-1;2026-08-01 19:04:21.788096;AISF-IAM-03;Ensure temporary and scoped credentials are used for AI service access. Long-term access keys should be avoided, rotated within 90 days when necessary, and unused keys should be disabled.;Identity and Data Security;Credential Management;;iam;Automated;FAIL;User test-user has never used access key 1.;arn:aws:iam::350381001508:user/test-user;iam_user_no_setup_initial_access_key;False;test-user;AWS-AI-Security-Framework;AWS AI Security Framework;
aws;Security compliance framework based on the AWS AI Security Framework blog post (2025). Organizes controls across three security layers (Infrastructure, Identity & Data, AI Application), three deployment phases (Foundational, Enhanced, Advanced), and three AI use cases (AI that Answers, AI that Connects, AI that Acts). Maps existing Prowler checks to AI workload security requirements and identifies gaps requiring new checks.;350381001508;us-east-1;2026-08-01 19:04:21.788096;AISF-IAM-03;Ensure temporary and scoped credentials are used for AI service access. Long-term access keys should be avoided, rotated within 90 days when necessary, and unused keys should be disabled.;Identity and Data Security;Credential Management;;iam;Automated;PASS;User <root_account> does not have 2 active access keys.;arn:aws:iam::350381001508:root;iam_user_two_active_access_key;False;<root_account>;AWS-AI-Security-Framework;AWS AI Security Framework;
aws;Security compliance framework based on the AWS AI Security Framework blog post (2025). Organizes controls across three security layers (Infrastructure, Identity & Data, AI Application), three deployment phases (Foundational, Enhanced, Advanced), and three AI use cases (AI that Answers, AI that Connects, AI that Acts). Maps existing Prowler checks to AI workload security requirements and identifies gaps requiring new checks.;350381001508;us-east-1;2026-08-01 19:04:21.788096;AISF-IAM-03;Ensure temporary and scoped credentials are used for AI service access. Long-term access keys should be avoided, rotated within 90 days when necessary, and unused keys should be disabled.;Identity and Data Security;Credential Management;;iam;Automated;PASS;User research-admin does not have 2 active access keys.;arn:aws:iam::350381001508:user/research-admin;iam_user_two_active_access_key;False;research-admin;AWS-AI-Security-Framework;AWS AI Security Framework;
aws;Security compliance framework based on the AWS AI Security Framework blog post (2025). Organizes controls across three security layers (Infrastructure, Identity & Data, AI Application), three deployment phases (Foundational, Enhanced, Advanced), and three AI use cases (AI that Answers, AI that Connects, AI that Acts). Maps existing Prowler checks to AI workload security requirements and identifies gaps requiring new checks.;350381001508;us-east-1;2026-08-01 19:04:21.788096;AISF-IAM-03;Ensure temporary and scoped credentials are used for AI service access. Long-term access keys should be avoided, rotated within 90 days when necessary, and unused keys should be disabled.;Identity and Data Security;Credential Management;;iam;Automated;PASS;User scanner-user does not have 2 active access keys.;arn:aws:iam::350381001508:user/scanner-user;iam_user_two_active_access_key;False;scanner-user;AWS-AI-Security-Framework;AWS AI Security Framework;
aws;Security compliance framework based on the AWS AI Security Framework blog post (2025). Organizes controls across three security layers (Infrastructure, Identity & Data, AI Application), three deployment phases (Foundational, Enhanced, Advanced), and three AI use cases (AI that Answers, AI that Connects, AI that Acts). Maps existing Prowler checks to AI workload security requirements and identifies gaps requiring new checks.;350381001508;us-east-1;2026-08-01 19:04:21.788096;AISF-IAM-03;Ensure temporary and scoped credentials are used for AI service access. Long-term access keys should be avoided, rotated within 90 days when necessary, and unused keys should be disabled.;Identity and Data Security;Credential Management;;iam;Automated;PASS;User test-user does not have 2 active access keys.;arn:aws:iam::350381001508:user/test-user;iam_user_two_active_access_key;False;test-user;AWS-AI-Security-Framework;AWS AI Security Framework;
aws;Security compliance framework based on the AWS AI Security Framework blog post (2025). Organizes controls across three security layers (Infrastructure, Identity & Data, AI Application), three deployment phases (Foundational, Enhanced, Advanced), and three AI use cases (AI that Answers, AI that Connects, AI that Acts). Maps existing Prowler checks to AI workload security requirements and identifies gaps requiring new checks.;350381001508;us-east-1;2026-08-01 19:04:21.788096;AISF-IAM-03;Ensure temporary and scoped credentials are used for AI service access. Long-term access keys should be avoided, rotated within 90 days when necessary, and unused keys should be disabled.;Identity and Data Security;Credential Management;;iam;Automated;PASS;User research-admin doesn't have long lived credentials with access to other services than IAM or STS.;arn:aws:iam::350381001508:user/research-admin;iam_user_with_temporary_credentials;False;research-admin;AWS-AI-Security-Framework;AWS AI Security Framework;
aws;Security compliance framework based on the AWS AI Security Framework blog post (2025). Organizes controls across three security layers (Infrastructure, Identity & Data, AI Application), three deployment phases (Foundational, Enhanced, Advanced), and three AI use cases (AI that Answers, AI that Connects, AI that Acts). Maps existing Prowler checks to AI workload security requirements and identifies gaps requiring new checks.;350381001508;us-east-1;2026-08-01 19:04:21.788096;AISF-IAM-03;Ensure temporary and scoped credentials are used for AI service access. Long-term access keys should be avoided, rotated within 90 days when necessary, and unused keys should be disabled.;Identity and Data Security;Credential Management;;iam;Automated;FAIL;User scanner-user has long lived credentials with access to other services than IAM or STS.;arn:aws:iam::350381001508:user/scanner-user;iam_user_with_temporary_credentials;False;scanner-user;AWS-AI-Security-Framework;AWS AI Security Framework;
aws;Security compliance framework based on the AWS AI Security Framework blog post (2025). Organizes controls across three security layers (Infrastructure, Identity & Data, AI Application), three deployment phases (Foundational, Enhanced, Advanced), and three AI use cases (AI that Answers, AI that Connects, AI that Acts). Maps existing Prowler checks to AI workload security requirements and identifies gaps requiring new checks.;350381001508;us-east-1;2026-08-01 19:04:21.788096;AISF-IAM-03;Ensure temporary and scoped credentials are used for AI service access. Long-term access keys should be avoided, rotated within 90 days when necessary, and unused keys should be disabled.;Identity and Data Security;Credential Management;;iam;Automated;FAIL;User test-user has long lived credentials with access to other services than IAM or STS.;arn:aws:iam::350381001508:user/test-user;iam_user_with_temporary_credentials;False;test-user;AWS-AI-Security-Framework;AWS AI Security Framework;
aws;Security compliance framework based on the AWS AI Security Framework blog post (2025). Organizes controls across three security layers (Infrastructure, Identity & Data, AI Application), three deployment phases (Foundational, Enhanced, Advanced), and three AI use cases (AI that Answers, AI that Connects, AI that Acts). Maps existing Prowler checks to AI workload security requirements and identifies gaps requiring new checks.;350381001508;us-east-1;2026-08-01 19:04:21.788096;AISF-INFRA-02;Ensure VPCs have Network Firewall enabled to inspect and filter AI workload traffic, with logging, multi-AZ deployment, and proper default actions for both full and fragmented packets.;Infrastructure Security;Network Firewall;;networkfirewall;Automated;FAIL;VPC research-vpc does not have Network Firewall enabled.;arn:aws:ec2:us-east-1:350381001508:vpc/vpc-081d4be98bcc01b9b;networkfirewall_in_all_vpc;False;vpc-081d4be98bcc01b9b;AWS-AI-Security-Framework;AWS AI Security Framework;
aws;Security compliance framework based on the AWS AI Security Framework blog post (2025). Organizes controls across three security layers (Infrastructure, Identity & Data, AI Application), three deployment phases (Foundational, Enhanced, Advanced), and three AI use cases (AI that Answers, AI that Connects, AI that Acts). Maps existing Prowler checks to AI workload security requirements and identifies gaps requiring new checks.;350381001508;us-east-1;2026-08-01 19:04:21.788096;AISF-GOV-02;Ensure the AWS account is part of an AWS Organization with proper governance controls including SCPs to restrict operations to approved regions and delegated administrators are trusted.;Governance and Compliance;Account Governance;;organizations;Automated;FAIL;AWS Organizations is not in-use for this AWS Account.;arn:aws:organizations::350381001508:unknown;organizations_account_part_of_organizations;False;unknown;AWS-AI-Security-Framework;AWS AI Security Framework;
aws;Security compliance framework based on the AWS AI Security Framework blog post (2025). Organizes controls across three security layers (Infrastructure, Identity & Data, AI Application), three deployment phases (Foundational, Enhanced, Advanced), and three AI use cases (AI that Answers, AI that Connects, AI that Acts). Maps existing Prowler checks to AI workload security requirements and identifies gaps requiring new checks.;350381001508;us-east-1;2026-08-01 19:04:21.788096;AISF-DATA-06;Ensure the AWS Organization has opted out of all AI services data usage and child accounts cannot override this policy, preventing AWS from using customer data for AI service improvement.;Identity and Data Security;Data Governance;;organizations;Automated;FAIL;AWS Organizations is not in-use for this AWS Account.;arn:aws:organizations::350381001508:unknown;organizations_opt_out_ai_services_policy;False;unknown;AWS-AI-Security-Framework;AWS AI Security Framework;
aws;Security compliance framework based on the AWS AI Security Framework blog post (2025). Organizes controls across three security layers (Infrastructure, Identity & Data, AI Application), three deployment phases (Foundational, Enhanced, Advanced), and three AI use cases (AI that Answers, AI that Connects, AI that Acts). Maps existing Prowler checks to AI workload security requirements and identifies gaps requiring new checks.;350381001508;us-east-1;2026-08-01 19:04:21.788096;AISF-GOV-02;Ensure the AWS account is part of an AWS Organization with proper governance controls including SCPs to restrict operations to approved regions and delegated administrators are trusted.;Governance and Compliance;Account Governance;;organizations;Automated;FAIL;AWS Organizations is not in-use for this AWS Account.;arn:aws:organizations::350381001508:unknown;organizations_scp_check_deny_regions;False;unknown;AWS-AI-Security-Framework;AWS AI Security Framework;
aws;Security compliance framework based on the AWS AI Security Framework blog post (2025). Organizes controls across three security layers (Infrastructure, Identity & Data, AI Application), three deployment phases (Foundational, Enhanced, Advanced), and three AI use cases (AI that Answers, AI that Connects, AI that Acts). Maps existing Prowler checks to AI workload security requirements and identifies gaps requiring new checks.;350381001508;us-east-1;2026-08-01 19:04:21.788096;AISF-GOV-02;Ensure the AWS account is part of an AWS Organization with proper governance controls including SCPs to restrict operations to approved regions and delegated administrators are trusted.;Governance and Compliance;Account Governance;;organizations;Automated;FAIL;AWS Organizations is not in-use for this AWS Account.;arn:aws:organizations::350381001508:unknown;organizations_tags_policies_enabled_and_attached;False;unknown;AWS-AI-Security-Framework;AWS AI Security Framework;
aws;Security compliance framework based on the AWS AI Security Framework blog post (2025). Organizes controls across three security layers (Infrastructure, Identity & Data, AI Application), three deployment phases (Foundational, Enhanced, Advanced), and three AI use cases (AI that Answers, AI that Connects, AI that Acts). Maps existing Prowler checks to AI workload security requirements and identifies gaps requiring new checks.;350381001508;us-east-1;2026-08-01 19:04:21.788096;AISF-DATA-04;Ensure S3 buckets used for AI training data, model artifacts, RAG knowledge bases, and inference logs have public access blocked, encryption enabled, secure transport enforced, and access logging configured.;Identity and Data Security;Storage Security;;s3;Automated;FAIL;Block Public Access is not configured for the account 350381001508.;arn:aws:s3:us-east-1:350381001508:account;s3_account_level_public_access_blocks;False;350381001508;AWS-AI-Security-Framework;AWS AI Security Framework;
aws;Security compliance framework based on the AWS AI Security Framework blog post (2025). Organizes controls across three security layers (Infrastructure, Identity & Data, AI Application), three deployment phases (Foundational, Enhanced, Advanced), and three AI use cases (AI that Answers, AI that Connects, AI that Acts). Maps existing Prowler checks to AI workload security requirements and identifies gaps requiring new checks.;350381001508;us-east-1;2026-08-01 19:04:21.788096;AISF-DATA-04;Ensure S3 buckets used for AI training data, model artifacts, RAG knowledge bases, and inference logs have public access blocked, encryption enabled, secure transport enforced, and access logging configured.;Identity and Data Security;Storage Security;;s3;Automated;PASS;S3 Bucket aws-cloudtrail-logs-350381001508-dae76776 has bucket ACLs disabled.;arn:aws:s3:::aws-cloudtrail-logs-350381001508-dae76776;s3_bucket_acl_prohibited;False;aws-cloudtrail-logs-350381001508-dae76776;AWS-AI-Security-Framework;AWS AI Security Framework;
aws;Security compliance framework based on the AWS AI Security Framework blog post (2025). Organizes controls across three security layers (Infrastructure, Identity & Data, AI Application), three deployment phases (Foundational, Enhanced, Advanced), and three AI use cases (AI that Answers, AI that Connects, AI that Acts). Maps existing Prowler checks to AI workload security requirements and identifies gaps requiring new checks.;350381001508;us-east-1;2026-08-01 19:04:21.788096;AISF-DATA-04;Ensure S3 buckets used for AI training data, model artifacts, RAG knowledge bases, and inference logs have public access blocked, encryption enabled, secure transport enforced, and access logging configured.;Identity and Data Security;Storage Security;;s3;Automated;PASS;S3 Bucket public-bucket-open has bucket ACLs disabled.;arn:aws:s3:::public-bucket-open;s3_bucket_acl_prohibited;False;public-bucket-open;AWS-AI-Security-Framework;AWS AI Security Framework;
aws;Security compliance framework based on the AWS AI Security Framework blog post (2025). Organizes controls across three security layers (Infrastructure, Identity & Data, AI Application), three deployment phases (Foundational, Enhanced, Advanced), and three AI use cases (AI that Answers, AI that Connects, AI that Acts). Maps existing Prowler checks to AI workload security requirements and identifies gaps requiring new checks.;350381001508;us-east-1;2026-08-01 19:04:21.788096;AISF-DATA-04;Ensure S3 buckets used for AI training data, model artifacts, RAG knowledge bases, and inference logs have public access blocked, encryption enabled, secure transport enforced, and access logging configured.;Identity and Data Security;Storage Security;;s3;Automated;PASS;S3 Bucket research-secure-bucket has bucket ACLs disabled.;arn:aws:s3:::research-secure-bucket;s3_bucket_acl_prohibited;False;research-secure-bucket;AWS-AI-Security-Framework;AWS AI Security Framework;
aws;Security compliance framework based on the AWS AI Security Framework blog post (2025). Organizes controls across three security layers (Infrastructure, Identity & Data, AI Application), three deployment phases (Foundational, Enhanced, Advanced), and three AI use cases (AI that Answers, AI that Connects, AI that Acts). Maps existing Prowler checks to AI workload security requirements and identifies gaps requiring new checks.;350381001508;us-east-1;2026-08-01 19:04:21.788096;AISF-DATA-04;Ensure S3 buckets used for AI training data, model artifacts, RAG knowledge bases, and inference logs have public access blocked, encryption enabled, secure transport enforced, and access logging configured.;Identity and Data Security;Storage Security;;s3;Automated;PASS;S3 Bucket aws-cloudtrail-logs-350381001508-dae76776 has a bucket policy but it does not allow cross account access.;arn:aws:s3:::aws-cloudtrail-logs-350381001508-dae76776;s3_bucket_cross_account_access;False;aws-cloudtrail-logs-350381001508-dae76776;AWS-AI-Security-Framework;AWS AI Security Framework;
aws;Security compliance framework based on the AWS AI Security Framework blog post (2025). Organizes controls across three security layers (Infrastructure, Identity & Data, AI Application), three deployment phases (Foundational, Enhanced, Advanced), and three AI use cases (AI that Answers, AI that Connects, AI that Acts). Maps existing Prowler checks to AI workload security requirements and identifies gaps requiring new checks.;350381001508;us-east-1;2026-08-01 19:04:21.788096;AISF-DATA-04;Ensure S3 buckets used for AI training data, model artifacts, RAG knowledge bases, and inference logs have public access blocked, encryption enabled, secure transport enforced, and access logging configured.;Identity and Data Security;Storage Security;;s3;Automated;FAIL;S3 Bucket public-bucket-open has a bucket policy allowing cross account access.;arn:aws:s3:::public-bucket-open;s3_bucket_cross_account_access;False;public-bucket-open;AWS-AI-Security-Framework;AWS AI Security Framework;
aws;Security compliance framework based on the AWS AI Security Framework blog post (2025). Organizes controls across three security layers (Infrastructure, Identity & Data, AI Application), three deployment phases (Foundational, Enhanced, Advanced), and three AI use cases (AI that Answers, AI that Connects, AI that Acts). Maps existing Prowler checks to AI workload security requirements and identifies gaps requiring new checks.;350381001508;us-east-1;2026-08-01 19:04:21.788096;AISF-DATA-04;Ensure S3 buckets used for AI training data, model artifacts, RAG knowledge bases, and inference logs have public access blocked, encryption enabled, secure transport enforced, and access logging configured.;Identity and Data Security;Storage Security;;s3;Automated;PASS;S3 Bucket research-secure-bucket does not have a bucket policy.;arn:aws:s3:::research-secure-bucket;s3_bucket_cross_account_access;False;research-secure-bucket;AWS-AI-Security-Framework;AWS AI Security Framework;
aws;Security compliance framework based on the AWS AI Security Framework blog post (2025). Organizes controls across three security layers (Infrastructure, Identity & Data, AI Application), three deployment phases (Foundational, Enhanced, Advanced), and three AI use cases (AI that Answers, AI that Connects, AI that Acts). Maps existing Prowler checks to AI workload security requirements and identifies gaps requiring new checks.;350381001508;us-east-1;2026-08-01 19:04:21.788096;AISF-INFRA-05;Ensure all data at rest is encrypted with AES-256 across AI workload storage including S3 buckets, EBS volumes, RDS instances, SageMaker notebooks, and Bedrock prompts using customer-managed KMS keys where possible.;Infrastructure Security;Encryption at Rest;;kms;Automated;PASS;S3 Bucket aws-cloudtrail-logs-350381001508-dae76776 has Server Side Encryption with AES256.;arn:aws:s3:::aws-cloudtrail-logs-350381001508-dae76776;s3_bucket_default_encryption;False;aws-cloudtrail-logs-350381001508-dae76776;AWS-AI-Security-Framework;AWS AI Security Framework;
aws;Security compliance framework based on the AWS AI Security Framework blog post (2025). Organizes controls across three security layers (Infrastructure, Identity & Data, AI Application), three deployment phases (Foundational, Enhanced, Advanced), and three AI use cases (AI that Answers, AI that Connects, AI that Acts). Maps existing Prowler checks to AI workload security requirements and identifies gaps requiring new checks.;350381001508;us-east-1;2026-08-01 19:04:21.788096;AISF-DATA-04;Ensure S3 buckets used for AI training data, model artifacts, RAG knowledge bases, and inference logs have public access blocked, encryption enabled, secure transport enforced, and access logging configured.;Identity and Data Security;Storage Security;;s3;Automated;PASS;S3 Bucket aws-cloudtrail-logs-350381001508-dae76776 has Server Side Encryption with AES256.;arn:aws:s3:::aws-cloudtrail-logs-350381001508-dae76776;s3_bucket_default_encryption;False;aws-cloudtrail-logs-350381001508-dae76776;AWS-AI-Security-Framework;AWS AI Security Framework;
aws;Security compliance framework based on the AWS AI Security Framework blog post (2025). Organizes controls across three security layers (Infrastructure, Identity & Data, AI Application), three deployment phases (Foundational, Enhanced, Advanced), and three AI use cases (AI that Answers, AI that Connects, AI that Acts). Maps existing Prowler checks to AI workload security requirements and identifies gaps requiring new checks.;350381001508;us-east-1;2026-08-01 19:04:21.788096;AISF-INFRA-05;Ensure all data at rest is encrypted with AES-256 across AI workload storage including S3 buckets, EBS volumes, RDS instances, SageMaker notebooks, and Bedrock prompts using customer-managed KMS keys where possible.;Infrastructure Security;Encryption at Rest;;kms;Automated;PASS;S3 Bucket public-bucket-open has Server Side Encryption with AES256.;arn:aws:s3:::public-bucket-open;s3_bucket_default_encryption;False;public-bucket-open;AWS-AI-Security-Framework;AWS AI Security Framework;
aws;Security compliance framework based on the AWS AI Security Framework blog post (2025). Organizes controls across three security layers (Infrastructure, Identity & Data, AI Application), three deployment phases (Foundational, Enhanced, Advanced), and three AI use cases (AI that Answers, AI that Connects, AI that Acts). Maps existing Prowler checks to AI workload security requirements and identifies gaps requiring new checks.;350381001508;us-east-1;2026-08-01 19:04:21.788096;AISF-DATA-04;Ensure S3 buckets used for AI training data, model artifacts, RAG knowledge bases, and inference logs have public access blocked, encryption enabled, secure transport enforced, and access logging configured.;Identity and Data Security;Storage Security;;s3;Automated;PASS;S3 Bucket public-bucket-open has Server Side Encryption with AES256.;arn:aws:s3:::public-bucket-open;s3_bucket_default_encryption;False;public-bucket-open;AWS-AI-Security-Framework;AWS AI Security Framework;
aws;Security compliance framework based on the AWS AI Security Framework blog post (2025). Organizes controls across three security layers (Infrastructure, Identity & Data, AI Application), three deployment phases (Foundational, Enhanced, Advanced), and three AI use cases (AI that Answers, AI that Connects, AI that Acts). Maps existing Prowler checks to AI workload security requirements and identifies gaps requiring new checks.;350381001508;us-east-1;2026-08-01 19:04:21.788096;AISF-INFRA-05;Ensure all data at rest is encrypted with AES-256 across AI workload storage including S3 buckets, EBS volumes, RDS instances, SageMaker notebooks, and Bedrock prompts using customer-managed KMS keys where possible.;Infrastructure Security;Encryption at Rest;;kms;Automated;PASS;S3 Bucket research-secure-bucket has Server Side Encryption with AES256.;arn:aws:s3:::research-secure-bucket;s3_bucket_default_encryption;False;research-secure-bucket;AWS-AI-Security-Framework;AWS AI Security Framework;
aws;Security compliance framework based on the AWS AI Security Framework blog post (2025). Organizes controls across three security layers (Infrastructure, Identity & Data, AI Application), three deployment phases (Foundational, Enhanced, Advanced), and three AI use cases (AI that Answers, AI that Connects, AI that Acts). Maps existing Prowler checks to AI workload security requirements and identifies gaps requiring new checks.;350381001508;us-east-1;2026-08-01 19:04:21.788096;AISF-DATA-04;Ensure S3 buckets used for AI training data, model artifacts, RAG knowledge bases, and inference logs have public access blocked, encryption enabled, secure transport enforced, and access logging configured.;Identity and Data Security;Storage Security;;s3;Automated;PASS;S3 Bucket research-secure-bucket has Server Side Encryption with AES256.;arn:aws:s3:::research-secure-bucket;s3_bucket_default_encryption;False;research-secure-bucket;AWS-AI-Security-Framework;AWS AI Security Framework;
aws;Security compliance framework based on the AWS AI Security Framework blog post (2025). Organizes controls across three security layers (Infrastructure, Identity & Data, AI Application), three deployment phases (Foundational, Enhanced, Advanced), and three AI use cases (AI that Answers, AI that Connects, AI that Acts). Maps existing Prowler checks to AI workload security requirements and identifies gaps requiring new checks.;350381001508;us-east-1;2026-08-01 19:04:21.788096;AISF-INFRA-05;Ensure all data at rest is encrypted with AES-256 across AI workload storage including S3 buckets, EBS volumes, RDS instances, SageMaker notebooks, and Bedrock prompts using customer-managed KMS keys where possible.;Infrastructure Security;Encryption at Rest;;kms;Automated;FAIL;Server Side Encryption is not configured with kms for S3 Bucket aws-cloudtrail-logs-350381001508-dae76776.;arn:aws:s3:::aws-cloudtrail-logs-350381001508-dae76776;s3_bucket_kms_encryption;False;aws-cloudtrail-logs-350381001508-dae76776;AWS-AI-Security-Framework;AWS AI Security Framework;
aws;Security compliance framework based on the AWS AI Security Framework blog post (2025). Organizes controls across three security layers (Infrastructure, Identity & Data, AI Application), three deployment phases (Foundational, Enhanced, Advanced), and three AI use cases (AI that Answers, AI that Connects, AI that Acts). Maps existing Prowler checks to AI workload security requirements and identifies gaps requiring new checks.;350381001508;us-east-1;2026-08-01 19:04:21.788096;AISF-DATA-04;Ensure S3 buckets used for AI training data, model artifacts, RAG knowledge bases, and inference logs have public access blocked, encryption enabled, secure transport enforced, and access logging configured.;Identity and Data Security;Storage Security;;s3;Automated;FAIL;Server Side Encryption is not configured with kms for S3 Bucket aws-cloudtrail-logs-350381001508-dae76776.;arn:aws:s3:::aws-cloudtrail-logs-350381001508-dae76776;s3_bucket_kms_encryption;False;aws-cloudtrail-logs-350381001508-dae76776;AWS-AI-Security-Framework;AWS AI Security Framework;
aws;Security compliance framework based on the AWS AI Security Framework blog post (2025). Organizes controls across three security layers (Infrastructure, Identity & Data, AI Application), three deployment phases (Foundational, Enhanced, Advanced), and three AI use cases (AI that Answers, AI that Connects, AI that Acts). Maps existing Prowler checks to AI workload security requirements and identifies gaps requiring new checks.;350381001508;us-east-1;2026-08-01 19:04:21.788096;AISF-INFRA-05;Ensure all data at rest is encrypted with AES-256 across AI workload storage including S3 buckets, EBS volumes, RDS instances, SageMaker notebooks, and Bedrock prompts using customer-managed KMS keys where possible.;Infrastructure Security;Encryption at Rest;;kms;Automated;FAIL;Server Side Encryption is not configured with kms for S3 Bucket public-bucket-open.;arn:aws:s3:::public-bucket-open;s3_bucket_kms_encryption;False;public-bucket-open;AWS-AI-Security-Framework;AWS AI Security Framework;
aws;Security compliance framework based on the AWS AI Security Framework blog post (2025). Organizes controls across three security layers (Infrastructure, Identity & Data, AI Application), three deployment phases (Foundational, Enhanced, Advanced), and three AI use cases (AI that Answers, AI that Connects, AI that Acts). Maps existing Prowler checks to AI workload security requirements and identifies gaps requiring new checks.;350381001508;us-east-1;2026-08-01 19:04:21.788096;AISF-DATA-04;Ensure S3 buckets used for AI training data, model artifacts, RAG knowledge bases, and inference logs have public access blocked, encryption enabled, secure transport enforced, and access logging configured.;Identity and Data Security;Storage Security;;s3;Automated;FAIL;Server Side Encryption is not configured with kms for S3 Bucket public-bucket-open.;arn:aws:s3:::public-bucket-open;s3_bucket_kms_encryption;False;public-bucket-open;AWS-AI-Security-Framework;AWS AI Security Framework;
aws;Security compliance framework based on the AWS AI Security Framework blog post (2025). Organizes controls across three security layers (Infrastructure, Identity & Data, AI Application), three deployment phases (Foundational, Enhanced, Advanced), and three AI use cases (AI that Answers, AI that Connects, AI that Acts). Maps existing Prowler checks to AI workload security requirements and identifies gaps requiring new checks.;350381001508;us-east-1;2026-08-01 19:04:21.788096;AISF-INFRA-05;Ensure all data at rest is encrypted with AES-256 across AI workload storage including S3 buckets, EBS volumes, RDS instances, SageMaker notebooks, and Bedrock prompts using customer-managed KMS keys where possible.;Infrastructure Security;Encryption at Rest;;kms;Automated;FAIL;Server Side Encryption is not configured with kms for S3 Bucket research-secure-bucket.;arn:aws:s3:::research-secure-bucket;s3_bucket_kms_encryption;False;research-secure-bucket;AWS-AI-Security-Framework;AWS AI Security Framework;
aws;Security compliance framework based on the AWS AI Security Framework blog post (2025). Organizes controls across three security layers (Infrastructure, Identity & Data, AI Application), three deployment phases (Foundational, Enhanced, Advanced), and three AI use cases (AI that Answers, AI that Connects, AI that Acts). Maps existing Prowler checks to AI workload security requirements and identifies gaps requiring new checks.;350381001508;us-east-1;2026-08-01 19:04:21.788096;AISF-DATA-04;Ensure S3 buckets used for AI training data, model artifacts, RAG knowledge bases, and inference logs have public access blocked, encryption enabled, secure transport enforced, and access logging configured.;Identity and Data Security;Storage Security;;s3;Automated;FAIL;Server Side Encryption is not configured with kms for S3 Bucket research-secure-bucket.;arn:aws:s3:::research-secure-bucket;s3_bucket_kms_encryption;False;research-secure-bucket;AWS-AI-Security-Framework;AWS AI Security Framework;
aws;Security compliance framework based on the AWS AI Security Framework blog post (2025). Organizes controls across three security layers (Infrastructure, Identity & Data, AI Application), three deployment phases (Foundational, Enhanced, Advanced), and three AI use cases (AI that Answers, AI that Connects, AI that Acts). Maps existing Prowler checks to AI workload security requirements and identifies gaps requiring new checks.;350381001508;us-east-1;2026-08-01 19:04:21.788096;AISF-DATA-04;Ensure S3 buckets used for AI training data, model artifacts, RAG knowledge bases, and inference logs have public access blocked, encryption enabled, secure transport enforced, and access logging configured.;Identity and Data Security;Storage Security;;s3;Automated;PASS;Block Public Access is configured for the S3 Bucket aws-cloudtrail-logs-350381001508-dae76776.;arn:aws:s3:::aws-cloudtrail-logs-350381001508-dae76776;s3_bucket_level_public_access_block;False;aws-cloudtrail-logs-350381001508-dae76776;AWS-AI-Security-Framework;AWS AI Security Framework;
aws;Security compliance framework based on the AWS AI Security Framework blog post (2025). Organizes controls across three security layers (Infrastructure, Identity & Data, AI Application), three deployment phases (Foundational, Enhanced, Advanced), and three AI use cases (AI that Answers, AI that Connects, AI that Acts). Maps existing Prowler checks to AI workload security requirements and identifies gaps requiring new checks.;350381001508;us-east-1;2026-08-01 19:04:21.788096;AISF-DATA-04;Ensure S3 buckets used for AI training data, model artifacts, RAG knowledge bases, and inference logs have public access blocked, encryption enabled, secure transport enforced, and access logging configured.;Identity and Data Security;Storage Security;;s3;Automated;FAIL;Block Public Access is not configured for the S3 Bucket public-bucket-open.;arn:aws:s3:::public-bucket-open;s3_bucket_level_public_access_block;False;public-bucket-open;AWS-AI-Security-Framework;AWS AI Security Framework;
aws;Security compliance framework based on the AWS AI Security Framework blog post (2025). Organizes controls across three security layers (Infrastructure, Identity & Data, AI Application), three deployment phases (Foundational, Enhanced, Advanced), and three AI use cases (AI that Answers, AI that Connects, AI that Acts). Maps existing Prowler checks to AI workload security requirements and identifies gaps requiring new checks.;350381001508;us-east-1;2026-08-01 19:04:21.788096;AISF-DATA-04;Ensure S3 buckets used for AI training data, model artifacts, RAG knowledge bases, and inference logs have public access blocked, encryption enabled, secure transport enforced, and access logging configured.;Identity and Data Security;Storage Security;;s3;Automated;PASS;Block Public Access is configured for the S3 Bucket research-secure-bucket.;arn:aws:s3:::research-secure-bucket;s3_bucket_level_public_access_block;False;research-secure-bucket;AWS-AI-Security-Framework;AWS AI Security Framework;
aws;Security compliance framework based on the AWS AI Security Framework blog post (2025). Organizes controls across three security layers (Infrastructure, Identity & Data, AI Application), three deployment phases (Foundational, Enhanced, Advanced), and three AI use cases (AI that Answers, AI that Connects, AI that Acts). Maps existing Prowler checks to AI workload security requirements and identifies gaps requiring new checks.;350381001508;us-east-1;2026-08-01 19:04:21.788096;AISF-DATA-04;Ensure S3 buckets used for AI training data, model artifacts, RAG knowledge bases, and inference logs have public access blocked, encryption enabled, secure transport enforced, and access logging configured.;Identity and Data Security;Storage Security;;s3;Automated;FAIL;S3 Bucket aws-cloudtrail-logs-350381001508-dae76776 has versioning disabled.;arn:aws:s3:::aws-cloudtrail-logs-350381001508-dae76776;s3_bucket_object_versioning;False;aws-cloudtrail-logs-350381001508-dae76776;AWS-AI-Security-Framework;AWS AI Security Framework;
aws;Security compliance framework based on the AWS AI Security Framework blog post (2025). Organizes controls across three security layers (Infrastructure, Identity & Data, AI Application), three deployment phases (Foundational, Enhanced, Advanced), and three AI use cases (AI that Answers, AI that Connects, AI that Acts). Maps existing Prowler checks to AI workload security requirements and identifies gaps requiring new checks.;350381001508;us-east-1;2026-08-01 19:04:21.788096;AISF-DATA-04;Ensure S3 buckets used for AI training data, model artifacts, RAG knowledge bases, and inference logs have public access blocked, encryption enabled, secure transport enforced, and access logging configured.;Identity and Data Security;Storage Security;;s3;Automated;FAIL;S3 Bucket public-bucket-open has versioning disabled.;arn:aws:s3:::public-bucket-open;s3_bucket_object_versioning;False;public-bucket-open;AWS-AI-Security-Framework;AWS AI Security Framework;
aws;Security compliance framework based on the AWS AI Security Framework blog post (2025). Organizes controls across three security layers (Infrastructure, Identity & Data, AI Application), three deployment phases (Foundational, Enhanced, Advanced), and three AI use cases (AI that Answers, AI that Connects, AI that Acts). Maps existing Prowler checks to AI workload security requirements and identifies gaps requiring new checks.;350381001508;us-east-1;2026-08-01 19:04:21.788096;AISF-DATA-04;Ensure S3 buckets used for AI training data, model artifacts, RAG knowledge bases, and inference logs have public access blocked, encryption enabled, secure transport enforced, and access logging configured.;Identity and Data Security;Storage Security;;s3;Automated;PASS;S3 Bucket research-secure-bucket has versioning enabled.;arn:aws:s3:::research-secure-bucket;s3_bucket_object_versioning;False;research-secure-bucket;AWS-AI-Security-Framework;AWS AI Security Framework;
aws;Security compliance framework based on the AWS AI Security Framework blog post (2025). Organizes controls across three security layers (Infrastructure, Identity & Data, AI Application), three deployment phases (Foundational, Enhanced, Advanced), and three AI use cases (AI that Answers, AI that Connects, AI that Acts). Maps existing Prowler checks to AI workload security requirements and identifies gaps requiring new checks.;350381001508;us-east-1;2026-08-01 19:04:21.788096;AISF-DATA-04;Ensure S3 buckets used for AI training data, model artifacts, RAG knowledge bases, and inference logs have public access blocked, encryption enabled, secure transport enforced, and access logging configured.;Identity and Data Security;Storage Security;;s3;Automated;PASS;S3 public access blocked at bucket level for aws-cloudtrail-logs-350381001508-dae76776.;arn:aws:s3:::aws-cloudtrail-logs-350381001508-dae76776;s3_bucket_policy_public_write_access;False;aws-cloudtrail-logs-350381001508-dae76776;AWS-AI-Security-Framework;AWS AI Security Framework;
aws;Security compliance framework based on the AWS AI Security Framework blog post (2025). Organizes controls across three security layers (Infrastructure, Identity & Data, AI Application), three deployment phases (Foundational, Enhanced, Advanced), and three AI use cases (AI that Answers, AI that Connects, AI that Acts). Maps existing Prowler checks to AI workload security requirements and identifies gaps requiring new checks.;350381001508;us-east-1;2026-08-01 19:04:21.788096;AISF-DATA-04;Ensure S3 buckets used for AI training data, model artifacts, RAG knowledge bases, and inference logs have public access blocked, encryption enabled, secure transport enforced, and access logging configured.;Identity and Data Security;Storage Security;;s3;Automated;PASS;S3 Bucket public-bucket-open does not allow public write access in the bucket policy.;arn:aws:s3:::public-bucket-open;s3_bucket_policy_public_write_access;False;public-bucket-open;AWS-AI-Security-Framework;AWS AI Security Framework;
aws;Security compliance framework based on the AWS AI Security Framework blog post (2025). Organizes controls across three security layers (Infrastructure, Identity & Data, AI Application), three deployment phases (Foundational, Enhanced, Advanced), and three AI use cases (AI that Answers, AI that Connects, AI that Acts). Maps existing Prowler checks to AI workload security requirements and identifies gaps requiring new checks.;350381001508;us-east-1;2026-08-01 19:04:21.788096;AISF-DATA-04;Ensure S3 buckets used for AI training data, model artifacts, RAG knowledge bases, and inference logs have public access blocked, encryption enabled, secure transport enforced, and access logging configured.;Identity and Data Security;Storage Security;;s3;Automated;PASS;S3 Bucket research-secure-bucket does not have a bucket policy.;arn:aws:s3:::research-secure-bucket;s3_bucket_policy_public_write_access;False;research-secure-bucket;AWS-AI-Security-Framework;AWS AI Security Framework;
aws;Security compliance framework based on the AWS AI Security Framework blog post (2025). Organizes controls across three security layers (Infrastructure, Identity & Data, AI Application), three deployment phases (Foundational, Enhanced, Advanced), and three AI use cases (AI that Answers, AI that Connects, AI that Acts). Maps existing Prowler checks to AI workload security requirements and identifies gaps requiring new checks.;350381001508;us-east-1;2026-08-01 19:04:21.788096;AISF-DATA-04;Ensure S3 buckets used for AI training data, model artifacts, RAG knowledge bases, and inference logs have public access blocked, encryption enabled, secure transport enforced, and access logging configured.;Identity and Data Security;Storage Security;;s3;Automated;PASS;S3 Bucket aws-cloudtrail-logs-350381001508-dae76776 is not public.;arn:aws:s3:::aws-cloudtrail-logs-350381001508-dae76776;s3_bucket_public_access;False;aws-cloudtrail-logs-350381001508-dae76776;AWS-AI-Security-Framework;AWS AI Security Framework;
aws;Security compliance framework based on the AWS AI Security Framework blog post (2025). Organizes controls across three security layers (Infrastructure, Identity & Data, AI Application), three deployment phases (Foundational, Enhanced, Advanced), and three AI use cases (AI that Answers, AI that Connects, AI that Acts). Maps existing Prowler checks to AI workload security requirements and identifies gaps requiring new checks.;350381001508;us-east-1;2026-08-01 19:04:21.788096;AISF-DATA-04;Ensure S3 buckets used for AI training data, model artifacts, RAG knowledge bases, and inference logs have public access blocked, encryption enabled, secure transport enforced, and access logging configured.;Identity and Data Security;Storage Security;;s3;Automated;FAIL;S3 Bucket public-bucket-open has public access due to bucket policy.;arn:aws:s3:::public-bucket-open;s3_bucket_public_access;False;public-bucket-open;AWS-AI-Security-Framework;AWS AI Security Framework;
aws;Security compliance framework based on the AWS AI Security Framework blog post (2025). Organizes controls across three security layers (Infrastructure, Identity & Data, AI Application), three deployment phases (Foundational, Enhanced, Advanced), and three AI use cases (AI that Answers, AI that Connects, AI that Acts). Maps existing Prowler checks to AI workload security requirements and identifies gaps requiring new checks.;350381001508;us-east-1;2026-08-01 19:04:21.788096;AISF-DATA-04;Ensure S3 buckets used for AI training data, model artifacts, RAG knowledge bases, and inference logs have public access blocked, encryption enabled, secure transport enforced, and access logging configured.;Identity and Data Security;Storage Security;;s3;Automated;PASS;S3 Bucket research-secure-bucket is not public.;arn:aws:s3:::research-secure-bucket;s3_bucket_public_access;False;research-secure-bucket;AWS-AI-Security-Framework;AWS AI Security Framework;
aws;Security compliance framework based on the AWS AI Security Framework blog post (2025). Organizes controls across three security layers (Infrastructure, Identity & Data, AI Application), three deployment phases (Foundational, Enhanced, Advanced), and three AI use cases (AI that Answers, AI that Connects, AI that Acts). Maps existing Prowler checks to AI workload security requirements and identifies gaps requiring new checks.;350381001508;us-east-1;2026-08-01 19:04:21.788096;AISF-INFRA-06;Ensure all data in transit uses TLS 1.2 or higher, including API communications, inter-container traffic for ML training, and connections between AI application components.;Infrastructure Security;Encryption in Transit;;multiple;Automated;FAIL;S3 Bucket aws-cloudtrail-logs-350381001508-dae76776 allows requests over insecure transport in the bucket policy.;arn:aws:s3:::aws-cloudtrail-logs-350381001508-dae76776;s3_bucket_secure_transport_policy;False;aws-cloudtrail-logs-350381001508-dae76776;AWS-AI-Security-Framework;AWS AI Security Framework;
aws;Security compliance framework based on the AWS AI Security Framework blog post (2025). Organizes controls across three security layers (Infrastructure, Identity & Data, AI Application), three deployment phases (Foundational, Enhanced, Advanced), and three AI use cases (AI that Answers, AI that Connects, AI that Acts). Maps existing Prowler checks to AI workload security requirements and identifies gaps requiring new checks.;350381001508;us-east-1;2026-08-01 19:04:21.788096;AISF-DATA-04;Ensure S3 buckets used for AI training data, model artifacts, RAG knowledge bases, and inference logs have public access blocked, encryption enabled, secure transport enforced, and access logging configured.;Identity and Data Security;Storage Security;;s3;Automated;FAIL;S3 Bucket aws-cloudtrail-logs-350381001508-dae76776 allows requests over insecure transport in the bucket policy.;arn:aws:s3:::aws-cloudtrail-logs-350381001508-dae76776;s3_bucket_secure_transport_policy;False;aws-cloudtrail-logs-350381001508-dae76776;AWS-AI-Security-Framework;AWS AI Security Framework;
aws;Security compliance framework based on the AWS AI Security Framework blog post (2025). Organizes controls across three security layers (Infrastructure, Identity & Data, AI Application), three deployment phases (Foundational, Enhanced, Advanced), and three AI use cases (AI that Answers, AI that Connects, AI that Acts). Maps existing Prowler checks to AI workload security requirements and identifies gaps requiring new checks.;350381001508;us-east-1;2026-08-01 19:04:21.788096;AISF-INFRA-06;Ensure all data in transit uses TLS 1.2 or higher, including API communications, inter-container traffic for ML training, and connections between AI application components.;Infrastructure Security;Encryption in Transit;;multiple;Automated;FAIL;S3 Bucket public-bucket-open allows requests over insecure transport in the bucket policy.;arn:aws:s3:::public-bucket-open;s3_bucket_secure_transport_policy;False;public-bucket-open;AWS-AI-Security-Framework;AWS AI Security Framework;
aws;Security compliance framework based on the AWS AI Security Framework blog post (2025). Organizes controls across three security layers (Infrastructure, Identity & Data, AI Application), three deployment phases (Foundational, Enhanced, Advanced), and three AI use cases (AI that Answers, AI that Connects, AI that Acts). Maps existing Prowler checks to AI workload security requirements and identifies gaps requiring new checks.;350381001508;us-east-1;2026-08-01 19:04:21.788096;AISF-DATA-04;Ensure S3 buckets used for AI training data, model artifacts, RAG knowledge bases, and inference logs have public access blocked, encryption enabled, secure transport enforced, and access logging configured.;Identity and Data Security;Storage Security;;s3;Automated;FAIL;S3 Bucket public-bucket-open allows requests over insecure transport in the bucket policy.;arn:aws:s3:::public-bucket-open;s3_bucket_secure_transport_policy;False;public-bucket-open;AWS-AI-Security-Framework;AWS AI Security Framework;
aws;Security compliance framework based on the AWS AI Security Framework blog post (2025). Organizes controls across three security layers (Infrastructure, Identity & Data, AI Application), three deployment phases (Foundational, Enhanced, Advanced), and three AI use cases (AI that Answers, AI that Connects, AI that Acts). Maps existing Prowler checks to AI workload security requirements and identifies gaps requiring new checks.;350381001508;us-east-1;2026-08-01 19:04:21.788096;AISF-INFRA-06;Ensure all data in transit uses TLS 1.2 or higher, including API communications, inter-container traffic for ML training, and connections between AI application components.;Infrastructure Security;Encryption in Transit;;multiple;Automated;FAIL;S3 Bucket research-secure-bucket does not have a bucket policy, thus it allows HTTP requests.;arn:aws:s3:::research-secure-bucket;s3_bucket_secure_transport_policy;False;research-secure-bucket;AWS-AI-Security-Framework;AWS AI Security Framework;
aws;Security compliance framework based on the AWS AI Security Framework blog post (2025). Organizes controls across three security layers (Infrastructure, Identity & Data, AI Application), three deployment phases (Foundational, Enhanced, Advanced), and three AI use cases (AI that Answers, AI that Connects, AI that Acts). Maps existing Prowler checks to AI workload security requirements and identifies gaps requiring new checks.;350381001508;us-east-1;2026-08-01 19:04:21.788096;AISF-DATA-04;Ensure S3 buckets used for AI training data, model artifacts, RAG knowledge bases, and inference logs have public access blocked, encryption enabled, secure transport enforced, and access logging configured.;Identity and Data Security;Storage Security;;s3;Automated;FAIL;S3 Bucket research-secure-bucket does not have a bucket policy, thus it allows HTTP requests.;arn:aws:s3:::research-secure-bucket;s3_bucket_secure_transport_policy;False;research-secure-bucket;AWS-AI-Security-Framework;AWS AI Security Framework;
aws;Security compliance framework based on the AWS AI Security Framework blog post (2025). Organizes controls across three security layers (Infrastructure, Identity & Data, AI Application), three deployment phases (Foundational, Enhanced, Advanced), and three AI use cases (AI that Answers, AI that Connects, AI that Acts). Maps existing Prowler checks to AI workload security requirements and identifies gaps requiring new checks.;350381001508;us-east-1;2026-08-01 19:04:21.788096;AISF-DATA-04;Ensure S3 buckets used for AI training data, model artifacts, RAG knowledge bases, and inference logs have public access blocked, encryption enabled, secure transport enforced, and access logging configured.;Identity and Data Security;Storage Security;;s3;Automated;FAIL;S3 Bucket aws-cloudtrail-logs-350381001508-dae76776 has server access logging disabled.;arn:aws:s3:::aws-cloudtrail-logs-350381001508-dae76776;s3_bucket_server_access_logging_enabled;False;aws-cloudtrail-logs-350381001508-dae76776;AWS-AI-Security-Framework;AWS AI Security Framework;
aws;Security compliance framework based on the AWS AI Security Framework blog post (2025). Organizes controls across three security layers (Infrastructure, Identity & Data, AI Application), three deployment phases (Foundational, Enhanced, Advanced), and three AI use cases (AI that Answers, AI that Connects, AI that Acts). Maps existing Prowler checks to AI workload security requirements and identifies gaps requiring new checks.;350381001508;us-east-1;2026-08-01 19:04:21.788096;AISF-DATA-04;Ensure S3 buckets used for AI training data, model artifacts, RAG knowledge bases, and inference logs have public access blocked, encryption enabled, secure transport enforced, and access logging configured.;Identity and Data Security;Storage Security;;s3;Automated;FAIL;S3 Bucket public-bucket-open has server access logging disabled.;arn:aws:s3:::public-bucket-open;s3_bucket_server_access_logging_enabled;False;public-bucket-open;AWS-AI-Security-Framework;AWS AI Security Framework;
aws;Security compliance framework based on the AWS AI Security Framework blog post (2025). Organizes controls across three security layers (Infrastructure, Identity & Data, AI Application), three deployment phases (Foundational, Enhanced, Advanced), and three AI use cases (AI that Answers, AI that Connects, AI that Acts). Maps existing Prowler checks to AI workload security requirements and identifies gaps requiring new checks.;350381001508;us-east-1;2026-08-01 19:04:21.788096;AISF-DATA-04;Ensure S3 buckets used for AI training data, model artifacts, RAG knowledge bases, and inference logs have public access blocked, encryption enabled, secure transport enforced, and access logging configured.;Identity and Data Security;Storage Security;;s3;Automated;FAIL;S3 Bucket research-secure-bucket has server access logging disabled.;arn:aws:s3:::research-secure-bucket;s3_bucket_server_access_logging_enabled;False;research-secure-bucket;AWS-AI-Security-Framework;AWS AI Security Framework;
aws;Security compliance framework based on the AWS AI Security Framework blog post (2025). Organizes controls across three security layers (Infrastructure, Identity & Data, AI Application), three deployment phases (Foundational, Enhanced, Advanced), and three AI use cases (AI that Answers, AI that Connects, AI that Acts). Maps existing Prowler checks to AI workload security requirements and identifies gaps requiring new checks.;350381001508;ap-northeast-1;2026-08-01 19:04:21.788096;AISF-ML-04;Ensure SageMaker Model Registry is in use with approved model packages and SSO authentication is configured for SageMaker domains.;AI Application Security;ML Platform Security;;sagemaker;Automated;FAIL;SageMaker Model Registry in region ap-northeast-1 has no Model Package Groups.;arn:aws:sagemaker:ap-northeast-1:350381001508:model-registry/unknown;sagemaker_models_registry_in_use;False;SageMaker Model Registry;AWS-AI-Security-Framework;AWS AI Security Framework;
aws;Security compliance framework based on the AWS AI Security Framework blog post (2025). Organizes controls across three security layers (Infrastructure, Identity & Data, AI Application), three deployment phases (Foundational, Enhanced, Advanced), and three AI use cases (AI that Answers, AI that Connects, AI that Acts). Maps existing Prowler checks to AI workload security requirements and identifies gaps requiring new checks.;350381001508;ap-northeast-2;2026-08-01 19:04:21.788096;AISF-ML-04;Ensure SageMaker Model Registry is in use with approved model packages and SSO authentication is configured for SageMaker domains.;AI Application Security;ML Platform Security;;sagemaker;Automated;FAIL;SageMaker Model Registry in region ap-northeast-2 has no Model Package Groups.;arn:aws:sagemaker:ap-northeast-2:350381001508:model-registry/unknown;sagemaker_models_registry_in_use;False;SageMaker Model Registry;AWS-AI-Security-Framework;AWS AI Security Framework;
aws;Security compliance framework based on the AWS AI Security Framework blog post (2025). Organizes controls across three security layers (Infrastructure, Identity & Data, AI Application), three deployment phases (Foundational, Enhanced, Advanced), and three AI use cases (AI that Answers, AI that Connects, AI that Acts). Maps existing Prowler checks to AI workload security requirements and identifies gaps requiring new checks.;350381001508;ap-northeast-3;2026-08-01 19:04:21.788096;AISF-ML-04;Ensure SageMaker Model Registry is in use with approved model packages and SSO authentication is configured for SageMaker domains.;AI Application Security;ML Platform Security;;sagemaker;Automated;FAIL;SageMaker Model Registry in region ap-northeast-3 has no Model Package Groups.;arn:aws:sagemaker:ap-northeast-3:350381001508:model-registry/unknown;sagemaker_models_registry_in_use;False;SageMaker Model Registry;AWS-AI-Security-Framework;AWS AI Security Framework;
aws;Security compliance framework based on the AWS AI Security Framework blog post (2025). Organizes controls across three security layers (Infrastructure, Identity & Data, AI Application), three deployment phases (Foundational, Enhanced, Advanced), and three AI use cases (AI that Answers, AI that Connects, AI that Acts). Maps existing Prowler checks to AI workload security requirements and identifies gaps requiring new checks.;350381001508;ap-south-1;2026-08-01 19:04:21.788096;AISF-ML-04;Ensure SageMaker Model Registry is in use with approved model packages and SSO authentication is configured for SageMaker domains.;AI Application Security;ML Platform Security;;sagemaker;Automated;FAIL;SageMaker Model Registry in region ap-south-1 has no Model Package Groups.;arn:aws:sagemaker:ap-south-1:350381001508:model-registry/unknown;sagemaker_models_registry_in_use;False;SageMaker Model Registry;AWS-AI-Security-Framework;AWS AI Security Framework;
aws;Security compliance framework based on the AWS AI Security Framework blog post (2025). Organizes controls across three security layers (Infrastructure, Identity & Data, AI Application), three deployment phases (Foundational, Enhanced, Advanced), and three AI use cases (AI that Answers, AI that Connects, AI that Acts). Maps existing Prowler checks to AI workload security requirements and identifies gaps requiring new checks.;350381001508;ap-southeast-1;2026-08-01 19:04:21.788096;AISF-ML-04;Ensure SageMaker Model Registry is in use with approved model packages and SSO authentication is configured for SageMaker domains.;AI Application Security;ML Platform Security;;sagemaker;Automated;FAIL;SageMaker Model Registry in region ap-southeast-1 has no Model Package Groups.;arn:aws:sagemaker:ap-southeast-1:350381001508:model-registry/unknown;sagemaker_models_registry_in_use;False;SageMaker Model Registry;AWS-AI-Security-Framework;AWS AI Security Framework;
aws;Security compliance framework based on the AWS AI Security Framework blog post (2025). Organizes controls across three security layers (Infrastructure, Identity & Data, AI Application), three deployment phases (Foundational, Enhanced, Advanced), and three AI use cases (AI that Answers, AI that Connects, AI that Acts). Maps existing Prowler checks to AI workload security requirements and identifies gaps requiring new checks.;350381001508;ap-southeast-2;2026-08-01 19:04:21.788096;AISF-ML-04;Ensure SageMaker Model Registry is in use with approved model packages and SSO authentication is configured for SageMaker domains.;AI Application Security;ML Platform Security;;sagemaker;Automated;FAIL;SageMaker Model Registry in region ap-southeast-2 has no Model Package Groups.;arn:aws:sagemaker:ap-southeast-2:350381001508:model-registry/unknown;sagemaker_models_registry_in_use;False;SageMaker Model Registry;AWS-AI-Security-Framework;AWS AI Security Framework;
aws;Security compliance framework based on the AWS AI Security Framework blog post (2025). Organizes controls across three security layers (Infrastructure, Identity & Data, AI Application), three deployment phases (Foundational, Enhanced, Advanced), and three AI use cases (AI that Answers, AI that Connects, AI that Acts). Maps existing Prowler checks to AI workload security requirements and identifies gaps requiring new checks.;350381001508;ca-central-1;2026-08-01 19:04:21.788096;AISF-ML-04;Ensure SageMaker Model Registry is in use with approved model packages and SSO authentication is configured for SageMaker domains.;AI Application Security;ML Platform Security;;sagemaker;Automated;FAIL;SageMaker Model Registry in region ca-central-1 has no Model Package Groups.;arn:aws:sagemaker:ca-central-1:350381001508:model-registry/unknown;sagemaker_models_registry_in_use;False;SageMaker Model Registry;AWS-AI-Security-Framework;AWS AI Security Framework;
aws;Security compliance framework based on the AWS AI Security Framework blog post (2025). Organizes controls across three security layers (Infrastructure, Identity & Data, AI Application), three deployment phases (Foundational, Enhanced, Advanced), and three AI use cases (AI that Answers, AI that Connects, AI that Acts). Maps existing Prowler checks to AI workload security requirements and identifies gaps requiring new checks.;350381001508;eu-central-1;2026-08-01 19:04:21.788096;AISF-ML-04;Ensure SageMaker Model Registry is in use with approved model packages and SSO authentication is configured for SageMaker domains.;AI Application Security;ML Platform Security;;sagemaker;Automated;FAIL;SageMaker Model Registry in region eu-central-1 has no Model Package Groups.;arn:aws:sagemaker:eu-central-1:350381001508:model-registry/unknown;sagemaker_models_registry_in_use;False;SageMaker Model Registry;AWS-AI-Security-Framework;AWS AI Security Framework;
aws;Security compliance framework based on the AWS AI Security Framework blog post (2025). Organizes controls across three security layers (Infrastructure, Identity & Data, AI Application), three deployment phases (Foundational, Enhanced, Advanced), and three AI use cases (AI that Answers, AI that Connects, AI that Acts). Maps existing Prowler checks to AI workload security requirements and identifies gaps requiring new checks.;350381001508;eu-north-1;2026-08-01 19:04:21.788096;AISF-ML-04;Ensure SageMaker Model Registry is in use with approved model packages and SSO authentication is configured for SageMaker domains.;AI Application Security;ML Platform Security;;sagemaker;Automated;FAIL;SageMaker Model Registry in region eu-north-1 has no Model Package Groups.;arn:aws:sagemaker:eu-north-1:350381001508:model-registry/unknown;sagemaker_models_registry_in_use;False;SageMaker Model Registry;AWS-AI-Security-Framework;AWS AI Security Framework;
aws;Security compliance framework based on the AWS AI Security Framework blog post (2025). Organizes controls across three security layers (Infrastructure, Identity & Data, AI Application), three deployment phases (Foundational, Enhanced, Advanced), and three AI use cases (AI that Answers, AI that Connects, AI that Acts). Maps existing Prowler checks to AI workload security requirements and identifies gaps requiring new checks.;350381001508;eu-west-1;2026-08-01 19:04:21.788096;AISF-ML-04;Ensure SageMaker Model Registry is in use with approved model packages and SSO authentication is configured for SageMaker domains.;AI Application Security;ML Platform Security;;sagemaker;Automated;FAIL;SageMaker Model Registry in region eu-west-1 has no Model Package Groups.;arn:aws:sagemaker:eu-west-1:350381001508:model-registry/unknown;sagemaker_models_registry_in_use;False;SageMaker Model Registry;AWS-AI-Security-Framework;AWS AI Security Framework;
aws;Security compliance framework based on the AWS AI Security Framework blog post (2025). Organizes controls across three security layers (Infrastructure, Identity & Data, AI Application), three deployment phases (Foundational, Enhanced, Advanced), and three AI use cases (AI that Answers, AI that Connects, AI that Acts). Maps existing Prowler checks to AI workload security requirements and identifies gaps requiring new checks.;350381001508;eu-west-2;2026-08-01 19:04:21.788096;AISF-ML-04;Ensure SageMaker Model Registry is in use with approved model packages and SSO authentication is configured for SageMaker domains.;AI Application Security;ML Platform Security;;sagemaker;Automated;FAIL;SageMaker Model Registry in region eu-west-2 has no Model Package Groups.;arn:aws:sagemaker:eu-west-2:350381001508:model-registry/unknown;sagemaker_models_registry_in_use;False;SageMaker Model Registry;AWS-AI-Security-Framework;AWS AI Security Framework;
aws;Security compliance framework based on the AWS AI Security Framework blog post (2025). Organizes controls across three security layers (Infrastructure, Identity & Data, AI Application), three deployment phases (Foundational, Enhanced, Advanced), and three AI use cases (AI that Answers, AI that Connects, AI that Acts). Maps existing Prowler checks to AI workload security requirements and identifies gaps requiring new checks.;350381001508;eu-west-3;2026-08-01 19:04:21.788096;AISF-ML-04;Ensure SageMaker Model Registry is in use with approved model packages and SSO authentication is configured for SageMaker domains.;AI Application Security;ML Platform Security;;sagemaker;Automated;FAIL;SageMaker Model Registry in region eu-west-3 has no Model Package Groups.;arn:aws:sagemaker:eu-west-3:350381001508:model-registry/unknown;sagemaker_models_registry_in_use;False;SageMaker Model Registry;AWS-AI-Security-Framework;AWS AI Security Framework;
aws;Security compliance framework based on the AWS AI Security Framework blog post (2025). Organizes controls across three security layers (Infrastructure, Identity & Data, AI Application), three deployment phases (Foundational, Enhanced, Advanced), and three AI use cases (AI that Answers, AI that Connects, AI that Acts). Maps existing Prowler checks to AI workload security requirements and identifies gaps requiring new checks.;350381001508;sa-east-1;2026-08-01 19:04:21.788096;AISF-ML-04;Ensure SageMaker Model Registry is in use with approved model packages and SSO authentication is configured for SageMaker domains.;AI Application Security;ML Platform Security;;sagemaker;Automated;FAIL;SageMaker Model Registry in region sa-east-1 has no Model Package Groups.;arn:aws:sagemaker:sa-east-1:350381001508:model-registry/unknown;sagemaker_models_registry_in_use;False;SageMaker Model Registry;AWS-AI-Security-Framework;AWS AI Security Framework;
aws;Security compliance framework based on the AWS AI Security Framework blog post (2025). Organizes controls across three security layers (Infrastructure, Identity & Data, AI Application), three deployment phases (Foundational, Enhanced, Advanced), and three AI use cases (AI that Answers, AI that Connects, AI that Acts). Maps existing Prowler checks to AI workload security requirements and identifies gaps requiring new checks.;350381001508;us-east-1;2026-08-01 19:04:21.788096;AISF-ML-04;Ensure SageMaker Model Registry is in use with approved model packages and SSO authentication is configured for SageMaker domains.;AI Application Security;ML Platform Security;;sagemaker;Automated;FAIL;SageMaker Model Registry in region us-east-1 has no Model Package Groups.;arn:aws:sagemaker:us-east-1:350381001508:model-registry/unknown;sagemaker_models_registry_in_use;False;SageMaker Model Registry;AWS-AI-Security-Framework;AWS AI Security Framework;
aws;Security compliance framework based on the AWS AI Security Framework blog post (2025). Organizes controls across three security layers (Infrastructure, Identity & Data, AI Application), three deployment phases (Foundational, Enhanced, Advanced), and three AI use cases (AI that Answers, AI that Connects, AI that Acts). Maps existing Prowler checks to AI workload security requirements and identifies gaps requiring new checks.;350381001508;us-east-2;2026-08-01 19:04:21.788096;AISF-ML-04;Ensure SageMaker Model Registry is in use with approved model packages and SSO authentication is configured for SageMaker domains.;AI Application Security;ML Platform Security;;sagemaker;Automated;FAIL;SageMaker Model Registry in region us-east-2 has no Model Package Groups.;arn:aws:sagemaker:us-east-2:350381001508:model-registry/unknown;sagemaker_models_registry_in_use;False;SageMaker Model Registry;AWS-AI-Security-Framework;AWS AI Security Framework;
aws;Security compliance framework based on the AWS AI Security Framework blog post (2025). Organizes controls across three security layers (Infrastructure, Identity & Data, AI Application), three deployment phases (Foundational, Enhanced, Advanced), and three AI use cases (AI that Answers, AI that Connects, AI that Acts). Maps existing Prowler checks to AI workload security requirements and identifies gaps requiring new checks.;350381001508;us-west-1;2026-08-01 19:04:21.788096;AISF-ML-04;Ensure SageMaker Model Registry is in use with approved model packages and SSO authentication is configured for SageMaker domains.;AI Application Security;ML Platform Security;;sagemaker;Automated;FAIL;SageMaker Model Registry in region us-west-1 has no Model Package Groups.;arn:aws:sagemaker:us-west-1:350381001508:model-registry/unknown;sagemaker_models_registry_in_use;False;SageMaker Model Registry;AWS-AI-Security-Framework;AWS AI Security Framework;
aws;Security compliance framework based on the AWS AI Security Framework blog post (2025). Organizes controls across three security layers (Infrastructure, Identity & Data, AI Application), three deployment phases (Foundational, Enhanced, Advanced), and three AI use cases (AI that Answers, AI that Connects, AI that Acts). Maps existing Prowler checks to AI workload security requirements and identifies gaps requiring new checks.;350381001508;us-west-2;2026-08-01 19:04:21.788096;AISF-ML-04;Ensure SageMaker Model Registry is in use with approved model packages and SSO authentication is configured for SageMaker domains.;AI Application Security;ML Platform Security;;sagemaker;Automated;FAIL;SageMaker Model Registry in region us-west-2 has no Model Package Groups.;arn:aws:sagemaker:us-west-2:350381001508:model-registry/unknown;sagemaker_models_registry_in_use;False;SageMaker Model Registry;AWS-AI-Security-Framework;AWS AI Security Framework;
aws;Security compliance framework based on the AWS AI Security Framework blog post (2025). Organizes controls across three security layers (Infrastructure, Identity & Data, AI Application), three deployment phases (Foundational, Enhanced, Advanced), and three AI use cases (AI that Answers, AI that Connects, AI that Acts). Maps existing Prowler checks to AI workload security requirements and identifies gaps requiring new checks.;350381001508;us-east-1;2026-08-01 19:04:21.788096;AISF-INFRA-08;Ensure VPC endpoints enforce trust boundaries, subnets do not assign public IPs by default, and flow logs are enabled for all VPCs hosting AI workloads.;Infrastructure Security;VPC Security;;vpc;Automated;FAIL;VPC vpc-081d4be98bcc01b9b has no EC2 endpoint.;arn:aws:ec2:us-east-1:350381001508:vpc/vpc-081d4be98bcc01b9b;vpc_endpoint_for_ec2_enabled;False;vpc-081d4be98bcc01b9b;AWS-AI-Security-Framework;AWS AI Security Framework;
aws;Security compliance framework based on the AWS AI Security Framework blog post (2025). Organizes controls across three security layers (Infrastructure, Identity & Data, AI Application), three deployment phases (Foundational, Enhanced, Advanced), and three AI use cases (AI that Answers, AI that Connects, AI that Acts). Maps existing Prowler checks to AI workload security requirements and identifies gaps requiring new checks.;350381001508;us-east-1;2026-08-01 19:04:21.788096;AISF-INFRA-08;Ensure VPC endpoints enforce trust boundaries, subnets do not assign public IPs by default, and flow logs are enabled for all VPCs hosting AI workloads.;Infrastructure Security;VPC Security;;vpc;Automated;FAIL;VPC research-vpc Flow logs are disabled.;arn:aws:ec2:us-east-1:350381001508:vpc/vpc-081d4be98bcc01b9b;vpc_flow_logs_enabled;False;vpc-081d4be98bcc01b9b;AWS-AI-Security-Framework;AWS AI Security Framework;
aws;Security compliance framework based on the AWS AI Security Framework blog post (2025). Organizes controls across three security layers (Infrastructure, Identity & Data, AI Application), three deployment phases (Foundational, Enhanced, Advanced), and three AI use cases (AI that Answers, AI that Connects, AI that Acts). Maps existing Prowler checks to AI workload security requirements and identifies gaps requiring new checks.;350381001508;us-east-1;2026-08-01 19:04:21.788096;AISF-INFRA-08;Ensure VPC endpoints enforce trust boundaries, subnets do not assign public IPs by default, and flow logs are enabled for all VPCs hosting AI workloads.;Infrastructure Security;VPC Security;;vpc;Automated;FAIL;VPC subnet public-subnet assigns public IP by default.;arn:aws:ec2:us-east-1:350381001508:subnet/subnet-0b92ef0c8cfd4ef0d;vpc_subnet_no_public_ip_by_default;False;subnet-0b92ef0c8cfd4ef0d;AWS-AI-Security-Framework;AWS AI Security Framework;
aws;Security compliance framework based on the AWS AI Security Framework blog post (2025). Organizes controls across three security layers (Infrastructure, Identity & Data, AI Application), three deployment phases (Foundational, Enhanced, Advanced), and three AI use cases (AI that Answers, AI that Connects, AI that Acts). Maps existing Prowler checks to AI workload security requirements and identifies gaps requiring new checks.;350381001508;us-east-1;2026-08-01 19:04:21.788096;AISF-INFRA-08;Ensure VPC endpoints enforce trust boundaries, subnets do not assign public IPs by default, and flow logs are enabled for all VPCs hosting AI workloads.;Infrastructure Security;VPC Security;;vpc;Automated;FAIL;VPC research-vpc has only public subnets.;arn:aws:ec2:us-east-1:350381001508:vpc/vpc-081d4be98bcc01b9b;vpc_subnet_separate_private_public;False;vpc-081d4be98bcc01b9b;AWS-AI-Security-Framework;AWS AI Security Framework;
aws;Security compliance framework based on the AWS AI Security Framework blog post (2025). Organizes controls across three security layers (Infrastructure, Identity & Data, AI Application), three deployment phases (Foundational, Enhanced, Advanced), and three AI use cases (AI that Answers, AI that Connects, AI that Acts). Maps existing Prowler checks to AI workload security requirements and identifies gaps requiring new checks.;;;2026-08-01 19:04:21.788096;AISF-INFRA-09;Ensure hardware-enforced compute isolation is in use for AI workloads. AWS Nitro System provides isolation with no operator access to customer data during model inference and training.;Infrastructure Security;Compute Isolation;;ec2;Manual;MANUAL;Manual check;manual_check;manual;False;Manual check;AWS-AI-Security-Framework;AWS AI Security Framework;
aws;Security compliance framework based on the AWS AI Security Framework blog post (2025). Organizes controls across three security layers (Infrastructure, Identity & Data, AI Application), three deployment phases (Foundational, Enhanced, Advanced), and three AI use cases (AI that Answers, AI that Connects, AI that Acts). Maps existing Prowler checks to AI workload security requirements and identifies gaps requiring new checks.;;;2026-08-01 19:04:21.788096;AISF-AI-08;Ensure Bedrock Automated Reasoning Checks are configured to provide formal verification of model responses against source documents, achieving up to 99% verification accuracy against hallucinations.;AI Application Security;Output Validation;;bedrock;Manual;MANUAL;Manual check;manual_check;manual;False;Manual check;AWS-AI-Security-Framework;AWS AI Security Framework;
aws;Security compliance framework based on the AWS AI Security Framework blog post (2025). Organizes controls across three security layers (Infrastructure, Identity & Data, AI Application), three deployment phases (Foundational, Enhanced, Advanced), and three AI use cases (AI that Answers, AI that Connects, AI that Acts). Maps existing Prowler checks to AI workload security requirements and identifies gaps requiring new checks.;;;2026-08-01 19:04:21.788096;AISF-AI-09;Ensure Bedrock Contextual Grounding is configured to validate semantic consistency of model responses against sanctioned source documents, preventing hallucinated or fabricated outputs.;AI Application Security;Output Validation;;bedrock;Manual;MANUAL;Manual check;manual_check;manual;False;Manual check;AWS-AI-Security-Framework;AWS AI Security Framework;
aws;Security compliance framework based on the AWS AI Security Framework blog post (2025). Organizes controls across three security layers (Infrastructure, Identity & Data, AI Application), three deployment phases (Foundational, Enhanced, Advanced), and three AI use cases (AI that Answers, AI that Connects, AI that Acts). Maps existing Prowler checks to AI workload security requirements and identifies gaps requiring new checks.;;;2026-08-01 19:04:21.788096;AISF-AI-10;Ensure Bedrock Knowledge Bases used for RAG patterns have proper security controls including encryption with customer-managed keys and VPC configuration for private data access.;AI Application Security;RAG Security;;bedrock;Manual;MANUAL;Manual check;manual_check;manual;False;Manual check;AWS-AI-Security-Framework;AWS AI Security Framework;
aws;Security compliance framework based on the AWS AI Security Framework blog post (2025). Organizes controls across three security layers (Infrastructure, Identity & Data, AI Application), three deployment phases (Foundational, Enhanced, Advanced), and three AI use cases (AI that Answers, AI that Connects, AI that Acts). Maps existing Prowler checks to AI workload security requirements and identifies gaps requiring new checks.;;;2026-08-01 19:04:21.788096;AISF-AI-11;Ensure WAF AI Activity Dashboard is configured to monitor and analyze AI-specific traffic patterns, providing visibility into potential attacks targeting AI endpoints.;AI Application Security;AI Traffic Monitoring;;wafv2;Manual;MANUAL;Manual check;manual_check;manual;False;Manual check;AWS-AI-Security-Framework;AWS AI Security Framework;
aws;Security compliance framework based on the AWS AI Security Framework blog post (2025). Organizes controls across three security layers (Infrastructure, Identity & Data, AI Application), three deployment phases (Foundational, Enhanced, Advanced), and three AI use cases (AI that Answers, AI that Connects, AI that Acts). Maps existing Prowler checks to AI workload security requirements and identifies gaps requiring new checks.;;;2026-08-01 19:04:21.788096;AISF-AGENT-01;Ensure every AI agent has its own identity with scoped credentials and independent authorization per request, following zero-trust principles. Agent identities must be separate from human user identities.;AI Application Security;Agent Governance;;bedrock;Manual;MANUAL;Manual check;manual_check;manual;False;Manual check;AWS-AI-Security-Framework;AWS AI Security Framework;
aws;Security compliance framework based on the AWS AI Security Framework blog post (2025). Organizes controls across three security layers (Infrastructure, Identity & Data, AI Application), three deployment phases (Foundational, Enhanced, Advanced), and three AI use cases (AI that Answers, AI that Connects, AI that Acts). Maps existing Prowler checks to AI workload security requirements and identifies gaps requiring new checks.;;;2026-08-01 19:04:21.788096;AISF-AGENT-02;Ensure Bedrock AgentCore Cedar Policies enforce provable least-privilege authorization on every tool call and data access made by AI agents.;AI Application Security;Agent Governance;;bedrock;Manual;MANUAL;Manual check;manual_check;manual;False;Manual check;AWS-AI-Security-Framework;AWS AI Security Framework;
aws;Security compliance framework based on the AWS AI Security Framework blog post (2025). Organizes controls across three security layers (Infrastructure, Identity & Data, AI Application), three deployment phases (Foundational, Enhanced, Advanced), and three AI use cases (AI that Answers, AI that Connects, AI that Acts). Maps existing Prowler checks to AI workload security requirements and identifies gaps requiring new checks.;;;2026-08-01 19:04:21.788096;AISF-AGENT-03;Ensure AI agents have behavioral monitoring and observability configured to detect scope violations, anomalous actions, and drift from expected behavior patterns.;AI Application Security;Agent Governance;;bedrock;Manual;MANUAL;Manual check;manual_check;manual;False;Manual check;AWS-AI-Security-Framework;AWS AI Security Framework;
aws;Security compliance framework based on the AWS AI Security Framework blog post (2025). Organizes controls across three security layers (Infrastructure, Identity & Data, AI Application), three deployment phases (Foundational, Enhanced, Advanced), and three AI use cases (AI that Answers, AI that Connects, AI that Acts). Maps existing Prowler checks to AI workload security requirements and identifies gaps requiring new checks.;;;2026-08-01 19:04:21.788096;AISF-AGENT-04;Ensure a central agent registry exists to catalog all AI agents, their permissions, data access patterns, and operational boundaries for governance at scale.;AI Application Security;Agent Governance;;bedrock;Manual;MANUAL;Manual check;manual_check;manual;False;Manual check;AWS-AI-Security-Framework;AWS AI Security Framework;
aws;Security compliance framework based on the AWS AI Security Framework blog post (2025). Organizes controls across three security layers (Infrastructure, Identity & Data, AI Application), three deployment phases (Foundational, Enhanced, Advanced), and three AI use cases (AI that Answers, AI that Connects, AI that Acts). Maps existing Prowler checks to AI workload security requirements and identifies gaps requiring new checks.;;;2026-08-01 19:04:21.788096;AISF-AGENT-05;Ensure human-in-the-loop approval is required for high-consequence agent actions such as financial transactions, data deletion, or privilege changes.;AI Application Security;Agent Governance;;bedrock;Manual;MANUAL;Manual check;manual_check;manual;False;Manual check;AWS-AI-Security-Framework;AWS AI Security Framework;
aws;Security compliance framework based on the AWS AI Security Framework blog post (2025). Organizes controls across three security layers (Infrastructure, Identity & Data, AI Application), three deployment phases (Foundational, Enhanced, Advanced), and three AI use cases (AI that Answers, AI that Connects, AI that Acts). Maps existing Prowler checks to AI workload security requirements and identifies gaps requiring new checks.;;;2026-08-01 19:04:21.788096;AISF-ML-05;Ensure SageMaker Model Monitor is configured for continuous model quality and bias monitoring, and SageMaker Clarify is used for bias detection in AI/ML workloads.;AI Application Security;ML Platform Security;;sagemaker;Manual;MANUAL;Manual check;manual_check;manual;False;Manual check;AWS-AI-Security-Framework;AWS AI Security Framework;
aws;Security compliance framework based on the AWS AI Security Framework blog post (2025). Organizes controls across three security layers (Infrastructure, Identity & Data, AI Application), three deployment phases (Foundational, Enhanced, Advanced), and three AI use cases (AI that Answers, AI that Connects, AI that Acts). Maps existing Prowler checks to AI workload security requirements and identifies gaps requiring new checks.;;;2026-08-01 19:04:21.788096;AISF-DETECT-06;Ensure Amazon Detective is enabled for AI security incident investigation, providing full decision chain reconstruction from prompt to data access to action.;Threat Detection and Monitoring;Incident Investigation;;detective;Manual;MANUAL;Manual check;manual_check;manual;False;Manual check;AWS-AI-Security-Framework;AWS AI Security Framework;
aws;Security compliance framework based on the AWS AI Security Framework blog post (2025). Organizes controls across three security layers (Infrastructure, Identity & Data, AI Application), three deployment phases (Foundational, Enhanced, Advanced), and three AI use cases (AI that Answers, AI that Connects, AI that Acts). Maps existing Prowler checks to AI workload security requirements and identifies gaps requiring new checks.;;;2026-08-01 19:04:21.788096;AISF-DETECT-07;Ensure GuardDuty Extended Threat Detection is enabled for AI-specific patterns including anomalous Bedrock API usage, model access from unusual locations, and potential data exfiltration through AI channels.;Threat Detection and Monitoring;AI Threat Detection;;guardduty;Manual;MANUAL;Manual check;manual_check;manual;False;Manual check;AWS-AI-Security-Framework;AWS AI Security Framework;
aws;Security compliance framework based on the AWS AI Security Framework blog post (2025). Organizes controls across three security layers (Infrastructure, Identity & Data, AI Application), three deployment phases (Foundational, Enhanced, Advanced), and three AI use cases (AI that Answers, AI that Connects, AI that Acts). Maps existing Prowler checks to AI workload security requirements and identifies gaps requiring new checks.;;;2026-08-01 19:04:21.788096;AISF-GOV-04;Ensure AWS Control Tower is enabled with landing zone configured to automate account governance and enforce security baselines across all accounts hosting AI workloads.;Governance and Compliance;Automated Governance;;controltower;Manual;MANUAL;Manual check;manual_check;manual;False;Manual check;AWS-AI-Security-Framework;AWS AI Security Framework;
aws;Security compliance framework based on the AWS AI Security Framework blog post (2025). Organizes controls across three security layers (Infrastructure, Identity & Data, AI Application), three deployment phases (Foundational, Enhanced, Advanced), and three AI use cases (AI that Answers, AI that Connects, AI that Acts). Maps existing Prowler checks to AI workload security requirements and identifies gaps requiring new checks.;;;2026-08-01 19:04:21.788096;AISF-GOV-05;Maintain an inventory of all AI workloads including approved and shadow AI usage. Document model selections, their governance requirements, and security evaluations.;Governance and Compliance;AI Governance;;multiple;Manual;MANUAL;Manual check;manual_check;manual;False;Manual check;AWS-AI-Security-Framework;AWS AI Security Framework;
aws;Security compliance framework based on the AWS AI Security Framework blog post (2025). Organizes controls across three security layers (Infrastructure, Identity & Data, AI Application), three deployment phases (Foundational, Enhanced, Advanced), and three AI use cases (AI that Answers, AI that Connects, AI that Acts). Maps existing Prowler checks to AI workload security requirements and identifies gaps requiring new checks.;;;2026-08-01 19:04:21.788096;AISF-GOV-06;Ensure AI-specific threat models are developed before production deployment, covering prompt injection, jailbreaks, data exfiltration, model poisoning, and adversarial attacks.;Governance and Compliance;AI Governance;;multiple;Manual;MANUAL;Manual check;manual_check;manual;False;Manual check;AWS-AI-Security-Framework;AWS AI Security Framework;
aws;Security compliance framework based on the AWS AI Security Framework blog post (2025). Organizes controls across three security layers (Infrastructure, Identity & Data, AI Application), three deployment phases (Foundational, Enhanced, Advanced), and three AI use cases (AI that Answers, AI that Connects, AI that Acts). Maps existing Prowler checks to AI workload security requirements and identifies gaps requiring new checks.;;;2026-08-01 19:04:21.788096;AISF-GOV-07;Ensure incident response plans include AI-specific scenarios covering prompt injection, model manipulation, data exfiltration through AI, LLM jacking, and agent scope violations.;Governance and Compliance;Incident Response;;multiple;Manual;MANUAL;Manual check;manual_check;manual;False;Manual check;AWS-AI-Security-Framework;AWS AI Security Framework;
aws;Security compliance framework based on the AWS AI Security Framework blog post (2025). Organizes controls across three security layers (Infrastructure, Identity & Data, AI Application), three deployment phases (Foundational, Enhanced, Advanced), and three AI use cases (AI that Answers, AI that Connects, AI that Acts). Maps existing Prowler checks to AI workload security requirements and identifies gaps requiring new checks.;;;2026-08-01 19:04:21.788096;AISF-MODEL-01;Perform security evaluation of foundation models before deployment, including assessment of input sanitization, access controls, bias audits, privacy disclosure, data poisoning resilience, adversarial resilience, and prompt injection defenses.;AI Application Security;Model Governance;;bedrock;Manual;MANUAL;Manual check;manual_check;manual;False;Manual check;AWS-AI-Security-Framework;AWS AI Security Framework;
aws;Security compliance framework based on the AWS AI Security Framework blog post (2025). Organizes controls across three security layers (Infrastructure, Identity & Data, AI Application), three deployment phases (Foundational, Enhanced, Advanced), and three AI use cases (AI that Answers, AI that Connects, AI that Acts). Maps existing Prowler checks to AI workload security requirements and identifies gaps requiring new checks.;;;2026-08-01 19:04:21.788096;AISF-MODEL-02;Ensure model selection is appropriate for the use case with CISO involvement in evaluation. Customer-facing agents require different model security profiles than internal summarization tools.;AI Application Security;Model Governance;;bedrock;Manual;MANUAL;Manual check;manual_check;manual;False;Manual check;AWS-AI-Security-Framework;AWS AI Security Framework;
