PROVIDER;DESCRIPTION;ACCOUNTID;REGION;ASSESSMENTDATE;REQUIREMENTS_ID;REQUIREMENTS_DESCRIPTION;REQUIREMENTS_ATTRIBUTES_SECTION;REQUIREMENTS_ATTRIBUTES_SUBSECTION;REQUIREMENTS_ATTRIBUTES_SUBGROUP;REQUIREMENTS_ATTRIBUTES_SERVICE;REQUIREMENTS_ATTRIBUTES_TYPE;STATUS;STATUSEXTENDED;RESOURCEID;CHECKID;MUTED;RESOURCENAME;FRAMEWORK;NAME;REQUIREMENTS_ATTRIBUTES_COMMENT
aws;GxP refers to the regulations and guidelines that are applicable to life sciences organizations that make food and medical products. Medical products that fall under this include medicines, medical devices, and medical software applications. The overall intent of GxP requirements is to ensure that food and medical products are safe for consumers. It's also to ensure the integrity of data that's used to make product-related safety decisions.;350381001508;us-east-1;2026-08-01 19:04:21.788096;11.10-e;Persons who use closed systems to create, modify, maintain, or transmit electronic records shall employ procedures and controls designed to ensure the authenticity, integrity, and, when appropriate, the confidentiality of electronic records, and to ensure that the signer cannot readily repudiate the signed record as not genuine. Such procedures and controls shall include the following: (e) Use of secure, computer-generated, time-stamped audit trails to independently record the date and time of operator entries and actions that create, modify, or delete electronic records. Record changes shall not obscure previously recorded information. Such audit trail documentation shall be retained for a period at least as long as that required for the subject electronic records and shall be available for agency review and copying.;11.10 Controls for closed systems;;;aws;;FAIL;Multiregion trail research-trail has not been logging in the last 24h or is not configured to deliver logs.;arn:aws:cloudtrail:us-east-1:350381001508:trail/research-trail;cloudtrail_cloudwatch_logging_enabled;False;research-trail;GxP-21-CFR-Part-11;GxP (Good Practices) 21 CFR Part 11;
aws;GxP refers to the regulations and guidelines that are applicable to life sciences organizations that make food and medical products. Medical products that fall under this include medicines, medical devices, and medical software applications. The overall intent of GxP requirements is to ensure that food and medical products are safe for consumers. It's also to ensure the integrity of data that's used to make product-related safety decisions.;350381001508;us-east-1;2026-08-01 19:04:21.788096;11.10-k;Persons who use closed systems to create, modify, maintain, or transmit electronic records shall employ procedures and controls designed to ensure the authenticity, integrity, and, when appropriate, the confidentiality of electronic records, and to ensure that the signer cannot readily repudiate the signed record as not genuine. Such procedures and controls shall include the following: (k) Use of appropriate controls over systems documentation including: (1) Adequate controls over the distribution of, access to, and use of documentation for system operation and maintenance. (2) Revision and change control procedures to maintain an audit trail that documents time-sequenced development and modification of systems documentation.;11.10 Controls for closed systems;;;aws;;FAIL;Multiregion trail research-trail has not been logging in the last 24h or is not configured to deliver logs.;arn:aws:cloudtrail:us-east-1:350381001508:trail/research-trail;cloudtrail_cloudwatch_logging_enabled;False;research-trail;GxP-21-CFR-Part-11;GxP (Good Practices) 21 CFR Part 11;
aws;GxP refers to the regulations and guidelines that are applicable to life sciences organizations that make food and medical products. Medical products that fall under this include medicines, medical devices, and medical software applications. The overall intent of GxP requirements is to ensure that food and medical products are safe for consumers. It's also to ensure the integrity of data that's used to make product-related safety decisions.;350381001508;us-east-1;2026-08-01 19:04:21.788096;11.300-d;Persons who use electronic signatures based upon use of identification codes in combination with passwords shall employ controls to ensure their security and integrity. Such controls shall include: (d) Use of transaction safeguards to prevent unauthorized use of passwords and/or identification codes, and to detect and report in an immediate and urgent manner any attempts at their unauthorized use to the system security unit, and, as appropriate, to organizational management.;11.300 Controls for identification codes/passwords;;;aws;;FAIL;Multiregion trail research-trail has not been logging in the last 24h or is not configured to deliver logs.;arn:aws:cloudtrail:us-east-1:350381001508:trail/research-trail;cloudtrail_cloudwatch_logging_enabled;False;research-trail;GxP-21-CFR-Part-11;GxP (Good Practices) 21 CFR Part 11;
aws;GxP refers to the regulations and guidelines that are applicable to life sciences organizations that make food and medical products. Medical products that fall under this include medicines, medical devices, and medical software applications. The overall intent of GxP requirements is to ensure that food and medical products are safe for consumers. It's also to ensure the integrity of data that's used to make product-related safety decisions.;350381001508;us-east-1;2026-08-01 19:04:21.788096;11.10-c;Persons who use closed systems to create, modify, maintain, or transmit electronic records shall employ procedures and controls designed to ensure the authenticity, integrity, and, when appropriate, the confidentiality of electronic records, and to ensure that the signer cannot readily repudiate the signed record as not genuine. Such procedures and controls shall include the following: (c) Protection of records to enable their accurate and ready retrieval throughout the records retention period.;11.10 Controls for closed systems;;;aws;;FAIL;Multiregion trail research-trail has encryption disabled.;arn:aws:cloudtrail:us-east-1:350381001508:trail/research-trail;cloudtrail_kms_encryption_enabled;False;research-trail;GxP-21-CFR-Part-11;GxP (Good Practices) 21 CFR Part 11;
aws;GxP refers to the regulations and guidelines that are applicable to life sciences organizations that make food and medical products. Medical products that fall under this include medicines, medical devices, and medical software applications. The overall intent of GxP requirements is to ensure that food and medical products are safe for consumers. It's also to ensure the integrity of data that's used to make product-related safety decisions.;350381001508;us-east-1;2026-08-01 19:04:21.788096;11.30;Persons who use open systems to create, modify, maintain, or transmit electronic records shall employ procedures and controls designed to ensure the authenticity, integrity, and, as appropriate, the confidentiality of electronic records from the point of their creation to the point of their receipt. Such procedures and controls shall include those identified in 11.10, as appropriate, and additional measures such as document encryption and use of appropriate digital signature standards to ensure, as necessary under the circumstances, record authenticity, integrity, and confidentiality.;11.30 Controls for open systems;;;aws;;FAIL;Multiregion trail research-trail has encryption disabled.;arn:aws:cloudtrail:us-east-1:350381001508:trail/research-trail;cloudtrail_kms_encryption_enabled;False;research-trail;GxP-21-CFR-Part-11;GxP (Good Practices) 21 CFR Part 11;
aws;GxP refers to the regulations and guidelines that are applicable to life sciences organizations that make food and medical products. Medical products that fall under this include medicines, medical devices, and medical software applications. The overall intent of GxP requirements is to ensure that food and medical products are safe for consumers. It's also to ensure the integrity of data that's used to make product-related safety decisions.;350381001508;us-east-1;2026-08-01 19:04:21.788096;11.10-a;Persons who use closed systems to create, modify, maintain, or transmit electronic records shall employ procedures and controls designed to ensure the authenticity, integrity, and, when appropriate, the confidentiality of electronic records, and to ensure that the signer cannot readily repudiate the signed record as not genuine. Such procedures and controls shall include the following: (a) Validation of systems to ensure accuracy, reliability, consistent intended performance, and the ability to discern invalid or altered records.;11.10 Controls for closed systems;;;aws;;FAIL;Multiregion trail research-trail has log file validation disabled.;arn:aws:cloudtrail:us-east-1:350381001508:trail/research-trail;cloudtrail_log_file_validation_enabled;False;research-trail;GxP-21-CFR-Part-11;GxP (Good Practices) 21 CFR Part 11;
aws;GxP refers to the regulations and guidelines that are applicable to life sciences organizations that make food and medical products. Medical products that fall under this include medicines, medical devices, and medical software applications. The overall intent of GxP requirements is to ensure that food and medical products are safe for consumers. It's also to ensure the integrity of data that's used to make product-related safety decisions.;350381001508;us-east-1;2026-08-01 19:04:21.788096;11.30;Persons who use open systems to create, modify, maintain, or transmit electronic records shall employ procedures and controls designed to ensure the authenticity, integrity, and, as appropriate, the confidentiality of electronic records from the point of their creation to the point of their receipt. Such procedures and controls shall include those identified in 11.10, as appropriate, and additional measures such as document encryption and use of appropriate digital signature standards to ensure, as necessary under the circumstances, record authenticity, integrity, and confidentiality.;11.30 Controls for open systems;;;aws;;FAIL;Multiregion trail research-trail has log file validation disabled.;arn:aws:cloudtrail:us-east-1:350381001508:trail/research-trail;cloudtrail_log_file_validation_enabled;False;research-trail;GxP-21-CFR-Part-11;GxP (Good Practices) 21 CFR Part 11;
aws;GxP refers to the regulations and guidelines that are applicable to life sciences organizations that make food and medical products. Medical products that fall under this include medicines, medical devices, and medical software applications. The overall intent of GxP requirements is to ensure that food and medical products are safe for consumers. It's also to ensure the integrity of data that's used to make product-related safety decisions.;350381001508;ap-northeast-1;2026-08-01 19:04:21.788096;11.10-e;Persons who use closed systems to create, modify, maintain, or transmit electronic records shall employ procedures and controls designed to ensure the authenticity, integrity, and, when appropriate, the confidentiality of electronic records, and to ensure that the signer cannot readily repudiate the signed record as not genuine. Such procedures and controls shall include the following: (e) Use of secure, computer-generated, time-stamped audit trails to independently record the date and time of operator entries and actions that create, modify, or delete electronic records. Record changes shall not obscure previously recorded information. Such audit trail documentation shall be retained for a period at least as long as that required for the subject electronic records and shall be available for agency review and copying.;11.10 Controls for closed systems;;;aws;;PASS;Trail research-trail is multiregion and it is logging.;arn:aws:cloudtrail:us-east-1:350381001508:trail/research-trail;cloudtrail_multi_region_enabled;False;research-trail;GxP-21-CFR-Part-11;GxP (Good Practices) 21 CFR Part 11;
aws;GxP refers to the regulations and guidelines that are applicable to life sciences organizations that make food and medical products. Medical products that fall under this include medicines, medical devices, and medical software applications. The overall intent of GxP requirements is to ensure that food and medical products are safe for consumers. It's also to ensure the integrity of data that's used to make product-related safety decisions.;350381001508;ap-northeast-1;2026-08-01 19:04:21.788096;11.10-k;Persons who use closed systems to create, modify, maintain, or transmit electronic records shall employ procedures and controls designed to ensure the authenticity, integrity, and, when appropriate, the confidentiality of electronic records, and to ensure that the signer cannot readily repudiate the signed record as not genuine. Such procedures and controls shall include the following: (k) Use of appropriate controls over systems documentation including: (1) Adequate controls over the distribution of, access to, and use of documentation for system operation and maintenance. (2) Revision and change control procedures to maintain an audit trail that documents time-sequenced development and modification of systems documentation.;11.10 Controls for closed systems;;;aws;;PASS;Trail research-trail is multiregion and it is logging.;arn:aws:cloudtrail:us-east-1:350381001508:trail/research-trail;cloudtrail_multi_region_enabled;False;research-trail;GxP-21-CFR-Part-11;GxP (Good Practices) 21 CFR Part 11;
aws;GxP refers to the regulations and guidelines that are applicable to life sciences organizations that make food and medical products. Medical products that fall under this include medicines, medical devices, and medical software applications. The overall intent of GxP requirements is to ensure that food and medical products are safe for consumers. It's also to ensure the integrity of data that's used to make product-related safety decisions.;350381001508;ap-northeast-1;2026-08-01 19:04:21.788096;11.300-d;Persons who use electronic signatures based upon use of identification codes in combination with passwords shall employ controls to ensure their security and integrity. Such controls shall include: (d) Use of transaction safeguards to prevent unauthorized use of passwords and/or identification codes, and to detect and report in an immediate and urgent manner any attempts at their unauthorized use to the system security unit, and, as appropriate, to organizational management.;11.300 Controls for identification codes/passwords;;;aws;;PASS;Trail research-trail is multiregion and it is logging.;arn:aws:cloudtrail:us-east-1:350381001508:trail/research-trail;cloudtrail_multi_region_enabled;False;research-trail;GxP-21-CFR-Part-11;GxP (Good Practices) 21 CFR Part 11;
aws;GxP refers to the regulations and guidelines that are applicable to life sciences organizations that make food and medical products. Medical products that fall under this include medicines, medical devices, and medical software applications. The overall intent of GxP requirements is to ensure that food and medical products are safe for consumers. It's also to ensure the integrity of data that's used to make product-related safety decisions.;350381001508;ap-northeast-2;2026-08-01 19:04:21.788096;11.10-e;Persons who use closed systems to create, modify, maintain, or transmit electronic records shall employ procedures and controls designed to ensure the authenticity, integrity, and, when appropriate, the confidentiality of electronic records, and to ensure that the signer cannot readily repudiate the signed record as not genuine. Such procedures and controls shall include the following: (e) Use of secure, computer-generated, time-stamped audit trails to independently record the date and time of operator entries and actions that create, modify, or delete electronic records. Record changes shall not obscure previously recorded information. Such audit trail documentation shall be retained for a period at least as long as that required for the subject electronic records and shall be available for agency review and copying.;11.10 Controls for closed systems;;;aws;;PASS;Trail research-trail is multiregion and it is logging.;arn:aws:cloudtrail:us-east-1:350381001508:trail/research-trail;cloudtrail_multi_region_enabled;False;research-trail;GxP-21-CFR-Part-11;GxP (Good Practices) 21 CFR Part 11;
aws;GxP refers to the regulations and guidelines that are applicable to life sciences organizations that make food and medical products. Medical products that fall under this include medicines, medical devices, and medical software applications. The overall intent of GxP requirements is to ensure that food and medical products are safe for consumers. It's also to ensure the integrity of data that's used to make product-related safety decisions.;350381001508;ap-northeast-2;2026-08-01 19:04:21.788096;11.10-k;Persons who use closed systems to create, modify, maintain, or transmit electronic records shall employ procedures and controls designed to ensure the authenticity, integrity, and, when appropriate, the confidentiality of electronic records, and to ensure that the signer cannot readily repudiate the signed record as not genuine. Such procedures and controls shall include the following: (k) Use of appropriate controls over systems documentation including: (1) Adequate controls over the distribution of, access to, and use of documentation for system operation and maintenance. (2) Revision and change control procedures to maintain an audit trail that documents time-sequenced development and modification of systems documentation.;11.10 Controls for closed systems;;;aws;;PASS;Trail research-trail is multiregion and it is logging.;arn:aws:cloudtrail:us-east-1:350381001508:trail/research-trail;cloudtrail_multi_region_enabled;False;research-trail;GxP-21-CFR-Part-11;GxP (Good Practices) 21 CFR Part 11;
aws;GxP refers to the regulations and guidelines that are applicable to life sciences organizations that make food and medical products. Medical products that fall under this include medicines, medical devices, and medical software applications. The overall intent of GxP requirements is to ensure that food and medical products are safe for consumers. It's also to ensure the integrity of data that's used to make product-related safety decisions.;350381001508;ap-northeast-2;2026-08-01 19:04:21.788096;11.300-d;Persons who use electronic signatures based upon use of identification codes in combination with passwords shall employ controls to ensure their security and integrity. Such controls shall include: (d) Use of transaction safeguards to prevent unauthorized use of passwords and/or identification codes, and to detect and report in an immediate and urgent manner any attempts at their unauthorized use to the system security unit, and, as appropriate, to organizational management.;11.300 Controls for identification codes/passwords;;;aws;;PASS;Trail research-trail is multiregion and it is logging.;arn:aws:cloudtrail:us-east-1:350381001508:trail/research-trail;cloudtrail_multi_region_enabled;False;research-trail;GxP-21-CFR-Part-11;GxP (Good Practices) 21 CFR Part 11;
aws;GxP refers to the regulations and guidelines that are applicable to life sciences organizations that make food and medical products. Medical products that fall under this include medicines, medical devices, and medical software applications. The overall intent of GxP requirements is to ensure that food and medical products are safe for consumers. It's also to ensure the integrity of data that's used to make product-related safety decisions.;350381001508;ap-northeast-3;2026-08-01 19:04:21.788096;11.10-e;Persons who use closed systems to create, modify, maintain, or transmit electronic records shall employ procedures and controls designed to ensure the authenticity, integrity, and, when appropriate, the confidentiality of electronic records, and to ensure that the signer cannot readily repudiate the signed record as not genuine. Such procedures and controls shall include the following: (e) Use of secure, computer-generated, time-stamped audit trails to independently record the date and time of operator entries and actions that create, modify, or delete electronic records. Record changes shall not obscure previously recorded information. Such audit trail documentation shall be retained for a period at least as long as that required for the subject electronic records and shall be available for agency review and copying.;11.10 Controls for closed systems;;;aws;;PASS;Trail research-trail is multiregion and it is logging.;arn:aws:cloudtrail:us-east-1:350381001508:trail/research-trail;cloudtrail_multi_region_enabled;False;research-trail;GxP-21-CFR-Part-11;GxP (Good Practices) 21 CFR Part 11;
aws;GxP refers to the regulations and guidelines that are applicable to life sciences organizations that make food and medical products. Medical products that fall under this include medicines, medical devices, and medical software applications. The overall intent of GxP requirements is to ensure that food and medical products are safe for consumers. It's also to ensure the integrity of data that's used to make product-related safety decisions.;350381001508;ap-northeast-3;2026-08-01 19:04:21.788096;11.10-k;Persons who use closed systems to create, modify, maintain, or transmit electronic records shall employ procedures and controls designed to ensure the authenticity, integrity, and, when appropriate, the confidentiality of electronic records, and to ensure that the signer cannot readily repudiate the signed record as not genuine. Such procedures and controls shall include the following: (k) Use of appropriate controls over systems documentation including: (1) Adequate controls over the distribution of, access to, and use of documentation for system operation and maintenance. (2) Revision and change control procedures to maintain an audit trail that documents time-sequenced development and modification of systems documentation.;11.10 Controls for closed systems;;;aws;;PASS;Trail research-trail is multiregion and it is logging.;arn:aws:cloudtrail:us-east-1:350381001508:trail/research-trail;cloudtrail_multi_region_enabled;False;research-trail;GxP-21-CFR-Part-11;GxP (Good Practices) 21 CFR Part 11;
aws;GxP refers to the regulations and guidelines that are applicable to life sciences organizations that make food and medical products. Medical products that fall under this include medicines, medical devices, and medical software applications. The overall intent of GxP requirements is to ensure that food and medical products are safe for consumers. It's also to ensure the integrity of data that's used to make product-related safety decisions.;350381001508;ap-northeast-3;2026-08-01 19:04:21.788096;11.300-d;Persons who use electronic signatures based upon use of identification codes in combination with passwords shall employ controls to ensure their security and integrity. Such controls shall include: (d) Use of transaction safeguards to prevent unauthorized use of passwords and/or identification codes, and to detect and report in an immediate and urgent manner any attempts at their unauthorized use to the system security unit, and, as appropriate, to organizational management.;11.300 Controls for identification codes/passwords;;;aws;;PASS;Trail research-trail is multiregion and it is logging.;arn:aws:cloudtrail:us-east-1:350381001508:trail/research-trail;cloudtrail_multi_region_enabled;False;research-trail;GxP-21-CFR-Part-11;GxP (Good Practices) 21 CFR Part 11;
aws;GxP refers to the regulations and guidelines that are applicable to life sciences organizations that make food and medical products. Medical products that fall under this include medicines, medical devices, and medical software applications. The overall intent of GxP requirements is to ensure that food and medical products are safe for consumers. It's also to ensure the integrity of data that's used to make product-related safety decisions.;350381001508;ap-south-1;2026-08-01 19:04:21.788096;11.10-e;Persons who use closed systems to create, modify, maintain, or transmit electronic records shall employ procedures and controls designed to ensure the authenticity, integrity, and, when appropriate, the confidentiality of electronic records, and to ensure that the signer cannot readily repudiate the signed record as not genuine. Such procedures and controls shall include the following: (e) Use of secure, computer-generated, time-stamped audit trails to independently record the date and time of operator entries and actions that create, modify, or delete electronic records. Record changes shall not obscure previously recorded information. Such audit trail documentation shall be retained for a period at least as long as that required for the subject electronic records and shall be available for agency review and copying.;11.10 Controls for closed systems;;;aws;;PASS;Trail research-trail is multiregion and it is logging.;arn:aws:cloudtrail:us-east-1:350381001508:trail/research-trail;cloudtrail_multi_region_enabled;False;research-trail;GxP-21-CFR-Part-11;GxP (Good Practices) 21 CFR Part 11;
aws;GxP refers to the regulations and guidelines that are applicable to life sciences organizations that make food and medical products. Medical products that fall under this include medicines, medical devices, and medical software applications. The overall intent of GxP requirements is to ensure that food and medical products are safe for consumers. It's also to ensure the integrity of data that's used to make product-related safety decisions.;350381001508;ap-south-1;2026-08-01 19:04:21.788096;11.10-k;Persons who use closed systems to create, modify, maintain, or transmit electronic records shall employ procedures and controls designed to ensure the authenticity, integrity, and, when appropriate, the confidentiality of electronic records, and to ensure that the signer cannot readily repudiate the signed record as not genuine. Such procedures and controls shall include the following: (k) Use of appropriate controls over systems documentation including: (1) Adequate controls over the distribution of, access to, and use of documentation for system operation and maintenance. (2) Revision and change control procedures to maintain an audit trail that documents time-sequenced development and modification of systems documentation.;11.10 Controls for closed systems;;;aws;;PASS;Trail research-trail is multiregion and it is logging.;arn:aws:cloudtrail:us-east-1:350381001508:trail/research-trail;cloudtrail_multi_region_enabled;False;research-trail;GxP-21-CFR-Part-11;GxP (Good Practices) 21 CFR Part 11;
aws;GxP refers to the regulations and guidelines that are applicable to life sciences organizations that make food and medical products. Medical products that fall under this include medicines, medical devices, and medical software applications. The overall intent of GxP requirements is to ensure that food and medical products are safe for consumers. It's also to ensure the integrity of data that's used to make product-related safety decisions.;350381001508;ap-south-1;2026-08-01 19:04:21.788096;11.300-d;Persons who use electronic signatures based upon use of identification codes in combination with passwords shall employ controls to ensure their security and integrity. Such controls shall include: (d) Use of transaction safeguards to prevent unauthorized use of passwords and/or identification codes, and to detect and report in an immediate and urgent manner any attempts at their unauthorized use to the system security unit, and, as appropriate, to organizational management.;11.300 Controls for identification codes/passwords;;;aws;;PASS;Trail research-trail is multiregion and it is logging.;arn:aws:cloudtrail:us-east-1:350381001508:trail/research-trail;cloudtrail_multi_region_enabled;False;research-trail;GxP-21-CFR-Part-11;GxP (Good Practices) 21 CFR Part 11;
aws;GxP refers to the regulations and guidelines that are applicable to life sciences organizations that make food and medical products. Medical products that fall under this include medicines, medical devices, and medical software applications. The overall intent of GxP requirements is to ensure that food and medical products are safe for consumers. It's also to ensure the integrity of data that's used to make product-related safety decisions.;350381001508;ap-southeast-1;2026-08-01 19:04:21.788096;11.10-e;Persons who use closed systems to create, modify, maintain, or transmit electronic records shall employ procedures and controls designed to ensure the authenticity, integrity, and, when appropriate, the confidentiality of electronic records, and to ensure that the signer cannot readily repudiate the signed record as not genuine. Such procedures and controls shall include the following: (e) Use of secure, computer-generated, time-stamped audit trails to independently record the date and time of operator entries and actions that create, modify, or delete electronic records. Record changes shall not obscure previously recorded information. Such audit trail documentation shall be retained for a period at least as long as that required for the subject electronic records and shall be available for agency review and copying.;11.10 Controls for closed systems;;;aws;;PASS;Trail research-trail is multiregion and it is logging.;arn:aws:cloudtrail:us-east-1:350381001508:trail/research-trail;cloudtrail_multi_region_enabled;False;research-trail;GxP-21-CFR-Part-11;GxP (Good Practices) 21 CFR Part 11;
aws;GxP refers to the regulations and guidelines that are applicable to life sciences organizations that make food and medical products. Medical products that fall under this include medicines, medical devices, and medical software applications. The overall intent of GxP requirements is to ensure that food and medical products are safe for consumers. It's also to ensure the integrity of data that's used to make product-related safety decisions.;350381001508;ap-southeast-1;2026-08-01 19:04:21.788096;11.10-k;Persons who use closed systems to create, modify, maintain, or transmit electronic records shall employ procedures and controls designed to ensure the authenticity, integrity, and, when appropriate, the confidentiality of electronic records, and to ensure that the signer cannot readily repudiate the signed record as not genuine. Such procedures and controls shall include the following: (k) Use of appropriate controls over systems documentation including: (1) Adequate controls over the distribution of, access to, and use of documentation for system operation and maintenance. (2) Revision and change control procedures to maintain an audit trail that documents time-sequenced development and modification of systems documentation.;11.10 Controls for closed systems;;;aws;;PASS;Trail research-trail is multiregion and it is logging.;arn:aws:cloudtrail:us-east-1:350381001508:trail/research-trail;cloudtrail_multi_region_enabled;False;research-trail;GxP-21-CFR-Part-11;GxP (Good Practices) 21 CFR Part 11;
aws;GxP refers to the regulations and guidelines that are applicable to life sciences organizations that make food and medical products. Medical products that fall under this include medicines, medical devices, and medical software applications. The overall intent of GxP requirements is to ensure that food and medical products are safe for consumers. It's also to ensure the integrity of data that's used to make product-related safety decisions.;350381001508;ap-southeast-1;2026-08-01 19:04:21.788096;11.300-d;Persons who use electronic signatures based upon use of identification codes in combination with passwords shall employ controls to ensure their security and integrity. Such controls shall include: (d) Use of transaction safeguards to prevent unauthorized use of passwords and/or identification codes, and to detect and report in an immediate and urgent manner any attempts at their unauthorized use to the system security unit, and, as appropriate, to organizational management.;11.300 Controls for identification codes/passwords;;;aws;;PASS;Trail research-trail is multiregion and it is logging.;arn:aws:cloudtrail:us-east-1:350381001508:trail/research-trail;cloudtrail_multi_region_enabled;False;research-trail;GxP-21-CFR-Part-11;GxP (Good Practices) 21 CFR Part 11;
aws;GxP refers to the regulations and guidelines that are applicable to life sciences organizations that make food and medical products. Medical products that fall under this include medicines, medical devices, and medical software applications. The overall intent of GxP requirements is to ensure that food and medical products are safe for consumers. It's also to ensure the integrity of data that's used to make product-related safety decisions.;350381001508;ap-southeast-2;2026-08-01 19:04:21.788096;11.10-e;Persons who use closed systems to create, modify, maintain, or transmit electronic records shall employ procedures and controls designed to ensure the authenticity, integrity, and, when appropriate, the confidentiality of electronic records, and to ensure that the signer cannot readily repudiate the signed record as not genuine. Such procedures and controls shall include the following: (e) Use of secure, computer-generated, time-stamped audit trails to independently record the date and time of operator entries and actions that create, modify, or delete electronic records. Record changes shall not obscure previously recorded information. Such audit trail documentation shall be retained for a period at least as long as that required for the subject electronic records and shall be available for agency review and copying.;11.10 Controls for closed systems;;;aws;;PASS;Trail research-trail is multiregion and it is logging.;arn:aws:cloudtrail:us-east-1:350381001508:trail/research-trail;cloudtrail_multi_region_enabled;False;research-trail;GxP-21-CFR-Part-11;GxP (Good Practices) 21 CFR Part 11;
aws;GxP refers to the regulations and guidelines that are applicable to life sciences organizations that make food and medical products. Medical products that fall under this include medicines, medical devices, and medical software applications. The overall intent of GxP requirements is to ensure that food and medical products are safe for consumers. It's also to ensure the integrity of data that's used to make product-related safety decisions.;350381001508;ap-southeast-2;2026-08-01 19:04:21.788096;11.10-k;Persons who use closed systems to create, modify, maintain, or transmit electronic records shall employ procedures and controls designed to ensure the authenticity, integrity, and, when appropriate, the confidentiality of electronic records, and to ensure that the signer cannot readily repudiate the signed record as not genuine. Such procedures and controls shall include the following: (k) Use of appropriate controls over systems documentation including: (1) Adequate controls over the distribution of, access to, and use of documentation for system operation and maintenance. (2) Revision and change control procedures to maintain an audit trail that documents time-sequenced development and modification of systems documentation.;11.10 Controls for closed systems;;;aws;;PASS;Trail research-trail is multiregion and it is logging.;arn:aws:cloudtrail:us-east-1:350381001508:trail/research-trail;cloudtrail_multi_region_enabled;False;research-trail;GxP-21-CFR-Part-11;GxP (Good Practices) 21 CFR Part 11;
aws;GxP refers to the regulations and guidelines that are applicable to life sciences organizations that make food and medical products. Medical products that fall under this include medicines, medical devices, and medical software applications. The overall intent of GxP requirements is to ensure that food and medical products are safe for consumers. It's also to ensure the integrity of data that's used to make product-related safety decisions.;350381001508;ap-southeast-2;2026-08-01 19:04:21.788096;11.300-d;Persons who use electronic signatures based upon use of identification codes in combination with passwords shall employ controls to ensure their security and integrity. Such controls shall include: (d) Use of transaction safeguards to prevent unauthorized use of passwords and/or identification codes, and to detect and report in an immediate and urgent manner any attempts at their unauthorized use to the system security unit, and, as appropriate, to organizational management.;11.300 Controls for identification codes/passwords;;;aws;;PASS;Trail research-trail is multiregion and it is logging.;arn:aws:cloudtrail:us-east-1:350381001508:trail/research-trail;cloudtrail_multi_region_enabled;False;research-trail;GxP-21-CFR-Part-11;GxP (Good Practices) 21 CFR Part 11;
aws;GxP refers to the regulations and guidelines that are applicable to life sciences organizations that make food and medical products. Medical products that fall under this include medicines, medical devices, and medical software applications. The overall intent of GxP requirements is to ensure that food and medical products are safe for consumers. It's also to ensure the integrity of data that's used to make product-related safety decisions.;350381001508;ca-central-1;2026-08-01 19:04:21.788096;11.10-e;Persons who use closed systems to create, modify, maintain, or transmit electronic records shall employ procedures and controls designed to ensure the authenticity, integrity, and, when appropriate, the confidentiality of electronic records, and to ensure that the signer cannot readily repudiate the signed record as not genuine. Such procedures and controls shall include the following: (e) Use of secure, computer-generated, time-stamped audit trails to independently record the date and time of operator entries and actions that create, modify, or delete electronic records. Record changes shall not obscure previously recorded information. Such audit trail documentation shall be retained for a period at least as long as that required for the subject electronic records and shall be available for agency review and copying.;11.10 Controls for closed systems;;;aws;;PASS;Trail research-trail is multiregion and it is logging.;arn:aws:cloudtrail:us-east-1:350381001508:trail/research-trail;cloudtrail_multi_region_enabled;False;research-trail;GxP-21-CFR-Part-11;GxP (Good Practices) 21 CFR Part 11;
aws;GxP refers to the regulations and guidelines that are applicable to life sciences organizations that make food and medical products. Medical products that fall under this include medicines, medical devices, and medical software applications. The overall intent of GxP requirements is to ensure that food and medical products are safe for consumers. It's also to ensure the integrity of data that's used to make product-related safety decisions.;350381001508;ca-central-1;2026-08-01 19:04:21.788096;11.10-k;Persons who use closed systems to create, modify, maintain, or transmit electronic records shall employ procedures and controls designed to ensure the authenticity, integrity, and, when appropriate, the confidentiality of electronic records, and to ensure that the signer cannot readily repudiate the signed record as not genuine. Such procedures and controls shall include the following: (k) Use of appropriate controls over systems documentation including: (1) Adequate controls over the distribution of, access to, and use of documentation for system operation and maintenance. (2) Revision and change control procedures to maintain an audit trail that documents time-sequenced development and modification of systems documentation.;11.10 Controls for closed systems;;;aws;;PASS;Trail research-trail is multiregion and it is logging.;arn:aws:cloudtrail:us-east-1:350381001508:trail/research-trail;cloudtrail_multi_region_enabled;False;research-trail;GxP-21-CFR-Part-11;GxP (Good Practices) 21 CFR Part 11;
aws;GxP refers to the regulations and guidelines that are applicable to life sciences organizations that make food and medical products. Medical products that fall under this include medicines, medical devices, and medical software applications. The overall intent of GxP requirements is to ensure that food and medical products are safe for consumers. It's also to ensure the integrity of data that's used to make product-related safety decisions.;350381001508;ca-central-1;2026-08-01 19:04:21.788096;11.300-d;Persons who use electronic signatures based upon use of identification codes in combination with passwords shall employ controls to ensure their security and integrity. Such controls shall include: (d) Use of transaction safeguards to prevent unauthorized use of passwords and/or identification codes, and to detect and report in an immediate and urgent manner any attempts at their unauthorized use to the system security unit, and, as appropriate, to organizational management.;11.300 Controls for identification codes/passwords;;;aws;;PASS;Trail research-trail is multiregion and it is logging.;arn:aws:cloudtrail:us-east-1:350381001508:trail/research-trail;cloudtrail_multi_region_enabled;False;research-trail;GxP-21-CFR-Part-11;GxP (Good Practices) 21 CFR Part 11;
aws;GxP refers to the regulations and guidelines that are applicable to life sciences organizations that make food and medical products. Medical products that fall under this include medicines, medical devices, and medical software applications. The overall intent of GxP requirements is to ensure that food and medical products are safe for consumers. It's also to ensure the integrity of data that's used to make product-related safety decisions.;350381001508;eu-central-1;2026-08-01 19:04:21.788096;11.10-e;Persons who use closed systems to create, modify, maintain, or transmit electronic records shall employ procedures and controls designed to ensure the authenticity, integrity, and, when appropriate, the confidentiality of electronic records, and to ensure that the signer cannot readily repudiate the signed record as not genuine. Such procedures and controls shall include the following: (e) Use of secure, computer-generated, time-stamped audit trails to independently record the date and time of operator entries and actions that create, modify, or delete electronic records. Record changes shall not obscure previously recorded information. Such audit trail documentation shall be retained for a period at least as long as that required for the subject electronic records and shall be available for agency review and copying.;11.10 Controls for closed systems;;;aws;;PASS;Trail research-trail is multiregion and it is logging.;arn:aws:cloudtrail:us-east-1:350381001508:trail/research-trail;cloudtrail_multi_region_enabled;False;research-trail;GxP-21-CFR-Part-11;GxP (Good Practices) 21 CFR Part 11;
aws;GxP refers to the regulations and guidelines that are applicable to life sciences organizations that make food and medical products. Medical products that fall under this include medicines, medical devices, and medical software applications. The overall intent of GxP requirements is to ensure that food and medical products are safe for consumers. It's also to ensure the integrity of data that's used to make product-related safety decisions.;350381001508;eu-central-1;2026-08-01 19:04:21.788096;11.10-k;Persons who use closed systems to create, modify, maintain, or transmit electronic records shall employ procedures and controls designed to ensure the authenticity, integrity, and, when appropriate, the confidentiality of electronic records, and to ensure that the signer cannot readily repudiate the signed record as not genuine. Such procedures and controls shall include the following: (k) Use of appropriate controls over systems documentation including: (1) Adequate controls over the distribution of, access to, and use of documentation for system operation and maintenance. (2) Revision and change control procedures to maintain an audit trail that documents time-sequenced development and modification of systems documentation.;11.10 Controls for closed systems;;;aws;;PASS;Trail research-trail is multiregion and it is logging.;arn:aws:cloudtrail:us-east-1:350381001508:trail/research-trail;cloudtrail_multi_region_enabled;False;research-trail;GxP-21-CFR-Part-11;GxP (Good Practices) 21 CFR Part 11;
aws;GxP refers to the regulations and guidelines that are applicable to life sciences organizations that make food and medical products. Medical products that fall under this include medicines, medical devices, and medical software applications. The overall intent of GxP requirements is to ensure that food and medical products are safe for consumers. It's also to ensure the integrity of data that's used to make product-related safety decisions.;350381001508;eu-central-1;2026-08-01 19:04:21.788096;11.300-d;Persons who use electronic signatures based upon use of identification codes in combination with passwords shall employ controls to ensure their security and integrity. Such controls shall include: (d) Use of transaction safeguards to prevent unauthorized use of passwords and/or identification codes, and to detect and report in an immediate and urgent manner any attempts at their unauthorized use to the system security unit, and, as appropriate, to organizational management.;11.300 Controls for identification codes/passwords;;;aws;;PASS;Trail research-trail is multiregion and it is logging.;arn:aws:cloudtrail:us-east-1:350381001508:trail/research-trail;cloudtrail_multi_region_enabled;False;research-trail;GxP-21-CFR-Part-11;GxP (Good Practices) 21 CFR Part 11;
aws;GxP refers to the regulations and guidelines that are applicable to life sciences organizations that make food and medical products. Medical products that fall under this include medicines, medical devices, and medical software applications. The overall intent of GxP requirements is to ensure that food and medical products are safe for consumers. It's also to ensure the integrity of data that's used to make product-related safety decisions.;350381001508;eu-north-1;2026-08-01 19:04:21.788096;11.10-e;Persons who use closed systems to create, modify, maintain, or transmit electronic records shall employ procedures and controls designed to ensure the authenticity, integrity, and, when appropriate, the confidentiality of electronic records, and to ensure that the signer cannot readily repudiate the signed record as not genuine. Such procedures and controls shall include the following: (e) Use of secure, computer-generated, time-stamped audit trails to independently record the date and time of operator entries and actions that create, modify, or delete electronic records. Record changes shall not obscure previously recorded information. Such audit trail documentation shall be retained for a period at least as long as that required for the subject electronic records and shall be available for agency review and copying.;11.10 Controls for closed systems;;;aws;;PASS;Trail research-trail is multiregion and it is logging.;arn:aws:cloudtrail:us-east-1:350381001508:trail/research-trail;cloudtrail_multi_region_enabled;False;research-trail;GxP-21-CFR-Part-11;GxP (Good Practices) 21 CFR Part 11;
aws;GxP refers to the regulations and guidelines that are applicable to life sciences organizations that make food and medical products. Medical products that fall under this include medicines, medical devices, and medical software applications. The overall intent of GxP requirements is to ensure that food and medical products are safe for consumers. It's also to ensure the integrity of data that's used to make product-related safety decisions.;350381001508;eu-north-1;2026-08-01 19:04:21.788096;11.10-k;Persons who use closed systems to create, modify, maintain, or transmit electronic records shall employ procedures and controls designed to ensure the authenticity, integrity, and, when appropriate, the confidentiality of electronic records, and to ensure that the signer cannot readily repudiate the signed record as not genuine. Such procedures and controls shall include the following: (k) Use of appropriate controls over systems documentation including: (1) Adequate controls over the distribution of, access to, and use of documentation for system operation and maintenance. (2) Revision and change control procedures to maintain an audit trail that documents time-sequenced development and modification of systems documentation.;11.10 Controls for closed systems;;;aws;;PASS;Trail research-trail is multiregion and it is logging.;arn:aws:cloudtrail:us-east-1:350381001508:trail/research-trail;cloudtrail_multi_region_enabled;False;research-trail;GxP-21-CFR-Part-11;GxP (Good Practices) 21 CFR Part 11;
aws;GxP refers to the regulations and guidelines that are applicable to life sciences organizations that make food and medical products. Medical products that fall under this include medicines, medical devices, and medical software applications. The overall intent of GxP requirements is to ensure that food and medical products are safe for consumers. It's also to ensure the integrity of data that's used to make product-related safety decisions.;350381001508;eu-north-1;2026-08-01 19:04:21.788096;11.300-d;Persons who use electronic signatures based upon use of identification codes in combination with passwords shall employ controls to ensure their security and integrity. Such controls shall include: (d) Use of transaction safeguards to prevent unauthorized use of passwords and/or identification codes, and to detect and report in an immediate and urgent manner any attempts at their unauthorized use to the system security unit, and, as appropriate, to organizational management.;11.300 Controls for identification codes/passwords;;;aws;;PASS;Trail research-trail is multiregion and it is logging.;arn:aws:cloudtrail:us-east-1:350381001508:trail/research-trail;cloudtrail_multi_region_enabled;False;research-trail;GxP-21-CFR-Part-11;GxP (Good Practices) 21 CFR Part 11;
aws;GxP refers to the regulations and guidelines that are applicable to life sciences organizations that make food and medical products. Medical products that fall under this include medicines, medical devices, and medical software applications. The overall intent of GxP requirements is to ensure that food and medical products are safe for consumers. It's also to ensure the integrity of data that's used to make product-related safety decisions.;350381001508;eu-west-1;2026-08-01 19:04:21.788096;11.10-e;Persons who use closed systems to create, modify, maintain, or transmit electronic records shall employ procedures and controls designed to ensure the authenticity, integrity, and, when appropriate, the confidentiality of electronic records, and to ensure that the signer cannot readily repudiate the signed record as not genuine. Such procedures and controls shall include the following: (e) Use of secure, computer-generated, time-stamped audit trails to independently record the date and time of operator entries and actions that create, modify, or delete electronic records. Record changes shall not obscure previously recorded information. Such audit trail documentation shall be retained for a period at least as long as that required for the subject electronic records and shall be available for agency review and copying.;11.10 Controls for closed systems;;;aws;;PASS;Trail research-trail is multiregion and it is logging.;arn:aws:cloudtrail:us-east-1:350381001508:trail/research-trail;cloudtrail_multi_region_enabled;False;research-trail;GxP-21-CFR-Part-11;GxP (Good Practices) 21 CFR Part 11;
aws;GxP refers to the regulations and guidelines that are applicable to life sciences organizations that make food and medical products. Medical products that fall under this include medicines, medical devices, and medical software applications. The overall intent of GxP requirements is to ensure that food and medical products are safe for consumers. It's also to ensure the integrity of data that's used to make product-related safety decisions.;350381001508;eu-west-1;2026-08-01 19:04:21.788096;11.10-k;Persons who use closed systems to create, modify, maintain, or transmit electronic records shall employ procedures and controls designed to ensure the authenticity, integrity, and, when appropriate, the confidentiality of electronic records, and to ensure that the signer cannot readily repudiate the signed record as not genuine. Such procedures and controls shall include the following: (k) Use of appropriate controls over systems documentation including: (1) Adequate controls over the distribution of, access to, and use of documentation for system operation and maintenance. (2) Revision and change control procedures to maintain an audit trail that documents time-sequenced development and modification of systems documentation.;11.10 Controls for closed systems;;;aws;;PASS;Trail research-trail is multiregion and it is logging.;arn:aws:cloudtrail:us-east-1:350381001508:trail/research-trail;cloudtrail_multi_region_enabled;False;research-trail;GxP-21-CFR-Part-11;GxP (Good Practices) 21 CFR Part 11;
aws;GxP refers to the regulations and guidelines that are applicable to life sciences organizations that make food and medical products. Medical products that fall under this include medicines, medical devices, and medical software applications. The overall intent of GxP requirements is to ensure that food and medical products are safe for consumers. It's also to ensure the integrity of data that's used to make product-related safety decisions.;350381001508;eu-west-1;2026-08-01 19:04:21.788096;11.300-d;Persons who use electronic signatures based upon use of identification codes in combination with passwords shall employ controls to ensure their security and integrity. Such controls shall include: (d) Use of transaction safeguards to prevent unauthorized use of passwords and/or identification codes, and to detect and report in an immediate and urgent manner any attempts at their unauthorized use to the system security unit, and, as appropriate, to organizational management.;11.300 Controls for identification codes/passwords;;;aws;;PASS;Trail research-trail is multiregion and it is logging.;arn:aws:cloudtrail:us-east-1:350381001508:trail/research-trail;cloudtrail_multi_region_enabled;False;research-trail;GxP-21-CFR-Part-11;GxP (Good Practices) 21 CFR Part 11;
aws;GxP refers to the regulations and guidelines that are applicable to life sciences organizations that make food and medical products. Medical products that fall under this include medicines, medical devices, and medical software applications. The overall intent of GxP requirements is to ensure that food and medical products are safe for consumers. It's also to ensure the integrity of data that's used to make product-related safety decisions.;350381001508;eu-west-2;2026-08-01 19:04:21.788096;11.10-e;Persons who use closed systems to create, modify, maintain, or transmit electronic records shall employ procedures and controls designed to ensure the authenticity, integrity, and, when appropriate, the confidentiality of electronic records, and to ensure that the signer cannot readily repudiate the signed record as not genuine. Such procedures and controls shall include the following: (e) Use of secure, computer-generated, time-stamped audit trails to independently record the date and time of operator entries and actions that create, modify, or delete electronic records. Record changes shall not obscure previously recorded information. Such audit trail documentation shall be retained for a period at least as long as that required for the subject electronic records and shall be available for agency review and copying.;11.10 Controls for closed systems;;;aws;;PASS;Trail research-trail is multiregion and it is logging.;arn:aws:cloudtrail:us-east-1:350381001508:trail/research-trail;cloudtrail_multi_region_enabled;False;research-trail;GxP-21-CFR-Part-11;GxP (Good Practices) 21 CFR Part 11;
aws;GxP refers to the regulations and guidelines that are applicable to life sciences organizations that make food and medical products. Medical products that fall under this include medicines, medical devices, and medical software applications. The overall intent of GxP requirements is to ensure that food and medical products are safe for consumers. It's also to ensure the integrity of data that's used to make product-related safety decisions.;350381001508;eu-west-2;2026-08-01 19:04:21.788096;11.10-k;Persons who use closed systems to create, modify, maintain, or transmit electronic records shall employ procedures and controls designed to ensure the authenticity, integrity, and, when appropriate, the confidentiality of electronic records, and to ensure that the signer cannot readily repudiate the signed record as not genuine. Such procedures and controls shall include the following: (k) Use of appropriate controls over systems documentation including: (1) Adequate controls over the distribution of, access to, and use of documentation for system operation and maintenance. (2) Revision and change control procedures to maintain an audit trail that documents time-sequenced development and modification of systems documentation.;11.10 Controls for closed systems;;;aws;;PASS;Trail research-trail is multiregion and it is logging.;arn:aws:cloudtrail:us-east-1:350381001508:trail/research-trail;cloudtrail_multi_region_enabled;False;research-trail;GxP-21-CFR-Part-11;GxP (Good Practices) 21 CFR Part 11;
aws;GxP refers to the regulations and guidelines that are applicable to life sciences organizations that make food and medical products. Medical products that fall under this include medicines, medical devices, and medical software applications. The overall intent of GxP requirements is to ensure that food and medical products are safe for consumers. It's also to ensure the integrity of data that's used to make product-related safety decisions.;350381001508;eu-west-2;2026-08-01 19:04:21.788096;11.300-d;Persons who use electronic signatures based upon use of identification codes in combination with passwords shall employ controls to ensure their security and integrity. Such controls shall include: (d) Use of transaction safeguards to prevent unauthorized use of passwords and/or identification codes, and to detect and report in an immediate and urgent manner any attempts at their unauthorized use to the system security unit, and, as appropriate, to organizational management.;11.300 Controls for identification codes/passwords;;;aws;;PASS;Trail research-trail is multiregion and it is logging.;arn:aws:cloudtrail:us-east-1:350381001508:trail/research-trail;cloudtrail_multi_region_enabled;False;research-trail;GxP-21-CFR-Part-11;GxP (Good Practices) 21 CFR Part 11;
aws;GxP refers to the regulations and guidelines that are applicable to life sciences organizations that make food and medical products. Medical products that fall under this include medicines, medical devices, and medical software applications. The overall intent of GxP requirements is to ensure that food and medical products are safe for consumers. It's also to ensure the integrity of data that's used to make product-related safety decisions.;350381001508;eu-west-3;2026-08-01 19:04:21.788096;11.10-e;Persons who use closed systems to create, modify, maintain, or transmit electronic records shall employ procedures and controls designed to ensure the authenticity, integrity, and, when appropriate, the confidentiality of electronic records, and to ensure that the signer cannot readily repudiate the signed record as not genuine. Such procedures and controls shall include the following: (e) Use of secure, computer-generated, time-stamped audit trails to independently record the date and time of operator entries and actions that create, modify, or delete electronic records. Record changes shall not obscure previously recorded information. Such audit trail documentation shall be retained for a period at least as long as that required for the subject electronic records and shall be available for agency review and copying.;11.10 Controls for closed systems;;;aws;;PASS;Trail research-trail is multiregion and it is logging.;arn:aws:cloudtrail:us-east-1:350381001508:trail/research-trail;cloudtrail_multi_region_enabled;False;research-trail;GxP-21-CFR-Part-11;GxP (Good Practices) 21 CFR Part 11;
aws;GxP refers to the regulations and guidelines that are applicable to life sciences organizations that make food and medical products. Medical products that fall under this include medicines, medical devices, and medical software applications. The overall intent of GxP requirements is to ensure that food and medical products are safe for consumers. It's also to ensure the integrity of data that's used to make product-related safety decisions.;350381001508;eu-west-3;2026-08-01 19:04:21.788096;11.10-k;Persons who use closed systems to create, modify, maintain, or transmit electronic records shall employ procedures and controls designed to ensure the authenticity, integrity, and, when appropriate, the confidentiality of electronic records, and to ensure that the signer cannot readily repudiate the signed record as not genuine. Such procedures and controls shall include the following: (k) Use of appropriate controls over systems documentation including: (1) Adequate controls over the distribution of, access to, and use of documentation for system operation and maintenance. (2) Revision and change control procedures to maintain an audit trail that documents time-sequenced development and modification of systems documentation.;11.10 Controls for closed systems;;;aws;;PASS;Trail research-trail is multiregion and it is logging.;arn:aws:cloudtrail:us-east-1:350381001508:trail/research-trail;cloudtrail_multi_region_enabled;False;research-trail;GxP-21-CFR-Part-11;GxP (Good Practices) 21 CFR Part 11;
aws;GxP refers to the regulations and guidelines that are applicable to life sciences organizations that make food and medical products. Medical products that fall under this include medicines, medical devices, and medical software applications. The overall intent of GxP requirements is to ensure that food and medical products are safe for consumers. It's also to ensure the integrity of data that's used to make product-related safety decisions.;350381001508;eu-west-3;2026-08-01 19:04:21.788096;11.300-d;Persons who use electronic signatures based upon use of identification codes in combination with passwords shall employ controls to ensure their security and integrity. Such controls shall include: (d) Use of transaction safeguards to prevent unauthorized use of passwords and/or identification codes, and to detect and report in an immediate and urgent manner any attempts at their unauthorized use to the system security unit, and, as appropriate, to organizational management.;11.300 Controls for identification codes/passwords;;;aws;;PASS;Trail research-trail is multiregion and it is logging.;arn:aws:cloudtrail:us-east-1:350381001508:trail/research-trail;cloudtrail_multi_region_enabled;False;research-trail;GxP-21-CFR-Part-11;GxP (Good Practices) 21 CFR Part 11;
aws;GxP refers to the regulations and guidelines that are applicable to life sciences organizations that make food and medical products. Medical products that fall under this include medicines, medical devices, and medical software applications. The overall intent of GxP requirements is to ensure that food and medical products are safe for consumers. It's also to ensure the integrity of data that's used to make product-related safety decisions.;350381001508;sa-east-1;2026-08-01 19:04:21.788096;11.10-e;Persons who use closed systems to create, modify, maintain, or transmit electronic records shall employ procedures and controls designed to ensure the authenticity, integrity, and, when appropriate, the confidentiality of electronic records, and to ensure that the signer cannot readily repudiate the signed record as not genuine. Such procedures and controls shall include the following: (e) Use of secure, computer-generated, time-stamped audit trails to independently record the date and time of operator entries and actions that create, modify, or delete electronic records. Record changes shall not obscure previously recorded information. Such audit trail documentation shall be retained for a period at least as long as that required for the subject electronic records and shall be available for agency review and copying.;11.10 Controls for closed systems;;;aws;;PASS;Trail research-trail is multiregion and it is logging.;arn:aws:cloudtrail:us-east-1:350381001508:trail/research-trail;cloudtrail_multi_region_enabled;False;research-trail;GxP-21-CFR-Part-11;GxP (Good Practices) 21 CFR Part 11;
aws;GxP refers to the regulations and guidelines that are applicable to life sciences organizations that make food and medical products. Medical products that fall under this include medicines, medical devices, and medical software applications. The overall intent of GxP requirements is to ensure that food and medical products are safe for consumers. It's also to ensure the integrity of data that's used to make product-related safety decisions.;350381001508;sa-east-1;2026-08-01 19:04:21.788096;11.10-k;Persons who use closed systems to create, modify, maintain, or transmit electronic records shall employ procedures and controls designed to ensure the authenticity, integrity, and, when appropriate, the confidentiality of electronic records, and to ensure that the signer cannot readily repudiate the signed record as not genuine. Such procedures and controls shall include the following: (k) Use of appropriate controls over systems documentation including: (1) Adequate controls over the distribution of, access to, and use of documentation for system operation and maintenance. (2) Revision and change control procedures to maintain an audit trail that documents time-sequenced development and modification of systems documentation.;11.10 Controls for closed systems;;;aws;;PASS;Trail research-trail is multiregion and it is logging.;arn:aws:cloudtrail:us-east-1:350381001508:trail/research-trail;cloudtrail_multi_region_enabled;False;research-trail;GxP-21-CFR-Part-11;GxP (Good Practices) 21 CFR Part 11;
aws;GxP refers to the regulations and guidelines that are applicable to life sciences organizations that make food and medical products. Medical products that fall under this include medicines, medical devices, and medical software applications. The overall intent of GxP requirements is to ensure that food and medical products are safe for consumers. It's also to ensure the integrity of data that's used to make product-related safety decisions.;350381001508;sa-east-1;2026-08-01 19:04:21.788096;11.300-d;Persons who use electronic signatures based upon use of identification codes in combination with passwords shall employ controls to ensure their security and integrity. Such controls shall include: (d) Use of transaction safeguards to prevent unauthorized use of passwords and/or identification codes, and to detect and report in an immediate and urgent manner any attempts at their unauthorized use to the system security unit, and, as appropriate, to organizational management.;11.300 Controls for identification codes/passwords;;;aws;;PASS;Trail research-trail is multiregion and it is logging.;arn:aws:cloudtrail:us-east-1:350381001508:trail/research-trail;cloudtrail_multi_region_enabled;False;research-trail;GxP-21-CFR-Part-11;GxP (Good Practices) 21 CFR Part 11;
aws;GxP refers to the regulations and guidelines that are applicable to life sciences organizations that make food and medical products. Medical products that fall under this include medicines, medical devices, and medical software applications. The overall intent of GxP requirements is to ensure that food and medical products are safe for consumers. It's also to ensure the integrity of data that's used to make product-related safety decisions.;350381001508;us-east-1;2026-08-01 19:04:21.788096;11.10-e;Persons who use closed systems to create, modify, maintain, or transmit electronic records shall employ procedures and controls designed to ensure the authenticity, integrity, and, when appropriate, the confidentiality of electronic records, and to ensure that the signer cannot readily repudiate the signed record as not genuine. Such procedures and controls shall include the following: (e) Use of secure, computer-generated, time-stamped audit trails to independently record the date and time of operator entries and actions that create, modify, or delete electronic records. Record changes shall not obscure previously recorded information. Such audit trail documentation shall be retained for a period at least as long as that required for the subject electronic records and shall be available for agency review and copying.;11.10 Controls for closed systems;;;aws;;PASS;Trail research-trail is multiregion and it is logging.;arn:aws:cloudtrail:us-east-1:350381001508:trail/research-trail;cloudtrail_multi_region_enabled;False;research-trail;GxP-21-CFR-Part-11;GxP (Good Practices) 21 CFR Part 11;
aws;GxP refers to the regulations and guidelines that are applicable to life sciences organizations that make food and medical products. Medical products that fall under this include medicines, medical devices, and medical software applications. The overall intent of GxP requirements is to ensure that food and medical products are safe for consumers. It's also to ensure the integrity of data that's used to make product-related safety decisions.;350381001508;us-east-1;2026-08-01 19:04:21.788096;11.10-k;Persons who use closed systems to create, modify, maintain, or transmit electronic records shall employ procedures and controls designed to ensure the authenticity, integrity, and, when appropriate, the confidentiality of electronic records, and to ensure that the signer cannot readily repudiate the signed record as not genuine. Such procedures and controls shall include the following: (k) Use of appropriate controls over systems documentation including: (1) Adequate controls over the distribution of, access to, and use of documentation for system operation and maintenance. (2) Revision and change control procedures to maintain an audit trail that documents time-sequenced development and modification of systems documentation.;11.10 Controls for closed systems;;;aws;;PASS;Trail research-trail is multiregion and it is logging.;arn:aws:cloudtrail:us-east-1:350381001508:trail/research-trail;cloudtrail_multi_region_enabled;False;research-trail;GxP-21-CFR-Part-11;GxP (Good Practices) 21 CFR Part 11;
aws;GxP refers to the regulations and guidelines that are applicable to life sciences organizations that make food and medical products. Medical products that fall under this include medicines, medical devices, and medical software applications. The overall intent of GxP requirements is to ensure that food and medical products are safe for consumers. It's also to ensure the integrity of data that's used to make product-related safety decisions.;350381001508;us-east-1;2026-08-01 19:04:21.788096;11.300-d;Persons who use electronic signatures based upon use of identification codes in combination with passwords shall employ controls to ensure their security and integrity. Such controls shall include: (d) Use of transaction safeguards to prevent unauthorized use of passwords and/or identification codes, and to detect and report in an immediate and urgent manner any attempts at their unauthorized use to the system security unit, and, as appropriate, to organizational management.;11.300 Controls for identification codes/passwords;;;aws;;PASS;Trail research-trail is multiregion and it is logging.;arn:aws:cloudtrail:us-east-1:350381001508:trail/research-trail;cloudtrail_multi_region_enabled;False;research-trail;GxP-21-CFR-Part-11;GxP (Good Practices) 21 CFR Part 11;
aws;GxP refers to the regulations and guidelines that are applicable to life sciences organizations that make food and medical products. Medical products that fall under this include medicines, medical devices, and medical software applications. The overall intent of GxP requirements is to ensure that food and medical products are safe for consumers. It's also to ensure the integrity of data that's used to make product-related safety decisions.;350381001508;us-east-2;2026-08-01 19:04:21.788096;11.10-e;Persons who use closed systems to create, modify, maintain, or transmit electronic records shall employ procedures and controls designed to ensure the authenticity, integrity, and, when appropriate, the confidentiality of electronic records, and to ensure that the signer cannot readily repudiate the signed record as not genuine. Such procedures and controls shall include the following: (e) Use of secure, computer-generated, time-stamped audit trails to independently record the date and time of operator entries and actions that create, modify, or delete electronic records. Record changes shall not obscure previously recorded information. Such audit trail documentation shall be retained for a period at least as long as that required for the subject electronic records and shall be available for agency review and copying.;11.10 Controls for closed systems;;;aws;;PASS;Trail research-trail is multiregion and it is logging.;arn:aws:cloudtrail:us-east-1:350381001508:trail/research-trail;cloudtrail_multi_region_enabled;False;research-trail;GxP-21-CFR-Part-11;GxP (Good Practices) 21 CFR Part 11;
aws;GxP refers to the regulations and guidelines that are applicable to life sciences organizations that make food and medical products. Medical products that fall under this include medicines, medical devices, and medical software applications. The overall intent of GxP requirements is to ensure that food and medical products are safe for consumers. It's also to ensure the integrity of data that's used to make product-related safety decisions.;350381001508;us-east-2;2026-08-01 19:04:21.788096;11.10-k;Persons who use closed systems to create, modify, maintain, or transmit electronic records shall employ procedures and controls designed to ensure the authenticity, integrity, and, when appropriate, the confidentiality of electronic records, and to ensure that the signer cannot readily repudiate the signed record as not genuine. Such procedures and controls shall include the following: (k) Use of appropriate controls over systems documentation including: (1) Adequate controls over the distribution of, access to, and use of documentation for system operation and maintenance. (2) Revision and change control procedures to maintain an audit trail that documents time-sequenced development and modification of systems documentation.;11.10 Controls for closed systems;;;aws;;PASS;Trail research-trail is multiregion and it is logging.;arn:aws:cloudtrail:us-east-1:350381001508:trail/research-trail;cloudtrail_multi_region_enabled;False;research-trail;GxP-21-CFR-Part-11;GxP (Good Practices) 21 CFR Part 11;
aws;GxP refers to the regulations and guidelines that are applicable to life sciences organizations that make food and medical products. Medical products that fall under this include medicines, medical devices, and medical software applications. The overall intent of GxP requirements is to ensure that food and medical products are safe for consumers. It's also to ensure the integrity of data that's used to make product-related safety decisions.;350381001508;us-east-2;2026-08-01 19:04:21.788096;11.300-d;Persons who use electronic signatures based upon use of identification codes in combination with passwords shall employ controls to ensure their security and integrity. Such controls shall include: (d) Use of transaction safeguards to prevent unauthorized use of passwords and/or identification codes, and to detect and report in an immediate and urgent manner any attempts at their unauthorized use to the system security unit, and, as appropriate, to organizational management.;11.300 Controls for identification codes/passwords;;;aws;;PASS;Trail research-trail is multiregion and it is logging.;arn:aws:cloudtrail:us-east-1:350381001508:trail/research-trail;cloudtrail_multi_region_enabled;False;research-trail;GxP-21-CFR-Part-11;GxP (Good Practices) 21 CFR Part 11;
aws;GxP refers to the regulations and guidelines that are applicable to life sciences organizations that make food and medical products. Medical products that fall under this include medicines, medical devices, and medical software applications. The overall intent of GxP requirements is to ensure that food and medical products are safe for consumers. It's also to ensure the integrity of data that's used to make product-related safety decisions.;350381001508;us-west-1;2026-08-01 19:04:21.788096;11.10-e;Persons who use closed systems to create, modify, maintain, or transmit electronic records shall employ procedures and controls designed to ensure the authenticity, integrity, and, when appropriate, the confidentiality of electronic records, and to ensure that the signer cannot readily repudiate the signed record as not genuine. Such procedures and controls shall include the following: (e) Use of secure, computer-generated, time-stamped audit trails to independently record the date and time of operator entries and actions that create, modify, or delete electronic records. Record changes shall not obscure previously recorded information. Such audit trail documentation shall be retained for a period at least as long as that required for the subject electronic records and shall be available for agency review and copying.;11.10 Controls for closed systems;;;aws;;PASS;Trail research-trail is multiregion and it is logging.;arn:aws:cloudtrail:us-east-1:350381001508:trail/research-trail;cloudtrail_multi_region_enabled;False;research-trail;GxP-21-CFR-Part-11;GxP (Good Practices) 21 CFR Part 11;
aws;GxP refers to the regulations and guidelines that are applicable to life sciences organizations that make food and medical products. Medical products that fall under this include medicines, medical devices, and medical software applications. The overall intent of GxP requirements is to ensure that food and medical products are safe for consumers. It's also to ensure the integrity of data that's used to make product-related safety decisions.;350381001508;us-west-1;2026-08-01 19:04:21.788096;11.10-k;Persons who use closed systems to create, modify, maintain, or transmit electronic records shall employ procedures and controls designed to ensure the authenticity, integrity, and, when appropriate, the confidentiality of electronic records, and to ensure that the signer cannot readily repudiate the signed record as not genuine. Such procedures and controls shall include the following: (k) Use of appropriate controls over systems documentation including: (1) Adequate controls over the distribution of, access to, and use of documentation for system operation and maintenance. (2) Revision and change control procedures to maintain an audit trail that documents time-sequenced development and modification of systems documentation.;11.10 Controls for closed systems;;;aws;;PASS;Trail research-trail is multiregion and it is logging.;arn:aws:cloudtrail:us-east-1:350381001508:trail/research-trail;cloudtrail_multi_region_enabled;False;research-trail;GxP-21-CFR-Part-11;GxP (Good Practices) 21 CFR Part 11;
aws;GxP refers to the regulations and guidelines that are applicable to life sciences organizations that make food and medical products. Medical products that fall under this include medicines, medical devices, and medical software applications. The overall intent of GxP requirements is to ensure that food and medical products are safe for consumers. It's also to ensure the integrity of data that's used to make product-related safety decisions.;350381001508;us-west-1;2026-08-01 19:04:21.788096;11.300-d;Persons who use electronic signatures based upon use of identification codes in combination with passwords shall employ controls to ensure their security and integrity. Such controls shall include: (d) Use of transaction safeguards to prevent unauthorized use of passwords and/or identification codes, and to detect and report in an immediate and urgent manner any attempts at their unauthorized use to the system security unit, and, as appropriate, to organizational management.;11.300 Controls for identification codes/passwords;;;aws;;PASS;Trail research-trail is multiregion and it is logging.;arn:aws:cloudtrail:us-east-1:350381001508:trail/research-trail;cloudtrail_multi_region_enabled;False;research-trail;GxP-21-CFR-Part-11;GxP (Good Practices) 21 CFR Part 11;
aws;GxP refers to the regulations and guidelines that are applicable to life sciences organizations that make food and medical products. Medical products that fall under this include medicines, medical devices, and medical software applications. The overall intent of GxP requirements is to ensure that food and medical products are safe for consumers. It's also to ensure the integrity of data that's used to make product-related safety decisions.;350381001508;us-west-2;2026-08-01 19:04:21.788096;11.10-e;Persons who use closed systems to create, modify, maintain, or transmit electronic records shall employ procedures and controls designed to ensure the authenticity, integrity, and, when appropriate, the confidentiality of electronic records, and to ensure that the signer cannot readily repudiate the signed record as not genuine. Such procedures and controls shall include the following: (e) Use of secure, computer-generated, time-stamped audit trails to independently record the date and time of operator entries and actions that create, modify, or delete electronic records. Record changes shall not obscure previously recorded information. Such audit trail documentation shall be retained for a period at least as long as that required for the subject electronic records and shall be available for agency review and copying.;11.10 Controls for closed systems;;;aws;;PASS;Trail research-trail is multiregion and it is logging.;arn:aws:cloudtrail:us-east-1:350381001508:trail/research-trail;cloudtrail_multi_region_enabled;False;research-trail;GxP-21-CFR-Part-11;GxP (Good Practices) 21 CFR Part 11;
aws;GxP refers to the regulations and guidelines that are applicable to life sciences organizations that make food and medical products. Medical products that fall under this include medicines, medical devices, and medical software applications. The overall intent of GxP requirements is to ensure that food and medical products are safe for consumers. It's also to ensure the integrity of data that's used to make product-related safety decisions.;350381001508;us-west-2;2026-08-01 19:04:21.788096;11.10-k;Persons who use closed systems to create, modify, maintain, or transmit electronic records shall employ procedures and controls designed to ensure the authenticity, integrity, and, when appropriate, the confidentiality of electronic records, and to ensure that the signer cannot readily repudiate the signed record as not genuine. Such procedures and controls shall include the following: (k) Use of appropriate controls over systems documentation including: (1) Adequate controls over the distribution of, access to, and use of documentation for system operation and maintenance. (2) Revision and change control procedures to maintain an audit trail that documents time-sequenced development and modification of systems documentation.;11.10 Controls for closed systems;;;aws;;PASS;Trail research-trail is multiregion and it is logging.;arn:aws:cloudtrail:us-east-1:350381001508:trail/research-trail;cloudtrail_multi_region_enabled;False;research-trail;GxP-21-CFR-Part-11;GxP (Good Practices) 21 CFR Part 11;
aws;GxP refers to the regulations and guidelines that are applicable to life sciences organizations that make food and medical products. Medical products that fall under this include medicines, medical devices, and medical software applications. The overall intent of GxP requirements is to ensure that food and medical products are safe for consumers. It's also to ensure the integrity of data that's used to make product-related safety decisions.;350381001508;us-west-2;2026-08-01 19:04:21.788096;11.300-d;Persons who use electronic signatures based upon use of identification codes in combination with passwords shall employ controls to ensure their security and integrity. Such controls shall include: (d) Use of transaction safeguards to prevent unauthorized use of passwords and/or identification codes, and to detect and report in an immediate and urgent manner any attempts at their unauthorized use to the system security unit, and, as appropriate, to organizational management.;11.300 Controls for identification codes/passwords;;;aws;;PASS;Trail research-trail is multiregion and it is logging.;arn:aws:cloudtrail:us-east-1:350381001508:trail/research-trail;cloudtrail_multi_region_enabled;False;research-trail;GxP-21-CFR-Part-11;GxP (Good Practices) 21 CFR Part 11;
aws;GxP refers to the regulations and guidelines that are applicable to life sciences organizations that make food and medical products. Medical products that fall under this include medicines, medical devices, and medical software applications. The overall intent of GxP requirements is to ensure that food and medical products are safe for consumers. It's also to ensure the integrity of data that's used to make product-related safety decisions.;350381001508;us-east-1;2026-08-01 19:04:21.788096;11.10-e;Persons who use closed systems to create, modify, maintain, or transmit electronic records shall employ procedures and controls designed to ensure the authenticity, integrity, and, when appropriate, the confidentiality of electronic records, and to ensure that the signer cannot readily repudiate the signed record as not genuine. Such procedures and controls shall include the following: (e) Use of secure, computer-generated, time-stamped audit trails to independently record the date and time of operator entries and actions that create, modify, or delete electronic records. Record changes shall not obscure previously recorded information. Such audit trail documentation shall be retained for a period at least as long as that required for the subject electronic records and shall be available for agency review and copying.;11.10 Controls for closed systems;;;aws;;FAIL;No CloudTrail trails have a data event to record all S3 object-level API operations.;arn:aws:cloudtrail:us-east-1:350381001508:trail;cloudtrail_s3_dataevents_read_enabled;False;350381001508;GxP-21-CFR-Part-11;GxP (Good Practices) 21 CFR Part 11;
aws;GxP refers to the regulations and guidelines that are applicable to life sciences organizations that make food and medical products. Medical products that fall under this include medicines, medical devices, and medical software applications. The overall intent of GxP requirements is to ensure that food and medical products are safe for consumers. It's also to ensure the integrity of data that's used to make product-related safety decisions.;350381001508;us-east-1;2026-08-01 19:04:21.788096;11.10-k;Persons who use closed systems to create, modify, maintain, or transmit electronic records shall employ procedures and controls designed to ensure the authenticity, integrity, and, when appropriate, the confidentiality of electronic records, and to ensure that the signer cannot readily repudiate the signed record as not genuine. Such procedures and controls shall include the following: (k) Use of appropriate controls over systems documentation including: (1) Adequate controls over the distribution of, access to, and use of documentation for system operation and maintenance. (2) Revision and change control procedures to maintain an audit trail that documents time-sequenced development and modification of systems documentation.;11.10 Controls for closed systems;;;aws;;FAIL;No CloudTrail trails have a data event to record all S3 object-level API operations.;arn:aws:cloudtrail:us-east-1:350381001508:trail;cloudtrail_s3_dataevents_read_enabled;False;350381001508;GxP-21-CFR-Part-11;GxP (Good Practices) 21 CFR Part 11;
aws;GxP refers to the regulations and guidelines that are applicable to life sciences organizations that make food and medical products. Medical products that fall under this include medicines, medical devices, and medical software applications. The overall intent of GxP requirements is to ensure that food and medical products are safe for consumers. It's also to ensure the integrity of data that's used to make product-related safety decisions.;350381001508;us-east-1;2026-08-01 19:04:21.788096;11.10-e;Persons who use closed systems to create, modify, maintain, or transmit electronic records shall employ procedures and controls designed to ensure the authenticity, integrity, and, when appropriate, the confidentiality of electronic records, and to ensure that the signer cannot readily repudiate the signed record as not genuine. Such procedures and controls shall include the following: (e) Use of secure, computer-generated, time-stamped audit trails to independently record the date and time of operator entries and actions that create, modify, or delete electronic records. Record changes shall not obscure previously recorded information. Such audit trail documentation shall be retained for a period at least as long as that required for the subject electronic records and shall be available for agency review and copying.;11.10 Controls for closed systems;;;aws;;FAIL;No CloudTrail trails have a data event to record all S3 object-level API operations.;arn:aws:cloudtrail:us-east-1:350381001508:trail;cloudtrail_s3_dataevents_write_enabled;False;350381001508;GxP-21-CFR-Part-11;GxP (Good Practices) 21 CFR Part 11;
aws;GxP refers to the regulations and guidelines that are applicable to life sciences organizations that make food and medical products. Medical products that fall under this include medicines, medical devices, and medical software applications. The overall intent of GxP requirements is to ensure that food and medical products are safe for consumers. It's also to ensure the integrity of data that's used to make product-related safety decisions.;350381001508;us-east-1;2026-08-01 19:04:21.788096;11.10-k;Persons who use closed systems to create, modify, maintain, or transmit electronic records shall employ procedures and controls designed to ensure the authenticity, integrity, and, when appropriate, the confidentiality of electronic records, and to ensure that the signer cannot readily repudiate the signed record as not genuine. Such procedures and controls shall include the following: (k) Use of appropriate controls over systems documentation including: (1) Adequate controls over the distribution of, access to, and use of documentation for system operation and maintenance. (2) Revision and change control procedures to maintain an audit trail that documents time-sequenced development and modification of systems documentation.;11.10 Controls for closed systems;;;aws;;FAIL;No CloudTrail trails have a data event to record all S3 object-level API operations.;arn:aws:cloudtrail:us-east-1:350381001508:trail;cloudtrail_s3_dataevents_write_enabled;False;350381001508;GxP-21-CFR-Part-11;GxP (Good Practices) 21 CFR Part 11;
aws;GxP refers to the regulations and guidelines that are applicable to life sciences organizations that make food and medical products. Medical products that fall under this include medicines, medical devices, and medical software applications. The overall intent of GxP requirements is to ensure that food and medical products are safe for consumers. It's also to ensure the integrity of data that's used to make product-related safety decisions.;350381001508;us-east-1;2026-08-01 19:04:21.788096;11.10-g;Persons who use closed systems to create, modify, maintain, or transmit electronic records shall employ procedures and controls designed to ensure the authenticity, integrity, and, when appropriate, the confidentiality of electronic records, and to ensure that the signer cannot readily repudiate the signed record as not genuine. Such procedures and controls shall include the following: (g) Use of authority checks to ensure that only authorized individuals can use the system, electronically sign a record, access the operation or computer system input or output device, alter a record, or perform the operation at hand.;11.10 Controls for closed systems;;;aws;;FAIL;EBS Default Encryption is not activated.;arn:aws:ec2:us-east-1:350381001508:volume;ec2_ebs_default_encryption;False;350381001508;GxP-21-CFR-Part-11;GxP (Good Practices) 21 CFR Part 11;
aws;GxP refers to the regulations and guidelines that are applicable to life sciences organizations that make food and medical products. Medical products that fall under this include medicines, medical devices, and medical software applications. The overall intent of GxP requirements is to ensure that food and medical products are safe for consumers. It's also to ensure the integrity of data that's used to make product-related safety decisions.;350381001508;us-east-1;2026-08-01 19:04:21.788096;11.30;Persons who use open systems to create, modify, maintain, or transmit electronic records shall employ procedures and controls designed to ensure the authenticity, integrity, and, as appropriate, the confidentiality of electronic records from the point of their creation to the point of their receipt. Such procedures and controls shall include those identified in 11.10, as appropriate, and additional measures such as document encryption and use of appropriate digital signature standards to ensure, as necessary under the circumstances, record authenticity, integrity, and confidentiality.;11.30 Controls for open systems;;;aws;;FAIL;EBS Default Encryption is not activated.;arn:aws:ec2:us-east-1:350381001508:volume;ec2_ebs_default_encryption;False;350381001508;GxP-21-CFR-Part-11;GxP (Good Practices) 21 CFR Part 11;
aws;GxP refers to the regulations and guidelines that are applicable to life sciences organizations that make food and medical products. Medical products that fall under this include medicines, medical devices, and medical software applications. The overall intent of GxP requirements is to ensure that food and medical products are safe for consumers. It's also to ensure the integrity of data that's used to make product-related safety decisions.;350381001508;us-east-1;2026-08-01 19:04:21.788096;11.10-g;Persons who use closed systems to create, modify, maintain, or transmit electronic records shall employ procedures and controls designed to ensure the authenticity, integrity, and, when appropriate, the confidentiality of electronic records, and to ensure that the signer cannot readily repudiate the signed record as not genuine. Such procedures and controls shall include the following: (g) Use of authority checks to ensure that only authorized individuals can use the system, electronically sign a record, access the operation or computer system input or output device, alter a record, or perform the operation at hand.;11.10 Controls for closed systems;;;aws;;FAIL;EBS Snapshot vol-06f58dc8b8493e9f8 is unencrypted.;arn:aws:ec2:us-east-1:350381001508:volume/vol-06f58dc8b8493e9f8;ec2_ebs_volume_encryption;False;vol-06f58dc8b8493e9f8;GxP-21-CFR-Part-11;GxP (Good Practices) 21 CFR Part 11;
aws;GxP refers to the regulations and guidelines that are applicable to life sciences organizations that make food and medical products. Medical products that fall under this include medicines, medical devices, and medical software applications. The overall intent of GxP requirements is to ensure that food and medical products are safe for consumers. It's also to ensure the integrity of data that's used to make product-related safety decisions.;350381001508;us-east-1;2026-08-01 19:04:21.788096;11.30;Persons who use open systems to create, modify, maintain, or transmit electronic records shall employ procedures and controls designed to ensure the authenticity, integrity, and, as appropriate, the confidentiality of electronic records from the point of their creation to the point of their receipt. Such procedures and controls shall include those identified in 11.10, as appropriate, and additional measures such as document encryption and use of appropriate digital signature standards to ensure, as necessary under the circumstances, record authenticity, integrity, and confidentiality.;11.30 Controls for open systems;;;aws;;FAIL;EBS Snapshot vol-06f58dc8b8493e9f8 is unencrypted.;arn:aws:ec2:us-east-1:350381001508:volume/vol-06f58dc8b8493e9f8;ec2_ebs_volume_encryption;False;vol-06f58dc8b8493e9f8;GxP-21-CFR-Part-11;GxP (Good Practices) 21 CFR Part 11;
aws;GxP refers to the regulations and guidelines that are applicable to life sciences organizations that make food and medical products. Medical products that fall under this include medicines, medical devices, and medical software applications. The overall intent of GxP requirements is to ensure that food and medical products are safe for consumers. It's also to ensure the integrity of data that's used to make product-related safety decisions.;350381001508;us-east-1;2026-08-01 19:04:21.788096;11.10-d;Persons who use closed systems to create, modify, maintain, or transmit electronic records shall employ procedures and controls designed to ensure the authenticity, integrity, and, when appropriate, the confidentiality of electronic records, and to ensure that the signer cannot readily repudiate the signed record as not genuine. Such procedures and controls shall include the following: (d) Limiting system access to authorized individuals.;11.10 Controls for closed systems;;;aws;;PASS;EC2 Instance i-0eefd2ddc65f26f85 has IMDSv2 enabled and required.;arn:aws:ec2:us-east-1:350381001508:instance/i-0eefd2ddc65f26f85;ec2_instance_imdsv2_enabled;False;i-0eefd2ddc65f26f85;GxP-21-CFR-Part-11;GxP (Good Practices) 21 CFR Part 11;
aws;GxP refers to the regulations and guidelines that are applicable to life sciences organizations that make food and medical products. Medical products that fall under this include medicines, medical devices, and medical software applications. The overall intent of GxP requirements is to ensure that food and medical products are safe for consumers. It's also to ensure the integrity of data that's used to make product-related safety decisions.;350381001508;us-east-1;2026-08-01 19:04:21.788096;11.10-g;Persons who use closed systems to create, modify, maintain, or transmit electronic records shall employ procedures and controls designed to ensure the authenticity, integrity, and, when appropriate, the confidentiality of electronic records, and to ensure that the signer cannot readily repudiate the signed record as not genuine. Such procedures and controls shall include the following: (g) Use of authority checks to ensure that only authorized individuals can use the system, electronically sign a record, access the operation or computer system input or output device, alter a record, or perform the operation at hand.;11.10 Controls for closed systems;;;aws;;PASS;EC2 Instance i-0eefd2ddc65f26f85 has IMDSv2 enabled and required.;arn:aws:ec2:us-east-1:350381001508:instance/i-0eefd2ddc65f26f85;ec2_instance_imdsv2_enabled;False;i-0eefd2ddc65f26f85;GxP-21-CFR-Part-11;GxP (Good Practices) 21 CFR Part 11;
aws;GxP refers to the regulations and guidelines that are applicable to life sciences organizations that make food and medical products. Medical products that fall under this include medicines, medical devices, and medical software applications. The overall intent of GxP requirements is to ensure that food and medical products are safe for consumers. It's also to ensure the integrity of data that's used to make product-related safety decisions.;350381001508;us-east-1;2026-08-01 19:04:21.788096;11.10-a;Persons who use closed systems to create, modify, maintain, or transmit electronic records shall employ procedures and controls designed to ensure the authenticity, integrity, and, when appropriate, the confidentiality of electronic records, and to ensure that the signer cannot readily repudiate the signed record as not genuine. Such procedures and controls shall include the following: (a) Validation of systems to ensure accuracy, reliability, consistent intended performance, and the ability to discern invalid or altered records.;11.10 Controls for closed systems;;;aws;;FAIL;EC2 Instance i-0eefd2ddc65f26f85 is not managed by Systems Manager.;arn:aws:ec2:us-east-1:350381001508:instance/i-0eefd2ddc65f26f85;ec2_instance_managed_by_ssm;False;i-0eefd2ddc65f26f85;GxP-21-CFR-Part-11;GxP (Good Practices) 21 CFR Part 11;
aws;GxP refers to the regulations and guidelines that are applicable to life sciences organizations that make food and medical products. Medical products that fall under this include medicines, medical devices, and medical software applications. The overall intent of GxP requirements is to ensure that food and medical products are safe for consumers. It's also to ensure the integrity of data that's used to make product-related safety decisions.;350381001508;us-east-1;2026-08-01 19:04:21.788096;11.10-h;Persons who use closed systems to create, modify, maintain, or transmit electronic records shall employ procedures and controls designed to ensure the authenticity, integrity, and, when appropriate, the confidentiality of electronic records, and to ensure that the signer cannot readily repudiate the signed record as not genuine. Such procedures and controls shall include the following: (h) Use of device (e.g., terminal) checks to determine, as appropriate, the validity of the source of data input or operational instruction.;11.10 Controls for closed systems;;;aws;;FAIL;EC2 Instance i-0eefd2ddc65f26f85 is not managed by Systems Manager.;arn:aws:ec2:us-east-1:350381001508:instance/i-0eefd2ddc65f26f85;ec2_instance_managed_by_ssm;False;i-0eefd2ddc65f26f85;GxP-21-CFR-Part-11;GxP (Good Practices) 21 CFR Part 11;
aws;GxP refers to the regulations and guidelines that are applicable to life sciences organizations that make food and medical products. Medical products that fall under this include medicines, medical devices, and medical software applications. The overall intent of GxP requirements is to ensure that food and medical products are safe for consumers. It's also to ensure the integrity of data that's used to make product-related safety decisions.;350381001508;us-east-1;2026-08-01 19:04:21.788096;11.10-a;Persons who use closed systems to create, modify, maintain, or transmit electronic records shall employ procedures and controls designed to ensure the authenticity, integrity, and, when appropriate, the confidentiality of electronic records, and to ensure that the signer cannot readily repudiate the signed record as not genuine. Such procedures and controls shall include the following: (a) Validation of systems to ensure accuracy, reliability, consistent intended performance, and the ability to discern invalid or altered records.;11.10 Controls for closed systems;;;aws;;PASS;EC2 Instance i-0eefd2ddc65f26f85 is not older than 180 days (3 days).;arn:aws:ec2:us-east-1:350381001508:instance/i-0eefd2ddc65f26f85;ec2_instance_older_than_specific_days;False;i-0eefd2ddc65f26f85;GxP-21-CFR-Part-11;GxP (Good Practices) 21 CFR Part 11;
aws;GxP refers to the regulations and guidelines that are applicable to life sciences organizations that make food and medical products. Medical products that fall under this include medicines, medical devices, and medical software applications. The overall intent of GxP requirements is to ensure that food and medical products are safe for consumers. It's also to ensure the integrity of data that's used to make product-related safety decisions.;350381001508;us-east-1;2026-08-01 19:04:21.788096;11.10-d;Persons who use closed systems to create, modify, maintain, or transmit electronic records shall employ procedures and controls designed to ensure the authenticity, integrity, and, when appropriate, the confidentiality of electronic records, and to ensure that the signer cannot readily repudiate the signed record as not genuine. Such procedures and controls shall include the following: (d) Limiting system access to authorized individuals.;11.10 Controls for closed systems;;;aws;;FAIL;EC2 Instance i-0eefd2ddc65f26f85 not associated with an Instance Profile Role.;arn:aws:ec2:us-east-1:350381001508:instance/i-0eefd2ddc65f26f85;ec2_instance_profile_attached;False;i-0eefd2ddc65f26f85;GxP-21-CFR-Part-11;GxP (Good Practices) 21 CFR Part 11;
aws;GxP refers to the regulations and guidelines that are applicable to life sciences organizations that make food and medical products. Medical products that fall under this include medicines, medical devices, and medical software applications. The overall intent of GxP requirements is to ensure that food and medical products are safe for consumers. It's also to ensure the integrity of data that's used to make product-related safety decisions.;350381001508;us-east-1;2026-08-01 19:04:21.788096;11.10-g;Persons who use closed systems to create, modify, maintain, or transmit electronic records shall employ procedures and controls designed to ensure the authenticity, integrity, and, when appropriate, the confidentiality of electronic records, and to ensure that the signer cannot readily repudiate the signed record as not genuine. Such procedures and controls shall include the following: (g) Use of authority checks to ensure that only authorized individuals can use the system, electronically sign a record, access the operation or computer system input or output device, alter a record, or perform the operation at hand.;11.10 Controls for closed systems;;;aws;;FAIL;EC2 Instance i-0eefd2ddc65f26f85 not associated with an Instance Profile Role.;arn:aws:ec2:us-east-1:350381001508:instance/i-0eefd2ddc65f26f85;ec2_instance_profile_attached;False;i-0eefd2ddc65f26f85;GxP-21-CFR-Part-11;GxP (Good Practices) 21 CFR Part 11;
aws;GxP refers to the regulations and guidelines that are applicable to life sciences organizations that make food and medical products. Medical products that fall under this include medicines, medical devices, and medical software applications. The overall intent of GxP requirements is to ensure that food and medical products are safe for consumers. It's also to ensure the integrity of data that's used to make product-related safety decisions.;350381001508;us-east-1;2026-08-01 19:04:21.788096;11.10-d;Persons who use closed systems to create, modify, maintain, or transmit electronic records shall employ procedures and controls designed to ensure the authenticity, integrity, and, when appropriate, the confidentiality of electronic records, and to ensure that the signer cannot readily repudiate the signed record as not genuine. Such procedures and controls shall include the following: (d) Limiting system access to authorized individuals.;11.10 Controls for closed systems;;;aws;;FAIL;EC2 Instance i-0eefd2ddc65f26f85 has a Public IP: 18.209.245.118 (ec2-18-209-245-118.compute-1.amazonaws.com).;arn:aws:ec2:us-east-1:350381001508:instance/i-0eefd2ddc65f26f85;ec2_instance_public_ip;False;i-0eefd2ddc65f26f85;GxP-21-CFR-Part-11;GxP (Good Practices) 21 CFR Part 11;
aws;GxP refers to the regulations and guidelines that are applicable to life sciences organizations that make food and medical products. Medical products that fall under this include medicines, medical devices, and medical software applications. The overall intent of GxP requirements is to ensure that food and medical products are safe for consumers. It's also to ensure the integrity of data that's used to make product-related safety decisions.;350381001508;us-east-1;2026-08-01 19:04:21.788096;11.10-g;Persons who use closed systems to create, modify, maintain, or transmit electronic records shall employ procedures and controls designed to ensure the authenticity, integrity, and, when appropriate, the confidentiality of electronic records, and to ensure that the signer cannot readily repudiate the signed record as not genuine. Such procedures and controls shall include the following: (g) Use of authority checks to ensure that only authorized individuals can use the system, electronically sign a record, access the operation or computer system input or output device, alter a record, or perform the operation at hand.;11.10 Controls for closed systems;;;aws;;FAIL;EC2 Instance i-0eefd2ddc65f26f85 has a Public IP: 18.209.245.118 (ec2-18-209-245-118.compute-1.amazonaws.com).;arn:aws:ec2:us-east-1:350381001508:instance/i-0eefd2ddc65f26f85;ec2_instance_public_ip;False;i-0eefd2ddc65f26f85;GxP-21-CFR-Part-11;GxP (Good Practices) 21 CFR Part 11;
aws;GxP refers to the regulations and guidelines that are applicable to life sciences organizations that make food and medical products. Medical products that fall under this include medicines, medical devices, and medical software applications. The overall intent of GxP requirements is to ensure that food and medical products are safe for consumers. It's also to ensure the integrity of data that's used to make product-related safety decisions.;350381001508;us-east-1;2026-08-01 19:04:21.788096;11.10-d;Persons who use closed systems to create, modify, maintain, or transmit electronic records shall employ procedures and controls designed to ensure the authenticity, integrity, and, when appropriate, the confidentiality of electronic records, and to ensure that the signer cannot readily repudiate the signed record as not genuine. Such procedures and controls shall include the following: (d) Limiting system access to authorized individuals.;11.10 Controls for closed systems;;;aws;;FAIL;Network ACL acl-014e51ba0fad383a2 has every port open to the Internet.;arn:aws:ec2:us-east-1:350381001508:network-acl/acl-014e51ba0fad383a2;ec2_networkacl_allow_ingress_any_port;False;acl-014e51ba0fad383a2;GxP-21-CFR-Part-11;GxP (Good Practices) 21 CFR Part 11;
aws;GxP refers to the regulations and guidelines that are applicable to life sciences organizations that make food and medical products. Medical products that fall under this include medicines, medical devices, and medical software applications. The overall intent of GxP requirements is to ensure that food and medical products are safe for consumers. It's also to ensure the integrity of data that's used to make product-related safety decisions.;350381001508;us-east-1;2026-08-01 19:04:21.788096;11.10-g;Persons who use closed systems to create, modify, maintain, or transmit electronic records shall employ procedures and controls designed to ensure the authenticity, integrity, and, when appropriate, the confidentiality of electronic records, and to ensure that the signer cannot readily repudiate the signed record as not genuine. Such procedures and controls shall include the following: (g) Use of authority checks to ensure that only authorized individuals can use the system, electronically sign a record, access the operation or computer system input or output device, alter a record, or perform the operation at hand.;11.10 Controls for closed systems;;;aws;;FAIL;Network ACL acl-014e51ba0fad383a2 has every port open to the Internet.;arn:aws:ec2:us-east-1:350381001508:network-acl/acl-014e51ba0fad383a2;ec2_networkacl_allow_ingress_any_port;False;acl-014e51ba0fad383a2;GxP-21-CFR-Part-11;GxP (Good Practices) 21 CFR Part 11;
aws;GxP refers to the regulations and guidelines that are applicable to life sciences organizations that make food and medical products. Medical products that fall under this include medicines, medical devices, and medical software applications. The overall intent of GxP requirements is to ensure that food and medical products are safe for consumers. It's also to ensure the integrity of data that's used to make product-related safety decisions.;350381001508;us-east-1;2026-08-01 19:04:21.788096;11.10-k;Persons who use closed systems to create, modify, maintain, or transmit electronic records shall employ procedures and controls designed to ensure the authenticity, integrity, and, when appropriate, the confidentiality of electronic records, and to ensure that the signer cannot readily repudiate the signed record as not genuine. Such procedures and controls shall include the following: (k) Use of appropriate controls over systems documentation including: (1) Adequate controls over the distribution of, access to, and use of documentation for system operation and maintenance. (2) Revision and change control procedures to maintain an audit trail that documents time-sequenced development and modification of systems documentation.;11.10 Controls for closed systems;;;aws;;FAIL;Network ACL acl-014e51ba0fad383a2 has every port open to the Internet.;arn:aws:ec2:us-east-1:350381001508:network-acl/acl-014e51ba0fad383a2;ec2_networkacl_allow_ingress_any_port;False;acl-014e51ba0fad383a2;GxP-21-CFR-Part-11;GxP (Good Practices) 21 CFR Part 11;
aws;GxP refers to the regulations and guidelines that are applicable to life sciences organizations that make food and medical products. Medical products that fall under this include medicines, medical devices, and medical software applications. The overall intent of GxP requirements is to ensure that food and medical products are safe for consumers. It's also to ensure the integrity of data that's used to make product-related safety decisions.;350381001508;us-east-1;2026-08-01 19:04:21.788096;11.10-d;Persons who use closed systems to create, modify, maintain, or transmit electronic records shall employ procedures and controls designed to ensure the authenticity, integrity, and, when appropriate, the confidentiality of electronic records, and to ensure that the signer cannot readily repudiate the signed record as not genuine. Such procedures and controls shall include the following: (d) Limiting system access to authorized individuals.;11.10 Controls for closed systems;;;aws;;FAIL;Network ACL acl-0202bf3ad7768fe92 has every port open to the Internet.;arn:aws:ec2:us-east-1:350381001508:network-acl/acl-0202bf3ad7768fe92;ec2_networkacl_allow_ingress_any_port;False;acl-0202bf3ad7768fe92;GxP-21-CFR-Part-11;GxP (Good Practices) 21 CFR Part 11;
aws;GxP refers to the regulations and guidelines that are applicable to life sciences organizations that make food and medical products. Medical products that fall under this include medicines, medical devices, and medical software applications. The overall intent of GxP requirements is to ensure that food and medical products are safe for consumers. It's also to ensure the integrity of data that's used to make product-related safety decisions.;350381001508;us-east-1;2026-08-01 19:04:21.788096;11.10-g;Persons who use closed systems to create, modify, maintain, or transmit electronic records shall employ procedures and controls designed to ensure the authenticity, integrity, and, when appropriate, the confidentiality of electronic records, and to ensure that the signer cannot readily repudiate the signed record as not genuine. Such procedures and controls shall include the following: (g) Use of authority checks to ensure that only authorized individuals can use the system, electronically sign a record, access the operation or computer system input or output device, alter a record, or perform the operation at hand.;11.10 Controls for closed systems;;;aws;;FAIL;Network ACL acl-0202bf3ad7768fe92 has every port open to the Internet.;arn:aws:ec2:us-east-1:350381001508:network-acl/acl-0202bf3ad7768fe92;ec2_networkacl_allow_ingress_any_port;False;acl-0202bf3ad7768fe92;GxP-21-CFR-Part-11;GxP (Good Practices) 21 CFR Part 11;
aws;GxP refers to the regulations and guidelines that are applicable to life sciences organizations that make food and medical products. Medical products that fall under this include medicines, medical devices, and medical software applications. The overall intent of GxP requirements is to ensure that food and medical products are safe for consumers. It's also to ensure the integrity of data that's used to make product-related safety decisions.;350381001508;us-east-1;2026-08-01 19:04:21.788096;11.10-k;Persons who use closed systems to create, modify, maintain, or transmit electronic records shall employ procedures and controls designed to ensure the authenticity, integrity, and, when appropriate, the confidentiality of electronic records, and to ensure that the signer cannot readily repudiate the signed record as not genuine. Such procedures and controls shall include the following: (k) Use of appropriate controls over systems documentation including: (1) Adequate controls over the distribution of, access to, and use of documentation for system operation and maintenance. (2) Revision and change control procedures to maintain an audit trail that documents time-sequenced development and modification of systems documentation.;11.10 Controls for closed systems;;;aws;;FAIL;Network ACL acl-0202bf3ad7768fe92 has every port open to the Internet.;arn:aws:ec2:us-east-1:350381001508:network-acl/acl-0202bf3ad7768fe92;ec2_networkacl_allow_ingress_any_port;False;acl-0202bf3ad7768fe92;GxP-21-CFR-Part-11;GxP (Good Practices) 21 CFR Part 11;
aws;GxP refers to the regulations and guidelines that are applicable to life sciences organizations that make food and medical products. Medical products that fall under this include medicines, medical devices, and medical software applications. The overall intent of GxP requirements is to ensure that food and medical products are safe for consumers. It's also to ensure the integrity of data that's used to make product-related safety decisions.;350381001508;us-east-1;2026-08-01 19:04:21.788096;11.10-d;Persons who use closed systems to create, modify, maintain, or transmit electronic records shall employ procedures and controls designed to ensure the authenticity, integrity, and, when appropriate, the confidentiality of electronic records, and to ensure that the signer cannot readily repudiate the signed record as not genuine. Such procedures and controls shall include the following: (d) Limiting system access to authorized individuals.;11.10 Controls for closed systems;;;aws;;FAIL;Security group research-sg (sg-0ffe5cbdcf88d22b5) has SSH port 22 open to the Internet.;arn:aws:ec2:us-east-1:350381001508:security-group/sg-0ffe5cbdcf88d22b5;ec2_securitygroup_allow_ingress_from_internet_to_tcp_port_22;False;sg-0ffe5cbdcf88d22b5;GxP-21-CFR-Part-11;GxP (Good Practices) 21 CFR Part 11;
aws;GxP refers to the regulations and guidelines that are applicable to life sciences organizations that make food and medical products. Medical products that fall under this include medicines, medical devices, and medical software applications. The overall intent of GxP requirements is to ensure that food and medical products are safe for consumers. It's also to ensure the integrity of data that's used to make product-related safety decisions.;350381001508;us-east-1;2026-08-01 19:04:21.788096;11.10-g;Persons who use closed systems to create, modify, maintain, or transmit electronic records shall employ procedures and controls designed to ensure the authenticity, integrity, and, when appropriate, the confidentiality of electronic records, and to ensure that the signer cannot readily repudiate the signed record as not genuine. Such procedures and controls shall include the following: (g) Use of authority checks to ensure that only authorized individuals can use the system, electronically sign a record, access the operation or computer system input or output device, alter a record, or perform the operation at hand.;11.10 Controls for closed systems;;;aws;;FAIL;Security group research-sg (sg-0ffe5cbdcf88d22b5) has SSH port 22 open to the Internet.;arn:aws:ec2:us-east-1:350381001508:security-group/sg-0ffe5cbdcf88d22b5;ec2_securitygroup_allow_ingress_from_internet_to_tcp_port_22;False;sg-0ffe5cbdcf88d22b5;GxP-21-CFR-Part-11;GxP (Good Practices) 21 CFR Part 11;
aws;GxP refers to the regulations and guidelines that are applicable to life sciences organizations that make food and medical products. Medical products that fall under this include medicines, medical devices, and medical software applications. The overall intent of GxP requirements is to ensure that food and medical products are safe for consumers. It's also to ensure the integrity of data that's used to make product-related safety decisions.;350381001508;us-east-1;2026-08-01 19:04:21.788096;11.10-d;Persons who use closed systems to create, modify, maintain, or transmit electronic records shall employ procedures and controls designed to ensure the authenticity, integrity, and, when appropriate, the confidentiality of electronic records, and to ensure that the signer cannot readily repudiate the signed record as not genuine. Such procedures and controls shall include the following: (d) Limiting system access to authorized individuals.;11.10 Controls for closed systems;;;aws;;PASS;AWS policy AWSTrustedAdvisorServiceRolePolicy is attached but does not allow '*:*' administrative privileges.;arn:aws:iam::aws:policy/aws-service-role/AWSTrustedAdvisorServiceRolePolicy;iam_aws_attached_policy_no_administrative_privileges;False;AWSTrustedAdvisorServiceRolePolicy;GxP-21-CFR-Part-11;GxP (Good Practices) 21 CFR Part 11;
aws;GxP refers to the regulations and guidelines that are applicable to life sciences organizations that make food and medical products. Medical products that fall under this include medicines, medical devices, and medical software applications. The overall intent of GxP requirements is to ensure that food and medical products are safe for consumers. It's also to ensure the integrity of data that's used to make product-related safety decisions.;350381001508;us-east-1;2026-08-01 19:04:21.788096;11.10-g;Persons who use closed systems to create, modify, maintain, or transmit electronic records shall employ procedures and controls designed to ensure the authenticity, integrity, and, when appropriate, the confidentiality of electronic records, and to ensure that the signer cannot readily repudiate the signed record as not genuine. Such procedures and controls shall include the following: (g) Use of authority checks to ensure that only authorized individuals can use the system, electronically sign a record, access the operation or computer system input or output device, alter a record, or perform the operation at hand.;11.10 Controls for closed systems;;;aws;;PASS;AWS policy AWSTrustedAdvisorServiceRolePolicy is attached but does not allow '*:*' administrative privileges.;arn:aws:iam::aws:policy/aws-service-role/AWSTrustedAdvisorServiceRolePolicy;iam_aws_attached_policy_no_administrative_privileges;False;AWSTrustedAdvisorServiceRolePolicy;GxP-21-CFR-Part-11;GxP (Good Practices) 21 CFR Part 11;
aws;GxP refers to the regulations and guidelines that are applicable to life sciences organizations that make food and medical products. Medical products that fall under this include medicines, medical devices, and medical software applications. The overall intent of GxP requirements is to ensure that food and medical products are safe for consumers. It's also to ensure the integrity of data that's used to make product-related safety decisions.;350381001508;us-east-1;2026-08-01 19:04:21.788096;11.10-d;Persons who use closed systems to create, modify, maintain, or transmit electronic records shall employ procedures and controls designed to ensure the authenticity, integrity, and, when appropriate, the confidentiality of electronic records, and to ensure that the signer cannot readily repudiate the signed record as not genuine. Such procedures and controls shall include the following: (d) Limiting system access to authorized individuals.;11.10 Controls for closed systems;;;aws;;FAIL;AWS policy AdministratorAccess is attached and allows '*:*' administrative privileges.;arn:aws:iam::aws:policy/AdministratorAccess;iam_aws_attached_policy_no_administrative_privileges;False;AdministratorAccess;GxP-21-CFR-Part-11;GxP (Good Practices) 21 CFR Part 11;
aws;GxP refers to the regulations and guidelines that are applicable to life sciences organizations that make food and medical products. Medical products that fall under this include medicines, medical devices, and medical software applications. The overall intent of GxP requirements is to ensure that food and medical products are safe for consumers. It's also to ensure the integrity of data that's used to make product-related safety decisions.;350381001508;us-east-1;2026-08-01 19:04:21.788096;11.10-g;Persons who use closed systems to create, modify, maintain, or transmit electronic records shall employ procedures and controls designed to ensure the authenticity, integrity, and, when appropriate, the confidentiality of electronic records, and to ensure that the signer cannot readily repudiate the signed record as not genuine. Such procedures and controls shall include the following: (g) Use of authority checks to ensure that only authorized individuals can use the system, electronically sign a record, access the operation or computer system input or output device, alter a record, or perform the operation at hand.;11.10 Controls for closed systems;;;aws;;FAIL;AWS policy AdministratorAccess is attached and allows '*:*' administrative privileges.;arn:aws:iam::aws:policy/AdministratorAccess;iam_aws_attached_policy_no_administrative_privileges;False;AdministratorAccess;GxP-21-CFR-Part-11;GxP (Good Practices) 21 CFR Part 11;
aws;GxP refers to the regulations and guidelines that are applicable to life sciences organizations that make food and medical products. Medical products that fall under this include medicines, medical devices, and medical software applications. The overall intent of GxP requirements is to ensure that food and medical products are safe for consumers. It's also to ensure the integrity of data that's used to make product-related safety decisions.;350381001508;us-east-1;2026-08-01 19:04:21.788096;11.10-d;Persons who use closed systems to create, modify, maintain, or transmit electronic records shall employ procedures and controls designed to ensure the authenticity, integrity, and, when appropriate, the confidentiality of electronic records, and to ensure that the signer cannot readily repudiate the signed record as not genuine. Such procedures and controls shall include the following: (d) Limiting system access to authorized individuals.;11.10 Controls for closed systems;;;aws;;PASS;AWS policy AWSSupportServiceRolePolicy is attached but does not allow '*:*' administrative privileges.;arn:aws:iam::aws:policy/aws-service-role/AWSSupportServiceRolePolicy;iam_aws_attached_policy_no_administrative_privileges;False;AWSSupportServiceRolePolicy;GxP-21-CFR-Part-11;GxP (Good Practices) 21 CFR Part 11;
aws;GxP refers to the regulations and guidelines that are applicable to life sciences organizations that make food and medical products. Medical products that fall under this include medicines, medical devices, and medical software applications. The overall intent of GxP requirements is to ensure that food and medical products are safe for consumers. It's also to ensure the integrity of data that's used to make product-related safety decisions.;350381001508;us-east-1;2026-08-01 19:04:21.788096;11.10-g;Persons who use closed systems to create, modify, maintain, or transmit electronic records shall employ procedures and controls designed to ensure the authenticity, integrity, and, when appropriate, the confidentiality of electronic records, and to ensure that the signer cannot readily repudiate the signed record as not genuine. Such procedures and controls shall include the following: (g) Use of authority checks to ensure that only authorized individuals can use the system, electronically sign a record, access the operation or computer system input or output device, alter a record, or perform the operation at hand.;11.10 Controls for closed systems;;;aws;;PASS;AWS policy AWSSupportServiceRolePolicy is attached but does not allow '*:*' administrative privileges.;arn:aws:iam::aws:policy/aws-service-role/AWSSupportServiceRolePolicy;iam_aws_attached_policy_no_administrative_privileges;False;AWSSupportServiceRolePolicy;GxP-21-CFR-Part-11;GxP (Good Practices) 21 CFR Part 11;
aws;GxP refers to the regulations and guidelines that are applicable to life sciences organizations that make food and medical products. Medical products that fall under this include medicines, medical devices, and medical software applications. The overall intent of GxP requirements is to ensure that food and medical products are safe for consumers. It's also to ensure the integrity of data that's used to make product-related safety decisions.;350381001508;us-east-1;2026-08-01 19:04:21.788096;11.10-d;Persons who use closed systems to create, modify, maintain, or transmit electronic records shall employ procedures and controls designed to ensure the authenticity, integrity, and, when appropriate, the confidentiality of electronic records, and to ensure that the signer cannot readily repudiate the signed record as not genuine. Such procedures and controls shall include the following: (d) Limiting system access to authorized individuals.;11.10 Controls for closed systems;;;aws;;PASS;AWS policy ReadOnlyAccess is attached but does not allow '*:*' administrative privileges.;arn:aws:iam::aws:policy/ReadOnlyAccess;iam_aws_attached_policy_no_administrative_privileges;False;ReadOnlyAccess;GxP-21-CFR-Part-11;GxP (Good Practices) 21 CFR Part 11;
aws;GxP refers to the regulations and guidelines that are applicable to life sciences organizations that make food and medical products. Medical products that fall under this include medicines, medical devices, and medical software applications. The overall intent of GxP requirements is to ensure that food and medical products are safe for consumers. It's also to ensure the integrity of data that's used to make product-related safety decisions.;350381001508;us-east-1;2026-08-01 19:04:21.788096;11.10-g;Persons who use closed systems to create, modify, maintain, or transmit electronic records shall employ procedures and controls designed to ensure the authenticity, integrity, and, when appropriate, the confidentiality of electronic records, and to ensure that the signer cannot readily repudiate the signed record as not genuine. Such procedures and controls shall include the following: (g) Use of authority checks to ensure that only authorized individuals can use the system, electronically sign a record, access the operation or computer system input or output device, alter a record, or perform the operation at hand.;11.10 Controls for closed systems;;;aws;;PASS;AWS policy ReadOnlyAccess is attached but does not allow '*:*' administrative privileges.;arn:aws:iam::aws:policy/ReadOnlyAccess;iam_aws_attached_policy_no_administrative_privileges;False;ReadOnlyAccess;GxP-21-CFR-Part-11;GxP (Good Practices) 21 CFR Part 11;
aws;GxP refers to the regulations and guidelines that are applicable to life sciences organizations that make food and medical products. Medical products that fall under this include medicines, medical devices, and medical software applications. The overall intent of GxP requirements is to ensure that food and medical products are safe for consumers. It's also to ensure the integrity of data that's used to make product-related safety decisions.;350381001508;us-east-1;2026-08-01 19:04:21.788096;11.10-d;Persons who use closed systems to create, modify, maintain, or transmit electronic records shall employ procedures and controls designed to ensure the authenticity, integrity, and, when appropriate, the confidentiality of electronic records, and to ensure that the signer cannot readily repudiate the signed record as not genuine. Such procedures and controls shall include the following: (d) Limiting system access to authorized individuals.;11.10 Controls for closed systems;;;aws;;PASS;AWS policy IAMUserChangePassword is attached but does not allow '*:*' administrative privileges.;arn:aws:iam::aws:policy/IAMUserChangePassword;iam_aws_attached_policy_no_administrative_privileges;False;IAMUserChangePassword;GxP-21-CFR-Part-11;GxP (Good Practices) 21 CFR Part 11;
aws;GxP refers to the regulations and guidelines that are applicable to life sciences organizations that make food and medical products. Medical products that fall under this include medicines, medical devices, and medical software applications. The overall intent of GxP requirements is to ensure that food and medical products are safe for consumers. It's also to ensure the integrity of data that's used to make product-related safety decisions.;350381001508;us-east-1;2026-08-01 19:04:21.788096;11.10-g;Persons who use closed systems to create, modify, maintain, or transmit electronic records shall employ procedures and controls designed to ensure the authenticity, integrity, and, when appropriate, the confidentiality of electronic records, and to ensure that the signer cannot readily repudiate the signed record as not genuine. Such procedures and controls shall include the following: (g) Use of authority checks to ensure that only authorized individuals can use the system, electronically sign a record, access the operation or computer system input or output device, alter a record, or perform the operation at hand.;11.10 Controls for closed systems;;;aws;;PASS;AWS policy IAMUserChangePassword is attached but does not allow '*:*' administrative privileges.;arn:aws:iam::aws:policy/IAMUserChangePassword;iam_aws_attached_policy_no_administrative_privileges;False;IAMUserChangePassword;GxP-21-CFR-Part-11;GxP (Good Practices) 21 CFR Part 11;
aws;GxP refers to the regulations and guidelines that are applicable to life sciences organizations that make food and medical products. Medical products that fall under this include medicines, medical devices, and medical software applications. The overall intent of GxP requirements is to ensure that food and medical products are safe for consumers. It's also to ensure the integrity of data that's used to make product-related safety decisions.;350381001508;us-east-1;2026-08-01 19:04:21.788096;11.10-d;Persons who use closed systems to create, modify, maintain, or transmit electronic records shall employ procedures and controls designed to ensure the authenticity, integrity, and, when appropriate, the confidentiality of electronic records, and to ensure that the signer cannot readily repudiate the signed record as not genuine. Such procedures and controls shall include the following: (d) Limiting system access to authorized individuals.;11.10 Controls for closed systems;;;aws;;PASS;AWS policy AWSResourceExplorerServiceRolePolicy is attached but does not allow '*:*' administrative privileges.;arn:aws:iam::aws:policy/aws-service-role/AWSResourceExplorerServiceRolePolicy;iam_aws_attached_policy_no_administrative_privileges;False;AWSResourceExplorerServiceRolePolicy;GxP-21-CFR-Part-11;GxP (Good Practices) 21 CFR Part 11;
aws;GxP refers to the regulations and guidelines that are applicable to life sciences organizations that make food and medical products. Medical products that fall under this include medicines, medical devices, and medical software applications. The overall intent of GxP requirements is to ensure that food and medical products are safe for consumers. It's also to ensure the integrity of data that's used to make product-related safety decisions.;350381001508;us-east-1;2026-08-01 19:04:21.788096;11.10-g;Persons who use closed systems to create, modify, maintain, or transmit electronic records shall employ procedures and controls designed to ensure the authenticity, integrity, and, when appropriate, the confidentiality of electronic records, and to ensure that the signer cannot readily repudiate the signed record as not genuine. Such procedures and controls shall include the following: (g) Use of authority checks to ensure that only authorized individuals can use the system, electronically sign a record, access the operation or computer system input or output device, alter a record, or perform the operation at hand.;11.10 Controls for closed systems;;;aws;;PASS;AWS policy AWSResourceExplorerServiceRolePolicy is attached but does not allow '*:*' administrative privileges.;arn:aws:iam::aws:policy/aws-service-role/AWSResourceExplorerServiceRolePolicy;iam_aws_attached_policy_no_administrative_privileges;False;AWSResourceExplorerServiceRolePolicy;GxP-21-CFR-Part-11;GxP (Good Practices) 21 CFR Part 11;
aws;GxP refers to the regulations and guidelines that are applicable to life sciences organizations that make food and medical products. Medical products that fall under this include medicines, medical devices, and medical software applications. The overall intent of GxP requirements is to ensure that food and medical products are safe for consumers. It's also to ensure the integrity of data that's used to make product-related safety decisions.;350381001508;us-east-1;2026-08-01 19:04:21.788096;11.10-d;Persons who use closed systems to create, modify, maintain, or transmit electronic records shall employ procedures and controls designed to ensure the authenticity, integrity, and, when appropriate, the confidentiality of electronic records, and to ensure that the signer cannot readily repudiate the signed record as not genuine. Such procedures and controls shall include the following: (d) Limiting system access to authorized individuals.;11.10 Controls for closed systems;;;aws;;PASS;Root account does not have access keys.;arn:aws:iam::350381001508:root;iam_no_root_access_key;False;<root_account>;GxP-21-CFR-Part-11;GxP (Good Practices) 21 CFR Part 11;
aws;GxP refers to the regulations and guidelines that are applicable to life sciences organizations that make food and medical products. Medical products that fall under this include medicines, medical devices, and medical software applications. The overall intent of GxP requirements is to ensure that food and medical products are safe for consumers. It's also to ensure the integrity of data that's used to make product-related safety decisions.;350381001508;us-east-1;2026-08-01 19:04:21.788096;11.10-g;Persons who use closed systems to create, modify, maintain, or transmit electronic records shall employ procedures and controls designed to ensure the authenticity, integrity, and, when appropriate, the confidentiality of electronic records, and to ensure that the signer cannot readily repudiate the signed record as not genuine. Such procedures and controls shall include the following: (g) Use of authority checks to ensure that only authorized individuals can use the system, electronically sign a record, access the operation or computer system input or output device, alter a record, or perform the operation at hand.;11.10 Controls for closed systems;;;aws;;PASS;Root account does not have access keys.;arn:aws:iam::350381001508:root;iam_no_root_access_key;False;<root_account>;GxP-21-CFR-Part-11;GxP (Good Practices) 21 CFR Part 11;
aws;GxP refers to the regulations and guidelines that are applicable to life sciences organizations that make food and medical products. Medical products that fall under this include medicines, medical devices, and medical software applications. The overall intent of GxP requirements is to ensure that food and medical products are safe for consumers. It's also to ensure the integrity of data that's used to make product-related safety decisions.;350381001508;us-east-1;2026-08-01 19:04:21.788096;11.200;"(a) Electronic signatures that are not based upon biometrics shall: (1) Employ at least two distinct identification components such as an identification code and password. (i) When an individual executes a series of signings during a single, continuous period of controlled system access, the first signing shall be executed using all electronic signature components; subsequent signings shall be executed using at least one electronic signature component that is only executable by, and designed to be used only by, the individual. (ii) When an individual executes one or more signings not performed during a single, continuous period of controlled system access, each signing shall be executed using all of the electronic signature components. (2) Be used only by their genuine owners; and (3) Be administered and executed to ensure that attempted use of an individual's electronic signature by anyone other than its genuine owner requires collaboration of two or more individuals.";11.200 Electronic signature components and controls;;;aws;;PASS;Root account does not have access keys.;arn:aws:iam::350381001508:root;iam_no_root_access_key;False;<root_account>;GxP-21-CFR-Part-11;GxP (Good Practices) 21 CFR Part 11;
aws;GxP refers to the regulations and guidelines that are applicable to life sciences organizations that make food and medical products. Medical products that fall under this include medicines, medical devices, and medical software applications. The overall intent of GxP requirements is to ensure that food and medical products are safe for consumers. It's also to ensure the integrity of data that's used to make product-related safety decisions.;350381001508;us-east-1;2026-08-01 19:04:21.788096;11.10-d;Persons who use closed systems to create, modify, maintain, or transmit electronic records shall employ procedures and controls designed to ensure the authenticity, integrity, and, when appropriate, the confidentiality of electronic records, and to ensure that the signer cannot readily repudiate the signed record as not genuine. Such procedures and controls shall include the following: (d) Limiting system access to authorized individuals.;11.10 Controls for closed systems;;;aws;;FAIL;IAM password policy does not require at least one lowercase letter.;arn:aws:iam:us-east-1:350381001508:password-policy;iam_password_policy_lowercase;False;350381001508;GxP-21-CFR-Part-11;GxP (Good Practices) 21 CFR Part 11;
aws;GxP refers to the regulations and guidelines that are applicable to life sciences organizations that make food and medical products. Medical products that fall under this include medicines, medical devices, and medical software applications. The overall intent of GxP requirements is to ensure that food and medical products are safe for consumers. It's also to ensure the integrity of data that's used to make product-related safety decisions.;350381001508;us-east-1;2026-08-01 19:04:21.788096;11.10-g;Persons who use closed systems to create, modify, maintain, or transmit electronic records shall employ procedures and controls designed to ensure the authenticity, integrity, and, when appropriate, the confidentiality of electronic records, and to ensure that the signer cannot readily repudiate the signed record as not genuine. Such procedures and controls shall include the following: (g) Use of authority checks to ensure that only authorized individuals can use the system, electronically sign a record, access the operation or computer system input or output device, alter a record, or perform the operation at hand.;11.10 Controls for closed systems;;;aws;;FAIL;IAM password policy does not require at least one lowercase letter.;arn:aws:iam:us-east-1:350381001508:password-policy;iam_password_policy_lowercase;False;350381001508;GxP-21-CFR-Part-11;GxP (Good Practices) 21 CFR Part 11;
aws;GxP refers to the regulations and guidelines that are applicable to life sciences organizations that make food and medical products. Medical products that fall under this include medicines, medical devices, and medical software applications. The overall intent of GxP requirements is to ensure that food and medical products are safe for consumers. It's also to ensure the integrity of data that's used to make product-related safety decisions.;350381001508;us-east-1;2026-08-01 19:04:21.788096;11.200;"(a) Electronic signatures that are not based upon biometrics shall: (1) Employ at least two distinct identification components such as an identification code and password. (i) When an individual executes a series of signings during a single, continuous period of controlled system access, the first signing shall be executed using all electronic signature components; subsequent signings shall be executed using at least one electronic signature component that is only executable by, and designed to be used only by, the individual. (ii) When an individual executes one or more signings not performed during a single, continuous period of controlled system access, each signing shall be executed using all of the electronic signature components. (2) Be used only by their genuine owners; and (3) Be administered and executed to ensure that attempted use of an individual's electronic signature by anyone other than its genuine owner requires collaboration of two or more individuals.";11.200 Electronic signature components and controls;;;aws;;FAIL;IAM password policy does not require at least one lowercase letter.;arn:aws:iam:us-east-1:350381001508:password-policy;iam_password_policy_lowercase;False;350381001508;GxP-21-CFR-Part-11;GxP (Good Practices) 21 CFR Part 11;
aws;GxP refers to the regulations and guidelines that are applicable to life sciences organizations that make food and medical products. Medical products that fall under this include medicines, medical devices, and medical software applications. The overall intent of GxP requirements is to ensure that food and medical products are safe for consumers. It's also to ensure the integrity of data that's used to make product-related safety decisions.;350381001508;us-east-1;2026-08-01 19:04:21.788096;11.300-b;Persons who use electronic signatures based upon use of identification codes in combination with passwords shall employ controls to ensure their security and integrity. Such controls shall include: (b) Ensuring that identification code and password issuances are periodically checked, recalled, or revised (e.g., to cover such events as password aging).;11.300 Controls for identification codes/passwords;;;aws;;FAIL;IAM password policy does not require at least one lowercase letter.;arn:aws:iam:us-east-1:350381001508:password-policy;iam_password_policy_lowercase;False;350381001508;GxP-21-CFR-Part-11;GxP (Good Practices) 21 CFR Part 11;
aws;GxP refers to the regulations and guidelines that are applicable to life sciences organizations that make food and medical products. Medical products that fall under this include medicines, medical devices, and medical software applications. The overall intent of GxP requirements is to ensure that food and medical products are safe for consumers. It's also to ensure the integrity of data that's used to make product-related safety decisions.;350381001508;us-east-1;2026-08-01 19:04:21.788096;11.10-d;Persons who use closed systems to create, modify, maintain, or transmit electronic records shall employ procedures and controls designed to ensure the authenticity, integrity, and, when appropriate, the confidentiality of electronic records, and to ensure that the signer cannot readily repudiate the signed record as not genuine. Such procedures and controls shall include the following: (d) Limiting system access to authorized individuals.;11.10 Controls for closed systems;;;aws;;FAIL;IAM password policy does not require minimum length of 14 characters.;arn:aws:iam:us-east-1:350381001508:password-policy;iam_password_policy_minimum_length_14;False;350381001508;GxP-21-CFR-Part-11;GxP (Good Practices) 21 CFR Part 11;
aws;GxP refers to the regulations and guidelines that are applicable to life sciences organizations that make food and medical products. Medical products that fall under this include medicines, medical devices, and medical software applications. The overall intent of GxP requirements is to ensure that food and medical products are safe for consumers. It's also to ensure the integrity of data that's used to make product-related safety decisions.;350381001508;us-east-1;2026-08-01 19:04:21.788096;11.10-g;Persons who use closed systems to create, modify, maintain, or transmit electronic records shall employ procedures and controls designed to ensure the authenticity, integrity, and, when appropriate, the confidentiality of electronic records, and to ensure that the signer cannot readily repudiate the signed record as not genuine. Such procedures and controls shall include the following: (g) Use of authority checks to ensure that only authorized individuals can use the system, electronically sign a record, access the operation or computer system input or output device, alter a record, or perform the operation at hand.;11.10 Controls for closed systems;;;aws;;FAIL;IAM password policy does not require minimum length of 14 characters.;arn:aws:iam:us-east-1:350381001508:password-policy;iam_password_policy_minimum_length_14;False;350381001508;GxP-21-CFR-Part-11;GxP (Good Practices) 21 CFR Part 11;
aws;GxP refers to the regulations and guidelines that are applicable to life sciences organizations that make food and medical products. Medical products that fall under this include medicines, medical devices, and medical software applications. The overall intent of GxP requirements is to ensure that food and medical products are safe for consumers. It's also to ensure the integrity of data that's used to make product-related safety decisions.;350381001508;us-east-1;2026-08-01 19:04:21.788096;11.200;"(a) Electronic signatures that are not based upon biometrics shall: (1) Employ at least two distinct identification components such as an identification code and password. (i) When an individual executes a series of signings during a single, continuous period of controlled system access, the first signing shall be executed using all electronic signature components; subsequent signings shall be executed using at least one electronic signature component that is only executable by, and designed to be used only by, the individual. (ii) When an individual executes one or more signings not performed during a single, continuous period of controlled system access, each signing shall be executed using all of the electronic signature components. (2) Be used only by their genuine owners; and (3) Be administered and executed to ensure that attempted use of an individual's electronic signature by anyone other than its genuine owner requires collaboration of two or more individuals.";11.200 Electronic signature components and controls;;;aws;;FAIL;IAM password policy does not require minimum length of 14 characters.;arn:aws:iam:us-east-1:350381001508:password-policy;iam_password_policy_minimum_length_14;False;350381001508;GxP-21-CFR-Part-11;GxP (Good Practices) 21 CFR Part 11;
aws;GxP refers to the regulations and guidelines that are applicable to life sciences organizations that make food and medical products. Medical products that fall under this include medicines, medical devices, and medical software applications. The overall intent of GxP requirements is to ensure that food and medical products are safe for consumers. It's also to ensure the integrity of data that's used to make product-related safety decisions.;350381001508;us-east-1;2026-08-01 19:04:21.788096;11.300-b;Persons who use electronic signatures based upon use of identification codes in combination with passwords shall employ controls to ensure their security and integrity. Such controls shall include: (b) Ensuring that identification code and password issuances are periodically checked, recalled, or revised (e.g., to cover such events as password aging).;11.300 Controls for identification codes/passwords;;;aws;;FAIL;IAM password policy does not require minimum length of 14 characters.;arn:aws:iam:us-east-1:350381001508:password-policy;iam_password_policy_minimum_length_14;False;350381001508;GxP-21-CFR-Part-11;GxP (Good Practices) 21 CFR Part 11;
aws;GxP refers to the regulations and guidelines that are applicable to life sciences organizations that make food and medical products. Medical products that fall under this include medicines, medical devices, and medical software applications. The overall intent of GxP requirements is to ensure that food and medical products are safe for consumers. It's also to ensure the integrity of data that's used to make product-related safety decisions.;350381001508;us-east-1;2026-08-01 19:04:21.788096;11.10-d;Persons who use closed systems to create, modify, maintain, or transmit electronic records shall employ procedures and controls designed to ensure the authenticity, integrity, and, when appropriate, the confidentiality of electronic records, and to ensure that the signer cannot readily repudiate the signed record as not genuine. Such procedures and controls shall include the following: (d) Limiting system access to authorized individuals.;11.10 Controls for closed systems;;;aws;;FAIL;IAM password policy does not require at least one number.;arn:aws:iam:us-east-1:350381001508:password-policy;iam_password_policy_number;False;350381001508;GxP-21-CFR-Part-11;GxP (Good Practices) 21 CFR Part 11;
aws;GxP refers to the regulations and guidelines that are applicable to life sciences organizations that make food and medical products. Medical products that fall under this include medicines, medical devices, and medical software applications. The overall intent of GxP requirements is to ensure that food and medical products are safe for consumers. It's also to ensure the integrity of data that's used to make product-related safety decisions.;350381001508;us-east-1;2026-08-01 19:04:21.788096;11.10-g;Persons who use closed systems to create, modify, maintain, or transmit electronic records shall employ procedures and controls designed to ensure the authenticity, integrity, and, when appropriate, the confidentiality of electronic records, and to ensure that the signer cannot readily repudiate the signed record as not genuine. Such procedures and controls shall include the following: (g) Use of authority checks to ensure that only authorized individuals can use the system, electronically sign a record, access the operation or computer system input or output device, alter a record, or perform the operation at hand.;11.10 Controls for closed systems;;;aws;;FAIL;IAM password policy does not require at least one number.;arn:aws:iam:us-east-1:350381001508:password-policy;iam_password_policy_number;False;350381001508;GxP-21-CFR-Part-11;GxP (Good Practices) 21 CFR Part 11;
aws;GxP refers to the regulations and guidelines that are applicable to life sciences organizations that make food and medical products. Medical products that fall under this include medicines, medical devices, and medical software applications. The overall intent of GxP requirements is to ensure that food and medical products are safe for consumers. It's also to ensure the integrity of data that's used to make product-related safety decisions.;350381001508;us-east-1;2026-08-01 19:04:21.788096;11.200;"(a) Electronic signatures that are not based upon biometrics shall: (1) Employ at least two distinct identification components such as an identification code and password. (i) When an individual executes a series of signings during a single, continuous period of controlled system access, the first signing shall be executed using all electronic signature components; subsequent signings shall be executed using at least one electronic signature component that is only executable by, and designed to be used only by, the individual. (ii) When an individual executes one or more signings not performed during a single, continuous period of controlled system access, each signing shall be executed using all of the electronic signature components. (2) Be used only by their genuine owners; and (3) Be administered and executed to ensure that attempted use of an individual's electronic signature by anyone other than its genuine owner requires collaboration of two or more individuals.";11.200 Electronic signature components and controls;;;aws;;FAIL;IAM password policy does not require at least one number.;arn:aws:iam:us-east-1:350381001508:password-policy;iam_password_policy_number;False;350381001508;GxP-21-CFR-Part-11;GxP (Good Practices) 21 CFR Part 11;
aws;GxP refers to the regulations and guidelines that are applicable to life sciences organizations that make food and medical products. Medical products that fall under this include medicines, medical devices, and medical software applications. The overall intent of GxP requirements is to ensure that food and medical products are safe for consumers. It's also to ensure the integrity of data that's used to make product-related safety decisions.;350381001508;us-east-1;2026-08-01 19:04:21.788096;11.300-b;Persons who use electronic signatures based upon use of identification codes in combination with passwords shall employ controls to ensure their security and integrity. Such controls shall include: (b) Ensuring that identification code and password issuances are periodically checked, recalled, or revised (e.g., to cover such events as password aging).;11.300 Controls for identification codes/passwords;;;aws;;FAIL;IAM password policy does not require at least one number.;arn:aws:iam:us-east-1:350381001508:password-policy;iam_password_policy_number;False;350381001508;GxP-21-CFR-Part-11;GxP (Good Practices) 21 CFR Part 11;
aws;GxP refers to the regulations and guidelines that are applicable to life sciences organizations that make food and medical products. Medical products that fall under this include medicines, medical devices, and medical software applications. The overall intent of GxP requirements is to ensure that food and medical products are safe for consumers. It's also to ensure the integrity of data that's used to make product-related safety decisions.;350381001508;us-east-1;2026-08-01 19:04:21.788096;11.10-d;Persons who use closed systems to create, modify, maintain, or transmit electronic records shall employ procedures and controls designed to ensure the authenticity, integrity, and, when appropriate, the confidentiality of electronic records, and to ensure that the signer cannot readily repudiate the signed record as not genuine. Such procedures and controls shall include the following: (d) Limiting system access to authorized individuals.;11.10 Controls for closed systems;;;aws;;FAIL;IAM password policy does not require at least one symbol.;arn:aws:iam:us-east-1:350381001508:password-policy;iam_password_policy_symbol;False;350381001508;GxP-21-CFR-Part-11;GxP (Good Practices) 21 CFR Part 11;
aws;GxP refers to the regulations and guidelines that are applicable to life sciences organizations that make food and medical products. Medical products that fall under this include medicines, medical devices, and medical software applications. The overall intent of GxP requirements is to ensure that food and medical products are safe for consumers. It's also to ensure the integrity of data that's used to make product-related safety decisions.;350381001508;us-east-1;2026-08-01 19:04:21.788096;11.10-g;Persons who use closed systems to create, modify, maintain, or transmit electronic records shall employ procedures and controls designed to ensure the authenticity, integrity, and, when appropriate, the confidentiality of electronic records, and to ensure that the signer cannot readily repudiate the signed record as not genuine. Such procedures and controls shall include the following: (g) Use of authority checks to ensure that only authorized individuals can use the system, electronically sign a record, access the operation or computer system input or output device, alter a record, or perform the operation at hand.;11.10 Controls for closed systems;;;aws;;FAIL;IAM password policy does not require at least one symbol.;arn:aws:iam:us-east-1:350381001508:password-policy;iam_password_policy_symbol;False;350381001508;GxP-21-CFR-Part-11;GxP (Good Practices) 21 CFR Part 11;
aws;GxP refers to the regulations and guidelines that are applicable to life sciences organizations that make food and medical products. Medical products that fall under this include medicines, medical devices, and medical software applications. The overall intent of GxP requirements is to ensure that food and medical products are safe for consumers. It's also to ensure the integrity of data that's used to make product-related safety decisions.;350381001508;us-east-1;2026-08-01 19:04:21.788096;11.200;"(a) Electronic signatures that are not based upon biometrics shall: (1) Employ at least two distinct identification components such as an identification code and password. (i) When an individual executes a series of signings during a single, continuous period of controlled system access, the first signing shall be executed using all electronic signature components; subsequent signings shall be executed using at least one electronic signature component that is only executable by, and designed to be used only by, the individual. (ii) When an individual executes one or more signings not performed during a single, continuous period of controlled system access, each signing shall be executed using all of the electronic signature components. (2) Be used only by their genuine owners; and (3) Be administered and executed to ensure that attempted use of an individual's electronic signature by anyone other than its genuine owner requires collaboration of two or more individuals.";11.200 Electronic signature components and controls;;;aws;;FAIL;IAM password policy does not require at least one symbol.;arn:aws:iam:us-east-1:350381001508:password-policy;iam_password_policy_symbol;False;350381001508;GxP-21-CFR-Part-11;GxP (Good Practices) 21 CFR Part 11;
aws;GxP refers to the regulations and guidelines that are applicable to life sciences organizations that make food and medical products. Medical products that fall under this include medicines, medical devices, and medical software applications. The overall intent of GxP requirements is to ensure that food and medical products are safe for consumers. It's also to ensure the integrity of data that's used to make product-related safety decisions.;350381001508;us-east-1;2026-08-01 19:04:21.788096;11.300-b;Persons who use electronic signatures based upon use of identification codes in combination with passwords shall employ controls to ensure their security and integrity. Such controls shall include: (b) Ensuring that identification code and password issuances are periodically checked, recalled, or revised (e.g., to cover such events as password aging).;11.300 Controls for identification codes/passwords;;;aws;;FAIL;IAM password policy does not require at least one symbol.;arn:aws:iam:us-east-1:350381001508:password-policy;iam_password_policy_symbol;False;350381001508;GxP-21-CFR-Part-11;GxP (Good Practices) 21 CFR Part 11;
aws;GxP refers to the regulations and guidelines that are applicable to life sciences organizations that make food and medical products. Medical products that fall under this include medicines, medical devices, and medical software applications. The overall intent of GxP requirements is to ensure that food and medical products are safe for consumers. It's also to ensure the integrity of data that's used to make product-related safety decisions.;350381001508;us-east-1;2026-08-01 19:04:21.788096;11.10-d;Persons who use closed systems to create, modify, maintain, or transmit electronic records shall employ procedures and controls designed to ensure the authenticity, integrity, and, when appropriate, the confidentiality of electronic records, and to ensure that the signer cannot readily repudiate the signed record as not genuine. Such procedures and controls shall include the following: (d) Limiting system access to authorized individuals.;11.10 Controls for closed systems;;;aws;;FAIL;IAM password policy does not require at least one uppercase letter.;arn:aws:iam:us-east-1:350381001508:password-policy;iam_password_policy_uppercase;False;350381001508;GxP-21-CFR-Part-11;GxP (Good Practices) 21 CFR Part 11;
aws;GxP refers to the regulations and guidelines that are applicable to life sciences organizations that make food and medical products. Medical products that fall under this include medicines, medical devices, and medical software applications. The overall intent of GxP requirements is to ensure that food and medical products are safe for consumers. It's also to ensure the integrity of data that's used to make product-related safety decisions.;350381001508;us-east-1;2026-08-01 19:04:21.788096;11.10-g;Persons who use closed systems to create, modify, maintain, or transmit electronic records shall employ procedures and controls designed to ensure the authenticity, integrity, and, when appropriate, the confidentiality of electronic records, and to ensure that the signer cannot readily repudiate the signed record as not genuine. Such procedures and controls shall include the following: (g) Use of authority checks to ensure that only authorized individuals can use the system, electronically sign a record, access the operation or computer system input or output device, alter a record, or perform the operation at hand.;11.10 Controls for closed systems;;;aws;;FAIL;IAM password policy does not require at least one uppercase letter.;arn:aws:iam:us-east-1:350381001508:password-policy;iam_password_policy_uppercase;False;350381001508;GxP-21-CFR-Part-11;GxP (Good Practices) 21 CFR Part 11;
aws;GxP refers to the regulations and guidelines that are applicable to life sciences organizations that make food and medical products. Medical products that fall under this include medicines, medical devices, and medical software applications. The overall intent of GxP requirements is to ensure that food and medical products are safe for consumers. It's also to ensure the integrity of data that's used to make product-related safety decisions.;350381001508;us-east-1;2026-08-01 19:04:21.788096;11.200;"(a) Electronic signatures that are not based upon biometrics shall: (1) Employ at least two distinct identification components such as an identification code and password. (i) When an individual executes a series of signings during a single, continuous period of controlled system access, the first signing shall be executed using all electronic signature components; subsequent signings shall be executed using at least one electronic signature component that is only executable by, and designed to be used only by, the individual. (ii) When an individual executes one or more signings not performed during a single, continuous period of controlled system access, each signing shall be executed using all of the electronic signature components. (2) Be used only by their genuine owners; and (3) Be administered and executed to ensure that attempted use of an individual's electronic signature by anyone other than its genuine owner requires collaboration of two or more individuals.";11.200 Electronic signature components and controls;;;aws;;FAIL;IAM password policy does not require at least one uppercase letter.;arn:aws:iam:us-east-1:350381001508:password-policy;iam_password_policy_uppercase;False;350381001508;GxP-21-CFR-Part-11;GxP (Good Practices) 21 CFR Part 11;
aws;GxP refers to the regulations and guidelines that are applicable to life sciences organizations that make food and medical products. Medical products that fall under this include medicines, medical devices, and medical software applications. The overall intent of GxP requirements is to ensure that food and medical products are safe for consumers. It's also to ensure the integrity of data that's used to make product-related safety decisions.;350381001508;us-east-1;2026-08-01 19:04:21.788096;11.300-b;Persons who use electronic signatures based upon use of identification codes in combination with passwords shall employ controls to ensure their security and integrity. Such controls shall include: (b) Ensuring that identification code and password issuances are periodically checked, recalled, or revised (e.g., to cover such events as password aging).;11.300 Controls for identification codes/passwords;;;aws;;FAIL;IAM password policy does not require at least one uppercase letter.;arn:aws:iam:us-east-1:350381001508:password-policy;iam_password_policy_uppercase;False;350381001508;GxP-21-CFR-Part-11;GxP (Good Practices) 21 CFR Part 11;
aws;GxP refers to the regulations and guidelines that are applicable to life sciences organizations that make food and medical products. Medical products that fall under this include medicines, medical devices, and medical software applications. The overall intent of GxP requirements is to ensure that food and medical products are safe for consumers. It's also to ensure the integrity of data that's used to make product-related safety decisions.;350381001508;us-east-1;2026-08-01 19:04:21.788096;11.10-d;Persons who use closed systems to create, modify, maintain, or transmit electronic records shall employ procedures and controls designed to ensure the authenticity, integrity, and, when appropriate, the confidentiality of electronic records, and to ensure that the signer cannot readily repudiate the signed record as not genuine. Such procedures and controls shall include the following: (d) Limiting system access to authorized individuals.;11.10 Controls for closed systems;;;aws;;FAIL;User research-admin has the policy IAMUserChangePassword attached.;arn:aws:iam::350381001508:user/research-admin;iam_policy_attached_only_to_group_or_roles;False;research-admin/IAMUserChangePassword;GxP-21-CFR-Part-11;GxP (Good Practices) 21 CFR Part 11;
aws;GxP refers to the regulations and guidelines that are applicable to life sciences organizations that make food and medical products. Medical products that fall under this include medicines, medical devices, and medical software applications. The overall intent of GxP requirements is to ensure that food and medical products are safe for consumers. It's also to ensure the integrity of data that's used to make product-related safety decisions.;350381001508;us-east-1;2026-08-01 19:04:21.788096;11.10-g;Persons who use closed systems to create, modify, maintain, or transmit electronic records shall employ procedures and controls designed to ensure the authenticity, integrity, and, when appropriate, the confidentiality of electronic records, and to ensure that the signer cannot readily repudiate the signed record as not genuine. Such procedures and controls shall include the following: (g) Use of authority checks to ensure that only authorized individuals can use the system, electronically sign a record, access the operation or computer system input or output device, alter a record, or perform the operation at hand.;11.10 Controls for closed systems;;;aws;;FAIL;User research-admin has the policy IAMUserChangePassword attached.;arn:aws:iam::350381001508:user/research-admin;iam_policy_attached_only_to_group_or_roles;False;research-admin/IAMUserChangePassword;GxP-21-CFR-Part-11;GxP (Good Practices) 21 CFR Part 11;
aws;GxP refers to the regulations and guidelines that are applicable to life sciences organizations that make food and medical products. Medical products that fall under this include medicines, medical devices, and medical software applications. The overall intent of GxP requirements is to ensure that food and medical products are safe for consumers. It's also to ensure the integrity of data that's used to make product-related safety decisions.;350381001508;us-east-1;2026-08-01 19:04:21.788096;11.10-d;Persons who use closed systems to create, modify, maintain, or transmit electronic records shall employ procedures and controls designed to ensure the authenticity, integrity, and, when appropriate, the confidentiality of electronic records, and to ensure that the signer cannot readily repudiate the signed record as not genuine. Such procedures and controls shall include the following: (d) Limiting system access to authorized individuals.;11.10 Controls for closed systems;;;aws;;FAIL;User scanner-user has the policy IAMUserChangePassword attached.;arn:aws:iam::350381001508:user/scanner-user;iam_policy_attached_only_to_group_or_roles;False;scanner-user/IAMUserChangePassword;GxP-21-CFR-Part-11;GxP (Good Practices) 21 CFR Part 11;
aws;GxP refers to the regulations and guidelines that are applicable to life sciences organizations that make food and medical products. Medical products that fall under this include medicines, medical devices, and medical software applications. The overall intent of GxP requirements is to ensure that food and medical products are safe for consumers. It's also to ensure the integrity of data that's used to make product-related safety decisions.;350381001508;us-east-1;2026-08-01 19:04:21.788096;11.10-g;Persons who use closed systems to create, modify, maintain, or transmit electronic records shall employ procedures and controls designed to ensure the authenticity, integrity, and, when appropriate, the confidentiality of electronic records, and to ensure that the signer cannot readily repudiate the signed record as not genuine. Such procedures and controls shall include the following: (g) Use of authority checks to ensure that only authorized individuals can use the system, electronically sign a record, access the operation or computer system input or output device, alter a record, or perform the operation at hand.;11.10 Controls for closed systems;;;aws;;FAIL;User scanner-user has the policy IAMUserChangePassword attached.;arn:aws:iam::350381001508:user/scanner-user;iam_policy_attached_only_to_group_or_roles;False;scanner-user/IAMUserChangePassword;GxP-21-CFR-Part-11;GxP (Good Practices) 21 CFR Part 11;
aws;GxP refers to the regulations and guidelines that are applicable to life sciences organizations that make food and medical products. Medical products that fall under this include medicines, medical devices, and medical software applications. The overall intent of GxP requirements is to ensure that food and medical products are safe for consumers. It's also to ensure the integrity of data that's used to make product-related safety decisions.;350381001508;us-east-1;2026-08-01 19:04:21.788096;11.10-d;Persons who use closed systems to create, modify, maintain, or transmit electronic records shall employ procedures and controls designed to ensure the authenticity, integrity, and, when appropriate, the confidentiality of electronic records, and to ensure that the signer cannot readily repudiate the signed record as not genuine. Such procedures and controls shall include the following: (d) Limiting system access to authorized individuals.;11.10 Controls for closed systems;;;aws;;FAIL;User test-user has the policy IAMUserChangePassword attached.;arn:aws:iam::350381001508:user/test-user;iam_policy_attached_only_to_group_or_roles;False;test-user/IAMUserChangePassword;GxP-21-CFR-Part-11;GxP (Good Practices) 21 CFR Part 11;
aws;GxP refers to the regulations and guidelines that are applicable to life sciences organizations that make food and medical products. Medical products that fall under this include medicines, medical devices, and medical software applications. The overall intent of GxP requirements is to ensure that food and medical products are safe for consumers. It's also to ensure the integrity of data that's used to make product-related safety decisions.;350381001508;us-east-1;2026-08-01 19:04:21.788096;11.10-g;Persons who use closed systems to create, modify, maintain, or transmit electronic records shall employ procedures and controls designed to ensure the authenticity, integrity, and, when appropriate, the confidentiality of electronic records, and to ensure that the signer cannot readily repudiate the signed record as not genuine. Such procedures and controls shall include the following: (g) Use of authority checks to ensure that only authorized individuals can use the system, electronically sign a record, access the operation or computer system input or output device, alter a record, or perform the operation at hand.;11.10 Controls for closed systems;;;aws;;FAIL;User test-user has the policy IAMUserChangePassword attached.;arn:aws:iam::350381001508:user/test-user;iam_policy_attached_only_to_group_or_roles;False;test-user/IAMUserChangePassword;GxP-21-CFR-Part-11;GxP (Good Practices) 21 CFR Part 11;
aws;GxP refers to the regulations and guidelines that are applicable to life sciences organizations that make food and medical products. Medical products that fall under this include medicines, medical devices, and medical software applications. The overall intent of GxP requirements is to ensure that food and medical products are safe for consumers. It's also to ensure the integrity of data that's used to make product-related safety decisions.;350381001508;us-east-1;2026-08-01 19:04:21.788096;11.10-d;Persons who use closed systems to create, modify, maintain, or transmit electronic records shall employ procedures and controls designed to ensure the authenticity, integrity, and, when appropriate, the confidentiality of electronic records, and to ensure that the signer cannot readily repudiate the signed record as not genuine. Such procedures and controls shall include the following: (d) Limiting system access to authorized individuals.;11.10 Controls for closed systems;;;aws;;FAIL;Root account has a virtual MFA instead of a hardware MFA device enabled.;arn:aws:iam::350381001508:mfa;iam_root_hardware_mfa_enabled;False;<root_account>;GxP-21-CFR-Part-11;GxP (Good Practices) 21 CFR Part 11;
aws;GxP refers to the regulations and guidelines that are applicable to life sciences organizations that make food and medical products. Medical products that fall under this include medicines, medical devices, and medical software applications. The overall intent of GxP requirements is to ensure that food and medical products are safe for consumers. It's also to ensure the integrity of data that's used to make product-related safety decisions.;350381001508;us-east-1;2026-08-01 19:04:21.788096;11.10-g;Persons who use closed systems to create, modify, maintain, or transmit electronic records shall employ procedures and controls designed to ensure the authenticity, integrity, and, when appropriate, the confidentiality of electronic records, and to ensure that the signer cannot readily repudiate the signed record as not genuine. Such procedures and controls shall include the following: (g) Use of authority checks to ensure that only authorized individuals can use the system, electronically sign a record, access the operation or computer system input or output device, alter a record, or perform the operation at hand.;11.10 Controls for closed systems;;;aws;;FAIL;Root account has a virtual MFA instead of a hardware MFA device enabled.;arn:aws:iam::350381001508:mfa;iam_root_hardware_mfa_enabled;False;<root_account>;GxP-21-CFR-Part-11;GxP (Good Practices) 21 CFR Part 11;
aws;GxP refers to the regulations and guidelines that are applicable to life sciences organizations that make food and medical products. Medical products that fall under this include medicines, medical devices, and medical software applications. The overall intent of GxP requirements is to ensure that food and medical products are safe for consumers. It's also to ensure the integrity of data that's used to make product-related safety decisions.;350381001508;us-east-1;2026-08-01 19:04:21.788096;11.200;"(a) Electronic signatures that are not based upon biometrics shall: (1) Employ at least two distinct identification components such as an identification code and password. (i) When an individual executes a series of signings during a single, continuous period of controlled system access, the first signing shall be executed using all electronic signature components; subsequent signings shall be executed using at least one electronic signature component that is only executable by, and designed to be used only by, the individual. (ii) When an individual executes one or more signings not performed during a single, continuous period of controlled system access, each signing shall be executed using all of the electronic signature components. (2) Be used only by their genuine owners; and (3) Be administered and executed to ensure that attempted use of an individual's electronic signature by anyone other than its genuine owner requires collaboration of two or more individuals.";11.200 Electronic signature components and controls;;;aws;;FAIL;Root account has a virtual MFA instead of a hardware MFA device enabled.;arn:aws:iam::350381001508:mfa;iam_root_hardware_mfa_enabled;False;<root_account>;GxP-21-CFR-Part-11;GxP (Good Practices) 21 CFR Part 11;
aws;GxP refers to the regulations and guidelines that are applicable to life sciences organizations that make food and medical products. Medical products that fall under this include medicines, medical devices, and medical software applications. The overall intent of GxP requirements is to ensure that food and medical products are safe for consumers. It's also to ensure the integrity of data that's used to make product-related safety decisions.;350381001508;us-east-1;2026-08-01 19:04:21.788096;11.10-d;Persons who use closed systems to create, modify, maintain, or transmit electronic records shall employ procedures and controls designed to ensure the authenticity, integrity, and, when appropriate, the confidentiality of electronic records, and to ensure that the signer cannot readily repudiate the signed record as not genuine. Such procedures and controls shall include the following: (d) Limiting system access to authorized individuals.;11.10 Controls for closed systems;;;aws;;PASS;MFA is enabled for root account.;arn:aws:iam::350381001508:root;iam_root_mfa_enabled;False;<root_account>;GxP-21-CFR-Part-11;GxP (Good Practices) 21 CFR Part 11;
aws;GxP refers to the regulations and guidelines that are applicable to life sciences organizations that make food and medical products. Medical products that fall under this include medicines, medical devices, and medical software applications. The overall intent of GxP requirements is to ensure that food and medical products are safe for consumers. It's also to ensure the integrity of data that's used to make product-related safety decisions.;350381001508;us-east-1;2026-08-01 19:04:21.788096;11.10-g;Persons who use closed systems to create, modify, maintain, or transmit electronic records shall employ procedures and controls designed to ensure the authenticity, integrity, and, when appropriate, the confidentiality of electronic records, and to ensure that the signer cannot readily repudiate the signed record as not genuine. Such procedures and controls shall include the following: (g) Use of authority checks to ensure that only authorized individuals can use the system, electronically sign a record, access the operation or computer system input or output device, alter a record, or perform the operation at hand.;11.10 Controls for closed systems;;;aws;;PASS;MFA is enabled for root account.;arn:aws:iam::350381001508:root;iam_root_mfa_enabled;False;<root_account>;GxP-21-CFR-Part-11;GxP (Good Practices) 21 CFR Part 11;
aws;GxP refers to the regulations and guidelines that are applicable to life sciences organizations that make food and medical products. Medical products that fall under this include medicines, medical devices, and medical software applications. The overall intent of GxP requirements is to ensure that food and medical products are safe for consumers. It's also to ensure the integrity of data that's used to make product-related safety decisions.;350381001508;us-east-1;2026-08-01 19:04:21.788096;11.200;"(a) Electronic signatures that are not based upon biometrics shall: (1) Employ at least two distinct identification components such as an identification code and password. (i) When an individual executes a series of signings during a single, continuous period of controlled system access, the first signing shall be executed using all electronic signature components; subsequent signings shall be executed using at least one electronic signature component that is only executable by, and designed to be used only by, the individual. (ii) When an individual executes one or more signings not performed during a single, continuous period of controlled system access, each signing shall be executed using all of the electronic signature components. (2) Be used only by their genuine owners; and (3) Be administered and executed to ensure that attempted use of an individual's electronic signature by anyone other than its genuine owner requires collaboration of two or more individuals.";11.200 Electronic signature components and controls;;;aws;;PASS;MFA is enabled for root account.;arn:aws:iam::350381001508:root;iam_root_mfa_enabled;False;<root_account>;GxP-21-CFR-Part-11;GxP (Good Practices) 21 CFR Part 11;
aws;GxP refers to the regulations and guidelines that are applicable to life sciences organizations that make food and medical products. Medical products that fall under this include medicines, medical devices, and medical software applications. The overall intent of GxP requirements is to ensure that food and medical products are safe for consumers. It's also to ensure the integrity of data that's used to make product-related safety decisions.;350381001508;us-east-1;2026-08-01 19:04:21.788096;11.10-d;Persons who use closed systems to create, modify, maintain, or transmit electronic records shall employ procedures and controls designed to ensure the authenticity, integrity, and, when appropriate, the confidentiality of electronic records, and to ensure that the signer cannot readily repudiate the signed record as not genuine. Such procedures and controls shall include the following: (d) Limiting system access to authorized individuals.;11.10 Controls for closed systems;;;aws;;PASS;User <root_account> does not have access keys.;arn:aws:iam::350381001508:root;iam_rotate_access_key_90_days;False;<root_account>;GxP-21-CFR-Part-11;GxP (Good Practices) 21 CFR Part 11;
aws;GxP refers to the regulations and guidelines that are applicable to life sciences organizations that make food and medical products. Medical products that fall under this include medicines, medical devices, and medical software applications. The overall intent of GxP requirements is to ensure that food and medical products are safe for consumers. It's also to ensure the integrity of data that's used to make product-related safety decisions.;350381001508;us-east-1;2026-08-01 19:04:21.788096;11.10-g;Persons who use closed systems to create, modify, maintain, or transmit electronic records shall employ procedures and controls designed to ensure the authenticity, integrity, and, when appropriate, the confidentiality of electronic records, and to ensure that the signer cannot readily repudiate the signed record as not genuine. Such procedures and controls shall include the following: (g) Use of authority checks to ensure that only authorized individuals can use the system, electronically sign a record, access the operation or computer system input or output device, alter a record, or perform the operation at hand.;11.10 Controls for closed systems;;;aws;;PASS;User <root_account> does not have access keys.;arn:aws:iam::350381001508:root;iam_rotate_access_key_90_days;False;<root_account>;GxP-21-CFR-Part-11;GxP (Good Practices) 21 CFR Part 11;
aws;GxP refers to the regulations and guidelines that are applicable to life sciences organizations that make food and medical products. Medical products that fall under this include medicines, medical devices, and medical software applications. The overall intent of GxP requirements is to ensure that food and medical products are safe for consumers. It's also to ensure the integrity of data that's used to make product-related safety decisions.;350381001508;us-east-1;2026-08-01 19:04:21.788096;11.200;"(a) Electronic signatures that are not based upon biometrics shall: (1) Employ at least two distinct identification components such as an identification code and password. (i) When an individual executes a series of signings during a single, continuous period of controlled system access, the first signing shall be executed using all electronic signature components; subsequent signings shall be executed using at least one electronic signature component that is only executable by, and designed to be used only by, the individual. (ii) When an individual executes one or more signings not performed during a single, continuous period of controlled system access, each signing shall be executed using all of the electronic signature components. (2) Be used only by their genuine owners; and (3) Be administered and executed to ensure that attempted use of an individual's electronic signature by anyone other than its genuine owner requires collaboration of two or more individuals.";11.200 Electronic signature components and controls;;;aws;;PASS;User <root_account> does not have access keys.;arn:aws:iam::350381001508:root;iam_rotate_access_key_90_days;False;<root_account>;GxP-21-CFR-Part-11;GxP (Good Practices) 21 CFR Part 11;
aws;GxP refers to the regulations and guidelines that are applicable to life sciences organizations that make food and medical products. Medical products that fall under this include medicines, medical devices, and medical software applications. The overall intent of GxP requirements is to ensure that food and medical products are safe for consumers. It's also to ensure the integrity of data that's used to make product-related safety decisions.;350381001508;us-east-1;2026-08-01 19:04:21.788096;11.300-b;Persons who use electronic signatures based upon use of identification codes in combination with passwords shall employ controls to ensure their security and integrity. Such controls shall include: (b) Ensuring that identification code and password issuances are periodically checked, recalled, or revised (e.g., to cover such events as password aging).;11.300 Controls for identification codes/passwords;;;aws;;PASS;User <root_account> does not have access keys.;arn:aws:iam::350381001508:root;iam_rotate_access_key_90_days;False;<root_account>;GxP-21-CFR-Part-11;GxP (Good Practices) 21 CFR Part 11;
aws;GxP refers to the regulations and guidelines that are applicable to life sciences organizations that make food and medical products. Medical products that fall under this include medicines, medical devices, and medical software applications. The overall intent of GxP requirements is to ensure that food and medical products are safe for consumers. It's also to ensure the integrity of data that's used to make product-related safety decisions.;350381001508;us-east-1;2026-08-01 19:04:21.788096;11.10-d;Persons who use closed systems to create, modify, maintain, or transmit electronic records shall employ procedures and controls designed to ensure the authenticity, integrity, and, when appropriate, the confidentiality of electronic records, and to ensure that the signer cannot readily repudiate the signed record as not genuine. Such procedures and controls shall include the following: (d) Limiting system access to authorized individuals.;11.10 Controls for closed systems;;;aws;;PASS;User research-admin does not have access keys.;arn:aws:iam::350381001508:user/research-admin;iam_rotate_access_key_90_days;False;research-admin;GxP-21-CFR-Part-11;GxP (Good Practices) 21 CFR Part 11;
aws;GxP refers to the regulations and guidelines that are applicable to life sciences organizations that make food and medical products. Medical products that fall under this include medicines, medical devices, and medical software applications. The overall intent of GxP requirements is to ensure that food and medical products are safe for consumers. It's also to ensure the integrity of data that's used to make product-related safety decisions.;350381001508;us-east-1;2026-08-01 19:04:21.788096;11.10-g;Persons who use closed systems to create, modify, maintain, or transmit electronic records shall employ procedures and controls designed to ensure the authenticity, integrity, and, when appropriate, the confidentiality of electronic records, and to ensure that the signer cannot readily repudiate the signed record as not genuine. Such procedures and controls shall include the following: (g) Use of authority checks to ensure that only authorized individuals can use the system, electronically sign a record, access the operation or computer system input or output device, alter a record, or perform the operation at hand.;11.10 Controls for closed systems;;;aws;;PASS;User research-admin does not have access keys.;arn:aws:iam::350381001508:user/research-admin;iam_rotate_access_key_90_days;False;research-admin;GxP-21-CFR-Part-11;GxP (Good Practices) 21 CFR Part 11;
aws;GxP refers to the regulations and guidelines that are applicable to life sciences organizations that make food and medical products. Medical products that fall under this include medicines, medical devices, and medical software applications. The overall intent of GxP requirements is to ensure that food and medical products are safe for consumers. It's also to ensure the integrity of data that's used to make product-related safety decisions.;350381001508;us-east-1;2026-08-01 19:04:21.788096;11.200;"(a) Electronic signatures that are not based upon biometrics shall: (1) Employ at least two distinct identification components such as an identification code and password. (i) When an individual executes a series of signings during a single, continuous period of controlled system access, the first signing shall be executed using all electronic signature components; subsequent signings shall be executed using at least one electronic signature component that is only executable by, and designed to be used only by, the individual. (ii) When an individual executes one or more signings not performed during a single, continuous period of controlled system access, each signing shall be executed using all of the electronic signature components. (2) Be used only by their genuine owners; and (3) Be administered and executed to ensure that attempted use of an individual's electronic signature by anyone other than its genuine owner requires collaboration of two or more individuals.";11.200 Electronic signature components and controls;;;aws;;PASS;User research-admin does not have access keys.;arn:aws:iam::350381001508:user/research-admin;iam_rotate_access_key_90_days;False;research-admin;GxP-21-CFR-Part-11;GxP (Good Practices) 21 CFR Part 11;
aws;GxP refers to the regulations and guidelines that are applicable to life sciences organizations that make food and medical products. Medical products that fall under this include medicines, medical devices, and medical software applications. The overall intent of GxP requirements is to ensure that food and medical products are safe for consumers. It's also to ensure the integrity of data that's used to make product-related safety decisions.;350381001508;us-east-1;2026-08-01 19:04:21.788096;11.300-b;Persons who use electronic signatures based upon use of identification codes in combination with passwords shall employ controls to ensure their security and integrity. Such controls shall include: (b) Ensuring that identification code and password issuances are periodically checked, recalled, or revised (e.g., to cover such events as password aging).;11.300 Controls for identification codes/passwords;;;aws;;PASS;User research-admin does not have access keys.;arn:aws:iam::350381001508:user/research-admin;iam_rotate_access_key_90_days;False;research-admin;GxP-21-CFR-Part-11;GxP (Good Practices) 21 CFR Part 11;
aws;GxP refers to the regulations and guidelines that are applicable to life sciences organizations that make food and medical products. Medical products that fall under this include medicines, medical devices, and medical software applications. The overall intent of GxP requirements is to ensure that food and medical products are safe for consumers. It's also to ensure the integrity of data that's used to make product-related safety decisions.;350381001508;us-east-1;2026-08-01 19:04:21.788096;11.10-d;Persons who use closed systems to create, modify, maintain, or transmit electronic records shall employ procedures and controls designed to ensure the authenticity, integrity, and, when appropriate, the confidentiality of electronic records, and to ensure that the signer cannot readily repudiate the signed record as not genuine. Such procedures and controls shall include the following: (d) Limiting system access to authorized individuals.;11.10 Controls for closed systems;;;aws;;PASS;User scanner-user does not have access keys older than 90 days.;arn:aws:iam::350381001508:user/scanner-user;iam_rotate_access_key_90_days;False;scanner-user;GxP-21-CFR-Part-11;GxP (Good Practices) 21 CFR Part 11;
aws;GxP refers to the regulations and guidelines that are applicable to life sciences organizations that make food and medical products. Medical products that fall under this include medicines, medical devices, and medical software applications. The overall intent of GxP requirements is to ensure that food and medical products are safe for consumers. It's also to ensure the integrity of data that's used to make product-related safety decisions.;350381001508;us-east-1;2026-08-01 19:04:21.788096;11.10-g;Persons who use closed systems to create, modify, maintain, or transmit electronic records shall employ procedures and controls designed to ensure the authenticity, integrity, and, when appropriate, the confidentiality of electronic records, and to ensure that the signer cannot readily repudiate the signed record as not genuine. Such procedures and controls shall include the following: (g) Use of authority checks to ensure that only authorized individuals can use the system, electronically sign a record, access the operation or computer system input or output device, alter a record, or perform the operation at hand.;11.10 Controls for closed systems;;;aws;;PASS;User scanner-user does not have access keys older than 90 days.;arn:aws:iam::350381001508:user/scanner-user;iam_rotate_access_key_90_days;False;scanner-user;GxP-21-CFR-Part-11;GxP (Good Practices) 21 CFR Part 11;
aws;GxP refers to the regulations and guidelines that are applicable to life sciences organizations that make food and medical products. Medical products that fall under this include medicines, medical devices, and medical software applications. The overall intent of GxP requirements is to ensure that food and medical products are safe for consumers. It's also to ensure the integrity of data that's used to make product-related safety decisions.;350381001508;us-east-1;2026-08-01 19:04:21.788096;11.200;"(a) Electronic signatures that are not based upon biometrics shall: (1) Employ at least two distinct identification components such as an identification code and password. (i) When an individual executes a series of signings during a single, continuous period of controlled system access, the first signing shall be executed using all electronic signature components; subsequent signings shall be executed using at least one electronic signature component that is only executable by, and designed to be used only by, the individual. (ii) When an individual executes one or more signings not performed during a single, continuous period of controlled system access, each signing shall be executed using all of the electronic signature components. (2) Be used only by their genuine owners; and (3) Be administered and executed to ensure that attempted use of an individual's electronic signature by anyone other than its genuine owner requires collaboration of two or more individuals.";11.200 Electronic signature components and controls;;;aws;;PASS;User scanner-user does not have access keys older than 90 days.;arn:aws:iam::350381001508:user/scanner-user;iam_rotate_access_key_90_days;False;scanner-user;GxP-21-CFR-Part-11;GxP (Good Practices) 21 CFR Part 11;
aws;GxP refers to the regulations and guidelines that are applicable to life sciences organizations that make food and medical products. Medical products that fall under this include medicines, medical devices, and medical software applications. The overall intent of GxP requirements is to ensure that food and medical products are safe for consumers. It's also to ensure the integrity of data that's used to make product-related safety decisions.;350381001508;us-east-1;2026-08-01 19:04:21.788096;11.300-b;Persons who use electronic signatures based upon use of identification codes in combination with passwords shall employ controls to ensure their security and integrity. Such controls shall include: (b) Ensuring that identification code and password issuances are periodically checked, recalled, or revised (e.g., to cover such events as password aging).;11.300 Controls for identification codes/passwords;;;aws;;PASS;User scanner-user does not have access keys older than 90 days.;arn:aws:iam::350381001508:user/scanner-user;iam_rotate_access_key_90_days;False;scanner-user;GxP-21-CFR-Part-11;GxP (Good Practices) 21 CFR Part 11;
aws;GxP refers to the regulations and guidelines that are applicable to life sciences organizations that make food and medical products. Medical products that fall under this include medicines, medical devices, and medical software applications. The overall intent of GxP requirements is to ensure that food and medical products are safe for consumers. It's also to ensure the integrity of data that's used to make product-related safety decisions.;350381001508;us-east-1;2026-08-01 19:04:21.788096;11.10-d;Persons who use closed systems to create, modify, maintain, or transmit electronic records shall employ procedures and controls designed to ensure the authenticity, integrity, and, when appropriate, the confidentiality of electronic records, and to ensure that the signer cannot readily repudiate the signed record as not genuine. Such procedures and controls shall include the following: (d) Limiting system access to authorized individuals.;11.10 Controls for closed systems;;;aws;;PASS;User test-user does not have access keys older than 90 days.;arn:aws:iam::350381001508:user/test-user;iam_rotate_access_key_90_days;False;test-user;GxP-21-CFR-Part-11;GxP (Good Practices) 21 CFR Part 11;
aws;GxP refers to the regulations and guidelines that are applicable to life sciences organizations that make food and medical products. Medical products that fall under this include medicines, medical devices, and medical software applications. The overall intent of GxP requirements is to ensure that food and medical products are safe for consumers. It's also to ensure the integrity of data that's used to make product-related safety decisions.;350381001508;us-east-1;2026-08-01 19:04:21.788096;11.10-g;Persons who use closed systems to create, modify, maintain, or transmit electronic records shall employ procedures and controls designed to ensure the authenticity, integrity, and, when appropriate, the confidentiality of electronic records, and to ensure that the signer cannot readily repudiate the signed record as not genuine. Such procedures and controls shall include the following: (g) Use of authority checks to ensure that only authorized individuals can use the system, electronically sign a record, access the operation or computer system input or output device, alter a record, or perform the operation at hand.;11.10 Controls for closed systems;;;aws;;PASS;User test-user does not have access keys older than 90 days.;arn:aws:iam::350381001508:user/test-user;iam_rotate_access_key_90_days;False;test-user;GxP-21-CFR-Part-11;GxP (Good Practices) 21 CFR Part 11;
aws;GxP refers to the regulations and guidelines that are applicable to life sciences organizations that make food and medical products. Medical products that fall under this include medicines, medical devices, and medical software applications. The overall intent of GxP requirements is to ensure that food and medical products are safe for consumers. It's also to ensure the integrity of data that's used to make product-related safety decisions.;350381001508;us-east-1;2026-08-01 19:04:21.788096;11.200;"(a) Electronic signatures that are not based upon biometrics shall: (1) Employ at least two distinct identification components such as an identification code and password. (i) When an individual executes a series of signings during a single, continuous period of controlled system access, the first signing shall be executed using all electronic signature components; subsequent signings shall be executed using at least one electronic signature component that is only executable by, and designed to be used only by, the individual. (ii) When an individual executes one or more signings not performed during a single, continuous period of controlled system access, each signing shall be executed using all of the electronic signature components. (2) Be used only by their genuine owners; and (3) Be administered and executed to ensure that attempted use of an individual's electronic signature by anyone other than its genuine owner requires collaboration of two or more individuals.";11.200 Electronic signature components and controls;;;aws;;PASS;User test-user does not have access keys older than 90 days.;arn:aws:iam::350381001508:user/test-user;iam_rotate_access_key_90_days;False;test-user;GxP-21-CFR-Part-11;GxP (Good Practices) 21 CFR Part 11;
aws;GxP refers to the regulations and guidelines that are applicable to life sciences organizations that make food and medical products. Medical products that fall under this include medicines, medical devices, and medical software applications. The overall intent of GxP requirements is to ensure that food and medical products are safe for consumers. It's also to ensure the integrity of data that's used to make product-related safety decisions.;350381001508;us-east-1;2026-08-01 19:04:21.788096;11.300-b;Persons who use electronic signatures based upon use of identification codes in combination with passwords shall employ controls to ensure their security and integrity. Such controls shall include: (b) Ensuring that identification code and password issuances are periodically checked, recalled, or revised (e.g., to cover such events as password aging).;11.300 Controls for identification codes/passwords;;;aws;;PASS;User test-user does not have access keys older than 90 days.;arn:aws:iam::350381001508:user/test-user;iam_rotate_access_key_90_days;False;test-user;GxP-21-CFR-Part-11;GxP (Good Practices) 21 CFR Part 11;
aws;GxP refers to the regulations and guidelines that are applicable to life sciences organizations that make food and medical products. Medical products that fall under this include medicines, medical devices, and medical software applications. The overall intent of GxP requirements is to ensure that food and medical products are safe for consumers. It's also to ensure the integrity of data that's used to make product-related safety decisions.;350381001508;us-east-1;2026-08-01 19:04:21.788096;11.10-d;Persons who use closed systems to create, modify, maintain, or transmit electronic records shall employ procedures and controls designed to ensure the authenticity, integrity, and, when appropriate, the confidentiality of electronic records, and to ensure that the signer cannot readily repudiate the signed record as not genuine. Such procedures and controls shall include the following: (d) Limiting system access to authorized individuals.;11.10 Controls for closed systems;;;aws;;PASS;User <root_account> does not have access keys.;arn:aws:iam::350381001508:root;iam_user_accesskey_unused;False;<root_account>;GxP-21-CFR-Part-11;GxP (Good Practices) 21 CFR Part 11;
aws;GxP refers to the regulations and guidelines that are applicable to life sciences organizations that make food and medical products. Medical products that fall under this include medicines, medical devices, and medical software applications. The overall intent of GxP requirements is to ensure that food and medical products are safe for consumers. It's also to ensure the integrity of data that's used to make product-related safety decisions.;350381001508;us-east-1;2026-08-01 19:04:21.788096;11.10-g;Persons who use closed systems to create, modify, maintain, or transmit electronic records shall employ procedures and controls designed to ensure the authenticity, integrity, and, when appropriate, the confidentiality of electronic records, and to ensure that the signer cannot readily repudiate the signed record as not genuine. Such procedures and controls shall include the following: (g) Use of authority checks to ensure that only authorized individuals can use the system, electronically sign a record, access the operation or computer system input or output device, alter a record, or perform the operation at hand.;11.10 Controls for closed systems;;;aws;;PASS;User <root_account> does not have access keys.;arn:aws:iam::350381001508:root;iam_user_accesskey_unused;False;<root_account>;GxP-21-CFR-Part-11;GxP (Good Practices) 21 CFR Part 11;
aws;GxP refers to the regulations and guidelines that are applicable to life sciences organizations that make food and medical products. Medical products that fall under this include medicines, medical devices, and medical software applications. The overall intent of GxP requirements is to ensure that food and medical products are safe for consumers. It's also to ensure the integrity of data that's used to make product-related safety decisions.;350381001508;us-east-1;2026-08-01 19:04:21.788096;11.300-b;Persons who use electronic signatures based upon use of identification codes in combination with passwords shall employ controls to ensure their security and integrity. Such controls shall include: (b) Ensuring that identification code and password issuances are periodically checked, recalled, or revised (e.g., to cover such events as password aging).;11.300 Controls for identification codes/passwords;;;aws;;PASS;User <root_account> does not have access keys.;arn:aws:iam::350381001508:root;iam_user_accesskey_unused;False;<root_account>;GxP-21-CFR-Part-11;GxP (Good Practices) 21 CFR Part 11;
aws;GxP refers to the regulations and guidelines that are applicable to life sciences organizations that make food and medical products. Medical products that fall under this include medicines, medical devices, and medical software applications. The overall intent of GxP requirements is to ensure that food and medical products are safe for consumers. It's also to ensure the integrity of data that's used to make product-related safety decisions.;350381001508;us-east-1;2026-08-01 19:04:21.788096;11.10-d;Persons who use closed systems to create, modify, maintain, or transmit electronic records shall employ procedures and controls designed to ensure the authenticity, integrity, and, when appropriate, the confidentiality of electronic records, and to ensure that the signer cannot readily repudiate the signed record as not genuine. Such procedures and controls shall include the following: (d) Limiting system access to authorized individuals.;11.10 Controls for closed systems;;;aws;;PASS;User research-admin does not have access keys.;arn:aws:iam::350381001508:user/research-admin;iam_user_accesskey_unused;False;research-admin;GxP-21-CFR-Part-11;GxP (Good Practices) 21 CFR Part 11;
aws;GxP refers to the regulations and guidelines that are applicable to life sciences organizations that make food and medical products. Medical products that fall under this include medicines, medical devices, and medical software applications. The overall intent of GxP requirements is to ensure that food and medical products are safe for consumers. It's also to ensure the integrity of data that's used to make product-related safety decisions.;350381001508;us-east-1;2026-08-01 19:04:21.788096;11.10-g;Persons who use closed systems to create, modify, maintain, or transmit electronic records shall employ procedures and controls designed to ensure the authenticity, integrity, and, when appropriate, the confidentiality of electronic records, and to ensure that the signer cannot readily repudiate the signed record as not genuine. Such procedures and controls shall include the following: (g) Use of authority checks to ensure that only authorized individuals can use the system, electronically sign a record, access the operation or computer system input or output device, alter a record, or perform the operation at hand.;11.10 Controls for closed systems;;;aws;;PASS;User research-admin does not have access keys.;arn:aws:iam::350381001508:user/research-admin;iam_user_accesskey_unused;False;research-admin;GxP-21-CFR-Part-11;GxP (Good Practices) 21 CFR Part 11;
aws;GxP refers to the regulations and guidelines that are applicable to life sciences organizations that make food and medical products. Medical products that fall under this include medicines, medical devices, and medical software applications. The overall intent of GxP requirements is to ensure that food and medical products are safe for consumers. It's also to ensure the integrity of data that's used to make product-related safety decisions.;350381001508;us-east-1;2026-08-01 19:04:21.788096;11.300-b;Persons who use electronic signatures based upon use of identification codes in combination with passwords shall employ controls to ensure their security and integrity. Such controls shall include: (b) Ensuring that identification code and password issuances are periodically checked, recalled, or revised (e.g., to cover such events as password aging).;11.300 Controls for identification codes/passwords;;;aws;;PASS;User research-admin does not have access keys.;arn:aws:iam::350381001508:user/research-admin;iam_user_accesskey_unused;False;research-admin;GxP-21-CFR-Part-11;GxP (Good Practices) 21 CFR Part 11;
aws;GxP refers to the regulations and guidelines that are applicable to life sciences organizations that make food and medical products. Medical products that fall under this include medicines, medical devices, and medical software applications. The overall intent of GxP requirements is to ensure that food and medical products are safe for consumers. It's also to ensure the integrity of data that's used to make product-related safety decisions.;350381001508;us-east-1;2026-08-01 19:04:21.788096;11.10-d;Persons who use closed systems to create, modify, maintain, or transmit electronic records shall employ procedures and controls designed to ensure the authenticity, integrity, and, when appropriate, the confidentiality of electronic records, and to ensure that the signer cannot readily repudiate the signed record as not genuine. Such procedures and controls shall include the following: (d) Limiting system access to authorized individuals.;11.10 Controls for closed systems;;;aws;;PASS;User scanner-user does not have unused access keys for 45 days.;arn:aws:iam::350381001508:user/scanner-user;iam_user_accesskey_unused;False;scanner-user;GxP-21-CFR-Part-11;GxP (Good Practices) 21 CFR Part 11;
aws;GxP refers to the regulations and guidelines that are applicable to life sciences organizations that make food and medical products. Medical products that fall under this include medicines, medical devices, and medical software applications. The overall intent of GxP requirements is to ensure that food and medical products are safe for consumers. It's also to ensure the integrity of data that's used to make product-related safety decisions.;350381001508;us-east-1;2026-08-01 19:04:21.788096;11.10-g;Persons who use closed systems to create, modify, maintain, or transmit electronic records shall employ procedures and controls designed to ensure the authenticity, integrity, and, when appropriate, the confidentiality of electronic records, and to ensure that the signer cannot readily repudiate the signed record as not genuine. Such procedures and controls shall include the following: (g) Use of authority checks to ensure that only authorized individuals can use the system, electronically sign a record, access the operation or computer system input or output device, alter a record, or perform the operation at hand.;11.10 Controls for closed systems;;;aws;;PASS;User scanner-user does not have unused access keys for 45 days.;arn:aws:iam::350381001508:user/scanner-user;iam_user_accesskey_unused;False;scanner-user;GxP-21-CFR-Part-11;GxP (Good Practices) 21 CFR Part 11;
aws;GxP refers to the regulations and guidelines that are applicable to life sciences organizations that make food and medical products. Medical products that fall under this include medicines, medical devices, and medical software applications. The overall intent of GxP requirements is to ensure that food and medical products are safe for consumers. It's also to ensure the integrity of data that's used to make product-related safety decisions.;350381001508;us-east-1;2026-08-01 19:04:21.788096;11.300-b;Persons who use electronic signatures based upon use of identification codes in combination with passwords shall employ controls to ensure their security and integrity. Such controls shall include: (b) Ensuring that identification code and password issuances are periodically checked, recalled, or revised (e.g., to cover such events as password aging).;11.300 Controls for identification codes/passwords;;;aws;;PASS;User scanner-user does not have unused access keys for 45 days.;arn:aws:iam::350381001508:user/scanner-user;iam_user_accesskey_unused;False;scanner-user;GxP-21-CFR-Part-11;GxP (Good Practices) 21 CFR Part 11;
aws;GxP refers to the regulations and guidelines that are applicable to life sciences organizations that make food and medical products. Medical products that fall under this include medicines, medical devices, and medical software applications. The overall intent of GxP requirements is to ensure that food and medical products are safe for consumers. It's also to ensure the integrity of data that's used to make product-related safety decisions.;350381001508;us-east-1;2026-08-01 19:04:21.788096;11.10-d;Persons who use closed systems to create, modify, maintain, or transmit electronic records shall employ procedures and controls designed to ensure the authenticity, integrity, and, when appropriate, the confidentiality of electronic records, and to ensure that the signer cannot readily repudiate the signed record as not genuine. Such procedures and controls shall include the following: (d) Limiting system access to authorized individuals.;11.10 Controls for closed systems;;;aws;;PASS;User test-user does not have unused access keys for 45 days.;arn:aws:iam::350381001508:user/test-user;iam_user_accesskey_unused;False;test-user;GxP-21-CFR-Part-11;GxP (Good Practices) 21 CFR Part 11;
aws;GxP refers to the regulations and guidelines that are applicable to life sciences organizations that make food and medical products. Medical products that fall under this include medicines, medical devices, and medical software applications. The overall intent of GxP requirements is to ensure that food and medical products are safe for consumers. It's also to ensure the integrity of data that's used to make product-related safety decisions.;350381001508;us-east-1;2026-08-01 19:04:21.788096;11.10-g;Persons who use closed systems to create, modify, maintain, or transmit electronic records shall employ procedures and controls designed to ensure the authenticity, integrity, and, when appropriate, the confidentiality of electronic records, and to ensure that the signer cannot readily repudiate the signed record as not genuine. Such procedures and controls shall include the following: (g) Use of authority checks to ensure that only authorized individuals can use the system, electronically sign a record, access the operation or computer system input or output device, alter a record, or perform the operation at hand.;11.10 Controls for closed systems;;;aws;;PASS;User test-user does not have unused access keys for 45 days.;arn:aws:iam::350381001508:user/test-user;iam_user_accesskey_unused;False;test-user;GxP-21-CFR-Part-11;GxP (Good Practices) 21 CFR Part 11;
aws;GxP refers to the regulations and guidelines that are applicable to life sciences organizations that make food and medical products. Medical products that fall under this include medicines, medical devices, and medical software applications. The overall intent of GxP requirements is to ensure that food and medical products are safe for consumers. It's also to ensure the integrity of data that's used to make product-related safety decisions.;350381001508;us-east-1;2026-08-01 19:04:21.788096;11.300-b;Persons who use electronic signatures based upon use of identification codes in combination with passwords shall employ controls to ensure their security and integrity. Such controls shall include: (b) Ensuring that identification code and password issuances are periodically checked, recalled, or revised (e.g., to cover such events as password aging).;11.300 Controls for identification codes/passwords;;;aws;;PASS;User test-user does not have unused access keys for 45 days.;arn:aws:iam::350381001508:user/test-user;iam_user_accesskey_unused;False;test-user;GxP-21-CFR-Part-11;GxP (Good Practices) 21 CFR Part 11;
aws;GxP refers to the regulations and guidelines that are applicable to life sciences organizations that make food and medical products. Medical products that fall under this include medicines, medical devices, and medical software applications. The overall intent of GxP requirements is to ensure that food and medical products are safe for consumers. It's also to ensure the integrity of data that's used to make product-related safety decisions.;350381001508;us-east-1;2026-08-01 19:04:21.788096;11.10-d;Persons who use closed systems to create, modify, maintain, or transmit electronic records shall employ procedures and controls designed to ensure the authenticity, integrity, and, when appropriate, the confidentiality of electronic records, and to ensure that the signer cannot readily repudiate the signed record as not genuine. Such procedures and controls shall include the following: (d) Limiting system access to authorized individuals.;11.10 Controls for closed systems;;;aws;;PASS;User research-admin does not have console access enabled or is unused.;arn:aws:iam::350381001508:user/research-admin;iam_user_console_access_unused;False;research-admin;GxP-21-CFR-Part-11;GxP (Good Practices) 21 CFR Part 11;
aws;GxP refers to the regulations and guidelines that are applicable to life sciences organizations that make food and medical products. Medical products that fall under this include medicines, medical devices, and medical software applications. The overall intent of GxP requirements is to ensure that food and medical products are safe for consumers. It's also to ensure the integrity of data that's used to make product-related safety decisions.;350381001508;us-east-1;2026-08-01 19:04:21.788096;11.10-g;Persons who use closed systems to create, modify, maintain, or transmit electronic records shall employ procedures and controls designed to ensure the authenticity, integrity, and, when appropriate, the confidentiality of electronic records, and to ensure that the signer cannot readily repudiate the signed record as not genuine. Such procedures and controls shall include the following: (g) Use of authority checks to ensure that only authorized individuals can use the system, electronically sign a record, access the operation or computer system input or output device, alter a record, or perform the operation at hand.;11.10 Controls for closed systems;;;aws;;PASS;User research-admin does not have console access enabled or is unused.;arn:aws:iam::350381001508:user/research-admin;iam_user_console_access_unused;False;research-admin;GxP-21-CFR-Part-11;GxP (Good Practices) 21 CFR Part 11;
aws;GxP refers to the regulations and guidelines that are applicable to life sciences organizations that make food and medical products. Medical products that fall under this include medicines, medical devices, and medical software applications. The overall intent of GxP requirements is to ensure that food and medical products are safe for consumers. It's also to ensure the integrity of data that's used to make product-related safety decisions.;350381001508;us-east-1;2026-08-01 19:04:21.788096;11.300-b;Persons who use electronic signatures based upon use of identification codes in combination with passwords shall employ controls to ensure their security and integrity. Such controls shall include: (b) Ensuring that identification code and password issuances are periodically checked, recalled, or revised (e.g., to cover such events as password aging).;11.300 Controls for identification codes/passwords;;;aws;;PASS;User research-admin does not have console access enabled or is unused.;arn:aws:iam::350381001508:user/research-admin;iam_user_console_access_unused;False;research-admin;GxP-21-CFR-Part-11;GxP (Good Practices) 21 CFR Part 11;
aws;GxP refers to the regulations and guidelines that are applicable to life sciences organizations that make food and medical products. Medical products that fall under this include medicines, medical devices, and medical software applications. The overall intent of GxP requirements is to ensure that food and medical products are safe for consumers. It's also to ensure the integrity of data that's used to make product-related safety decisions.;350381001508;us-east-1;2026-08-01 19:04:21.788096;11.10-d;Persons who use closed systems to create, modify, maintain, or transmit electronic records shall employ procedures and controls designed to ensure the authenticity, integrity, and, when appropriate, the confidentiality of electronic records, and to ensure that the signer cannot readily repudiate the signed record as not genuine. Such procedures and controls shall include the following: (d) Limiting system access to authorized individuals.;11.10 Controls for closed systems;;;aws;;PASS;User scanner-user does not have console access enabled or is unused.;arn:aws:iam::350381001508:user/scanner-user;iam_user_console_access_unused;False;scanner-user;GxP-21-CFR-Part-11;GxP (Good Practices) 21 CFR Part 11;
aws;GxP refers to the regulations and guidelines that are applicable to life sciences organizations that make food and medical products. Medical products that fall under this include medicines, medical devices, and medical software applications. The overall intent of GxP requirements is to ensure that food and medical products are safe for consumers. It's also to ensure the integrity of data that's used to make product-related safety decisions.;350381001508;us-east-1;2026-08-01 19:04:21.788096;11.10-g;Persons who use closed systems to create, modify, maintain, or transmit electronic records shall employ procedures and controls designed to ensure the authenticity, integrity, and, when appropriate, the confidentiality of electronic records, and to ensure that the signer cannot readily repudiate the signed record as not genuine. Such procedures and controls shall include the following: (g) Use of authority checks to ensure that only authorized individuals can use the system, electronically sign a record, access the operation or computer system input or output device, alter a record, or perform the operation at hand.;11.10 Controls for closed systems;;;aws;;PASS;User scanner-user does not have console access enabled or is unused.;arn:aws:iam::350381001508:user/scanner-user;iam_user_console_access_unused;False;scanner-user;GxP-21-CFR-Part-11;GxP (Good Practices) 21 CFR Part 11;
aws;GxP refers to the regulations and guidelines that are applicable to life sciences organizations that make food and medical products. Medical products that fall under this include medicines, medical devices, and medical software applications. The overall intent of GxP requirements is to ensure that food and medical products are safe for consumers. It's also to ensure the integrity of data that's used to make product-related safety decisions.;350381001508;us-east-1;2026-08-01 19:04:21.788096;11.300-b;Persons who use electronic signatures based upon use of identification codes in combination with passwords shall employ controls to ensure their security and integrity. Such controls shall include: (b) Ensuring that identification code and password issuances are periodically checked, recalled, or revised (e.g., to cover such events as password aging).;11.300 Controls for identification codes/passwords;;;aws;;PASS;User scanner-user does not have console access enabled or is unused.;arn:aws:iam::350381001508:user/scanner-user;iam_user_console_access_unused;False;scanner-user;GxP-21-CFR-Part-11;GxP (Good Practices) 21 CFR Part 11;
aws;GxP refers to the regulations and guidelines that are applicable to life sciences organizations that make food and medical products. Medical products that fall under this include medicines, medical devices, and medical software applications. The overall intent of GxP requirements is to ensure that food and medical products are safe for consumers. It's also to ensure the integrity of data that's used to make product-related safety decisions.;350381001508;us-east-1;2026-08-01 19:04:21.788096;11.10-d;Persons who use closed systems to create, modify, maintain, or transmit electronic records shall employ procedures and controls designed to ensure the authenticity, integrity, and, when appropriate, the confidentiality of electronic records, and to ensure that the signer cannot readily repudiate the signed record as not genuine. Such procedures and controls shall include the following: (d) Limiting system access to authorized individuals.;11.10 Controls for closed systems;;;aws;;PASS;User test-user does not have console access enabled or is unused.;arn:aws:iam::350381001508:user/test-user;iam_user_console_access_unused;False;test-user;GxP-21-CFR-Part-11;GxP (Good Practices) 21 CFR Part 11;
aws;GxP refers to the regulations and guidelines that are applicable to life sciences organizations that make food and medical products. Medical products that fall under this include medicines, medical devices, and medical software applications. The overall intent of GxP requirements is to ensure that food and medical products are safe for consumers. It's also to ensure the integrity of data that's used to make product-related safety decisions.;350381001508;us-east-1;2026-08-01 19:04:21.788096;11.10-g;Persons who use closed systems to create, modify, maintain, or transmit electronic records shall employ procedures and controls designed to ensure the authenticity, integrity, and, when appropriate, the confidentiality of electronic records, and to ensure that the signer cannot readily repudiate the signed record as not genuine. Such procedures and controls shall include the following: (g) Use of authority checks to ensure that only authorized individuals can use the system, electronically sign a record, access the operation or computer system input or output device, alter a record, or perform the operation at hand.;11.10 Controls for closed systems;;;aws;;PASS;User test-user does not have console access enabled or is unused.;arn:aws:iam::350381001508:user/test-user;iam_user_console_access_unused;False;test-user;GxP-21-CFR-Part-11;GxP (Good Practices) 21 CFR Part 11;
aws;GxP refers to the regulations and guidelines that are applicable to life sciences organizations that make food and medical products. Medical products that fall under this include medicines, medical devices, and medical software applications. The overall intent of GxP requirements is to ensure that food and medical products are safe for consumers. It's also to ensure the integrity of data that's used to make product-related safety decisions.;350381001508;us-east-1;2026-08-01 19:04:21.788096;11.300-b;Persons who use electronic signatures based upon use of identification codes in combination with passwords shall employ controls to ensure their security and integrity. Such controls shall include: (b) Ensuring that identification code and password issuances are periodically checked, recalled, or revised (e.g., to cover such events as password aging).;11.300 Controls for identification codes/passwords;;;aws;;PASS;User test-user does not have console access enabled or is unused.;arn:aws:iam::350381001508:user/test-user;iam_user_console_access_unused;False;test-user;GxP-21-CFR-Part-11;GxP (Good Practices) 21 CFR Part 11;
aws;GxP refers to the regulations and guidelines that are applicable to life sciences organizations that make food and medical products. Medical products that fall under this include medicines, medical devices, and medical software applications. The overall intent of GxP requirements is to ensure that food and medical products are safe for consumers. It's also to ensure the integrity of data that's used to make product-related safety decisions.;350381001508;us-east-1;2026-08-01 19:04:21.788096;11.10-d;Persons who use closed systems to create, modify, maintain, or transmit electronic records shall employ procedures and controls designed to ensure the authenticity, integrity, and, when appropriate, the confidentiality of electronic records, and to ensure that the signer cannot readily repudiate the signed record as not genuine. Such procedures and controls shall include the following: (d) Limiting system access to authorized individuals.;11.10 Controls for closed systems;;;aws;;PASS;User research-admin has Console Password enabled and MFA enabled.;arn:aws:iam::350381001508:user/research-admin;iam_user_mfa_enabled_console_access;False;research-admin;GxP-21-CFR-Part-11;GxP (Good Practices) 21 CFR Part 11;
aws;GxP refers to the regulations and guidelines that are applicable to life sciences organizations that make food and medical products. Medical products that fall under this include medicines, medical devices, and medical software applications. The overall intent of GxP requirements is to ensure that food and medical products are safe for consumers. It's also to ensure the integrity of data that's used to make product-related safety decisions.;350381001508;us-east-1;2026-08-01 19:04:21.788096;11.10-g;Persons who use closed systems to create, modify, maintain, or transmit electronic records shall employ procedures and controls designed to ensure the authenticity, integrity, and, when appropriate, the confidentiality of electronic records, and to ensure that the signer cannot readily repudiate the signed record as not genuine. Such procedures and controls shall include the following: (g) Use of authority checks to ensure that only authorized individuals can use the system, electronically sign a record, access the operation or computer system input or output device, alter a record, or perform the operation at hand.;11.10 Controls for closed systems;;;aws;;PASS;User research-admin has Console Password enabled and MFA enabled.;arn:aws:iam::350381001508:user/research-admin;iam_user_mfa_enabled_console_access;False;research-admin;GxP-21-CFR-Part-11;GxP (Good Practices) 21 CFR Part 11;
aws;GxP refers to the regulations and guidelines that are applicable to life sciences organizations that make food and medical products. Medical products that fall under this include medicines, medical devices, and medical software applications. The overall intent of GxP requirements is to ensure that food and medical products are safe for consumers. It's also to ensure the integrity of data that's used to make product-related safety decisions.;350381001508;us-east-1;2026-08-01 19:04:21.788096;11.200;"(a) Electronic signatures that are not based upon biometrics shall: (1) Employ at least two distinct identification components such as an identification code and password. (i) When an individual executes a series of signings during a single, continuous period of controlled system access, the first signing shall be executed using all electronic signature components; subsequent signings shall be executed using at least one electronic signature component that is only executable by, and designed to be used only by, the individual. (ii) When an individual executes one or more signings not performed during a single, continuous period of controlled system access, each signing shall be executed using all of the electronic signature components. (2) Be used only by their genuine owners; and (3) Be administered and executed to ensure that attempted use of an individual's electronic signature by anyone other than its genuine owner requires collaboration of two or more individuals.";11.200 Electronic signature components and controls;;;aws;;PASS;User research-admin has Console Password enabled and MFA enabled.;arn:aws:iam::350381001508:user/research-admin;iam_user_mfa_enabled_console_access;False;research-admin;GxP-21-CFR-Part-11;GxP (Good Practices) 21 CFR Part 11;
aws;GxP refers to the regulations and guidelines that are applicable to life sciences organizations that make food and medical products. Medical products that fall under this include medicines, medical devices, and medical software applications. The overall intent of GxP requirements is to ensure that food and medical products are safe for consumers. It's also to ensure the integrity of data that's used to make product-related safety decisions.;350381001508;us-east-1;2026-08-01 19:04:21.788096;11.10-d;Persons who use closed systems to create, modify, maintain, or transmit electronic records shall employ procedures and controls designed to ensure the authenticity, integrity, and, when appropriate, the confidentiality of electronic records, and to ensure that the signer cannot readily repudiate the signed record as not genuine. Such procedures and controls shall include the following: (d) Limiting system access to authorized individuals.;11.10 Controls for closed systems;;;aws;;PASS;User scanner-user has Console Password enabled and MFA enabled.;arn:aws:iam::350381001508:user/scanner-user;iam_user_mfa_enabled_console_access;False;scanner-user;GxP-21-CFR-Part-11;GxP (Good Practices) 21 CFR Part 11;
aws;GxP refers to the regulations and guidelines that are applicable to life sciences organizations that make food and medical products. Medical products that fall under this include medicines, medical devices, and medical software applications. The overall intent of GxP requirements is to ensure that food and medical products are safe for consumers. It's also to ensure the integrity of data that's used to make product-related safety decisions.;350381001508;us-east-1;2026-08-01 19:04:21.788096;11.10-g;Persons who use closed systems to create, modify, maintain, or transmit electronic records shall employ procedures and controls designed to ensure the authenticity, integrity, and, when appropriate, the confidentiality of electronic records, and to ensure that the signer cannot readily repudiate the signed record as not genuine. Such procedures and controls shall include the following: (g) Use of authority checks to ensure that only authorized individuals can use the system, electronically sign a record, access the operation or computer system input or output device, alter a record, or perform the operation at hand.;11.10 Controls for closed systems;;;aws;;PASS;User scanner-user has Console Password enabled and MFA enabled.;arn:aws:iam::350381001508:user/scanner-user;iam_user_mfa_enabled_console_access;False;scanner-user;GxP-21-CFR-Part-11;GxP (Good Practices) 21 CFR Part 11;
aws;GxP refers to the regulations and guidelines that are applicable to life sciences organizations that make food and medical products. Medical products that fall under this include medicines, medical devices, and medical software applications. The overall intent of GxP requirements is to ensure that food and medical products are safe for consumers. It's also to ensure the integrity of data that's used to make product-related safety decisions.;350381001508;us-east-1;2026-08-01 19:04:21.788096;11.200;"(a) Electronic signatures that are not based upon biometrics shall: (1) Employ at least two distinct identification components such as an identification code and password. (i) When an individual executes a series of signings during a single, continuous period of controlled system access, the first signing shall be executed using all electronic signature components; subsequent signings shall be executed using at least one electronic signature component that is only executable by, and designed to be used only by, the individual. (ii) When an individual executes one or more signings not performed during a single, continuous period of controlled system access, each signing shall be executed using all of the electronic signature components. (2) Be used only by their genuine owners; and (3) Be administered and executed to ensure that attempted use of an individual's electronic signature by anyone other than its genuine owner requires collaboration of two or more individuals.";11.200 Electronic signature components and controls;;;aws;;PASS;User scanner-user has Console Password enabled and MFA enabled.;arn:aws:iam::350381001508:user/scanner-user;iam_user_mfa_enabled_console_access;False;scanner-user;GxP-21-CFR-Part-11;GxP (Good Practices) 21 CFR Part 11;
aws;GxP refers to the regulations and guidelines that are applicable to life sciences organizations that make food and medical products. Medical products that fall under this include medicines, medical devices, and medical software applications. The overall intent of GxP requirements is to ensure that food and medical products are safe for consumers. It's also to ensure the integrity of data that's used to make product-related safety decisions.;350381001508;us-east-1;2026-08-01 19:04:21.788096;11.10-d;Persons who use closed systems to create, modify, maintain, or transmit electronic records shall employ procedures and controls designed to ensure the authenticity, integrity, and, when appropriate, the confidentiality of electronic records, and to ensure that the signer cannot readily repudiate the signed record as not genuine. Such procedures and controls shall include the following: (d) Limiting system access to authorized individuals.;11.10 Controls for closed systems;;;aws;;FAIL;User test-user has Console Password enabled but MFA disabled.;arn:aws:iam::350381001508:user/test-user;iam_user_mfa_enabled_console_access;False;test-user;GxP-21-CFR-Part-11;GxP (Good Practices) 21 CFR Part 11;
aws;GxP refers to the regulations and guidelines that are applicable to life sciences organizations that make food and medical products. Medical products that fall under this include medicines, medical devices, and medical software applications. The overall intent of GxP requirements is to ensure that food and medical products are safe for consumers. It's also to ensure the integrity of data that's used to make product-related safety decisions.;350381001508;us-east-1;2026-08-01 19:04:21.788096;11.10-g;Persons who use closed systems to create, modify, maintain, or transmit electronic records shall employ procedures and controls designed to ensure the authenticity, integrity, and, when appropriate, the confidentiality of electronic records, and to ensure that the signer cannot readily repudiate the signed record as not genuine. Such procedures and controls shall include the following: (g) Use of authority checks to ensure that only authorized individuals can use the system, electronically sign a record, access the operation or computer system input or output device, alter a record, or perform the operation at hand.;11.10 Controls for closed systems;;;aws;;FAIL;User test-user has Console Password enabled but MFA disabled.;arn:aws:iam::350381001508:user/test-user;iam_user_mfa_enabled_console_access;False;test-user;GxP-21-CFR-Part-11;GxP (Good Practices) 21 CFR Part 11;
aws;GxP refers to the regulations and guidelines that are applicable to life sciences organizations that make food and medical products. Medical products that fall under this include medicines, medical devices, and medical software applications. The overall intent of GxP requirements is to ensure that food and medical products are safe for consumers. It's also to ensure the integrity of data that's used to make product-related safety decisions.;350381001508;us-east-1;2026-08-01 19:04:21.788096;11.200;"(a) Electronic signatures that are not based upon biometrics shall: (1) Employ at least two distinct identification components such as an identification code and password. (i) When an individual executes a series of signings during a single, continuous period of controlled system access, the first signing shall be executed using all electronic signature components; subsequent signings shall be executed using at least one electronic signature component that is only executable by, and designed to be used only by, the individual. (ii) When an individual executes one or more signings not performed during a single, continuous period of controlled system access, each signing shall be executed using all of the electronic signature components. (2) Be used only by their genuine owners; and (3) Be administered and executed to ensure that attempted use of an individual's electronic signature by anyone other than its genuine owner requires collaboration of two or more individuals.";11.200 Electronic signature components and controls;;;aws;;FAIL;User test-user has Console Password enabled but MFA disabled.;arn:aws:iam::350381001508:user/test-user;iam_user_mfa_enabled_console_access;False;test-user;GxP-21-CFR-Part-11;GxP (Good Practices) 21 CFR Part 11;
aws;GxP refers to the regulations and guidelines that are applicable to life sciences organizations that make food and medical products. Medical products that fall under this include medicines, medical devices, and medical software applications. The overall intent of GxP requirements is to ensure that food and medical products are safe for consumers. It's also to ensure the integrity of data that's used to make product-related safety decisions.;350381001508;us-east-1;2026-08-01 19:04:21.788096;11.10-d;Persons who use closed systems to create, modify, maintain, or transmit electronic records shall employ procedures and controls designed to ensure the authenticity, integrity, and, when appropriate, the confidentiality of electronic records, and to ensure that the signer cannot readily repudiate the signed record as not genuine. Such procedures and controls shall include the following: (d) Limiting system access to authorized individuals.;11.10 Controls for closed systems;;;aws;;FAIL;Block Public Access is not configured for the account 350381001508.;arn:aws:s3:us-east-1:350381001508:account;s3_account_level_public_access_blocks;False;350381001508;GxP-21-CFR-Part-11;GxP (Good Practices) 21 CFR Part 11;
aws;GxP refers to the regulations and guidelines that are applicable to life sciences organizations that make food and medical products. Medical products that fall under this include medicines, medical devices, and medical software applications. The overall intent of GxP requirements is to ensure that food and medical products are safe for consumers. It's also to ensure the integrity of data that's used to make product-related safety decisions.;350381001508;us-east-1;2026-08-01 19:04:21.788096;11.10-g;Persons who use closed systems to create, modify, maintain, or transmit electronic records shall employ procedures and controls designed to ensure the authenticity, integrity, and, when appropriate, the confidentiality of electronic records, and to ensure that the signer cannot readily repudiate the signed record as not genuine. Such procedures and controls shall include the following: (g) Use of authority checks to ensure that only authorized individuals can use the system, electronically sign a record, access the operation or computer system input or output device, alter a record, or perform the operation at hand.;11.10 Controls for closed systems;;;aws;;FAIL;Block Public Access is not configured for the account 350381001508.;arn:aws:s3:us-east-1:350381001508:account;s3_account_level_public_access_blocks;False;350381001508;GxP-21-CFR-Part-11;GxP (Good Practices) 21 CFR Part 11;
aws;GxP refers to the regulations and guidelines that are applicable to life sciences organizations that make food and medical products. Medical products that fall under this include medicines, medical devices, and medical software applications. The overall intent of GxP requirements is to ensure that food and medical products are safe for consumers. It's also to ensure the integrity of data that's used to make product-related safety decisions.;350381001508;us-east-1;2026-08-01 19:04:21.788096;11.10-c;Persons who use closed systems to create, modify, maintain, or transmit electronic records shall employ procedures and controls designed to ensure the authenticity, integrity, and, when appropriate, the confidentiality of electronic records, and to ensure that the signer cannot readily repudiate the signed record as not genuine. Such procedures and controls shall include the following: (c) Protection of records to enable their accurate and ready retrieval throughout the records retention period.;11.10 Controls for closed systems;;;aws;;PASS;S3 Bucket aws-cloudtrail-logs-350381001508-dae76776 has Server Side Encryption with AES256.;arn:aws:s3:::aws-cloudtrail-logs-350381001508-dae76776;s3_bucket_default_encryption;False;aws-cloudtrail-logs-350381001508-dae76776;GxP-21-CFR-Part-11;GxP (Good Practices) 21 CFR Part 11;
aws;GxP refers to the regulations and guidelines that are applicable to life sciences organizations that make food and medical products. Medical products that fall under this include medicines, medical devices, and medical software applications. The overall intent of GxP requirements is to ensure that food and medical products are safe for consumers. It's also to ensure the integrity of data that's used to make product-related safety decisions.;350381001508;us-east-1;2026-08-01 19:04:21.788096;11.30;Persons who use open systems to create, modify, maintain, or transmit electronic records shall employ procedures and controls designed to ensure the authenticity, integrity, and, as appropriate, the confidentiality of electronic records from the point of their creation to the point of their receipt. Such procedures and controls shall include those identified in 11.10, as appropriate, and additional measures such as document encryption and use of appropriate digital signature standards to ensure, as necessary under the circumstances, record authenticity, integrity, and confidentiality.;11.30 Controls for open systems;;;aws;;PASS;S3 Bucket aws-cloudtrail-logs-350381001508-dae76776 has Server Side Encryption with AES256.;arn:aws:s3:::aws-cloudtrail-logs-350381001508-dae76776;s3_bucket_default_encryption;False;aws-cloudtrail-logs-350381001508-dae76776;GxP-21-CFR-Part-11;GxP (Good Practices) 21 CFR Part 11;
aws;GxP refers to the regulations and guidelines that are applicable to life sciences organizations that make food and medical products. Medical products that fall under this include medicines, medical devices, and medical software applications. The overall intent of GxP requirements is to ensure that food and medical products are safe for consumers. It's also to ensure the integrity of data that's used to make product-related safety decisions.;350381001508;us-east-1;2026-08-01 19:04:21.788096;11.10-c;Persons who use closed systems to create, modify, maintain, or transmit electronic records shall employ procedures and controls designed to ensure the authenticity, integrity, and, when appropriate, the confidentiality of electronic records, and to ensure that the signer cannot readily repudiate the signed record as not genuine. Such procedures and controls shall include the following: (c) Protection of records to enable their accurate and ready retrieval throughout the records retention period.;11.10 Controls for closed systems;;;aws;;PASS;S3 Bucket public-bucket-open has Server Side Encryption with AES256.;arn:aws:s3:::public-bucket-open;s3_bucket_default_encryption;False;public-bucket-open;GxP-21-CFR-Part-11;GxP (Good Practices) 21 CFR Part 11;
aws;GxP refers to the regulations and guidelines that are applicable to life sciences organizations that make food and medical products. Medical products that fall under this include medicines, medical devices, and medical software applications. The overall intent of GxP requirements is to ensure that food and medical products are safe for consumers. It's also to ensure the integrity of data that's used to make product-related safety decisions.;350381001508;us-east-1;2026-08-01 19:04:21.788096;11.30;Persons who use open systems to create, modify, maintain, or transmit electronic records shall employ procedures and controls designed to ensure the authenticity, integrity, and, as appropriate, the confidentiality of electronic records from the point of their creation to the point of their receipt. Such procedures and controls shall include those identified in 11.10, as appropriate, and additional measures such as document encryption and use of appropriate digital signature standards to ensure, as necessary under the circumstances, record authenticity, integrity, and confidentiality.;11.30 Controls for open systems;;;aws;;PASS;S3 Bucket public-bucket-open has Server Side Encryption with AES256.;arn:aws:s3:::public-bucket-open;s3_bucket_default_encryption;False;public-bucket-open;GxP-21-CFR-Part-11;GxP (Good Practices) 21 CFR Part 11;
aws;GxP refers to the regulations and guidelines that are applicable to life sciences organizations that make food and medical products. Medical products that fall under this include medicines, medical devices, and medical software applications. The overall intent of GxP requirements is to ensure that food and medical products are safe for consumers. It's also to ensure the integrity of data that's used to make product-related safety decisions.;350381001508;us-east-1;2026-08-01 19:04:21.788096;11.10-c;Persons who use closed systems to create, modify, maintain, or transmit electronic records shall employ procedures and controls designed to ensure the authenticity, integrity, and, when appropriate, the confidentiality of electronic records, and to ensure that the signer cannot readily repudiate the signed record as not genuine. Such procedures and controls shall include the following: (c) Protection of records to enable their accurate and ready retrieval throughout the records retention period.;11.10 Controls for closed systems;;;aws;;PASS;S3 Bucket research-secure-bucket has Server Side Encryption with AES256.;arn:aws:s3:::research-secure-bucket;s3_bucket_default_encryption;False;research-secure-bucket;GxP-21-CFR-Part-11;GxP (Good Practices) 21 CFR Part 11;
aws;GxP refers to the regulations and guidelines that are applicable to life sciences organizations that make food and medical products. Medical products that fall under this include medicines, medical devices, and medical software applications. The overall intent of GxP requirements is to ensure that food and medical products are safe for consumers. It's also to ensure the integrity of data that's used to make product-related safety decisions.;350381001508;us-east-1;2026-08-01 19:04:21.788096;11.30;Persons who use open systems to create, modify, maintain, or transmit electronic records shall employ procedures and controls designed to ensure the authenticity, integrity, and, as appropriate, the confidentiality of electronic records from the point of their creation to the point of their receipt. Such procedures and controls shall include those identified in 11.10, as appropriate, and additional measures such as document encryption and use of appropriate digital signature standards to ensure, as necessary under the circumstances, record authenticity, integrity, and confidentiality.;11.30 Controls for open systems;;;aws;;PASS;S3 Bucket research-secure-bucket has Server Side Encryption with AES256.;arn:aws:s3:::research-secure-bucket;s3_bucket_default_encryption;False;research-secure-bucket;GxP-21-CFR-Part-11;GxP (Good Practices) 21 CFR Part 11;
aws;GxP refers to the regulations and guidelines that are applicable to life sciences organizations that make food and medical products. Medical products that fall under this include medicines, medical devices, and medical software applications. The overall intent of GxP requirements is to ensure that food and medical products are safe for consumers. It's also to ensure the integrity of data that's used to make product-related safety decisions.;350381001508;us-east-1;2026-08-01 19:04:21.788096;11.10-a;Persons who use closed systems to create, modify, maintain, or transmit electronic records shall employ procedures and controls designed to ensure the authenticity, integrity, and, when appropriate, the confidentiality of electronic records, and to ensure that the signer cannot readily repudiate the signed record as not genuine. Such procedures and controls shall include the following: (a) Validation of systems to ensure accuracy, reliability, consistent intended performance, and the ability to discern invalid or altered records.;11.10 Controls for closed systems;;;aws;;FAIL;S3 Bucket aws-cloudtrail-logs-350381001508-dae76776 has versioning disabled.;arn:aws:s3:::aws-cloudtrail-logs-350381001508-dae76776;s3_bucket_object_versioning;False;aws-cloudtrail-logs-350381001508-dae76776;GxP-21-CFR-Part-11;GxP (Good Practices) 21 CFR Part 11;
aws;GxP refers to the regulations and guidelines that are applicable to life sciences organizations that make food and medical products. Medical products that fall under this include medicines, medical devices, and medical software applications. The overall intent of GxP requirements is to ensure that food and medical products are safe for consumers. It's also to ensure the integrity of data that's used to make product-related safety decisions.;350381001508;us-east-1;2026-08-01 19:04:21.788096;11.10-c;Persons who use closed systems to create, modify, maintain, or transmit electronic records shall employ procedures and controls designed to ensure the authenticity, integrity, and, when appropriate, the confidentiality of electronic records, and to ensure that the signer cannot readily repudiate the signed record as not genuine. Such procedures and controls shall include the following: (c) Protection of records to enable their accurate and ready retrieval throughout the records retention period.;11.10 Controls for closed systems;;;aws;;FAIL;S3 Bucket aws-cloudtrail-logs-350381001508-dae76776 has versioning disabled.;arn:aws:s3:::aws-cloudtrail-logs-350381001508-dae76776;s3_bucket_object_versioning;False;aws-cloudtrail-logs-350381001508-dae76776;GxP-21-CFR-Part-11;GxP (Good Practices) 21 CFR Part 11;
aws;GxP refers to the regulations and guidelines that are applicable to life sciences organizations that make food and medical products. Medical products that fall under this include medicines, medical devices, and medical software applications. The overall intent of GxP requirements is to ensure that food and medical products are safe for consumers. It's also to ensure the integrity of data that's used to make product-related safety decisions.;350381001508;us-east-1;2026-08-01 19:04:21.788096;11.10-a;Persons who use closed systems to create, modify, maintain, or transmit electronic records shall employ procedures and controls designed to ensure the authenticity, integrity, and, when appropriate, the confidentiality of electronic records, and to ensure that the signer cannot readily repudiate the signed record as not genuine. Such procedures and controls shall include the following: (a) Validation of systems to ensure accuracy, reliability, consistent intended performance, and the ability to discern invalid or altered records.;11.10 Controls for closed systems;;;aws;;FAIL;S3 Bucket public-bucket-open has versioning disabled.;arn:aws:s3:::public-bucket-open;s3_bucket_object_versioning;False;public-bucket-open;GxP-21-CFR-Part-11;GxP (Good Practices) 21 CFR Part 11;
aws;GxP refers to the regulations and guidelines that are applicable to life sciences organizations that make food and medical products. Medical products that fall under this include medicines, medical devices, and medical software applications. The overall intent of GxP requirements is to ensure that food and medical products are safe for consumers. It's also to ensure the integrity of data that's used to make product-related safety decisions.;350381001508;us-east-1;2026-08-01 19:04:21.788096;11.10-c;Persons who use closed systems to create, modify, maintain, or transmit electronic records shall employ procedures and controls designed to ensure the authenticity, integrity, and, when appropriate, the confidentiality of electronic records, and to ensure that the signer cannot readily repudiate the signed record as not genuine. Such procedures and controls shall include the following: (c) Protection of records to enable their accurate and ready retrieval throughout the records retention period.;11.10 Controls for closed systems;;;aws;;FAIL;S3 Bucket public-bucket-open has versioning disabled.;arn:aws:s3:::public-bucket-open;s3_bucket_object_versioning;False;public-bucket-open;GxP-21-CFR-Part-11;GxP (Good Practices) 21 CFR Part 11;
aws;GxP refers to the regulations and guidelines that are applicable to life sciences organizations that make food and medical products. Medical products that fall under this include medicines, medical devices, and medical software applications. The overall intent of GxP requirements is to ensure that food and medical products are safe for consumers. It's also to ensure the integrity of data that's used to make product-related safety decisions.;350381001508;us-east-1;2026-08-01 19:04:21.788096;11.10-a;Persons who use closed systems to create, modify, maintain, or transmit electronic records shall employ procedures and controls designed to ensure the authenticity, integrity, and, when appropriate, the confidentiality of electronic records, and to ensure that the signer cannot readily repudiate the signed record as not genuine. Such procedures and controls shall include the following: (a) Validation of systems to ensure accuracy, reliability, consistent intended performance, and the ability to discern invalid or altered records.;11.10 Controls for closed systems;;;aws;;PASS;S3 Bucket research-secure-bucket has versioning enabled.;arn:aws:s3:::research-secure-bucket;s3_bucket_object_versioning;False;research-secure-bucket;GxP-21-CFR-Part-11;GxP (Good Practices) 21 CFR Part 11;
aws;GxP refers to the regulations and guidelines that are applicable to life sciences organizations that make food and medical products. Medical products that fall under this include medicines, medical devices, and medical software applications. The overall intent of GxP requirements is to ensure that food and medical products are safe for consumers. It's also to ensure the integrity of data that's used to make product-related safety decisions.;350381001508;us-east-1;2026-08-01 19:04:21.788096;11.10-c;Persons who use closed systems to create, modify, maintain, or transmit electronic records shall employ procedures and controls designed to ensure the authenticity, integrity, and, when appropriate, the confidentiality of electronic records, and to ensure that the signer cannot readily repudiate the signed record as not genuine. Such procedures and controls shall include the following: (c) Protection of records to enable their accurate and ready retrieval throughout the records retention period.;11.10 Controls for closed systems;;;aws;;PASS;S3 Bucket research-secure-bucket has versioning enabled.;arn:aws:s3:::research-secure-bucket;s3_bucket_object_versioning;False;research-secure-bucket;GxP-21-CFR-Part-11;GxP (Good Practices) 21 CFR Part 11;
aws;GxP refers to the regulations and guidelines that are applicable to life sciences organizations that make food and medical products. Medical products that fall under this include medicines, medical devices, and medical software applications. The overall intent of GxP requirements is to ensure that food and medical products are safe for consumers. It's also to ensure the integrity of data that's used to make product-related safety decisions.;350381001508;us-east-1;2026-08-01 19:04:21.788096;11.10-c;Persons who use closed systems to create, modify, maintain, or transmit electronic records shall employ procedures and controls designed to ensure the authenticity, integrity, and, when appropriate, the confidentiality of electronic records, and to ensure that the signer cannot readily repudiate the signed record as not genuine. Such procedures and controls shall include the following: (c) Protection of records to enable their accurate and ready retrieval throughout the records retention period.;11.10 Controls for closed systems;;;aws;;PASS;S3 public access blocked at bucket level for aws-cloudtrail-logs-350381001508-dae76776.;arn:aws:s3:::aws-cloudtrail-logs-350381001508-dae76776;s3_bucket_policy_public_write_access;False;aws-cloudtrail-logs-350381001508-dae76776;GxP-21-CFR-Part-11;GxP (Good Practices) 21 CFR Part 11;
aws;GxP refers to the regulations and guidelines that are applicable to life sciences organizations that make food and medical products. Medical products that fall under this include medicines, medical devices, and medical software applications. The overall intent of GxP requirements is to ensure that food and medical products are safe for consumers. It's also to ensure the integrity of data that's used to make product-related safety decisions.;350381001508;us-east-1;2026-08-01 19:04:21.788096;11.10-d;Persons who use closed systems to create, modify, maintain, or transmit electronic records shall employ procedures and controls designed to ensure the authenticity, integrity, and, when appropriate, the confidentiality of electronic records, and to ensure that the signer cannot readily repudiate the signed record as not genuine. Such procedures and controls shall include the following: (d) Limiting system access to authorized individuals.;11.10 Controls for closed systems;;;aws;;PASS;S3 public access blocked at bucket level for aws-cloudtrail-logs-350381001508-dae76776.;arn:aws:s3:::aws-cloudtrail-logs-350381001508-dae76776;s3_bucket_policy_public_write_access;False;aws-cloudtrail-logs-350381001508-dae76776;GxP-21-CFR-Part-11;GxP (Good Practices) 21 CFR Part 11;
aws;GxP refers to the regulations and guidelines that are applicable to life sciences organizations that make food and medical products. Medical products that fall under this include medicines, medical devices, and medical software applications. The overall intent of GxP requirements is to ensure that food and medical products are safe for consumers. It's also to ensure the integrity of data that's used to make product-related safety decisions.;350381001508;us-east-1;2026-08-01 19:04:21.788096;11.10-g;Persons who use closed systems to create, modify, maintain, or transmit electronic records shall employ procedures and controls designed to ensure the authenticity, integrity, and, when appropriate, the confidentiality of electronic records, and to ensure that the signer cannot readily repudiate the signed record as not genuine. Such procedures and controls shall include the following: (g) Use of authority checks to ensure that only authorized individuals can use the system, electronically sign a record, access the operation or computer system input or output device, alter a record, or perform the operation at hand.;11.10 Controls for closed systems;;;aws;;PASS;S3 public access blocked at bucket level for aws-cloudtrail-logs-350381001508-dae76776.;arn:aws:s3:::aws-cloudtrail-logs-350381001508-dae76776;s3_bucket_policy_public_write_access;False;aws-cloudtrail-logs-350381001508-dae76776;GxP-21-CFR-Part-11;GxP (Good Practices) 21 CFR Part 11;
aws;GxP refers to the regulations and guidelines that are applicable to life sciences organizations that make food and medical products. Medical products that fall under this include medicines, medical devices, and medical software applications. The overall intent of GxP requirements is to ensure that food and medical products are safe for consumers. It's also to ensure the integrity of data that's used to make product-related safety decisions.;350381001508;us-east-1;2026-08-01 19:04:21.788096;11.10-k;Persons who use closed systems to create, modify, maintain, or transmit electronic records shall employ procedures and controls designed to ensure the authenticity, integrity, and, when appropriate, the confidentiality of electronic records, and to ensure that the signer cannot readily repudiate the signed record as not genuine. Such procedures and controls shall include the following: (k) Use of appropriate controls over systems documentation including: (1) Adequate controls over the distribution of, access to, and use of documentation for system operation and maintenance. (2) Revision and change control procedures to maintain an audit trail that documents time-sequenced development and modification of systems documentation.;11.10 Controls for closed systems;;;aws;;PASS;S3 public access blocked at bucket level for aws-cloudtrail-logs-350381001508-dae76776.;arn:aws:s3:::aws-cloudtrail-logs-350381001508-dae76776;s3_bucket_policy_public_write_access;False;aws-cloudtrail-logs-350381001508-dae76776;GxP-21-CFR-Part-11;GxP (Good Practices) 21 CFR Part 11;
aws;GxP refers to the regulations and guidelines that are applicable to life sciences organizations that make food and medical products. Medical products that fall under this include medicines, medical devices, and medical software applications. The overall intent of GxP requirements is to ensure that food and medical products are safe for consumers. It's also to ensure the integrity of data that's used to make product-related safety decisions.;350381001508;us-east-1;2026-08-01 19:04:21.788096;11.10-c;Persons who use closed systems to create, modify, maintain, or transmit electronic records shall employ procedures and controls designed to ensure the authenticity, integrity, and, when appropriate, the confidentiality of electronic records, and to ensure that the signer cannot readily repudiate the signed record as not genuine. Such procedures and controls shall include the following: (c) Protection of records to enable their accurate and ready retrieval throughout the records retention period.;11.10 Controls for closed systems;;;aws;;PASS;S3 Bucket public-bucket-open does not allow public write access in the bucket policy.;arn:aws:s3:::public-bucket-open;s3_bucket_policy_public_write_access;False;public-bucket-open;GxP-21-CFR-Part-11;GxP (Good Practices) 21 CFR Part 11;
aws;GxP refers to the regulations and guidelines that are applicable to life sciences organizations that make food and medical products. Medical products that fall under this include medicines, medical devices, and medical software applications. The overall intent of GxP requirements is to ensure that food and medical products are safe for consumers. It's also to ensure the integrity of data that's used to make product-related safety decisions.;350381001508;us-east-1;2026-08-01 19:04:21.788096;11.10-d;Persons who use closed systems to create, modify, maintain, or transmit electronic records shall employ procedures and controls designed to ensure the authenticity, integrity, and, when appropriate, the confidentiality of electronic records, and to ensure that the signer cannot readily repudiate the signed record as not genuine. Such procedures and controls shall include the following: (d) Limiting system access to authorized individuals.;11.10 Controls for closed systems;;;aws;;PASS;S3 Bucket public-bucket-open does not allow public write access in the bucket policy.;arn:aws:s3:::public-bucket-open;s3_bucket_policy_public_write_access;False;public-bucket-open;GxP-21-CFR-Part-11;GxP (Good Practices) 21 CFR Part 11;
aws;GxP refers to the regulations and guidelines that are applicable to life sciences organizations that make food and medical products. Medical products that fall under this include medicines, medical devices, and medical software applications. The overall intent of GxP requirements is to ensure that food and medical products are safe for consumers. It's also to ensure the integrity of data that's used to make product-related safety decisions.;350381001508;us-east-1;2026-08-01 19:04:21.788096;11.10-g;Persons who use closed systems to create, modify, maintain, or transmit electronic records shall employ procedures and controls designed to ensure the authenticity, integrity, and, when appropriate, the confidentiality of electronic records, and to ensure that the signer cannot readily repudiate the signed record as not genuine. Such procedures and controls shall include the following: (g) Use of authority checks to ensure that only authorized individuals can use the system, electronically sign a record, access the operation or computer system input or output device, alter a record, or perform the operation at hand.;11.10 Controls for closed systems;;;aws;;PASS;S3 Bucket public-bucket-open does not allow public write access in the bucket policy.;arn:aws:s3:::public-bucket-open;s3_bucket_policy_public_write_access;False;public-bucket-open;GxP-21-CFR-Part-11;GxP (Good Practices) 21 CFR Part 11;
aws;GxP refers to the regulations and guidelines that are applicable to life sciences organizations that make food and medical products. Medical products that fall under this include medicines, medical devices, and medical software applications. The overall intent of GxP requirements is to ensure that food and medical products are safe for consumers. It's also to ensure the integrity of data that's used to make product-related safety decisions.;350381001508;us-east-1;2026-08-01 19:04:21.788096;11.10-k;Persons who use closed systems to create, modify, maintain, or transmit electronic records shall employ procedures and controls designed to ensure the authenticity, integrity, and, when appropriate, the confidentiality of electronic records, and to ensure that the signer cannot readily repudiate the signed record as not genuine. Such procedures and controls shall include the following: (k) Use of appropriate controls over systems documentation including: (1) Adequate controls over the distribution of, access to, and use of documentation for system operation and maintenance. (2) Revision and change control procedures to maintain an audit trail that documents time-sequenced development and modification of systems documentation.;11.10 Controls for closed systems;;;aws;;PASS;S3 Bucket public-bucket-open does not allow public write access in the bucket policy.;arn:aws:s3:::public-bucket-open;s3_bucket_policy_public_write_access;False;public-bucket-open;GxP-21-CFR-Part-11;GxP (Good Practices) 21 CFR Part 11;
aws;GxP refers to the regulations and guidelines that are applicable to life sciences organizations that make food and medical products. Medical products that fall under this include medicines, medical devices, and medical software applications. The overall intent of GxP requirements is to ensure that food and medical products are safe for consumers. It's also to ensure the integrity of data that's used to make product-related safety decisions.;350381001508;us-east-1;2026-08-01 19:04:21.788096;11.10-c;Persons who use closed systems to create, modify, maintain, or transmit electronic records shall employ procedures and controls designed to ensure the authenticity, integrity, and, when appropriate, the confidentiality of electronic records, and to ensure that the signer cannot readily repudiate the signed record as not genuine. Such procedures and controls shall include the following: (c) Protection of records to enable their accurate and ready retrieval throughout the records retention period.;11.10 Controls for closed systems;;;aws;;PASS;S3 Bucket research-secure-bucket does not have a bucket policy.;arn:aws:s3:::research-secure-bucket;s3_bucket_policy_public_write_access;False;research-secure-bucket;GxP-21-CFR-Part-11;GxP (Good Practices) 21 CFR Part 11;
aws;GxP refers to the regulations and guidelines that are applicable to life sciences organizations that make food and medical products. Medical products that fall under this include medicines, medical devices, and medical software applications. The overall intent of GxP requirements is to ensure that food and medical products are safe for consumers. It's also to ensure the integrity of data that's used to make product-related safety decisions.;350381001508;us-east-1;2026-08-01 19:04:21.788096;11.10-d;Persons who use closed systems to create, modify, maintain, or transmit electronic records shall employ procedures and controls designed to ensure the authenticity, integrity, and, when appropriate, the confidentiality of electronic records, and to ensure that the signer cannot readily repudiate the signed record as not genuine. Such procedures and controls shall include the following: (d) Limiting system access to authorized individuals.;11.10 Controls for closed systems;;;aws;;PASS;S3 Bucket research-secure-bucket does not have a bucket policy.;arn:aws:s3:::research-secure-bucket;s3_bucket_policy_public_write_access;False;research-secure-bucket;GxP-21-CFR-Part-11;GxP (Good Practices) 21 CFR Part 11;
aws;GxP refers to the regulations and guidelines that are applicable to life sciences organizations that make food and medical products. Medical products that fall under this include medicines, medical devices, and medical software applications. The overall intent of GxP requirements is to ensure that food and medical products are safe for consumers. It's also to ensure the integrity of data that's used to make product-related safety decisions.;350381001508;us-east-1;2026-08-01 19:04:21.788096;11.10-g;Persons who use closed systems to create, modify, maintain, or transmit electronic records shall employ procedures and controls designed to ensure the authenticity, integrity, and, when appropriate, the confidentiality of electronic records, and to ensure that the signer cannot readily repudiate the signed record as not genuine. Such procedures and controls shall include the following: (g) Use of authority checks to ensure that only authorized individuals can use the system, electronically sign a record, access the operation or computer system input or output device, alter a record, or perform the operation at hand.;11.10 Controls for closed systems;;;aws;;PASS;S3 Bucket research-secure-bucket does not have a bucket policy.;arn:aws:s3:::research-secure-bucket;s3_bucket_policy_public_write_access;False;research-secure-bucket;GxP-21-CFR-Part-11;GxP (Good Practices) 21 CFR Part 11;
aws;GxP refers to the regulations and guidelines that are applicable to life sciences organizations that make food and medical products. Medical products that fall under this include medicines, medical devices, and medical software applications. The overall intent of GxP requirements is to ensure that food and medical products are safe for consumers. It's also to ensure the integrity of data that's used to make product-related safety decisions.;350381001508;us-east-1;2026-08-01 19:04:21.788096;11.10-k;Persons who use closed systems to create, modify, maintain, or transmit electronic records shall employ procedures and controls designed to ensure the authenticity, integrity, and, when appropriate, the confidentiality of electronic records, and to ensure that the signer cannot readily repudiate the signed record as not genuine. Such procedures and controls shall include the following: (k) Use of appropriate controls over systems documentation including: (1) Adequate controls over the distribution of, access to, and use of documentation for system operation and maintenance. (2) Revision and change control procedures to maintain an audit trail that documents time-sequenced development and modification of systems documentation.;11.10 Controls for closed systems;;;aws;;PASS;S3 Bucket research-secure-bucket does not have a bucket policy.;arn:aws:s3:::research-secure-bucket;s3_bucket_policy_public_write_access;False;research-secure-bucket;GxP-21-CFR-Part-11;GxP (Good Practices) 21 CFR Part 11;
aws;GxP refers to the regulations and guidelines that are applicable to life sciences organizations that make food and medical products. Medical products that fall under this include medicines, medical devices, and medical software applications. The overall intent of GxP requirements is to ensure that food and medical products are safe for consumers. It's also to ensure the integrity of data that's used to make product-related safety decisions.;350381001508;us-east-1;2026-08-01 19:04:21.788096;11.10-c;Persons who use closed systems to create, modify, maintain, or transmit electronic records shall employ procedures and controls designed to ensure the authenticity, integrity, and, when appropriate, the confidentiality of electronic records, and to ensure that the signer cannot readily repudiate the signed record as not genuine. Such procedures and controls shall include the following: (c) Protection of records to enable their accurate and ready retrieval throughout the records retention period.;11.10 Controls for closed systems;;;aws;;PASS;S3 Bucket aws-cloudtrail-logs-350381001508-dae76776 is not public.;arn:aws:s3:::aws-cloudtrail-logs-350381001508-dae76776;s3_bucket_public_access;False;aws-cloudtrail-logs-350381001508-dae76776;GxP-21-CFR-Part-11;GxP (Good Practices) 21 CFR Part 11;
aws;GxP refers to the regulations and guidelines that are applicable to life sciences organizations that make food and medical products. Medical products that fall under this include medicines, medical devices, and medical software applications. The overall intent of GxP requirements is to ensure that food and medical products are safe for consumers. It's also to ensure the integrity of data that's used to make product-related safety decisions.;350381001508;us-east-1;2026-08-01 19:04:21.788096;11.10-d;Persons who use closed systems to create, modify, maintain, or transmit electronic records shall employ procedures and controls designed to ensure the authenticity, integrity, and, when appropriate, the confidentiality of electronic records, and to ensure that the signer cannot readily repudiate the signed record as not genuine. Such procedures and controls shall include the following: (d) Limiting system access to authorized individuals.;11.10 Controls for closed systems;;;aws;;PASS;S3 Bucket aws-cloudtrail-logs-350381001508-dae76776 is not public.;arn:aws:s3:::aws-cloudtrail-logs-350381001508-dae76776;s3_bucket_public_access;False;aws-cloudtrail-logs-350381001508-dae76776;GxP-21-CFR-Part-11;GxP (Good Practices) 21 CFR Part 11;
aws;GxP refers to the regulations and guidelines that are applicable to life sciences organizations that make food and medical products. Medical products that fall under this include medicines, medical devices, and medical software applications. The overall intent of GxP requirements is to ensure that food and medical products are safe for consumers. It's also to ensure the integrity of data that's used to make product-related safety decisions.;350381001508;us-east-1;2026-08-01 19:04:21.788096;11.10-g;Persons who use closed systems to create, modify, maintain, or transmit electronic records shall employ procedures and controls designed to ensure the authenticity, integrity, and, when appropriate, the confidentiality of electronic records, and to ensure that the signer cannot readily repudiate the signed record as not genuine. Such procedures and controls shall include the following: (g) Use of authority checks to ensure that only authorized individuals can use the system, electronically sign a record, access the operation or computer system input or output device, alter a record, or perform the operation at hand.;11.10 Controls for closed systems;;;aws;;PASS;S3 Bucket aws-cloudtrail-logs-350381001508-dae76776 is not public.;arn:aws:s3:::aws-cloudtrail-logs-350381001508-dae76776;s3_bucket_public_access;False;aws-cloudtrail-logs-350381001508-dae76776;GxP-21-CFR-Part-11;GxP (Good Practices) 21 CFR Part 11;
aws;GxP refers to the regulations and guidelines that are applicable to life sciences organizations that make food and medical products. Medical products that fall under this include medicines, medical devices, and medical software applications. The overall intent of GxP requirements is to ensure that food and medical products are safe for consumers. It's also to ensure the integrity of data that's used to make product-related safety decisions.;350381001508;us-east-1;2026-08-01 19:04:21.788096;11.10-k;Persons who use closed systems to create, modify, maintain, or transmit electronic records shall employ procedures and controls designed to ensure the authenticity, integrity, and, when appropriate, the confidentiality of electronic records, and to ensure that the signer cannot readily repudiate the signed record as not genuine. Such procedures and controls shall include the following: (k) Use of appropriate controls over systems documentation including: (1) Adequate controls over the distribution of, access to, and use of documentation for system operation and maintenance. (2) Revision and change control procedures to maintain an audit trail that documents time-sequenced development and modification of systems documentation.;11.10 Controls for closed systems;;;aws;;PASS;S3 Bucket aws-cloudtrail-logs-350381001508-dae76776 is not public.;arn:aws:s3:::aws-cloudtrail-logs-350381001508-dae76776;s3_bucket_public_access;False;aws-cloudtrail-logs-350381001508-dae76776;GxP-21-CFR-Part-11;GxP (Good Practices) 21 CFR Part 11;
aws;GxP refers to the regulations and guidelines that are applicable to life sciences organizations that make food and medical products. Medical products that fall under this include medicines, medical devices, and medical software applications. The overall intent of GxP requirements is to ensure that food and medical products are safe for consumers. It's also to ensure the integrity of data that's used to make product-related safety decisions.;350381001508;us-east-1;2026-08-01 19:04:21.788096;11.10-c;Persons who use closed systems to create, modify, maintain, or transmit electronic records shall employ procedures and controls designed to ensure the authenticity, integrity, and, when appropriate, the confidentiality of electronic records, and to ensure that the signer cannot readily repudiate the signed record as not genuine. Such procedures and controls shall include the following: (c) Protection of records to enable their accurate and ready retrieval throughout the records retention period.;11.10 Controls for closed systems;;;aws;;FAIL;S3 Bucket public-bucket-open has public access due to bucket policy.;arn:aws:s3:::public-bucket-open;s3_bucket_public_access;False;public-bucket-open;GxP-21-CFR-Part-11;GxP (Good Practices) 21 CFR Part 11;
aws;GxP refers to the regulations and guidelines that are applicable to life sciences organizations that make food and medical products. Medical products that fall under this include medicines, medical devices, and medical software applications. The overall intent of GxP requirements is to ensure that food and medical products are safe for consumers. It's also to ensure the integrity of data that's used to make product-related safety decisions.;350381001508;us-east-1;2026-08-01 19:04:21.788096;11.10-d;Persons who use closed systems to create, modify, maintain, or transmit electronic records shall employ procedures and controls designed to ensure the authenticity, integrity, and, when appropriate, the confidentiality of electronic records, and to ensure that the signer cannot readily repudiate the signed record as not genuine. Such procedures and controls shall include the following: (d) Limiting system access to authorized individuals.;11.10 Controls for closed systems;;;aws;;FAIL;S3 Bucket public-bucket-open has public access due to bucket policy.;arn:aws:s3:::public-bucket-open;s3_bucket_public_access;False;public-bucket-open;GxP-21-CFR-Part-11;GxP (Good Practices) 21 CFR Part 11;
aws;GxP refers to the regulations and guidelines that are applicable to life sciences organizations that make food and medical products. Medical products that fall under this include medicines, medical devices, and medical software applications. The overall intent of GxP requirements is to ensure that food and medical products are safe for consumers. It's also to ensure the integrity of data that's used to make product-related safety decisions.;350381001508;us-east-1;2026-08-01 19:04:21.788096;11.10-g;Persons who use closed systems to create, modify, maintain, or transmit electronic records shall employ procedures and controls designed to ensure the authenticity, integrity, and, when appropriate, the confidentiality of electronic records, and to ensure that the signer cannot readily repudiate the signed record as not genuine. Such procedures and controls shall include the following: (g) Use of authority checks to ensure that only authorized individuals can use the system, electronically sign a record, access the operation or computer system input or output device, alter a record, or perform the operation at hand.;11.10 Controls for closed systems;;;aws;;FAIL;S3 Bucket public-bucket-open has public access due to bucket policy.;arn:aws:s3:::public-bucket-open;s3_bucket_public_access;False;public-bucket-open;GxP-21-CFR-Part-11;GxP (Good Practices) 21 CFR Part 11;
aws;GxP refers to the regulations and guidelines that are applicable to life sciences organizations that make food and medical products. Medical products that fall under this include medicines, medical devices, and medical software applications. The overall intent of GxP requirements is to ensure that food and medical products are safe for consumers. It's also to ensure the integrity of data that's used to make product-related safety decisions.;350381001508;us-east-1;2026-08-01 19:04:21.788096;11.10-k;Persons who use closed systems to create, modify, maintain, or transmit electronic records shall employ procedures and controls designed to ensure the authenticity, integrity, and, when appropriate, the confidentiality of electronic records, and to ensure that the signer cannot readily repudiate the signed record as not genuine. Such procedures and controls shall include the following: (k) Use of appropriate controls over systems documentation including: (1) Adequate controls over the distribution of, access to, and use of documentation for system operation and maintenance. (2) Revision and change control procedures to maintain an audit trail that documents time-sequenced development and modification of systems documentation.;11.10 Controls for closed systems;;;aws;;FAIL;S3 Bucket public-bucket-open has public access due to bucket policy.;arn:aws:s3:::public-bucket-open;s3_bucket_public_access;False;public-bucket-open;GxP-21-CFR-Part-11;GxP (Good Practices) 21 CFR Part 11;
aws;GxP refers to the regulations and guidelines that are applicable to life sciences organizations that make food and medical products. Medical products that fall under this include medicines, medical devices, and medical software applications. The overall intent of GxP requirements is to ensure that food and medical products are safe for consumers. It's also to ensure the integrity of data that's used to make product-related safety decisions.;350381001508;us-east-1;2026-08-01 19:04:21.788096;11.10-c;Persons who use closed systems to create, modify, maintain, or transmit electronic records shall employ procedures and controls designed to ensure the authenticity, integrity, and, when appropriate, the confidentiality of electronic records, and to ensure that the signer cannot readily repudiate the signed record as not genuine. Such procedures and controls shall include the following: (c) Protection of records to enable their accurate and ready retrieval throughout the records retention period.;11.10 Controls for closed systems;;;aws;;PASS;S3 Bucket research-secure-bucket is not public.;arn:aws:s3:::research-secure-bucket;s3_bucket_public_access;False;research-secure-bucket;GxP-21-CFR-Part-11;GxP (Good Practices) 21 CFR Part 11;
aws;GxP refers to the regulations and guidelines that are applicable to life sciences organizations that make food and medical products. Medical products that fall under this include medicines, medical devices, and medical software applications. The overall intent of GxP requirements is to ensure that food and medical products are safe for consumers. It's also to ensure the integrity of data that's used to make product-related safety decisions.;350381001508;us-east-1;2026-08-01 19:04:21.788096;11.10-d;Persons who use closed systems to create, modify, maintain, or transmit electronic records shall employ procedures and controls designed to ensure the authenticity, integrity, and, when appropriate, the confidentiality of electronic records, and to ensure that the signer cannot readily repudiate the signed record as not genuine. Such procedures and controls shall include the following: (d) Limiting system access to authorized individuals.;11.10 Controls for closed systems;;;aws;;PASS;S3 Bucket research-secure-bucket is not public.;arn:aws:s3:::research-secure-bucket;s3_bucket_public_access;False;research-secure-bucket;GxP-21-CFR-Part-11;GxP (Good Practices) 21 CFR Part 11;
aws;GxP refers to the regulations and guidelines that are applicable to life sciences organizations that make food and medical products. Medical products that fall under this include medicines, medical devices, and medical software applications. The overall intent of GxP requirements is to ensure that food and medical products are safe for consumers. It's also to ensure the integrity of data that's used to make product-related safety decisions.;350381001508;us-east-1;2026-08-01 19:04:21.788096;11.10-g;Persons who use closed systems to create, modify, maintain, or transmit electronic records shall employ procedures and controls designed to ensure the authenticity, integrity, and, when appropriate, the confidentiality of electronic records, and to ensure that the signer cannot readily repudiate the signed record as not genuine. Such procedures and controls shall include the following: (g) Use of authority checks to ensure that only authorized individuals can use the system, electronically sign a record, access the operation or computer system input or output device, alter a record, or perform the operation at hand.;11.10 Controls for closed systems;;;aws;;PASS;S3 Bucket research-secure-bucket is not public.;arn:aws:s3:::research-secure-bucket;s3_bucket_public_access;False;research-secure-bucket;GxP-21-CFR-Part-11;GxP (Good Practices) 21 CFR Part 11;
aws;GxP refers to the regulations and guidelines that are applicable to life sciences organizations that make food and medical products. Medical products that fall under this include medicines, medical devices, and medical software applications. The overall intent of GxP requirements is to ensure that food and medical products are safe for consumers. It's also to ensure the integrity of data that's used to make product-related safety decisions.;350381001508;us-east-1;2026-08-01 19:04:21.788096;11.10-k;Persons who use closed systems to create, modify, maintain, or transmit electronic records shall employ procedures and controls designed to ensure the authenticity, integrity, and, when appropriate, the confidentiality of electronic records, and to ensure that the signer cannot readily repudiate the signed record as not genuine. Such procedures and controls shall include the following: (k) Use of appropriate controls over systems documentation including: (1) Adequate controls over the distribution of, access to, and use of documentation for system operation and maintenance. (2) Revision and change control procedures to maintain an audit trail that documents time-sequenced development and modification of systems documentation.;11.10 Controls for closed systems;;;aws;;PASS;S3 Bucket research-secure-bucket is not public.;arn:aws:s3:::research-secure-bucket;s3_bucket_public_access;False;research-secure-bucket;GxP-21-CFR-Part-11;GxP (Good Practices) 21 CFR Part 11;
aws;GxP refers to the regulations and guidelines that are applicable to life sciences organizations that make food and medical products. Medical products that fall under this include medicines, medical devices, and medical software applications. The overall intent of GxP requirements is to ensure that food and medical products are safe for consumers. It's also to ensure the integrity of data that's used to make product-related safety decisions.;350381001508;us-east-1;2026-08-01 19:04:21.788096;11.10-c;Persons who use closed systems to create, modify, maintain, or transmit electronic records shall employ procedures and controls designed to ensure the authenticity, integrity, and, when appropriate, the confidentiality of electronic records, and to ensure that the signer cannot readily repudiate the signed record as not genuine. Such procedures and controls shall include the following: (c) Protection of records to enable their accurate and ready retrieval throughout the records retention period.;11.10 Controls for closed systems;;;aws;;FAIL;S3 Bucket aws-cloudtrail-logs-350381001508-dae76776 allows requests over insecure transport in the bucket policy.;arn:aws:s3:::aws-cloudtrail-logs-350381001508-dae76776;s3_bucket_secure_transport_policy;False;aws-cloudtrail-logs-350381001508-dae76776;GxP-21-CFR-Part-11;GxP (Good Practices) 21 CFR Part 11;
aws;GxP refers to the regulations and guidelines that are applicable to life sciences organizations that make food and medical products. Medical products that fall under this include medicines, medical devices, and medical software applications. The overall intent of GxP requirements is to ensure that food and medical products are safe for consumers. It's also to ensure the integrity of data that's used to make product-related safety decisions.;350381001508;us-east-1;2026-08-01 19:04:21.788096;11.30;Persons who use open systems to create, modify, maintain, or transmit electronic records shall employ procedures and controls designed to ensure the authenticity, integrity, and, as appropriate, the confidentiality of electronic records from the point of their creation to the point of their receipt. Such procedures and controls shall include those identified in 11.10, as appropriate, and additional measures such as document encryption and use of appropriate digital signature standards to ensure, as necessary under the circumstances, record authenticity, integrity, and confidentiality.;11.30 Controls for open systems;;;aws;;FAIL;S3 Bucket aws-cloudtrail-logs-350381001508-dae76776 allows requests over insecure transport in the bucket policy.;arn:aws:s3:::aws-cloudtrail-logs-350381001508-dae76776;s3_bucket_secure_transport_policy;False;aws-cloudtrail-logs-350381001508-dae76776;GxP-21-CFR-Part-11;GxP (Good Practices) 21 CFR Part 11;
aws;GxP refers to the regulations and guidelines that are applicable to life sciences organizations that make food and medical products. Medical products that fall under this include medicines, medical devices, and medical software applications. The overall intent of GxP requirements is to ensure that food and medical products are safe for consumers. It's also to ensure the integrity of data that's used to make product-related safety decisions.;350381001508;us-east-1;2026-08-01 19:04:21.788096;11.10-c;Persons who use closed systems to create, modify, maintain, or transmit electronic records shall employ procedures and controls designed to ensure the authenticity, integrity, and, when appropriate, the confidentiality of electronic records, and to ensure that the signer cannot readily repudiate the signed record as not genuine. Such procedures and controls shall include the following: (c) Protection of records to enable their accurate and ready retrieval throughout the records retention period.;11.10 Controls for closed systems;;;aws;;FAIL;S3 Bucket public-bucket-open allows requests over insecure transport in the bucket policy.;arn:aws:s3:::public-bucket-open;s3_bucket_secure_transport_policy;False;public-bucket-open;GxP-21-CFR-Part-11;GxP (Good Practices) 21 CFR Part 11;
aws;GxP refers to the regulations and guidelines that are applicable to life sciences organizations that make food and medical products. Medical products that fall under this include medicines, medical devices, and medical software applications. The overall intent of GxP requirements is to ensure that food and medical products are safe for consumers. It's also to ensure the integrity of data that's used to make product-related safety decisions.;350381001508;us-east-1;2026-08-01 19:04:21.788096;11.30;Persons who use open systems to create, modify, maintain, or transmit electronic records shall employ procedures and controls designed to ensure the authenticity, integrity, and, as appropriate, the confidentiality of electronic records from the point of their creation to the point of their receipt. Such procedures and controls shall include those identified in 11.10, as appropriate, and additional measures such as document encryption and use of appropriate digital signature standards to ensure, as necessary under the circumstances, record authenticity, integrity, and confidentiality.;11.30 Controls for open systems;;;aws;;FAIL;S3 Bucket public-bucket-open allows requests over insecure transport in the bucket policy.;arn:aws:s3:::public-bucket-open;s3_bucket_secure_transport_policy;False;public-bucket-open;GxP-21-CFR-Part-11;GxP (Good Practices) 21 CFR Part 11;
aws;GxP refers to the regulations and guidelines that are applicable to life sciences organizations that make food and medical products. Medical products that fall under this include medicines, medical devices, and medical software applications. The overall intent of GxP requirements is to ensure that food and medical products are safe for consumers. It's also to ensure the integrity of data that's used to make product-related safety decisions.;350381001508;us-east-1;2026-08-01 19:04:21.788096;11.10-c;Persons who use closed systems to create, modify, maintain, or transmit electronic records shall employ procedures and controls designed to ensure the authenticity, integrity, and, when appropriate, the confidentiality of electronic records, and to ensure that the signer cannot readily repudiate the signed record as not genuine. Such procedures and controls shall include the following: (c) Protection of records to enable their accurate and ready retrieval throughout the records retention period.;11.10 Controls for closed systems;;;aws;;FAIL;S3 Bucket research-secure-bucket does not have a bucket policy, thus it allows HTTP requests.;arn:aws:s3:::research-secure-bucket;s3_bucket_secure_transport_policy;False;research-secure-bucket;GxP-21-CFR-Part-11;GxP (Good Practices) 21 CFR Part 11;
aws;GxP refers to the regulations and guidelines that are applicable to life sciences organizations that make food and medical products. Medical products that fall under this include medicines, medical devices, and medical software applications. The overall intent of GxP requirements is to ensure that food and medical products are safe for consumers. It's also to ensure the integrity of data that's used to make product-related safety decisions.;350381001508;us-east-1;2026-08-01 19:04:21.788096;11.30;Persons who use open systems to create, modify, maintain, or transmit electronic records shall employ procedures and controls designed to ensure the authenticity, integrity, and, as appropriate, the confidentiality of electronic records from the point of their creation to the point of their receipt. Such procedures and controls shall include those identified in 11.10, as appropriate, and additional measures such as document encryption and use of appropriate digital signature standards to ensure, as necessary under the circumstances, record authenticity, integrity, and confidentiality.;11.30 Controls for open systems;;;aws;;FAIL;S3 Bucket research-secure-bucket does not have a bucket policy, thus it allows HTTP requests.;arn:aws:s3:::research-secure-bucket;s3_bucket_secure_transport_policy;False;research-secure-bucket;GxP-21-CFR-Part-11;GxP (Good Practices) 21 CFR Part 11;
aws;GxP refers to the regulations and guidelines that are applicable to life sciences organizations that make food and medical products. Medical products that fall under this include medicines, medical devices, and medical software applications. The overall intent of GxP requirements is to ensure that food and medical products are safe for consumers. It's also to ensure the integrity of data that's used to make product-related safety decisions.;350381001508;us-east-1;2026-08-01 19:04:21.788096;11.10-e;Persons who use closed systems to create, modify, maintain, or transmit electronic records shall employ procedures and controls designed to ensure the authenticity, integrity, and, when appropriate, the confidentiality of electronic records, and to ensure that the signer cannot readily repudiate the signed record as not genuine. Such procedures and controls shall include the following: (e) Use of secure, computer-generated, time-stamped audit trails to independently record the date and time of operator entries and actions that create, modify, or delete electronic records. Record changes shall not obscure previously recorded information. Such audit trail documentation shall be retained for a period at least as long as that required for the subject electronic records and shall be available for agency review and copying.;11.10 Controls for closed systems;;;aws;;FAIL;S3 Bucket aws-cloudtrail-logs-350381001508-dae76776 has server access logging disabled.;arn:aws:s3:::aws-cloudtrail-logs-350381001508-dae76776;s3_bucket_server_access_logging_enabled;False;aws-cloudtrail-logs-350381001508-dae76776;GxP-21-CFR-Part-11;GxP (Good Practices) 21 CFR Part 11;
aws;GxP refers to the regulations and guidelines that are applicable to life sciences organizations that make food and medical products. Medical products that fall under this include medicines, medical devices, and medical software applications. The overall intent of GxP requirements is to ensure that food and medical products are safe for consumers. It's also to ensure the integrity of data that's used to make product-related safety decisions.;350381001508;us-east-1;2026-08-01 19:04:21.788096;11.10-k;Persons who use closed systems to create, modify, maintain, or transmit electronic records shall employ procedures and controls designed to ensure the authenticity, integrity, and, when appropriate, the confidentiality of electronic records, and to ensure that the signer cannot readily repudiate the signed record as not genuine. Such procedures and controls shall include the following: (k) Use of appropriate controls over systems documentation including: (1) Adequate controls over the distribution of, access to, and use of documentation for system operation and maintenance. (2) Revision and change control procedures to maintain an audit trail that documents time-sequenced development and modification of systems documentation.;11.10 Controls for closed systems;;;aws;;FAIL;S3 Bucket aws-cloudtrail-logs-350381001508-dae76776 has server access logging disabled.;arn:aws:s3:::aws-cloudtrail-logs-350381001508-dae76776;s3_bucket_server_access_logging_enabled;False;aws-cloudtrail-logs-350381001508-dae76776;GxP-21-CFR-Part-11;GxP (Good Practices) 21 CFR Part 11;
aws;GxP refers to the regulations and guidelines that are applicable to life sciences organizations that make food and medical products. Medical products that fall under this include medicines, medical devices, and medical software applications. The overall intent of GxP requirements is to ensure that food and medical products are safe for consumers. It's also to ensure the integrity of data that's used to make product-related safety decisions.;350381001508;us-east-1;2026-08-01 19:04:21.788096;11.10-e;Persons who use closed systems to create, modify, maintain, or transmit electronic records shall employ procedures and controls designed to ensure the authenticity, integrity, and, when appropriate, the confidentiality of electronic records, and to ensure that the signer cannot readily repudiate the signed record as not genuine. Such procedures and controls shall include the following: (e) Use of secure, computer-generated, time-stamped audit trails to independently record the date and time of operator entries and actions that create, modify, or delete electronic records. Record changes shall not obscure previously recorded information. Such audit trail documentation shall be retained for a period at least as long as that required for the subject electronic records and shall be available for agency review and copying.;11.10 Controls for closed systems;;;aws;;FAIL;S3 Bucket public-bucket-open has server access logging disabled.;arn:aws:s3:::public-bucket-open;s3_bucket_server_access_logging_enabled;False;public-bucket-open;GxP-21-CFR-Part-11;GxP (Good Practices) 21 CFR Part 11;
aws;GxP refers to the regulations and guidelines that are applicable to life sciences organizations that make food and medical products. Medical products that fall under this include medicines, medical devices, and medical software applications. The overall intent of GxP requirements is to ensure that food and medical products are safe for consumers. It's also to ensure the integrity of data that's used to make product-related safety decisions.;350381001508;us-east-1;2026-08-01 19:04:21.788096;11.10-k;Persons who use closed systems to create, modify, maintain, or transmit electronic records shall employ procedures and controls designed to ensure the authenticity, integrity, and, when appropriate, the confidentiality of electronic records, and to ensure that the signer cannot readily repudiate the signed record as not genuine. Such procedures and controls shall include the following: (k) Use of appropriate controls over systems documentation including: (1) Adequate controls over the distribution of, access to, and use of documentation for system operation and maintenance. (2) Revision and change control procedures to maintain an audit trail that documents time-sequenced development and modification of systems documentation.;11.10 Controls for closed systems;;;aws;;FAIL;S3 Bucket public-bucket-open has server access logging disabled.;arn:aws:s3:::public-bucket-open;s3_bucket_server_access_logging_enabled;False;public-bucket-open;GxP-21-CFR-Part-11;GxP (Good Practices) 21 CFR Part 11;
aws;GxP refers to the regulations and guidelines that are applicable to life sciences organizations that make food and medical products. Medical products that fall under this include medicines, medical devices, and medical software applications. The overall intent of GxP requirements is to ensure that food and medical products are safe for consumers. It's also to ensure the integrity of data that's used to make product-related safety decisions.;350381001508;us-east-1;2026-08-01 19:04:21.788096;11.10-e;Persons who use closed systems to create, modify, maintain, or transmit electronic records shall employ procedures and controls designed to ensure the authenticity, integrity, and, when appropriate, the confidentiality of electronic records, and to ensure that the signer cannot readily repudiate the signed record as not genuine. Such procedures and controls shall include the following: (e) Use of secure, computer-generated, time-stamped audit trails to independently record the date and time of operator entries and actions that create, modify, or delete electronic records. Record changes shall not obscure previously recorded information. Such audit trail documentation shall be retained for a period at least as long as that required for the subject electronic records and shall be available for agency review and copying.;11.10 Controls for closed systems;;;aws;;FAIL;S3 Bucket research-secure-bucket has server access logging disabled.;arn:aws:s3:::research-secure-bucket;s3_bucket_server_access_logging_enabled;False;research-secure-bucket;GxP-21-CFR-Part-11;GxP (Good Practices) 21 CFR Part 11;
aws;GxP refers to the regulations and guidelines that are applicable to life sciences organizations that make food and medical products. Medical products that fall under this include medicines, medical devices, and medical software applications. The overall intent of GxP requirements is to ensure that food and medical products are safe for consumers. It's also to ensure the integrity of data that's used to make product-related safety decisions.;350381001508;us-east-1;2026-08-01 19:04:21.788096;11.10-k;Persons who use closed systems to create, modify, maintain, or transmit electronic records shall employ procedures and controls designed to ensure the authenticity, integrity, and, when appropriate, the confidentiality of electronic records, and to ensure that the signer cannot readily repudiate the signed record as not genuine. Such procedures and controls shall include the following: (k) Use of appropriate controls over systems documentation including: (1) Adequate controls over the distribution of, access to, and use of documentation for system operation and maintenance. (2) Revision and change control procedures to maintain an audit trail that documents time-sequenced development and modification of systems documentation.;11.10 Controls for closed systems;;;aws;;FAIL;S3 Bucket research-secure-bucket has server access logging disabled.;arn:aws:s3:::research-secure-bucket;s3_bucket_server_access_logging_enabled;False;research-secure-bucket;GxP-21-CFR-Part-11;GxP (Good Practices) 21 CFR Part 11;
aws;GxP refers to the regulations and guidelines that are applicable to life sciences organizations that make food and medical products. Medical products that fall under this include medicines, medical devices, and medical software applications. The overall intent of GxP requirements is to ensure that food and medical products are safe for consumers. It's also to ensure the integrity of data that's used to make product-related safety decisions.;350381001508;us-east-1;2026-08-01 19:04:21.788096;11.10-e;Persons who use closed systems to create, modify, maintain, or transmit electronic records shall employ procedures and controls designed to ensure the authenticity, integrity, and, when appropriate, the confidentiality of electronic records, and to ensure that the signer cannot readily repudiate the signed record as not genuine. Such procedures and controls shall include the following: (e) Use of secure, computer-generated, time-stamped audit trails to independently record the date and time of operator entries and actions that create, modify, or delete electronic records. Record changes shall not obscure previously recorded information. Such audit trail documentation shall be retained for a period at least as long as that required for the subject electronic records and shall be available for agency review and copying.;11.10 Controls for closed systems;;;aws;;FAIL;VPC research-vpc Flow logs are disabled.;arn:aws:ec2:us-east-1:350381001508:vpc/vpc-081d4be98bcc01b9b;vpc_flow_logs_enabled;False;vpc-081d4be98bcc01b9b;GxP-21-CFR-Part-11;GxP (Good Practices) 21 CFR Part 11;
