PROVIDER;DESCRIPTION;ACCOUNTID;REGION;ASSESSMENTDATE;REQUIREMENTS_ID;REQUIREMENTS_DESCRIPTION;REQUIREMENTS_ATTRIBUTES_SECTION;REQUIREMENTS_ATTRIBUTES_SUBSECTION;REQUIREMENTS_ATTRIBUTES_SUBGROUP;REQUIREMENTS_ATTRIBUTES_SERVICE;REQUIREMENTS_ATTRIBUTES_TYPE;STATUS;STATUSEXTENDED;RESOURCEID;CHECKID;MUTED;RESOURCENAME;FRAMEWORK;NAME;REQUIREMENTS_ATTRIBUTES_COMMENT
aws;ANNEX to the Commission Implementing Regulation laying down rules for the application of Directive (EU) 2022/2555 as regards technical and methodological requirements of cybersecurity risk-management measures and further specification of the cases in which an incident is considered to be significant with regard to DNS service providers, TLD name registries, cloud computing service providers, data centre service providers, content delivery network providers, managed service providers, managed security service providers, providers of online market places, of online search engines and of social networking services platforms, and trust service providers;350381001508;ap-northeast-1;2026-08-01 19:04:21.788096;3.2.3.e;"all privileged access to systems and applications, and activities performed by administrative accounts;";3 INCIDENT HANDLING (ARTICLE 21(2), POINT (B), OF DIRECTIVE (EU) 2022/2555);3.2 Monitoring and logging;;generic;;FAIL;IAM Access Analyzer in account 350381001508 is not enabled.;arn:aws:accessanalyzer:ap-northeast-1:350381001508:analyzer/unknown;accessanalyzer_enabled;False;analyzer/unknown;NIS2;NIS2 - Network and Information Security Directive (Directive (EU) 2022/2555);
aws;ANNEX to the Commission Implementing Regulation laying down rules for the application of Directive (EU) 2022/2555 as regards technical and methodological requirements of cybersecurity risk-management measures and further specification of the cases in which an incident is considered to be significant with regard to DNS service providers, TLD name registries, cloud computing service providers, data centre service providers, content delivery network providers, managed service providers, managed security service providers, providers of online market places, of online search engines and of social networking services platforms, and trust service providers;350381001508;ap-northeast-1;2026-08-01 19:04:21.788096;11.1.1;For the purpose of Article 21(2), point (i) of Directive (EU) 2022/2555, the relevant entities shall establish, document and implement logical and physical access control policies for the access to their network and information systems, based on business requirements as well as network and information system security requirements.;11 ACCESS CONTROL (ARTICLE 21(2), POINTS (I) AND (J), OF DIRECTIVE (EU) 2022/2555);11.1 Access control policy;;generic;;FAIL;IAM Access Analyzer in account 350381001508 is not enabled.;arn:aws:accessanalyzer:ap-northeast-1:350381001508:analyzer/unknown;accessanalyzer_enabled;False;analyzer/unknown;NIS2;NIS2 - Network and Information Security Directive (Directive (EU) 2022/2555);
aws;ANNEX to the Commission Implementing Regulation laying down rules for the application of Directive (EU) 2022/2555 as regards technical and methodological requirements of cybersecurity risk-management measures and further specification of the cases in which an incident is considered to be significant with regard to DNS service providers, TLD name registries, cloud computing service providers, data centre service providers, content delivery network providers, managed service providers, managed security service providers, providers of online market places, of online search engines and of social networking services platforms, and trust service providers;350381001508;ap-northeast-1;2026-08-01 19:04:21.788096;11.2.1;The relevant entities shall provide, modify, remove and document access rights to network and information systems in accordance with the access control policy referred to in point 11.1.;11 ACCESS CONTROL (ARTICLE 21(2), POINTS (I) AND (J), OF DIRECTIVE (EU) 2022/2555);11.2 Management of access rights;;accessanalyzer;;FAIL;IAM Access Analyzer in account 350381001508 is not enabled.;arn:aws:accessanalyzer:ap-northeast-1:350381001508:analyzer/unknown;accessanalyzer_enabled;False;analyzer/unknown;NIS2;NIS2 - Network and Information Security Directive (Directive (EU) 2022/2555);
aws;ANNEX to the Commission Implementing Regulation laying down rules for the application of Directive (EU) 2022/2555 as regards technical and methodological requirements of cybersecurity risk-management measures and further specification of the cases in which an incident is considered to be significant with regard to DNS service providers, TLD name registries, cloud computing service providers, data centre service providers, content delivery network providers, managed service providers, managed security service providers, providers of online market places, of online search engines and of social networking services platforms, and trust service providers;350381001508;ap-northeast-1;2026-08-01 19:04:21.788096;11.2.2.e;"maintain a register of access rights granted;";11 ACCESS CONTROL (ARTICLE 21(2), POINTS (I) AND (J), OF DIRECTIVE (EU) 2022/2555);11.2 Management of access rights;;accessanalyzer;;FAIL;IAM Access Analyzer in account 350381001508 is not enabled.;arn:aws:accessanalyzer:ap-northeast-1:350381001508:analyzer/unknown;accessanalyzer_enabled;False;analyzer/unknown;NIS2;NIS2 - Network and Information Security Directive (Directive (EU) 2022/2555);
aws;ANNEX to the Commission Implementing Regulation laying down rules for the application of Directive (EU) 2022/2555 as regards technical and methodological requirements of cybersecurity risk-management measures and further specification of the cases in which an incident is considered to be significant with regard to DNS service providers, TLD name registries, cloud computing service providers, data centre service providers, content delivery network providers, managed service providers, managed security service providers, providers of online market places, of online search engines and of social networking services platforms, and trust service providers;350381001508;ap-northeast-2;2026-08-01 19:04:21.788096;3.2.3.e;"all privileged access to systems and applications, and activities performed by administrative accounts;";3 INCIDENT HANDLING (ARTICLE 21(2), POINT (B), OF DIRECTIVE (EU) 2022/2555);3.2 Monitoring and logging;;generic;;FAIL;IAM Access Analyzer in account 350381001508 is not enabled.;arn:aws:accessanalyzer:ap-northeast-2:350381001508:analyzer/unknown;accessanalyzer_enabled;False;analyzer/unknown;NIS2;NIS2 - Network and Information Security Directive (Directive (EU) 2022/2555);
aws;ANNEX to the Commission Implementing Regulation laying down rules for the application of Directive (EU) 2022/2555 as regards technical and methodological requirements of cybersecurity risk-management measures and further specification of the cases in which an incident is considered to be significant with regard to DNS service providers, TLD name registries, cloud computing service providers, data centre service providers, content delivery network providers, managed service providers, managed security service providers, providers of online market places, of online search engines and of social networking services platforms, and trust service providers;350381001508;ap-northeast-2;2026-08-01 19:04:21.788096;11.1.1;For the purpose of Article 21(2), point (i) of Directive (EU) 2022/2555, the relevant entities shall establish, document and implement logical and physical access control policies for the access to their network and information systems, based on business requirements as well as network and information system security requirements.;11 ACCESS CONTROL (ARTICLE 21(2), POINTS (I) AND (J), OF DIRECTIVE (EU) 2022/2555);11.1 Access control policy;;generic;;FAIL;IAM Access Analyzer in account 350381001508 is not enabled.;arn:aws:accessanalyzer:ap-northeast-2:350381001508:analyzer/unknown;accessanalyzer_enabled;False;analyzer/unknown;NIS2;NIS2 - Network and Information Security Directive (Directive (EU) 2022/2555);
aws;ANNEX to the Commission Implementing Regulation laying down rules for the application of Directive (EU) 2022/2555 as regards technical and methodological requirements of cybersecurity risk-management measures and further specification of the cases in which an incident is considered to be significant with regard to DNS service providers, TLD name registries, cloud computing service providers, data centre service providers, content delivery network providers, managed service providers, managed security service providers, providers of online market places, of online search engines and of social networking services platforms, and trust service providers;350381001508;ap-northeast-2;2026-08-01 19:04:21.788096;11.2.1;The relevant entities shall provide, modify, remove and document access rights to network and information systems in accordance with the access control policy referred to in point 11.1.;11 ACCESS CONTROL (ARTICLE 21(2), POINTS (I) AND (J), OF DIRECTIVE (EU) 2022/2555);11.2 Management of access rights;;accessanalyzer;;FAIL;IAM Access Analyzer in account 350381001508 is not enabled.;arn:aws:accessanalyzer:ap-northeast-2:350381001508:analyzer/unknown;accessanalyzer_enabled;False;analyzer/unknown;NIS2;NIS2 - Network and Information Security Directive (Directive (EU) 2022/2555);
aws;ANNEX to the Commission Implementing Regulation laying down rules for the application of Directive (EU) 2022/2555 as regards technical and methodological requirements of cybersecurity risk-management measures and further specification of the cases in which an incident is considered to be significant with regard to DNS service providers, TLD name registries, cloud computing service providers, data centre service providers, content delivery network providers, managed service providers, managed security service providers, providers of online market places, of online search engines and of social networking services platforms, and trust service providers;350381001508;ap-northeast-2;2026-08-01 19:04:21.788096;11.2.2.e;"maintain a register of access rights granted;";11 ACCESS CONTROL (ARTICLE 21(2), POINTS (I) AND (J), OF DIRECTIVE (EU) 2022/2555);11.2 Management of access rights;;accessanalyzer;;FAIL;IAM Access Analyzer in account 350381001508 is not enabled.;arn:aws:accessanalyzer:ap-northeast-2:350381001508:analyzer/unknown;accessanalyzer_enabled;False;analyzer/unknown;NIS2;NIS2 - Network and Information Security Directive (Directive (EU) 2022/2555);
aws;ANNEX to the Commission Implementing Regulation laying down rules for the application of Directive (EU) 2022/2555 as regards technical and methodological requirements of cybersecurity risk-management measures and further specification of the cases in which an incident is considered to be significant with regard to DNS service providers, TLD name registries, cloud computing service providers, data centre service providers, content delivery network providers, managed service providers, managed security service providers, providers of online market places, of online search engines and of social networking services platforms, and trust service providers;350381001508;ap-northeast-3;2026-08-01 19:04:21.788096;3.2.3.e;"all privileged access to systems and applications, and activities performed by administrative accounts;";3 INCIDENT HANDLING (ARTICLE 21(2), POINT (B), OF DIRECTIVE (EU) 2022/2555);3.2 Monitoring and logging;;generic;;FAIL;IAM Access Analyzer in account 350381001508 is not enabled.;arn:aws:accessanalyzer:ap-northeast-3:350381001508:analyzer/unknown;accessanalyzer_enabled;False;analyzer/unknown;NIS2;NIS2 - Network and Information Security Directive (Directive (EU) 2022/2555);
aws;ANNEX to the Commission Implementing Regulation laying down rules for the application of Directive (EU) 2022/2555 as regards technical and methodological requirements of cybersecurity risk-management measures and further specification of the cases in which an incident is considered to be significant with regard to DNS service providers, TLD name registries, cloud computing service providers, data centre service providers, content delivery network providers, managed service providers, managed security service providers, providers of online market places, of online search engines and of social networking services platforms, and trust service providers;350381001508;ap-northeast-3;2026-08-01 19:04:21.788096;11.1.1;For the purpose of Article 21(2), point (i) of Directive (EU) 2022/2555, the relevant entities shall establish, document and implement logical and physical access control policies for the access to their network and information systems, based on business requirements as well as network and information system security requirements.;11 ACCESS CONTROL (ARTICLE 21(2), POINTS (I) AND (J), OF DIRECTIVE (EU) 2022/2555);11.1 Access control policy;;generic;;FAIL;IAM Access Analyzer in account 350381001508 is not enabled.;arn:aws:accessanalyzer:ap-northeast-3:350381001508:analyzer/unknown;accessanalyzer_enabled;False;analyzer/unknown;NIS2;NIS2 - Network and Information Security Directive (Directive (EU) 2022/2555);
aws;ANNEX to the Commission Implementing Regulation laying down rules for the application of Directive (EU) 2022/2555 as regards technical and methodological requirements of cybersecurity risk-management measures and further specification of the cases in which an incident is considered to be significant with regard to DNS service providers, TLD name registries, cloud computing service providers, data centre service providers, content delivery network providers, managed service providers, managed security service providers, providers of online market places, of online search engines and of social networking services platforms, and trust service providers;350381001508;ap-northeast-3;2026-08-01 19:04:21.788096;11.2.1;The relevant entities shall provide, modify, remove and document access rights to network and information systems in accordance with the access control policy referred to in point 11.1.;11 ACCESS CONTROL (ARTICLE 21(2), POINTS (I) AND (J), OF DIRECTIVE (EU) 2022/2555);11.2 Management of access rights;;accessanalyzer;;FAIL;IAM Access Analyzer in account 350381001508 is not enabled.;arn:aws:accessanalyzer:ap-northeast-3:350381001508:analyzer/unknown;accessanalyzer_enabled;False;analyzer/unknown;NIS2;NIS2 - Network and Information Security Directive (Directive (EU) 2022/2555);
aws;ANNEX to the Commission Implementing Regulation laying down rules for the application of Directive (EU) 2022/2555 as regards technical and methodological requirements of cybersecurity risk-management measures and further specification of the cases in which an incident is considered to be significant with regard to DNS service providers, TLD name registries, cloud computing service providers, data centre service providers, content delivery network providers, managed service providers, managed security service providers, providers of online market places, of online search engines and of social networking services platforms, and trust service providers;350381001508;ap-northeast-3;2026-08-01 19:04:21.788096;11.2.2.e;"maintain a register of access rights granted;";11 ACCESS CONTROL (ARTICLE 21(2), POINTS (I) AND (J), OF DIRECTIVE (EU) 2022/2555);11.2 Management of access rights;;accessanalyzer;;FAIL;IAM Access Analyzer in account 350381001508 is not enabled.;arn:aws:accessanalyzer:ap-northeast-3:350381001508:analyzer/unknown;accessanalyzer_enabled;False;analyzer/unknown;NIS2;NIS2 - Network and Information Security Directive (Directive (EU) 2022/2555);
aws;ANNEX to the Commission Implementing Regulation laying down rules for the application of Directive (EU) 2022/2555 as regards technical and methodological requirements of cybersecurity risk-management measures and further specification of the cases in which an incident is considered to be significant with regard to DNS service providers, TLD name registries, cloud computing service providers, data centre service providers, content delivery network providers, managed service providers, managed security service providers, providers of online market places, of online search engines and of social networking services platforms, and trust service providers;350381001508;ap-south-1;2026-08-01 19:04:21.788096;3.2.3.e;"all privileged access to systems and applications, and activities performed by administrative accounts;";3 INCIDENT HANDLING (ARTICLE 21(2), POINT (B), OF DIRECTIVE (EU) 2022/2555);3.2 Monitoring and logging;;generic;;FAIL;IAM Access Analyzer in account 350381001508 is not enabled.;arn:aws:accessanalyzer:ap-south-1:350381001508:analyzer/unknown;accessanalyzer_enabled;False;analyzer/unknown;NIS2;NIS2 - Network and Information Security Directive (Directive (EU) 2022/2555);
aws;ANNEX to the Commission Implementing Regulation laying down rules for the application of Directive (EU) 2022/2555 as regards technical and methodological requirements of cybersecurity risk-management measures and further specification of the cases in which an incident is considered to be significant with regard to DNS service providers, TLD name registries, cloud computing service providers, data centre service providers, content delivery network providers, managed service providers, managed security service providers, providers of online market places, of online search engines and of social networking services platforms, and trust service providers;350381001508;ap-south-1;2026-08-01 19:04:21.788096;11.1.1;For the purpose of Article 21(2), point (i) of Directive (EU) 2022/2555, the relevant entities shall establish, document and implement logical and physical access control policies for the access to their network and information systems, based on business requirements as well as network and information system security requirements.;11 ACCESS CONTROL (ARTICLE 21(2), POINTS (I) AND (J), OF DIRECTIVE (EU) 2022/2555);11.1 Access control policy;;generic;;FAIL;IAM Access Analyzer in account 350381001508 is not enabled.;arn:aws:accessanalyzer:ap-south-1:350381001508:analyzer/unknown;accessanalyzer_enabled;False;analyzer/unknown;NIS2;NIS2 - Network and Information Security Directive (Directive (EU) 2022/2555);
aws;ANNEX to the Commission Implementing Regulation laying down rules for the application of Directive (EU) 2022/2555 as regards technical and methodological requirements of cybersecurity risk-management measures and further specification of the cases in which an incident is considered to be significant with regard to DNS service providers, TLD name registries, cloud computing service providers, data centre service providers, content delivery network providers, managed service providers, managed security service providers, providers of online market places, of online search engines and of social networking services platforms, and trust service providers;350381001508;ap-south-1;2026-08-01 19:04:21.788096;11.2.1;The relevant entities shall provide, modify, remove and document access rights to network and information systems in accordance with the access control policy referred to in point 11.1.;11 ACCESS CONTROL (ARTICLE 21(2), POINTS (I) AND (J), OF DIRECTIVE (EU) 2022/2555);11.2 Management of access rights;;accessanalyzer;;FAIL;IAM Access Analyzer in account 350381001508 is not enabled.;arn:aws:accessanalyzer:ap-south-1:350381001508:analyzer/unknown;accessanalyzer_enabled;False;analyzer/unknown;NIS2;NIS2 - Network and Information Security Directive (Directive (EU) 2022/2555);
aws;ANNEX to the Commission Implementing Regulation laying down rules for the application of Directive (EU) 2022/2555 as regards technical and methodological requirements of cybersecurity risk-management measures and further specification of the cases in which an incident is considered to be significant with regard to DNS service providers, TLD name registries, cloud computing service providers, data centre service providers, content delivery network providers, managed service providers, managed security service providers, providers of online market places, of online search engines and of social networking services platforms, and trust service providers;350381001508;ap-south-1;2026-08-01 19:04:21.788096;11.2.2.e;"maintain a register of access rights granted;";11 ACCESS CONTROL (ARTICLE 21(2), POINTS (I) AND (J), OF DIRECTIVE (EU) 2022/2555);11.2 Management of access rights;;accessanalyzer;;FAIL;IAM Access Analyzer in account 350381001508 is not enabled.;arn:aws:accessanalyzer:ap-south-1:350381001508:analyzer/unknown;accessanalyzer_enabled;False;analyzer/unknown;NIS2;NIS2 - Network and Information Security Directive (Directive (EU) 2022/2555);
aws;ANNEX to the Commission Implementing Regulation laying down rules for the application of Directive (EU) 2022/2555 as regards technical and methodological requirements of cybersecurity risk-management measures and further specification of the cases in which an incident is considered to be significant with regard to DNS service providers, TLD name registries, cloud computing service providers, data centre service providers, content delivery network providers, managed service providers, managed security service providers, providers of online market places, of online search engines and of social networking services platforms, and trust service providers;350381001508;ap-southeast-1;2026-08-01 19:04:21.788096;3.2.3.e;"all privileged access to systems and applications, and activities performed by administrative accounts;";3 INCIDENT HANDLING (ARTICLE 21(2), POINT (B), OF DIRECTIVE (EU) 2022/2555);3.2 Monitoring and logging;;generic;;FAIL;IAM Access Analyzer in account 350381001508 is not enabled.;arn:aws:accessanalyzer:ap-southeast-1:350381001508:analyzer/unknown;accessanalyzer_enabled;False;analyzer/unknown;NIS2;NIS2 - Network and Information Security Directive (Directive (EU) 2022/2555);
aws;ANNEX to the Commission Implementing Regulation laying down rules for the application of Directive (EU) 2022/2555 as regards technical and methodological requirements of cybersecurity risk-management measures and further specification of the cases in which an incident is considered to be significant with regard to DNS service providers, TLD name registries, cloud computing service providers, data centre service providers, content delivery network providers, managed service providers, managed security service providers, providers of online market places, of online search engines and of social networking services platforms, and trust service providers;350381001508;ap-southeast-1;2026-08-01 19:04:21.788096;11.1.1;For the purpose of Article 21(2), point (i) of Directive (EU) 2022/2555, the relevant entities shall establish, document and implement logical and physical access control policies for the access to their network and information systems, based on business requirements as well as network and information system security requirements.;11 ACCESS CONTROL (ARTICLE 21(2), POINTS (I) AND (J), OF DIRECTIVE (EU) 2022/2555);11.1 Access control policy;;generic;;FAIL;IAM Access Analyzer in account 350381001508 is not enabled.;arn:aws:accessanalyzer:ap-southeast-1:350381001508:analyzer/unknown;accessanalyzer_enabled;False;analyzer/unknown;NIS2;NIS2 - Network and Information Security Directive (Directive (EU) 2022/2555);
aws;ANNEX to the Commission Implementing Regulation laying down rules for the application of Directive (EU) 2022/2555 as regards technical and methodological requirements of cybersecurity risk-management measures and further specification of the cases in which an incident is considered to be significant with regard to DNS service providers, TLD name registries, cloud computing service providers, data centre service providers, content delivery network providers, managed service providers, managed security service providers, providers of online market places, of online search engines and of social networking services platforms, and trust service providers;350381001508;ap-southeast-1;2026-08-01 19:04:21.788096;11.2.1;The relevant entities shall provide, modify, remove and document access rights to network and information systems in accordance with the access control policy referred to in point 11.1.;11 ACCESS CONTROL (ARTICLE 21(2), POINTS (I) AND (J), OF DIRECTIVE (EU) 2022/2555);11.2 Management of access rights;;accessanalyzer;;FAIL;IAM Access Analyzer in account 350381001508 is not enabled.;arn:aws:accessanalyzer:ap-southeast-1:350381001508:analyzer/unknown;accessanalyzer_enabled;False;analyzer/unknown;NIS2;NIS2 - Network and Information Security Directive (Directive (EU) 2022/2555);
aws;ANNEX to the Commission Implementing Regulation laying down rules for the application of Directive (EU) 2022/2555 as regards technical and methodological requirements of cybersecurity risk-management measures and further specification of the cases in which an incident is considered to be significant with regard to DNS service providers, TLD name registries, cloud computing service providers, data centre service providers, content delivery network providers, managed service providers, managed security service providers, providers of online market places, of online search engines and of social networking services platforms, and trust service providers;350381001508;ap-southeast-1;2026-08-01 19:04:21.788096;11.2.2.e;"maintain a register of access rights granted;";11 ACCESS CONTROL (ARTICLE 21(2), POINTS (I) AND (J), OF DIRECTIVE (EU) 2022/2555);11.2 Management of access rights;;accessanalyzer;;FAIL;IAM Access Analyzer in account 350381001508 is not enabled.;arn:aws:accessanalyzer:ap-southeast-1:350381001508:analyzer/unknown;accessanalyzer_enabled;False;analyzer/unknown;NIS2;NIS2 - Network and Information Security Directive (Directive (EU) 2022/2555);
aws;ANNEX to the Commission Implementing Regulation laying down rules for the application of Directive (EU) 2022/2555 as regards technical and methodological requirements of cybersecurity risk-management measures and further specification of the cases in which an incident is considered to be significant with regard to DNS service providers, TLD name registries, cloud computing service providers, data centre service providers, content delivery network providers, managed service providers, managed security service providers, providers of online market places, of online search engines and of social networking services platforms, and trust service providers;350381001508;ap-southeast-2;2026-08-01 19:04:21.788096;3.2.3.e;"all privileged access to systems and applications, and activities performed by administrative accounts;";3 INCIDENT HANDLING (ARTICLE 21(2), POINT (B), OF DIRECTIVE (EU) 2022/2555);3.2 Monitoring and logging;;generic;;FAIL;IAM Access Analyzer in account 350381001508 is not enabled.;arn:aws:accessanalyzer:ap-southeast-2:350381001508:analyzer/unknown;accessanalyzer_enabled;False;analyzer/unknown;NIS2;NIS2 - Network and Information Security Directive (Directive (EU) 2022/2555);
aws;ANNEX to the Commission Implementing Regulation laying down rules for the application of Directive (EU) 2022/2555 as regards technical and methodological requirements of cybersecurity risk-management measures and further specification of the cases in which an incident is considered to be significant with regard to DNS service providers, TLD name registries, cloud computing service providers, data centre service providers, content delivery network providers, managed service providers, managed security service providers, providers of online market places, of online search engines and of social networking services platforms, and trust service providers;350381001508;ap-southeast-2;2026-08-01 19:04:21.788096;11.1.1;For the purpose of Article 21(2), point (i) of Directive (EU) 2022/2555, the relevant entities shall establish, document and implement logical and physical access control policies for the access to their network and information systems, based on business requirements as well as network and information system security requirements.;11 ACCESS CONTROL (ARTICLE 21(2), POINTS (I) AND (J), OF DIRECTIVE (EU) 2022/2555);11.1 Access control policy;;generic;;FAIL;IAM Access Analyzer in account 350381001508 is not enabled.;arn:aws:accessanalyzer:ap-southeast-2:350381001508:analyzer/unknown;accessanalyzer_enabled;False;analyzer/unknown;NIS2;NIS2 - Network and Information Security Directive (Directive (EU) 2022/2555);
aws;ANNEX to the Commission Implementing Regulation laying down rules for the application of Directive (EU) 2022/2555 as regards technical and methodological requirements of cybersecurity risk-management measures and further specification of the cases in which an incident is considered to be significant with regard to DNS service providers, TLD name registries, cloud computing service providers, data centre service providers, content delivery network providers, managed service providers, managed security service providers, providers of online market places, of online search engines and of social networking services platforms, and trust service providers;350381001508;ap-southeast-2;2026-08-01 19:04:21.788096;11.2.1;The relevant entities shall provide, modify, remove and document access rights to network and information systems in accordance with the access control policy referred to in point 11.1.;11 ACCESS CONTROL (ARTICLE 21(2), POINTS (I) AND (J), OF DIRECTIVE (EU) 2022/2555);11.2 Management of access rights;;accessanalyzer;;FAIL;IAM Access Analyzer in account 350381001508 is not enabled.;arn:aws:accessanalyzer:ap-southeast-2:350381001508:analyzer/unknown;accessanalyzer_enabled;False;analyzer/unknown;NIS2;NIS2 - Network and Information Security Directive (Directive (EU) 2022/2555);
aws;ANNEX to the Commission Implementing Regulation laying down rules for the application of Directive (EU) 2022/2555 as regards technical and methodological requirements of cybersecurity risk-management measures and further specification of the cases in which an incident is considered to be significant with regard to DNS service providers, TLD name registries, cloud computing service providers, data centre service providers, content delivery network providers, managed service providers, managed security service providers, providers of online market places, of online search engines and of social networking services platforms, and trust service providers;350381001508;ap-southeast-2;2026-08-01 19:04:21.788096;11.2.2.e;"maintain a register of access rights granted;";11 ACCESS CONTROL (ARTICLE 21(2), POINTS (I) AND (J), OF DIRECTIVE (EU) 2022/2555);11.2 Management of access rights;;accessanalyzer;;FAIL;IAM Access Analyzer in account 350381001508 is not enabled.;arn:aws:accessanalyzer:ap-southeast-2:350381001508:analyzer/unknown;accessanalyzer_enabled;False;analyzer/unknown;NIS2;NIS2 - Network and Information Security Directive (Directive (EU) 2022/2555);
aws;ANNEX to the Commission Implementing Regulation laying down rules for the application of Directive (EU) 2022/2555 as regards technical and methodological requirements of cybersecurity risk-management measures and further specification of the cases in which an incident is considered to be significant with regard to DNS service providers, TLD name registries, cloud computing service providers, data centre service providers, content delivery network providers, managed service providers, managed security service providers, providers of online market places, of online search engines and of social networking services platforms, and trust service providers;350381001508;ca-central-1;2026-08-01 19:04:21.788096;3.2.3.e;"all privileged access to systems and applications, and activities performed by administrative accounts;";3 INCIDENT HANDLING (ARTICLE 21(2), POINT (B), OF DIRECTIVE (EU) 2022/2555);3.2 Monitoring and logging;;generic;;FAIL;IAM Access Analyzer in account 350381001508 is not enabled.;arn:aws:accessanalyzer:ca-central-1:350381001508:analyzer/unknown;accessanalyzer_enabled;False;analyzer/unknown;NIS2;NIS2 - Network and Information Security Directive (Directive (EU) 2022/2555);
aws;ANNEX to the Commission Implementing Regulation laying down rules for the application of Directive (EU) 2022/2555 as regards technical and methodological requirements of cybersecurity risk-management measures and further specification of the cases in which an incident is considered to be significant with regard to DNS service providers, TLD name registries, cloud computing service providers, data centre service providers, content delivery network providers, managed service providers, managed security service providers, providers of online market places, of online search engines and of social networking services platforms, and trust service providers;350381001508;ca-central-1;2026-08-01 19:04:21.788096;11.1.1;For the purpose of Article 21(2), point (i) of Directive (EU) 2022/2555, the relevant entities shall establish, document and implement logical and physical access control policies for the access to their network and information systems, based on business requirements as well as network and information system security requirements.;11 ACCESS CONTROL (ARTICLE 21(2), POINTS (I) AND (J), OF DIRECTIVE (EU) 2022/2555);11.1 Access control policy;;generic;;FAIL;IAM Access Analyzer in account 350381001508 is not enabled.;arn:aws:accessanalyzer:ca-central-1:350381001508:analyzer/unknown;accessanalyzer_enabled;False;analyzer/unknown;NIS2;NIS2 - Network and Information Security Directive (Directive (EU) 2022/2555);
aws;ANNEX to the Commission Implementing Regulation laying down rules for the application of Directive (EU) 2022/2555 as regards technical and methodological requirements of cybersecurity risk-management measures and further specification of the cases in which an incident is considered to be significant with regard to DNS service providers, TLD name registries, cloud computing service providers, data centre service providers, content delivery network providers, managed service providers, managed security service providers, providers of online market places, of online search engines and of social networking services platforms, and trust service providers;350381001508;ca-central-1;2026-08-01 19:04:21.788096;11.2.1;The relevant entities shall provide, modify, remove and document access rights to network and information systems in accordance with the access control policy referred to in point 11.1.;11 ACCESS CONTROL (ARTICLE 21(2), POINTS (I) AND (J), OF DIRECTIVE (EU) 2022/2555);11.2 Management of access rights;;accessanalyzer;;FAIL;IAM Access Analyzer in account 350381001508 is not enabled.;arn:aws:accessanalyzer:ca-central-1:350381001508:analyzer/unknown;accessanalyzer_enabled;False;analyzer/unknown;NIS2;NIS2 - Network and Information Security Directive (Directive (EU) 2022/2555);
aws;ANNEX to the Commission Implementing Regulation laying down rules for the application of Directive (EU) 2022/2555 as regards technical and methodological requirements of cybersecurity risk-management measures and further specification of the cases in which an incident is considered to be significant with regard to DNS service providers, TLD name registries, cloud computing service providers, data centre service providers, content delivery network providers, managed service providers, managed security service providers, providers of online market places, of online search engines and of social networking services platforms, and trust service providers;350381001508;ca-central-1;2026-08-01 19:04:21.788096;11.2.2.e;"maintain a register of access rights granted;";11 ACCESS CONTROL (ARTICLE 21(2), POINTS (I) AND (J), OF DIRECTIVE (EU) 2022/2555);11.2 Management of access rights;;accessanalyzer;;FAIL;IAM Access Analyzer in account 350381001508 is not enabled.;arn:aws:accessanalyzer:ca-central-1:350381001508:analyzer/unknown;accessanalyzer_enabled;False;analyzer/unknown;NIS2;NIS2 - Network and Information Security Directive (Directive (EU) 2022/2555);
aws;ANNEX to the Commission Implementing Regulation laying down rules for the application of Directive (EU) 2022/2555 as regards technical and methodological requirements of cybersecurity risk-management measures and further specification of the cases in which an incident is considered to be significant with regard to DNS service providers, TLD name registries, cloud computing service providers, data centre service providers, content delivery network providers, managed service providers, managed security service providers, providers of online market places, of online search engines and of social networking services platforms, and trust service providers;350381001508;eu-central-1;2026-08-01 19:04:21.788096;3.2.3.e;"all privileged access to systems and applications, and activities performed by administrative accounts;";3 INCIDENT HANDLING (ARTICLE 21(2), POINT (B), OF DIRECTIVE (EU) 2022/2555);3.2 Monitoring and logging;;generic;;FAIL;IAM Access Analyzer in account 350381001508 is not enabled.;arn:aws:accessanalyzer:eu-central-1:350381001508:analyzer/unknown;accessanalyzer_enabled;False;analyzer/unknown;NIS2;NIS2 - Network and Information Security Directive (Directive (EU) 2022/2555);
aws;ANNEX to the Commission Implementing Regulation laying down rules for the application of Directive (EU) 2022/2555 as regards technical and methodological requirements of cybersecurity risk-management measures and further specification of the cases in which an incident is considered to be significant with regard to DNS service providers, TLD name registries, cloud computing service providers, data centre service providers, content delivery network providers, managed service providers, managed security service providers, providers of online market places, of online search engines and of social networking services platforms, and trust service providers;350381001508;eu-central-1;2026-08-01 19:04:21.788096;11.1.1;For the purpose of Article 21(2), point (i) of Directive (EU) 2022/2555, the relevant entities shall establish, document and implement logical and physical access control policies for the access to their network and information systems, based on business requirements as well as network and information system security requirements.;11 ACCESS CONTROL (ARTICLE 21(2), POINTS (I) AND (J), OF DIRECTIVE (EU) 2022/2555);11.1 Access control policy;;generic;;FAIL;IAM Access Analyzer in account 350381001508 is not enabled.;arn:aws:accessanalyzer:eu-central-1:350381001508:analyzer/unknown;accessanalyzer_enabled;False;analyzer/unknown;NIS2;NIS2 - Network and Information Security Directive (Directive (EU) 2022/2555);
aws;ANNEX to the Commission Implementing Regulation laying down rules for the application of Directive (EU) 2022/2555 as regards technical and methodological requirements of cybersecurity risk-management measures and further specification of the cases in which an incident is considered to be significant with regard to DNS service providers, TLD name registries, cloud computing service providers, data centre service providers, content delivery network providers, managed service providers, managed security service providers, providers of online market places, of online search engines and of social networking services platforms, and trust service providers;350381001508;eu-central-1;2026-08-01 19:04:21.788096;11.2.1;The relevant entities shall provide, modify, remove and document access rights to network and information systems in accordance with the access control policy referred to in point 11.1.;11 ACCESS CONTROL (ARTICLE 21(2), POINTS (I) AND (J), OF DIRECTIVE (EU) 2022/2555);11.2 Management of access rights;;accessanalyzer;;FAIL;IAM Access Analyzer in account 350381001508 is not enabled.;arn:aws:accessanalyzer:eu-central-1:350381001508:analyzer/unknown;accessanalyzer_enabled;False;analyzer/unknown;NIS2;NIS2 - Network and Information Security Directive (Directive (EU) 2022/2555);
aws;ANNEX to the Commission Implementing Regulation laying down rules for the application of Directive (EU) 2022/2555 as regards technical and methodological requirements of cybersecurity risk-management measures and further specification of the cases in which an incident is considered to be significant with regard to DNS service providers, TLD name registries, cloud computing service providers, data centre service providers, content delivery network providers, managed service providers, managed security service providers, providers of online market places, of online search engines and of social networking services platforms, and trust service providers;350381001508;eu-central-1;2026-08-01 19:04:21.788096;11.2.2.e;"maintain a register of access rights granted;";11 ACCESS CONTROL (ARTICLE 21(2), POINTS (I) AND (J), OF DIRECTIVE (EU) 2022/2555);11.2 Management of access rights;;accessanalyzer;;FAIL;IAM Access Analyzer in account 350381001508 is not enabled.;arn:aws:accessanalyzer:eu-central-1:350381001508:analyzer/unknown;accessanalyzer_enabled;False;analyzer/unknown;NIS2;NIS2 - Network and Information Security Directive (Directive (EU) 2022/2555);
aws;ANNEX to the Commission Implementing Regulation laying down rules for the application of Directive (EU) 2022/2555 as regards technical and methodological requirements of cybersecurity risk-management measures and further specification of the cases in which an incident is considered to be significant with regard to DNS service providers, TLD name registries, cloud computing service providers, data centre service providers, content delivery network providers, managed service providers, managed security service providers, providers of online market places, of online search engines and of social networking services platforms, and trust service providers;350381001508;eu-north-1;2026-08-01 19:04:21.788096;3.2.3.e;"all privileged access to systems and applications, and activities performed by administrative accounts;";3 INCIDENT HANDLING (ARTICLE 21(2), POINT (B), OF DIRECTIVE (EU) 2022/2555);3.2 Monitoring and logging;;generic;;FAIL;IAM Access Analyzer in account 350381001508 is not enabled.;arn:aws:accessanalyzer:eu-north-1:350381001508:analyzer/unknown;accessanalyzer_enabled;False;analyzer/unknown;NIS2;NIS2 - Network and Information Security Directive (Directive (EU) 2022/2555);
aws;ANNEX to the Commission Implementing Regulation laying down rules for the application of Directive (EU) 2022/2555 as regards technical and methodological requirements of cybersecurity risk-management measures and further specification of the cases in which an incident is considered to be significant with regard to DNS service providers, TLD name registries, cloud computing service providers, data centre service providers, content delivery network providers, managed service providers, managed security service providers, providers of online market places, of online search engines and of social networking services platforms, and trust service providers;350381001508;eu-north-1;2026-08-01 19:04:21.788096;11.1.1;For the purpose of Article 21(2), point (i) of Directive (EU) 2022/2555, the relevant entities shall establish, document and implement logical and physical access control policies for the access to their network and information systems, based on business requirements as well as network and information system security requirements.;11 ACCESS CONTROL (ARTICLE 21(2), POINTS (I) AND (J), OF DIRECTIVE (EU) 2022/2555);11.1 Access control policy;;generic;;FAIL;IAM Access Analyzer in account 350381001508 is not enabled.;arn:aws:accessanalyzer:eu-north-1:350381001508:analyzer/unknown;accessanalyzer_enabled;False;analyzer/unknown;NIS2;NIS2 - Network and Information Security Directive (Directive (EU) 2022/2555);
aws;ANNEX to the Commission Implementing Regulation laying down rules for the application of Directive (EU) 2022/2555 as regards technical and methodological requirements of cybersecurity risk-management measures and further specification of the cases in which an incident is considered to be significant with regard to DNS service providers, TLD name registries, cloud computing service providers, data centre service providers, content delivery network providers, managed service providers, managed security service providers, providers of online market places, of online search engines and of social networking services platforms, and trust service providers;350381001508;eu-north-1;2026-08-01 19:04:21.788096;11.2.1;The relevant entities shall provide, modify, remove and document access rights to network and information systems in accordance with the access control policy referred to in point 11.1.;11 ACCESS CONTROL (ARTICLE 21(2), POINTS (I) AND (J), OF DIRECTIVE (EU) 2022/2555);11.2 Management of access rights;;accessanalyzer;;FAIL;IAM Access Analyzer in account 350381001508 is not enabled.;arn:aws:accessanalyzer:eu-north-1:350381001508:analyzer/unknown;accessanalyzer_enabled;False;analyzer/unknown;NIS2;NIS2 - Network and Information Security Directive (Directive (EU) 2022/2555);
aws;ANNEX to the Commission Implementing Regulation laying down rules for the application of Directive (EU) 2022/2555 as regards technical and methodological requirements of cybersecurity risk-management measures and further specification of the cases in which an incident is considered to be significant with regard to DNS service providers, TLD name registries, cloud computing service providers, data centre service providers, content delivery network providers, managed service providers, managed security service providers, providers of online market places, of online search engines and of social networking services platforms, and trust service providers;350381001508;eu-north-1;2026-08-01 19:04:21.788096;11.2.2.e;"maintain a register of access rights granted;";11 ACCESS CONTROL (ARTICLE 21(2), POINTS (I) AND (J), OF DIRECTIVE (EU) 2022/2555);11.2 Management of access rights;;accessanalyzer;;FAIL;IAM Access Analyzer in account 350381001508 is not enabled.;arn:aws:accessanalyzer:eu-north-1:350381001508:analyzer/unknown;accessanalyzer_enabled;False;analyzer/unknown;NIS2;NIS2 - Network and Information Security Directive (Directive (EU) 2022/2555);
aws;ANNEX to the Commission Implementing Regulation laying down rules for the application of Directive (EU) 2022/2555 as regards technical and methodological requirements of cybersecurity risk-management measures and further specification of the cases in which an incident is considered to be significant with regard to DNS service providers, TLD name registries, cloud computing service providers, data centre service providers, content delivery network providers, managed service providers, managed security service providers, providers of online market places, of online search engines and of social networking services platforms, and trust service providers;350381001508;eu-west-1;2026-08-01 19:04:21.788096;3.2.3.e;"all privileged access to systems and applications, and activities performed by administrative accounts;";3 INCIDENT HANDLING (ARTICLE 21(2), POINT (B), OF DIRECTIVE (EU) 2022/2555);3.2 Monitoring and logging;;generic;;FAIL;IAM Access Analyzer in account 350381001508 is not enabled.;arn:aws:accessanalyzer:eu-west-1:350381001508:analyzer/unknown;accessanalyzer_enabled;False;analyzer/unknown;NIS2;NIS2 - Network and Information Security Directive (Directive (EU) 2022/2555);
aws;ANNEX to the Commission Implementing Regulation laying down rules for the application of Directive (EU) 2022/2555 as regards technical and methodological requirements of cybersecurity risk-management measures and further specification of the cases in which an incident is considered to be significant with regard to DNS service providers, TLD name registries, cloud computing service providers, data centre service providers, content delivery network providers, managed service providers, managed security service providers, providers of online market places, of online search engines and of social networking services platforms, and trust service providers;350381001508;eu-west-1;2026-08-01 19:04:21.788096;11.1.1;For the purpose of Article 21(2), point (i) of Directive (EU) 2022/2555, the relevant entities shall establish, document and implement logical and physical access control policies for the access to their network and information systems, based on business requirements as well as network and information system security requirements.;11 ACCESS CONTROL (ARTICLE 21(2), POINTS (I) AND (J), OF DIRECTIVE (EU) 2022/2555);11.1 Access control policy;;generic;;FAIL;IAM Access Analyzer in account 350381001508 is not enabled.;arn:aws:accessanalyzer:eu-west-1:350381001508:analyzer/unknown;accessanalyzer_enabled;False;analyzer/unknown;NIS2;NIS2 - Network and Information Security Directive (Directive (EU) 2022/2555);
aws;ANNEX to the Commission Implementing Regulation laying down rules for the application of Directive (EU) 2022/2555 as regards technical and methodological requirements of cybersecurity risk-management measures and further specification of the cases in which an incident is considered to be significant with regard to DNS service providers, TLD name registries, cloud computing service providers, data centre service providers, content delivery network providers, managed service providers, managed security service providers, providers of online market places, of online search engines and of social networking services platforms, and trust service providers;350381001508;eu-west-1;2026-08-01 19:04:21.788096;11.2.1;The relevant entities shall provide, modify, remove and document access rights to network and information systems in accordance with the access control policy referred to in point 11.1.;11 ACCESS CONTROL (ARTICLE 21(2), POINTS (I) AND (J), OF DIRECTIVE (EU) 2022/2555);11.2 Management of access rights;;accessanalyzer;;FAIL;IAM Access Analyzer in account 350381001508 is not enabled.;arn:aws:accessanalyzer:eu-west-1:350381001508:analyzer/unknown;accessanalyzer_enabled;False;analyzer/unknown;NIS2;NIS2 - Network and Information Security Directive (Directive (EU) 2022/2555);
aws;ANNEX to the Commission Implementing Regulation laying down rules for the application of Directive (EU) 2022/2555 as regards technical and methodological requirements of cybersecurity risk-management measures and further specification of the cases in which an incident is considered to be significant with regard to DNS service providers, TLD name registries, cloud computing service providers, data centre service providers, content delivery network providers, managed service providers, managed security service providers, providers of online market places, of online search engines and of social networking services platforms, and trust service providers;350381001508;eu-west-1;2026-08-01 19:04:21.788096;11.2.2.e;"maintain a register of access rights granted;";11 ACCESS CONTROL (ARTICLE 21(2), POINTS (I) AND (J), OF DIRECTIVE (EU) 2022/2555);11.2 Management of access rights;;accessanalyzer;;FAIL;IAM Access Analyzer in account 350381001508 is not enabled.;arn:aws:accessanalyzer:eu-west-1:350381001508:analyzer/unknown;accessanalyzer_enabled;False;analyzer/unknown;NIS2;NIS2 - Network and Information Security Directive (Directive (EU) 2022/2555);
aws;ANNEX to the Commission Implementing Regulation laying down rules for the application of Directive (EU) 2022/2555 as regards technical and methodological requirements of cybersecurity risk-management measures and further specification of the cases in which an incident is considered to be significant with regard to DNS service providers, TLD name registries, cloud computing service providers, data centre service providers, content delivery network providers, managed service providers, managed security service providers, providers of online market places, of online search engines and of social networking services platforms, and trust service providers;350381001508;eu-west-2;2026-08-01 19:04:21.788096;3.2.3.e;"all privileged access to systems and applications, and activities performed by administrative accounts;";3 INCIDENT HANDLING (ARTICLE 21(2), POINT (B), OF DIRECTIVE (EU) 2022/2555);3.2 Monitoring and logging;;generic;;FAIL;IAM Access Analyzer in account 350381001508 is not enabled.;arn:aws:accessanalyzer:eu-west-2:350381001508:analyzer/unknown;accessanalyzer_enabled;False;analyzer/unknown;NIS2;NIS2 - Network and Information Security Directive (Directive (EU) 2022/2555);
aws;ANNEX to the Commission Implementing Regulation laying down rules for the application of Directive (EU) 2022/2555 as regards technical and methodological requirements of cybersecurity risk-management measures and further specification of the cases in which an incident is considered to be significant with regard to DNS service providers, TLD name registries, cloud computing service providers, data centre service providers, content delivery network providers, managed service providers, managed security service providers, providers of online market places, of online search engines and of social networking services platforms, and trust service providers;350381001508;eu-west-2;2026-08-01 19:04:21.788096;11.1.1;For the purpose of Article 21(2), point (i) of Directive (EU) 2022/2555, the relevant entities shall establish, document and implement logical and physical access control policies for the access to their network and information systems, based on business requirements as well as network and information system security requirements.;11 ACCESS CONTROL (ARTICLE 21(2), POINTS (I) AND (J), OF DIRECTIVE (EU) 2022/2555);11.1 Access control policy;;generic;;FAIL;IAM Access Analyzer in account 350381001508 is not enabled.;arn:aws:accessanalyzer:eu-west-2:350381001508:analyzer/unknown;accessanalyzer_enabled;False;analyzer/unknown;NIS2;NIS2 - Network and Information Security Directive (Directive (EU) 2022/2555);
aws;ANNEX to the Commission Implementing Regulation laying down rules for the application of Directive (EU) 2022/2555 as regards technical and methodological requirements of cybersecurity risk-management measures and further specification of the cases in which an incident is considered to be significant with regard to DNS service providers, TLD name registries, cloud computing service providers, data centre service providers, content delivery network providers, managed service providers, managed security service providers, providers of online market places, of online search engines and of social networking services platforms, and trust service providers;350381001508;eu-west-2;2026-08-01 19:04:21.788096;11.2.1;The relevant entities shall provide, modify, remove and document access rights to network and information systems in accordance with the access control policy referred to in point 11.1.;11 ACCESS CONTROL (ARTICLE 21(2), POINTS (I) AND (J), OF DIRECTIVE (EU) 2022/2555);11.2 Management of access rights;;accessanalyzer;;FAIL;IAM Access Analyzer in account 350381001508 is not enabled.;arn:aws:accessanalyzer:eu-west-2:350381001508:analyzer/unknown;accessanalyzer_enabled;False;analyzer/unknown;NIS2;NIS2 - Network and Information Security Directive (Directive (EU) 2022/2555);
aws;ANNEX to the Commission Implementing Regulation laying down rules for the application of Directive (EU) 2022/2555 as regards technical and methodological requirements of cybersecurity risk-management measures and further specification of the cases in which an incident is considered to be significant with regard to DNS service providers, TLD name registries, cloud computing service providers, data centre service providers, content delivery network providers, managed service providers, managed security service providers, providers of online market places, of online search engines and of social networking services platforms, and trust service providers;350381001508;eu-west-2;2026-08-01 19:04:21.788096;11.2.2.e;"maintain a register of access rights granted;";11 ACCESS CONTROL (ARTICLE 21(2), POINTS (I) AND (J), OF DIRECTIVE (EU) 2022/2555);11.2 Management of access rights;;accessanalyzer;;FAIL;IAM Access Analyzer in account 350381001508 is not enabled.;arn:aws:accessanalyzer:eu-west-2:350381001508:analyzer/unknown;accessanalyzer_enabled;False;analyzer/unknown;NIS2;NIS2 - Network and Information Security Directive (Directive (EU) 2022/2555);
aws;ANNEX to the Commission Implementing Regulation laying down rules for the application of Directive (EU) 2022/2555 as regards technical and methodological requirements of cybersecurity risk-management measures and further specification of the cases in which an incident is considered to be significant with regard to DNS service providers, TLD name registries, cloud computing service providers, data centre service providers, content delivery network providers, managed service providers, managed security service providers, providers of online market places, of online search engines and of social networking services platforms, and trust service providers;350381001508;eu-west-3;2026-08-01 19:04:21.788096;3.2.3.e;"all privileged access to systems and applications, and activities performed by administrative accounts;";3 INCIDENT HANDLING (ARTICLE 21(2), POINT (B), OF DIRECTIVE (EU) 2022/2555);3.2 Monitoring and logging;;generic;;FAIL;IAM Access Analyzer in account 350381001508 is not enabled.;arn:aws:accessanalyzer:eu-west-3:350381001508:analyzer/unknown;accessanalyzer_enabled;False;analyzer/unknown;NIS2;NIS2 - Network and Information Security Directive (Directive (EU) 2022/2555);
aws;ANNEX to the Commission Implementing Regulation laying down rules for the application of Directive (EU) 2022/2555 as regards technical and methodological requirements of cybersecurity risk-management measures and further specification of the cases in which an incident is considered to be significant with regard to DNS service providers, TLD name registries, cloud computing service providers, data centre service providers, content delivery network providers, managed service providers, managed security service providers, providers of online market places, of online search engines and of social networking services platforms, and trust service providers;350381001508;eu-west-3;2026-08-01 19:04:21.788096;11.1.1;For the purpose of Article 21(2), point (i) of Directive (EU) 2022/2555, the relevant entities shall establish, document and implement logical and physical access control policies for the access to their network and information systems, based on business requirements as well as network and information system security requirements.;11 ACCESS CONTROL (ARTICLE 21(2), POINTS (I) AND (J), OF DIRECTIVE (EU) 2022/2555);11.1 Access control policy;;generic;;FAIL;IAM Access Analyzer in account 350381001508 is not enabled.;arn:aws:accessanalyzer:eu-west-3:350381001508:analyzer/unknown;accessanalyzer_enabled;False;analyzer/unknown;NIS2;NIS2 - Network and Information Security Directive (Directive (EU) 2022/2555);
aws;ANNEX to the Commission Implementing Regulation laying down rules for the application of Directive (EU) 2022/2555 as regards technical and methodological requirements of cybersecurity risk-management measures and further specification of the cases in which an incident is considered to be significant with regard to DNS service providers, TLD name registries, cloud computing service providers, data centre service providers, content delivery network providers, managed service providers, managed security service providers, providers of online market places, of online search engines and of social networking services platforms, and trust service providers;350381001508;eu-west-3;2026-08-01 19:04:21.788096;11.2.1;The relevant entities shall provide, modify, remove and document access rights to network and information systems in accordance with the access control policy referred to in point 11.1.;11 ACCESS CONTROL (ARTICLE 21(2), POINTS (I) AND (J), OF DIRECTIVE (EU) 2022/2555);11.2 Management of access rights;;accessanalyzer;;FAIL;IAM Access Analyzer in account 350381001508 is not enabled.;arn:aws:accessanalyzer:eu-west-3:350381001508:analyzer/unknown;accessanalyzer_enabled;False;analyzer/unknown;NIS2;NIS2 - Network and Information Security Directive (Directive (EU) 2022/2555);
aws;ANNEX to the Commission Implementing Regulation laying down rules for the application of Directive (EU) 2022/2555 as regards technical and methodological requirements of cybersecurity risk-management measures and further specification of the cases in which an incident is considered to be significant with regard to DNS service providers, TLD name registries, cloud computing service providers, data centre service providers, content delivery network providers, managed service providers, managed security service providers, providers of online market places, of online search engines and of social networking services platforms, and trust service providers;350381001508;eu-west-3;2026-08-01 19:04:21.788096;11.2.2.e;"maintain a register of access rights granted;";11 ACCESS CONTROL (ARTICLE 21(2), POINTS (I) AND (J), OF DIRECTIVE (EU) 2022/2555);11.2 Management of access rights;;accessanalyzer;;FAIL;IAM Access Analyzer in account 350381001508 is not enabled.;arn:aws:accessanalyzer:eu-west-3:350381001508:analyzer/unknown;accessanalyzer_enabled;False;analyzer/unknown;NIS2;NIS2 - Network and Information Security Directive (Directive (EU) 2022/2555);
aws;ANNEX to the Commission Implementing Regulation laying down rules for the application of Directive (EU) 2022/2555 as regards technical and methodological requirements of cybersecurity risk-management measures and further specification of the cases in which an incident is considered to be significant with regard to DNS service providers, TLD name registries, cloud computing service providers, data centre service providers, content delivery network providers, managed service providers, managed security service providers, providers of online market places, of online search engines and of social networking services platforms, and trust service providers;350381001508;sa-east-1;2026-08-01 19:04:21.788096;3.2.3.e;"all privileged access to systems and applications, and activities performed by administrative accounts;";3 INCIDENT HANDLING (ARTICLE 21(2), POINT (B), OF DIRECTIVE (EU) 2022/2555);3.2 Monitoring and logging;;generic;;FAIL;IAM Access Analyzer in account 350381001508 is not enabled.;arn:aws:accessanalyzer:sa-east-1:350381001508:analyzer/unknown;accessanalyzer_enabled;False;analyzer/unknown;NIS2;NIS2 - Network and Information Security Directive (Directive (EU) 2022/2555);
aws;ANNEX to the Commission Implementing Regulation laying down rules for the application of Directive (EU) 2022/2555 as regards technical and methodological requirements of cybersecurity risk-management measures and further specification of the cases in which an incident is considered to be significant with regard to DNS service providers, TLD name registries, cloud computing service providers, data centre service providers, content delivery network providers, managed service providers, managed security service providers, providers of online market places, of online search engines and of social networking services platforms, and trust service providers;350381001508;sa-east-1;2026-08-01 19:04:21.788096;11.1.1;For the purpose of Article 21(2), point (i) of Directive (EU) 2022/2555, the relevant entities shall establish, document and implement logical and physical access control policies for the access to their network and information systems, based on business requirements as well as network and information system security requirements.;11 ACCESS CONTROL (ARTICLE 21(2), POINTS (I) AND (J), OF DIRECTIVE (EU) 2022/2555);11.1 Access control policy;;generic;;FAIL;IAM Access Analyzer in account 350381001508 is not enabled.;arn:aws:accessanalyzer:sa-east-1:350381001508:analyzer/unknown;accessanalyzer_enabled;False;analyzer/unknown;NIS2;NIS2 - Network and Information Security Directive (Directive (EU) 2022/2555);
aws;ANNEX to the Commission Implementing Regulation laying down rules for the application of Directive (EU) 2022/2555 as regards technical and methodological requirements of cybersecurity risk-management measures and further specification of the cases in which an incident is considered to be significant with regard to DNS service providers, TLD name registries, cloud computing service providers, data centre service providers, content delivery network providers, managed service providers, managed security service providers, providers of online market places, of online search engines and of social networking services platforms, and trust service providers;350381001508;sa-east-1;2026-08-01 19:04:21.788096;11.2.1;The relevant entities shall provide, modify, remove and document access rights to network and information systems in accordance with the access control policy referred to in point 11.1.;11 ACCESS CONTROL (ARTICLE 21(2), POINTS (I) AND (J), OF DIRECTIVE (EU) 2022/2555);11.2 Management of access rights;;accessanalyzer;;FAIL;IAM Access Analyzer in account 350381001508 is not enabled.;arn:aws:accessanalyzer:sa-east-1:350381001508:analyzer/unknown;accessanalyzer_enabled;False;analyzer/unknown;NIS2;NIS2 - Network and Information Security Directive (Directive (EU) 2022/2555);
aws;ANNEX to the Commission Implementing Regulation laying down rules for the application of Directive (EU) 2022/2555 as regards technical and methodological requirements of cybersecurity risk-management measures and further specification of the cases in which an incident is considered to be significant with regard to DNS service providers, TLD name registries, cloud computing service providers, data centre service providers, content delivery network providers, managed service providers, managed security service providers, providers of online market places, of online search engines and of social networking services platforms, and trust service providers;350381001508;sa-east-1;2026-08-01 19:04:21.788096;11.2.2.e;"maintain a register of access rights granted;";11 ACCESS CONTROL (ARTICLE 21(2), POINTS (I) AND (J), OF DIRECTIVE (EU) 2022/2555);11.2 Management of access rights;;accessanalyzer;;FAIL;IAM Access Analyzer in account 350381001508 is not enabled.;arn:aws:accessanalyzer:sa-east-1:350381001508:analyzer/unknown;accessanalyzer_enabled;False;analyzer/unknown;NIS2;NIS2 - Network and Information Security Directive (Directive (EU) 2022/2555);
aws;ANNEX to the Commission Implementing Regulation laying down rules for the application of Directive (EU) 2022/2555 as regards technical and methodological requirements of cybersecurity risk-management measures and further specification of the cases in which an incident is considered to be significant with regard to DNS service providers, TLD name registries, cloud computing service providers, data centre service providers, content delivery network providers, managed service providers, managed security service providers, providers of online market places, of online search engines and of social networking services platforms, and trust service providers;350381001508;us-east-1;2026-08-01 19:04:21.788096;3.2.3.e;"all privileged access to systems and applications, and activities performed by administrative accounts;";3 INCIDENT HANDLING (ARTICLE 21(2), POINT (B), OF DIRECTIVE (EU) 2022/2555);3.2 Monitoring and logging;;generic;;FAIL;IAM Access Analyzer in account 350381001508 is not enabled.;arn:aws:accessanalyzer:us-east-1:350381001508:analyzer/unknown;accessanalyzer_enabled;False;analyzer/unknown;NIS2;NIS2 - Network and Information Security Directive (Directive (EU) 2022/2555);
aws;ANNEX to the Commission Implementing Regulation laying down rules for the application of Directive (EU) 2022/2555 as regards technical and methodological requirements of cybersecurity risk-management measures and further specification of the cases in which an incident is considered to be significant with regard to DNS service providers, TLD name registries, cloud computing service providers, data centre service providers, content delivery network providers, managed service providers, managed security service providers, providers of online market places, of online search engines and of social networking services platforms, and trust service providers;350381001508;us-east-1;2026-08-01 19:04:21.788096;11.1.1;For the purpose of Article 21(2), point (i) of Directive (EU) 2022/2555, the relevant entities shall establish, document and implement logical and physical access control policies for the access to their network and information systems, based on business requirements as well as network and information system security requirements.;11 ACCESS CONTROL (ARTICLE 21(2), POINTS (I) AND (J), OF DIRECTIVE (EU) 2022/2555);11.1 Access control policy;;generic;;FAIL;IAM Access Analyzer in account 350381001508 is not enabled.;arn:aws:accessanalyzer:us-east-1:350381001508:analyzer/unknown;accessanalyzer_enabled;False;analyzer/unknown;NIS2;NIS2 - Network and Information Security Directive (Directive (EU) 2022/2555);
aws;ANNEX to the Commission Implementing Regulation laying down rules for the application of Directive (EU) 2022/2555 as regards technical and methodological requirements of cybersecurity risk-management measures and further specification of the cases in which an incident is considered to be significant with regard to DNS service providers, TLD name registries, cloud computing service providers, data centre service providers, content delivery network providers, managed service providers, managed security service providers, providers of online market places, of online search engines and of social networking services platforms, and trust service providers;350381001508;us-east-1;2026-08-01 19:04:21.788096;11.2.1;The relevant entities shall provide, modify, remove and document access rights to network and information systems in accordance with the access control policy referred to in point 11.1.;11 ACCESS CONTROL (ARTICLE 21(2), POINTS (I) AND (J), OF DIRECTIVE (EU) 2022/2555);11.2 Management of access rights;;accessanalyzer;;FAIL;IAM Access Analyzer in account 350381001508 is not enabled.;arn:aws:accessanalyzer:us-east-1:350381001508:analyzer/unknown;accessanalyzer_enabled;False;analyzer/unknown;NIS2;NIS2 - Network and Information Security Directive (Directive (EU) 2022/2555);
aws;ANNEX to the Commission Implementing Regulation laying down rules for the application of Directive (EU) 2022/2555 as regards technical and methodological requirements of cybersecurity risk-management measures and further specification of the cases in which an incident is considered to be significant with regard to DNS service providers, TLD name registries, cloud computing service providers, data centre service providers, content delivery network providers, managed service providers, managed security service providers, providers of online market places, of online search engines and of social networking services platforms, and trust service providers;350381001508;us-east-1;2026-08-01 19:04:21.788096;11.2.2.e;"maintain a register of access rights granted;";11 ACCESS CONTROL (ARTICLE 21(2), POINTS (I) AND (J), OF DIRECTIVE (EU) 2022/2555);11.2 Management of access rights;;accessanalyzer;;FAIL;IAM Access Analyzer in account 350381001508 is not enabled.;arn:aws:accessanalyzer:us-east-1:350381001508:analyzer/unknown;accessanalyzer_enabled;False;analyzer/unknown;NIS2;NIS2 - Network and Information Security Directive (Directive (EU) 2022/2555);
aws;ANNEX to the Commission Implementing Regulation laying down rules for the application of Directive (EU) 2022/2555 as regards technical and methodological requirements of cybersecurity risk-management measures and further specification of the cases in which an incident is considered to be significant with regard to DNS service providers, TLD name registries, cloud computing service providers, data centre service providers, content delivery network providers, managed service providers, managed security service providers, providers of online market places, of online search engines and of social networking services platforms, and trust service providers;350381001508;us-east-2;2026-08-01 19:04:21.788096;3.2.3.e;"all privileged access to systems and applications, and activities performed by administrative accounts;";3 INCIDENT HANDLING (ARTICLE 21(2), POINT (B), OF DIRECTIVE (EU) 2022/2555);3.2 Monitoring and logging;;generic;;FAIL;IAM Access Analyzer in account 350381001508 is not enabled.;arn:aws:accessanalyzer:us-east-2:350381001508:analyzer/unknown;accessanalyzer_enabled;False;analyzer/unknown;NIS2;NIS2 - Network and Information Security Directive (Directive (EU) 2022/2555);
aws;ANNEX to the Commission Implementing Regulation laying down rules for the application of Directive (EU) 2022/2555 as regards technical and methodological requirements of cybersecurity risk-management measures and further specification of the cases in which an incident is considered to be significant with regard to DNS service providers, TLD name registries, cloud computing service providers, data centre service providers, content delivery network providers, managed service providers, managed security service providers, providers of online market places, of online search engines and of social networking services platforms, and trust service providers;350381001508;us-east-2;2026-08-01 19:04:21.788096;11.1.1;For the purpose of Article 21(2), point (i) of Directive (EU) 2022/2555, the relevant entities shall establish, document and implement logical and physical access control policies for the access to their network and information systems, based on business requirements as well as network and information system security requirements.;11 ACCESS CONTROL (ARTICLE 21(2), POINTS (I) AND (J), OF DIRECTIVE (EU) 2022/2555);11.1 Access control policy;;generic;;FAIL;IAM Access Analyzer in account 350381001508 is not enabled.;arn:aws:accessanalyzer:us-east-2:350381001508:analyzer/unknown;accessanalyzer_enabled;False;analyzer/unknown;NIS2;NIS2 - Network and Information Security Directive (Directive (EU) 2022/2555);
aws;ANNEX to the Commission Implementing Regulation laying down rules for the application of Directive (EU) 2022/2555 as regards technical and methodological requirements of cybersecurity risk-management measures and further specification of the cases in which an incident is considered to be significant with regard to DNS service providers, TLD name registries, cloud computing service providers, data centre service providers, content delivery network providers, managed service providers, managed security service providers, providers of online market places, of online search engines and of social networking services platforms, and trust service providers;350381001508;us-east-2;2026-08-01 19:04:21.788096;11.2.1;The relevant entities shall provide, modify, remove and document access rights to network and information systems in accordance with the access control policy referred to in point 11.1.;11 ACCESS CONTROL (ARTICLE 21(2), POINTS (I) AND (J), OF DIRECTIVE (EU) 2022/2555);11.2 Management of access rights;;accessanalyzer;;FAIL;IAM Access Analyzer in account 350381001508 is not enabled.;arn:aws:accessanalyzer:us-east-2:350381001508:analyzer/unknown;accessanalyzer_enabled;False;analyzer/unknown;NIS2;NIS2 - Network and Information Security Directive (Directive (EU) 2022/2555);
aws;ANNEX to the Commission Implementing Regulation laying down rules for the application of Directive (EU) 2022/2555 as regards technical and methodological requirements of cybersecurity risk-management measures and further specification of the cases in which an incident is considered to be significant with regard to DNS service providers, TLD name registries, cloud computing service providers, data centre service providers, content delivery network providers, managed service providers, managed security service providers, providers of online market places, of online search engines and of social networking services platforms, and trust service providers;350381001508;us-east-2;2026-08-01 19:04:21.788096;11.2.2.e;"maintain a register of access rights granted;";11 ACCESS CONTROL (ARTICLE 21(2), POINTS (I) AND (J), OF DIRECTIVE (EU) 2022/2555);11.2 Management of access rights;;accessanalyzer;;FAIL;IAM Access Analyzer in account 350381001508 is not enabled.;arn:aws:accessanalyzer:us-east-2:350381001508:analyzer/unknown;accessanalyzer_enabled;False;analyzer/unknown;NIS2;NIS2 - Network and Information Security Directive (Directive (EU) 2022/2555);
aws;ANNEX to the Commission Implementing Regulation laying down rules for the application of Directive (EU) 2022/2555 as regards technical and methodological requirements of cybersecurity risk-management measures and further specification of the cases in which an incident is considered to be significant with regard to DNS service providers, TLD name registries, cloud computing service providers, data centre service providers, content delivery network providers, managed service providers, managed security service providers, providers of online market places, of online search engines and of social networking services platforms, and trust service providers;350381001508;us-west-1;2026-08-01 19:04:21.788096;3.2.3.e;"all privileged access to systems and applications, and activities performed by administrative accounts;";3 INCIDENT HANDLING (ARTICLE 21(2), POINT (B), OF DIRECTIVE (EU) 2022/2555);3.2 Monitoring and logging;;generic;;FAIL;IAM Access Analyzer in account 350381001508 is not enabled.;arn:aws:accessanalyzer:us-west-1:350381001508:analyzer/unknown;accessanalyzer_enabled;False;analyzer/unknown;NIS2;NIS2 - Network and Information Security Directive (Directive (EU) 2022/2555);
aws;ANNEX to the Commission Implementing Regulation laying down rules for the application of Directive (EU) 2022/2555 as regards technical and methodological requirements of cybersecurity risk-management measures and further specification of the cases in which an incident is considered to be significant with regard to DNS service providers, TLD name registries, cloud computing service providers, data centre service providers, content delivery network providers, managed service providers, managed security service providers, providers of online market places, of online search engines and of social networking services platforms, and trust service providers;350381001508;us-west-1;2026-08-01 19:04:21.788096;11.1.1;For the purpose of Article 21(2), point (i) of Directive (EU) 2022/2555, the relevant entities shall establish, document and implement logical and physical access control policies for the access to their network and information systems, based on business requirements as well as network and information system security requirements.;11 ACCESS CONTROL (ARTICLE 21(2), POINTS (I) AND (J), OF DIRECTIVE (EU) 2022/2555);11.1 Access control policy;;generic;;FAIL;IAM Access Analyzer in account 350381001508 is not enabled.;arn:aws:accessanalyzer:us-west-1:350381001508:analyzer/unknown;accessanalyzer_enabled;False;analyzer/unknown;NIS2;NIS2 - Network and Information Security Directive (Directive (EU) 2022/2555);
aws;ANNEX to the Commission Implementing Regulation laying down rules for the application of Directive (EU) 2022/2555 as regards technical and methodological requirements of cybersecurity risk-management measures and further specification of the cases in which an incident is considered to be significant with regard to DNS service providers, TLD name registries, cloud computing service providers, data centre service providers, content delivery network providers, managed service providers, managed security service providers, providers of online market places, of online search engines and of social networking services platforms, and trust service providers;350381001508;us-west-1;2026-08-01 19:04:21.788096;11.2.1;The relevant entities shall provide, modify, remove and document access rights to network and information systems in accordance with the access control policy referred to in point 11.1.;11 ACCESS CONTROL (ARTICLE 21(2), POINTS (I) AND (J), OF DIRECTIVE (EU) 2022/2555);11.2 Management of access rights;;accessanalyzer;;FAIL;IAM Access Analyzer in account 350381001508 is not enabled.;arn:aws:accessanalyzer:us-west-1:350381001508:analyzer/unknown;accessanalyzer_enabled;False;analyzer/unknown;NIS2;NIS2 - Network and Information Security Directive (Directive (EU) 2022/2555);
aws;ANNEX to the Commission Implementing Regulation laying down rules for the application of Directive (EU) 2022/2555 as regards technical and methodological requirements of cybersecurity risk-management measures and further specification of the cases in which an incident is considered to be significant with regard to DNS service providers, TLD name registries, cloud computing service providers, data centre service providers, content delivery network providers, managed service providers, managed security service providers, providers of online market places, of online search engines and of social networking services platforms, and trust service providers;350381001508;us-west-1;2026-08-01 19:04:21.788096;11.2.2.e;"maintain a register of access rights granted;";11 ACCESS CONTROL (ARTICLE 21(2), POINTS (I) AND (J), OF DIRECTIVE (EU) 2022/2555);11.2 Management of access rights;;accessanalyzer;;FAIL;IAM Access Analyzer in account 350381001508 is not enabled.;arn:aws:accessanalyzer:us-west-1:350381001508:analyzer/unknown;accessanalyzer_enabled;False;analyzer/unknown;NIS2;NIS2 - Network and Information Security Directive (Directive (EU) 2022/2555);
aws;ANNEX to the Commission Implementing Regulation laying down rules for the application of Directive (EU) 2022/2555 as regards technical and methodological requirements of cybersecurity risk-management measures and further specification of the cases in which an incident is considered to be significant with regard to DNS service providers, TLD name registries, cloud computing service providers, data centre service providers, content delivery network providers, managed service providers, managed security service providers, providers of online market places, of online search engines and of social networking services platforms, and trust service providers;350381001508;us-west-2;2026-08-01 19:04:21.788096;3.2.3.e;"all privileged access to systems and applications, and activities performed by administrative accounts;";3 INCIDENT HANDLING (ARTICLE 21(2), POINT (B), OF DIRECTIVE (EU) 2022/2555);3.2 Monitoring and logging;;generic;;FAIL;IAM Access Analyzer in account 350381001508 is not enabled.;arn:aws:accessanalyzer:us-west-2:350381001508:analyzer/unknown;accessanalyzer_enabled;False;analyzer/unknown;NIS2;NIS2 - Network and Information Security Directive (Directive (EU) 2022/2555);
aws;ANNEX to the Commission Implementing Regulation laying down rules for the application of Directive (EU) 2022/2555 as regards technical and methodological requirements of cybersecurity risk-management measures and further specification of the cases in which an incident is considered to be significant with regard to DNS service providers, TLD name registries, cloud computing service providers, data centre service providers, content delivery network providers, managed service providers, managed security service providers, providers of online market places, of online search engines and of social networking services platforms, and trust service providers;350381001508;us-west-2;2026-08-01 19:04:21.788096;11.1.1;For the purpose of Article 21(2), point (i) of Directive (EU) 2022/2555, the relevant entities shall establish, document and implement logical and physical access control policies for the access to their network and information systems, based on business requirements as well as network and information system security requirements.;11 ACCESS CONTROL (ARTICLE 21(2), POINTS (I) AND (J), OF DIRECTIVE (EU) 2022/2555);11.1 Access control policy;;generic;;FAIL;IAM Access Analyzer in account 350381001508 is not enabled.;arn:aws:accessanalyzer:us-west-2:350381001508:analyzer/unknown;accessanalyzer_enabled;False;analyzer/unknown;NIS2;NIS2 - Network and Information Security Directive (Directive (EU) 2022/2555);
aws;ANNEX to the Commission Implementing Regulation laying down rules for the application of Directive (EU) 2022/2555 as regards technical and methodological requirements of cybersecurity risk-management measures and further specification of the cases in which an incident is considered to be significant with regard to DNS service providers, TLD name registries, cloud computing service providers, data centre service providers, content delivery network providers, managed service providers, managed security service providers, providers of online market places, of online search engines and of social networking services platforms, and trust service providers;350381001508;us-west-2;2026-08-01 19:04:21.788096;11.2.1;The relevant entities shall provide, modify, remove and document access rights to network and information systems in accordance with the access control policy referred to in point 11.1.;11 ACCESS CONTROL (ARTICLE 21(2), POINTS (I) AND (J), OF DIRECTIVE (EU) 2022/2555);11.2 Management of access rights;;accessanalyzer;;FAIL;IAM Access Analyzer in account 350381001508 is not enabled.;arn:aws:accessanalyzer:us-west-2:350381001508:analyzer/unknown;accessanalyzer_enabled;False;analyzer/unknown;NIS2;NIS2 - Network and Information Security Directive (Directive (EU) 2022/2555);
aws;ANNEX to the Commission Implementing Regulation laying down rules for the application of Directive (EU) 2022/2555 as regards technical and methodological requirements of cybersecurity risk-management measures and further specification of the cases in which an incident is considered to be significant with regard to DNS service providers, TLD name registries, cloud computing service providers, data centre service providers, content delivery network providers, managed service providers, managed security service providers, providers of online market places, of online search engines and of social networking services platforms, and trust service providers;350381001508;us-west-2;2026-08-01 19:04:21.788096;11.2.2.e;"maintain a register of access rights granted;";11 ACCESS CONTROL (ARTICLE 21(2), POINTS (I) AND (J), OF DIRECTIVE (EU) 2022/2555);11.2 Management of access rights;;accessanalyzer;;FAIL;IAM Access Analyzer in account 350381001508 is not enabled.;arn:aws:accessanalyzer:us-west-2:350381001508:analyzer/unknown;accessanalyzer_enabled;False;analyzer/unknown;NIS2;NIS2 - Network and Information Security Directive (Directive (EU) 2022/2555);
aws;ANNEX to the Commission Implementing Regulation laying down rules for the application of Directive (EU) 2022/2555 as regards technical and methodological requirements of cybersecurity risk-management measures and further specification of the cases in which an incident is considered to be significant with regard to DNS service providers, TLD name registries, cloud computing service providers, data centre service providers, content delivery network providers, managed service providers, managed security service providers, providers of online market places, of online search engines and of social networking services platforms, and trust service providers;350381001508;us-east-1;2026-08-01 19:04:21.788096;2.2.3;The relevant entities shall perform the compliance monitoring at planned intervals and when significant incidents or significant changes to operations or risks occur.;2 RISK MANAGEMENT POLICY (ARTICLE 21(2), POINT (A) OF DIRECTIVE (EU) 2022/2555);2.2 Compliance monitoring;;generic;;MANUAL;Login to the AWS Console. Choose your account name on the top right of the window -> My Account -> Contact Information.;arn:aws:iam::350381001508:root;account_maintain_current_contact_details;False;350381001508;NIS2;NIS2 - Network and Information Security Directive (Directive (EU) 2022/2555);
aws;ANNEX to the Commission Implementing Regulation laying down rules for the application of Directive (EU) 2022/2555 as regards technical and methodological requirements of cybersecurity risk-management measures and further specification of the cases in which an incident is considered to be significant with regard to DNS service providers, TLD name registries, cloud computing service providers, data centre service providers, content delivery network providers, managed service providers, managed security service providers, providers of online market places, of online search engines and of social networking services platforms, and trust service providers;350381001508;us-east-1;2026-08-01 19:04:21.788096;3.5.3.a;"with the Computer Security Incident Response Teams (CSIRTs) or, where applicable, the competent authorities, related to incident notification;";3 INCIDENT HANDLING (ARTICLE 21(2), POINT (B), OF DIRECTIVE (EU) 2022/2555);3.5 Incident response;;generic;;MANUAL;Login to the AWS Console. Choose your account name on the top right of the window -> My Account -> Contact Information.;arn:aws:iam::350381001508:root;account_maintain_current_contact_details;False;350381001508;NIS2;NIS2 - Network and Information Security Directive (Directive (EU) 2022/2555);
aws;ANNEX to the Commission Implementing Regulation laying down rules for the application of Directive (EU) 2022/2555 as regards technical and methodological requirements of cybersecurity risk-management measures and further specification of the cases in which an incident is considered to be significant with regard to DNS service providers, TLD name registries, cloud computing service providers, data centre service providers, content delivery network providers, managed service providers, managed security service providers, providers of online market places, of online search engines and of social networking services platforms, and trust service providers;350381001508;us-east-1;2026-08-01 19:04:21.788096;5.1.7.b;"review incidents related to ICT products and ICT services from suppliers and service providers;";5 SUPPLY CHAIN SECURITY (ARTICLE 21(2), POINT (D), OF DIRECTIVE (EU) 2022/2555);5.1 Supply chain security policy;;generic;;MANUAL;Login to the AWS Console. Choose your account name on the top right of the window -> My Account -> Contact Information.;arn:aws:iam::350381001508:root;account_maintain_current_contact_details;False;350381001508;NIS2;NIS2 - Network and Information Security Directive (Directive (EU) 2022/2555);
aws;ANNEX to the Commission Implementing Regulation laying down rules for the application of Directive (EU) 2022/2555 as regards technical and methodological requirements of cybersecurity risk-management measures and further specification of the cases in which an incident is considered to be significant with regard to DNS service providers, TLD name registries, cloud computing service providers, data centre service providers, content delivery network providers, managed service providers, managed security service providers, providers of online market places, of online search engines and of social networking services platforms, and trust service providers;350381001508;us-east-1;2026-08-01 19:04:21.788096;1.1.1.a;"set out the relevant entities approach to managing the security of their network and information systems;";1 POLICY ON THE SECURITY OF NETWORK AND INFORMATION SYSTEMS (ARTICLE 21(2), POINT (A) OF DIRECTIVE (EU) 2022/2555);1.1 Policy on the security of network and information systems;;generic;;MANUAL;Login to the AWS Console. Choose your account name on the top right of the window -> My Account -> Alternate Contacts -> Security Section.;arn:aws:iam::350381001508:root;account_security_contact_information_is_registered;False;350381001508;NIS2;NIS2 - Network and Information Security Directive (Directive (EU) 2022/2555);
aws;ANNEX to the Commission Implementing Regulation laying down rules for the application of Directive (EU) 2022/2555 as regards technical and methodological requirements of cybersecurity risk-management measures and further specification of the cases in which an incident is considered to be significant with regard to DNS service providers, TLD name registries, cloud computing service providers, data centre service providers, content delivery network providers, managed service providers, managed security service providers, providers of online market places, of online search engines and of social networking services platforms, and trust service providers;350381001508;us-east-1;2026-08-01 19:04:21.788096;1.2.3;At least one person shall report directly to the management bodies on matters of network and information system security.;1 POLICY ON THE SECURITY OF NETWORK AND INFORMATION SYSTEMS (ARTICLE 21(2), POINT (A) OF DIRECTIVE (EU) 2022/2555);1.2 Roles, responsibilities and authorities;;account;;MANUAL;Login to the AWS Console. Choose your account name on the top right of the window -> My Account -> Alternate Contacts -> Security Section.;arn:aws:iam::350381001508:root;account_security_contact_information_is_registered;False;350381001508;NIS2;NIS2 - Network and Information Security Directive (Directive (EU) 2022/2555);
aws;ANNEX to the Commission Implementing Regulation laying down rules for the application of Directive (EU) 2022/2555 as regards technical and methodological requirements of cybersecurity risk-management measures and further specification of the cases in which an incident is considered to be significant with regard to DNS service providers, TLD name registries, cloud computing service providers, data centre service providers, content delivery network providers, managed service providers, managed security service providers, providers of online market places, of online search engines and of social networking services platforms, and trust service providers;350381001508;us-east-1;2026-08-01 19:04:21.788096;2.2.1;The relevant entities shall regularly review the compliance with their policies on network and information system security, topic-specific policies, rules, and standards. The management bodies shall be informed of the status of network and information security on the basis of the compliance reviews by means of regular reporting.;2 RISK MANAGEMENT POLICY (ARTICLE 21(2), POINT (A) OF DIRECTIVE (EU) 2022/2555);2.2 Compliance monitoring;;generic;;MANUAL;Login to the AWS Console. Choose your account name on the top right of the window -> My Account -> Alternate Contacts -> Security Section.;arn:aws:iam::350381001508:root;account_security_contact_information_is_registered;False;350381001508;NIS2;NIS2 - Network and Information Security Directive (Directive (EU) 2022/2555);
aws;ANNEX to the Commission Implementing Regulation laying down rules for the application of Directive (EU) 2022/2555 as regards technical and methodological requirements of cybersecurity risk-management measures and further specification of the cases in which an incident is considered to be significant with regard to DNS service providers, TLD name registries, cloud computing service providers, data centre service providers, content delivery network providers, managed service providers, managed security service providers, providers of online market places, of online search engines and of social networking services platforms, and trust service providers;350381001508;us-east-1;2026-08-01 19:04:21.788096;3.1.2.d;documents to be used in the course of incident detection and response such as incident response manuals, escalation charts, contact lists and templates.;3 INCIDENT HANDLING (ARTICLE 21(2), POINT (B), OF DIRECTIVE (EU) 2022/2555);3.1 Incident handling policy;;generic;;MANUAL;Login to the AWS Console. Choose your account name on the top right of the window -> My Account -> Alternate Contacts -> Security Section.;arn:aws:iam::350381001508:root;account_security_contact_information_is_registered;False;350381001508;NIS2;NIS2 - Network and Information Security Directive (Directive (EU) 2022/2555);
aws;ANNEX to the Commission Implementing Regulation laying down rules for the application of Directive (EU) 2022/2555 as regards technical and methodological requirements of cybersecurity risk-management measures and further specification of the cases in which an incident is considered to be significant with regard to DNS service providers, TLD name registries, cloud computing service providers, data centre service providers, content delivery network providers, managed service providers, managed security service providers, providers of online market places, of online search engines and of social networking services platforms, and trust service providers;350381001508;us-east-1;2026-08-01 19:04:21.788096;3.5.3.a;"with the Computer Security Incident Response Teams (CSIRTs) or, where applicable, the competent authorities, related to incident notification;";3 INCIDENT HANDLING (ARTICLE 21(2), POINT (B), OF DIRECTIVE (EU) 2022/2555);3.5 Incident response;;generic;;MANUAL;Login to the AWS Console. Choose your account name on the top right of the window -> My Account -> Alternate Contacts -> Security Section.;arn:aws:iam::350381001508:root;account_security_contact_information_is_registered;False;350381001508;NIS2;NIS2 - Network and Information Security Directive (Directive (EU) 2022/2555);
aws;ANNEX to the Commission Implementing Regulation laying down rules for the application of Directive (EU) 2022/2555 as regards technical and methodological requirements of cybersecurity risk-management measures and further specification of the cases in which an incident is considered to be significant with regard to DNS service providers, TLD name registries, cloud computing service providers, data centre service providers, content delivery network providers, managed service providers, managed security service providers, providers of online market places, of online search engines and of social networking services platforms, and trust service providers;350381001508;us-east-1;2026-08-01 19:04:21.788096;5.1.7.b;"review incidents related to ICT products and ICT services from suppliers and service providers;";5 SUPPLY CHAIN SECURITY (ARTICLE 21(2), POINT (D), OF DIRECTIVE (EU) 2022/2555);5.1 Supply chain security policy;;generic;;MANUAL;Login to the AWS Console. Choose your account name on the top right of the window -> My Account -> Alternate Contacts -> Security Section.;arn:aws:iam::350381001508:root;account_security_contact_information_is_registered;False;350381001508;NIS2;NIS2 - Network and Information Security Directive (Directive (EU) 2022/2555);
aws;ANNEX to the Commission Implementing Regulation laying down rules for the application of Directive (EU) 2022/2555 as regards technical and methodological requirements of cybersecurity risk-management measures and further specification of the cases in which an incident is considered to be significant with regard to DNS service providers, TLD name registries, cloud computing service providers, data centre service providers, content delivery network providers, managed service providers, managed security service providers, providers of online market places, of online search engines and of social networking services platforms, and trust service providers;350381001508;us-east-1;2026-08-01 19:04:21.788096;3.6.2;The relevant entities shall ensure that post-incident reviews contribute to improving their approach to network and information security, to risk treatment measures, and to incident handling, detection and response procedures.;3 INCIDENT HANDLING (ARTICLE 21(2), POINT (B), OF DIRECTIVE (EU) 2022/2555);3.6 Post-incident reviews;;generic;;FAIL;No Backup Vault exist.;arn:aws:backup:us-east-1:350381001508:backup-vault;backup_vaults_exist;False;350381001508;NIS2;NIS2 - Network and Information Security Directive (Directive (EU) 2022/2555);
aws;ANNEX to the Commission Implementing Regulation laying down rules for the application of Directive (EU) 2022/2555 as regards technical and methodological requirements of cybersecurity risk-management measures and further specification of the cases in which an incident is considered to be significant with regard to DNS service providers, TLD name registries, cloud computing service providers, data centre service providers, content delivery network providers, managed service providers, managed security service providers, providers of online market places, of online search engines and of social networking services platforms, and trust service providers;350381001508;us-east-1;2026-08-01 19:04:21.788096;4.1.2.f;"recovery plans for specific operations, including recovery objectives;";4 BUSINESS CONTINUITY AND CRISIS MANAGEMENT (ARTICLE 21(2), POINT (C), OF DIRECTIVE (EU) 2022/2555);4.1 Business continuity and disaster recovery plan;;backup;;FAIL;No Backup Vault exist.;arn:aws:backup:us-east-1:350381001508:backup-vault;backup_vaults_exist;False;350381001508;NIS2;NIS2 - Network and Information Security Directive (Directive (EU) 2022/2555);
aws;ANNEX to the Commission Implementing Regulation laying down rules for the application of Directive (EU) 2022/2555 as regards technical and methodological requirements of cybersecurity risk-management measures and further specification of the cases in which an incident is considered to be significant with regard to DNS service providers, TLD name registries, cloud computing service providers, data centre service providers, content delivery network providers, managed service providers, managed security service providers, providers of online market places, of online search engines and of social networking services platforms, and trust service providers;350381001508;us-east-1;2026-08-01 19:04:21.788096;4.1.2.g;"required resources, including backups and redundancies;";4 BUSINESS CONTINUITY AND CRISIS MANAGEMENT (ARTICLE 21(2), POINT (C), OF DIRECTIVE (EU) 2022/2555);4.1 Business continuity and disaster recovery plan;;generic;;FAIL;No Backup Vault exist.;arn:aws:backup:us-east-1:350381001508:backup-vault;backup_vaults_exist;False;350381001508;NIS2;NIS2 - Network and Information Security Directive (Directive (EU) 2022/2555);
aws;ANNEX to the Commission Implementing Regulation laying down rules for the application of Directive (EU) 2022/2555 as regards technical and methodological requirements of cybersecurity risk-management measures and further specification of the cases in which an incident is considered to be significant with regard to DNS service providers, TLD name registries, cloud computing service providers, data centre service providers, content delivery network providers, managed service providers, managed security service providers, providers of online market places, of online search engines and of social networking services platforms, and trust service providers;350381001508;us-east-1;2026-08-01 19:04:21.788096;4.2.2.b;"assurance that backup copies are complete and accurate, including configuration data and data stored in cloud computing service environment;";4 BUSINESS CONTINUITY AND CRISIS MANAGEMENT (ARTICLE 21(2), POINT (C), OF DIRECTIVE (EU) 2022/2555);4.2 Backup and redundancy management;;backup;;FAIL;No Backup Vault exist.;arn:aws:backup:us-east-1:350381001508:backup-vault;backup_vaults_exist;False;350381001508;NIS2;NIS2 - Network and Information Security Directive (Directive (EU) 2022/2555);
aws;ANNEX to the Commission Implementing Regulation laying down rules for the application of Directive (EU) 2022/2555 as regards technical and methodological requirements of cybersecurity risk-management measures and further specification of the cases in which an incident is considered to be significant with regard to DNS service providers, TLD name registries, cloud computing service providers, data centre service providers, content delivery network providers, managed service providers, managed security service providers, providers of online market places, of online search engines and of social networking services platforms, and trust service providers;350381001508;us-east-1;2026-08-01 19:04:21.788096;4.2.2.e;"restoring data from backup copies;";4 BUSINESS CONTINUITY AND CRISIS MANAGEMENT (ARTICLE 21(2), POINT (C), OF DIRECTIVE (EU) 2022/2555);4.2 Backup and redundancy management;;generic;;FAIL;No Backup Vault exist.;arn:aws:backup:us-east-1:350381001508:backup-vault;backup_vaults_exist;False;350381001508;NIS2;NIS2 - Network and Information Security Directive (Directive (EU) 2022/2555);
aws;ANNEX to the Commission Implementing Regulation laying down rules for the application of Directive (EU) 2022/2555 as regards technical and methodological requirements of cybersecurity risk-management measures and further specification of the cases in which an incident is considered to be significant with regard to DNS service providers, TLD name registries, cloud computing service providers, data centre service providers, content delivery network providers, managed service providers, managed security service providers, providers of online market places, of online search engines and of social networking services platforms, and trust service providers;350381001508;us-east-1;2026-08-01 19:04:21.788096;12.1.2.c;align the availability requirements of the assets with the delivery and recovery objectives set out in their business continuity and disaster recovery plans.;12 ASSET MANAGEMENT (ARTICLE 21(2), POINT (I), OF DIRECTIVE (EU) 2022/2555);12.1 Asset classification;;generic;;FAIL;No Backup Vault exist.;arn:aws:backup:us-east-1:350381001508:backup-vault;backup_vaults_exist;False;350381001508;NIS2;NIS2 - Network and Information Security Directive (Directive (EU) 2022/2555);
aws;ANNEX to the Commission Implementing Regulation laying down rules for the application of Directive (EU) 2022/2555 as regards technical and methodological requirements of cybersecurity risk-management measures and further specification of the cases in which an incident is considered to be significant with regard to DNS service providers, TLD name registries, cloud computing service providers, data centre service providers, content delivery network providers, managed service providers, managed security service providers, providers of online market places, of online search engines and of social networking services platforms, and trust service providers;350381001508;us-east-1;2026-08-01 19:04:21.788096;12.2.2.b;"provide rules on the safe use, safe storage, safe transport, and the irretrievable deletion and destruction of the assets;";12 ASSET MANAGEMENT (ARTICLE 21(2), POINT (I), OF DIRECTIVE (EU) 2022/2555);12.2 Handling of assets;;generic;;FAIL;No Backup Vault exist.;arn:aws:backup:us-east-1:350381001508:backup-vault;backup_vaults_exist;False;350381001508;NIS2;NIS2 - Network and Information Security Directive (Directive (EU) 2022/2555);
aws;ANNEX to the Commission Implementing Regulation laying down rules for the application of Directive (EU) 2022/2555 as regards technical and methodological requirements of cybersecurity risk-management measures and further specification of the cases in which an incident is considered to be significant with regard to DNS service providers, TLD name registries, cloud computing service providers, data centre service providers, content delivery network providers, managed service providers, managed security service providers, providers of online market places, of online search engines and of social networking services platforms, and trust service providers;350381001508;ap-northeast-1;2026-08-01 19:04:21.788096;3.2.3.c;"access to systems and applications;";3 INCIDENT HANDLING (ARTICLE 21(2), POINT (B), OF DIRECTIVE (EU) 2022/2555);3.2 Monitoring and logging;;generic;;FAIL;Bedrock Model Invocation Logging is disabled.;arn:aws:bedrock:ap-northeast-1:350381001508:model-invocation-logging;bedrock_model_invocation_logging_enabled;False;model-invocation-logging;NIS2;NIS2 - Network and Information Security Directive (Directive (EU) 2022/2555);
aws;ANNEX to the Commission Implementing Regulation laying down rules for the application of Directive (EU) 2022/2555 as regards technical and methodological requirements of cybersecurity risk-management measures and further specification of the cases in which an incident is considered to be significant with regard to DNS service providers, TLD name registries, cloud computing service providers, data centre service providers, content delivery network providers, managed service providers, managed security service providers, providers of online market places, of online search engines and of social networking services platforms, and trust service providers;350381001508;ap-northeast-2;2026-08-01 19:04:21.788096;3.2.3.c;"access to systems and applications;";3 INCIDENT HANDLING (ARTICLE 21(2), POINT (B), OF DIRECTIVE (EU) 2022/2555);3.2 Monitoring and logging;;generic;;FAIL;Bedrock Model Invocation Logging is disabled.;arn:aws:bedrock:ap-northeast-2:350381001508:model-invocation-logging;bedrock_model_invocation_logging_enabled;False;model-invocation-logging;NIS2;NIS2 - Network and Information Security Directive (Directive (EU) 2022/2555);
aws;ANNEX to the Commission Implementing Regulation laying down rules for the application of Directive (EU) 2022/2555 as regards technical and methodological requirements of cybersecurity risk-management measures and further specification of the cases in which an incident is considered to be significant with regard to DNS service providers, TLD name registries, cloud computing service providers, data centre service providers, content delivery network providers, managed service providers, managed security service providers, providers of online market places, of online search engines and of social networking services platforms, and trust service providers;350381001508;ap-northeast-3;2026-08-01 19:04:21.788096;3.2.3.c;"access to systems and applications;";3 INCIDENT HANDLING (ARTICLE 21(2), POINT (B), OF DIRECTIVE (EU) 2022/2555);3.2 Monitoring and logging;;generic;;FAIL;Bedrock Model Invocation Logging is disabled.;arn:aws:bedrock:ap-northeast-3:350381001508:model-invocation-logging;bedrock_model_invocation_logging_enabled;False;model-invocation-logging;NIS2;NIS2 - Network and Information Security Directive (Directive (EU) 2022/2555);
aws;ANNEX to the Commission Implementing Regulation laying down rules for the application of Directive (EU) 2022/2555 as regards technical and methodological requirements of cybersecurity risk-management measures and further specification of the cases in which an incident is considered to be significant with regard to DNS service providers, TLD name registries, cloud computing service providers, data centre service providers, content delivery network providers, managed service providers, managed security service providers, providers of online market places, of online search engines and of social networking services platforms, and trust service providers;350381001508;ap-south-1;2026-08-01 19:04:21.788096;3.2.3.c;"access to systems and applications;";3 INCIDENT HANDLING (ARTICLE 21(2), POINT (B), OF DIRECTIVE (EU) 2022/2555);3.2 Monitoring and logging;;generic;;FAIL;Bedrock Model Invocation Logging is disabled.;arn:aws:bedrock:ap-south-1:350381001508:model-invocation-logging;bedrock_model_invocation_logging_enabled;False;model-invocation-logging;NIS2;NIS2 - Network and Information Security Directive (Directive (EU) 2022/2555);
aws;ANNEX to the Commission Implementing Regulation laying down rules for the application of Directive (EU) 2022/2555 as regards technical and methodological requirements of cybersecurity risk-management measures and further specification of the cases in which an incident is considered to be significant with regard to DNS service providers, TLD name registries, cloud computing service providers, data centre service providers, content delivery network providers, managed service providers, managed security service providers, providers of online market places, of online search engines and of social networking services platforms, and trust service providers;350381001508;ap-southeast-1;2026-08-01 19:04:21.788096;3.2.3.c;"access to systems and applications;";3 INCIDENT HANDLING (ARTICLE 21(2), POINT (B), OF DIRECTIVE (EU) 2022/2555);3.2 Monitoring and logging;;generic;;FAIL;Bedrock Model Invocation Logging is disabled.;arn:aws:bedrock:ap-southeast-1:350381001508:model-invocation-logging;bedrock_model_invocation_logging_enabled;False;model-invocation-logging;NIS2;NIS2 - Network and Information Security Directive (Directive (EU) 2022/2555);
aws;ANNEX to the Commission Implementing Regulation laying down rules for the application of Directive (EU) 2022/2555 as regards technical and methodological requirements of cybersecurity risk-management measures and further specification of the cases in which an incident is considered to be significant with regard to DNS service providers, TLD name registries, cloud computing service providers, data centre service providers, content delivery network providers, managed service providers, managed security service providers, providers of online market places, of online search engines and of social networking services platforms, and trust service providers;350381001508;ap-southeast-2;2026-08-01 19:04:21.788096;3.2.3.c;"access to systems and applications;";3 INCIDENT HANDLING (ARTICLE 21(2), POINT (B), OF DIRECTIVE (EU) 2022/2555);3.2 Monitoring and logging;;generic;;FAIL;Bedrock Model Invocation Logging is disabled.;arn:aws:bedrock:ap-southeast-2:350381001508:model-invocation-logging;bedrock_model_invocation_logging_enabled;False;model-invocation-logging;NIS2;NIS2 - Network and Information Security Directive (Directive (EU) 2022/2555);
aws;ANNEX to the Commission Implementing Regulation laying down rules for the application of Directive (EU) 2022/2555 as regards technical and methodological requirements of cybersecurity risk-management measures and further specification of the cases in which an incident is considered to be significant with regard to DNS service providers, TLD name registries, cloud computing service providers, data centre service providers, content delivery network providers, managed service providers, managed security service providers, providers of online market places, of online search engines and of social networking services platforms, and trust service providers;350381001508;ca-central-1;2026-08-01 19:04:21.788096;3.2.3.c;"access to systems and applications;";3 INCIDENT HANDLING (ARTICLE 21(2), POINT (B), OF DIRECTIVE (EU) 2022/2555);3.2 Monitoring and logging;;generic;;FAIL;Bedrock Model Invocation Logging is disabled.;arn:aws:bedrock:ca-central-1:350381001508:model-invocation-logging;bedrock_model_invocation_logging_enabled;False;model-invocation-logging;NIS2;NIS2 - Network and Information Security Directive (Directive (EU) 2022/2555);
aws;ANNEX to the Commission Implementing Regulation laying down rules for the application of Directive (EU) 2022/2555 as regards technical and methodological requirements of cybersecurity risk-management measures and further specification of the cases in which an incident is considered to be significant with regard to DNS service providers, TLD name registries, cloud computing service providers, data centre service providers, content delivery network providers, managed service providers, managed security service providers, providers of online market places, of online search engines and of social networking services platforms, and trust service providers;350381001508;eu-central-1;2026-08-01 19:04:21.788096;3.2.3.c;"access to systems and applications;";3 INCIDENT HANDLING (ARTICLE 21(2), POINT (B), OF DIRECTIVE (EU) 2022/2555);3.2 Monitoring and logging;;generic;;FAIL;Bedrock Model Invocation Logging is disabled.;arn:aws:bedrock:eu-central-1:350381001508:model-invocation-logging;bedrock_model_invocation_logging_enabled;False;model-invocation-logging;NIS2;NIS2 - Network and Information Security Directive (Directive (EU) 2022/2555);
aws;ANNEX to the Commission Implementing Regulation laying down rules for the application of Directive (EU) 2022/2555 as regards technical and methodological requirements of cybersecurity risk-management measures and further specification of the cases in which an incident is considered to be significant with regard to DNS service providers, TLD name registries, cloud computing service providers, data centre service providers, content delivery network providers, managed service providers, managed security service providers, providers of online market places, of online search engines and of social networking services platforms, and trust service providers;350381001508;eu-north-1;2026-08-01 19:04:21.788096;3.2.3.c;"access to systems and applications;";3 INCIDENT HANDLING (ARTICLE 21(2), POINT (B), OF DIRECTIVE (EU) 2022/2555);3.2 Monitoring and logging;;generic;;FAIL;Bedrock Model Invocation Logging is disabled.;arn:aws:bedrock:eu-north-1:350381001508:model-invocation-logging;bedrock_model_invocation_logging_enabled;False;model-invocation-logging;NIS2;NIS2 - Network and Information Security Directive (Directive (EU) 2022/2555);
aws;ANNEX to the Commission Implementing Regulation laying down rules for the application of Directive (EU) 2022/2555 as regards technical and methodological requirements of cybersecurity risk-management measures and further specification of the cases in which an incident is considered to be significant with regard to DNS service providers, TLD name registries, cloud computing service providers, data centre service providers, content delivery network providers, managed service providers, managed security service providers, providers of online market places, of online search engines and of social networking services platforms, and trust service providers;350381001508;eu-west-1;2026-08-01 19:04:21.788096;3.2.3.c;"access to systems and applications;";3 INCIDENT HANDLING (ARTICLE 21(2), POINT (B), OF DIRECTIVE (EU) 2022/2555);3.2 Monitoring and logging;;generic;;FAIL;Bedrock Model Invocation Logging is disabled.;arn:aws:bedrock:eu-west-1:350381001508:model-invocation-logging;bedrock_model_invocation_logging_enabled;False;model-invocation-logging;NIS2;NIS2 - Network and Information Security Directive (Directive (EU) 2022/2555);
aws;ANNEX to the Commission Implementing Regulation laying down rules for the application of Directive (EU) 2022/2555 as regards technical and methodological requirements of cybersecurity risk-management measures and further specification of the cases in which an incident is considered to be significant with regard to DNS service providers, TLD name registries, cloud computing service providers, data centre service providers, content delivery network providers, managed service providers, managed security service providers, providers of online market places, of online search engines and of social networking services platforms, and trust service providers;350381001508;eu-west-2;2026-08-01 19:04:21.788096;3.2.3.c;"access to systems and applications;";3 INCIDENT HANDLING (ARTICLE 21(2), POINT (B), OF DIRECTIVE (EU) 2022/2555);3.2 Monitoring and logging;;generic;;FAIL;Bedrock Model Invocation Logging is disabled.;arn:aws:bedrock:eu-west-2:350381001508:model-invocation-logging;bedrock_model_invocation_logging_enabled;False;model-invocation-logging;NIS2;NIS2 - Network and Information Security Directive (Directive (EU) 2022/2555);
aws;ANNEX to the Commission Implementing Regulation laying down rules for the application of Directive (EU) 2022/2555 as regards technical and methodological requirements of cybersecurity risk-management measures and further specification of the cases in which an incident is considered to be significant with regard to DNS service providers, TLD name registries, cloud computing service providers, data centre service providers, content delivery network providers, managed service providers, managed security service providers, providers of online market places, of online search engines and of social networking services platforms, and trust service providers;350381001508;eu-west-3;2026-08-01 19:04:21.788096;3.2.3.c;"access to systems and applications;";3 INCIDENT HANDLING (ARTICLE 21(2), POINT (B), OF DIRECTIVE (EU) 2022/2555);3.2 Monitoring and logging;;generic;;FAIL;Bedrock Model Invocation Logging is disabled.;arn:aws:bedrock:eu-west-3:350381001508:model-invocation-logging;bedrock_model_invocation_logging_enabled;False;model-invocation-logging;NIS2;NIS2 - Network and Information Security Directive (Directive (EU) 2022/2555);
aws;ANNEX to the Commission Implementing Regulation laying down rules for the application of Directive (EU) 2022/2555 as regards technical and methodological requirements of cybersecurity risk-management measures and further specification of the cases in which an incident is considered to be significant with regard to DNS service providers, TLD name registries, cloud computing service providers, data centre service providers, content delivery network providers, managed service providers, managed security service providers, providers of online market places, of online search engines and of social networking services platforms, and trust service providers;350381001508;sa-east-1;2026-08-01 19:04:21.788096;3.2.3.c;"access to systems and applications;";3 INCIDENT HANDLING (ARTICLE 21(2), POINT (B), OF DIRECTIVE (EU) 2022/2555);3.2 Monitoring and logging;;generic;;FAIL;Bedrock Model Invocation Logging is disabled.;arn:aws:bedrock:sa-east-1:350381001508:model-invocation-logging;bedrock_model_invocation_logging_enabled;False;model-invocation-logging;NIS2;NIS2 - Network and Information Security Directive (Directive (EU) 2022/2555);
aws;ANNEX to the Commission Implementing Regulation laying down rules for the application of Directive (EU) 2022/2555 as regards technical and methodological requirements of cybersecurity risk-management measures and further specification of the cases in which an incident is considered to be significant with regard to DNS service providers, TLD name registries, cloud computing service providers, data centre service providers, content delivery network providers, managed service providers, managed security service providers, providers of online market places, of online search engines and of social networking services platforms, and trust service providers;350381001508;us-east-1;2026-08-01 19:04:21.788096;3.2.3.c;"access to systems and applications;";3 INCIDENT HANDLING (ARTICLE 21(2), POINT (B), OF DIRECTIVE (EU) 2022/2555);3.2 Monitoring and logging;;generic;;FAIL;Bedrock Model Invocation Logging is disabled.;arn:aws:bedrock:us-east-1:350381001508:model-invocation-logging;bedrock_model_invocation_logging_enabled;False;model-invocation-logging;NIS2;NIS2 - Network and Information Security Directive (Directive (EU) 2022/2555);
aws;ANNEX to the Commission Implementing Regulation laying down rules for the application of Directive (EU) 2022/2555 as regards technical and methodological requirements of cybersecurity risk-management measures and further specification of the cases in which an incident is considered to be significant with regard to DNS service providers, TLD name registries, cloud computing service providers, data centre service providers, content delivery network providers, managed service providers, managed security service providers, providers of online market places, of online search engines and of social networking services platforms, and trust service providers;350381001508;us-east-2;2026-08-01 19:04:21.788096;3.2.3.c;"access to systems and applications;";3 INCIDENT HANDLING (ARTICLE 21(2), POINT (B), OF DIRECTIVE (EU) 2022/2555);3.2 Monitoring and logging;;generic;;FAIL;Bedrock Model Invocation Logging is disabled.;arn:aws:bedrock:us-east-2:350381001508:model-invocation-logging;bedrock_model_invocation_logging_enabled;False;model-invocation-logging;NIS2;NIS2 - Network and Information Security Directive (Directive (EU) 2022/2555);
aws;ANNEX to the Commission Implementing Regulation laying down rules for the application of Directive (EU) 2022/2555 as regards technical and methodological requirements of cybersecurity risk-management measures and further specification of the cases in which an incident is considered to be significant with regard to DNS service providers, TLD name registries, cloud computing service providers, data centre service providers, content delivery network providers, managed service providers, managed security service providers, providers of online market places, of online search engines and of social networking services platforms, and trust service providers;350381001508;us-west-1;2026-08-01 19:04:21.788096;3.2.3.c;"access to systems and applications;";3 INCIDENT HANDLING (ARTICLE 21(2), POINT (B), OF DIRECTIVE (EU) 2022/2555);3.2 Monitoring and logging;;generic;;FAIL;Bedrock Model Invocation Logging is disabled.;arn:aws:bedrock:us-west-1:350381001508:model-invocation-logging;bedrock_model_invocation_logging_enabled;False;model-invocation-logging;NIS2;NIS2 - Network and Information Security Directive (Directive (EU) 2022/2555);
aws;ANNEX to the Commission Implementing Regulation laying down rules for the application of Directive (EU) 2022/2555 as regards technical and methodological requirements of cybersecurity risk-management measures and further specification of the cases in which an incident is considered to be significant with regard to DNS service providers, TLD name registries, cloud computing service providers, data centre service providers, content delivery network providers, managed service providers, managed security service providers, providers of online market places, of online search engines and of social networking services platforms, and trust service providers;350381001508;us-west-2;2026-08-01 19:04:21.788096;3.2.3.c;"access to systems and applications;";3 INCIDENT HANDLING (ARTICLE 21(2), POINT (B), OF DIRECTIVE (EU) 2022/2555);3.2 Monitoring and logging;;generic;;FAIL;Bedrock Model Invocation Logging is disabled.;arn:aws:bedrock:us-west-2:350381001508:model-invocation-logging;bedrock_model_invocation_logging_enabled;False;model-invocation-logging;NIS2;NIS2 - Network and Information Security Directive (Directive (EU) 2022/2555);
aws;ANNEX to the Commission Implementing Regulation laying down rules for the application of Directive (EU) 2022/2555 as regards technical and methodological requirements of cybersecurity risk-management measures and further specification of the cases in which an incident is considered to be significant with regard to DNS service providers, TLD name registries, cloud computing service providers, data centre service providers, content delivery network providers, managed service providers, managed security service providers, providers of online market places, of online search engines and of social networking services platforms, and trust service providers;350381001508;us-east-1;2026-08-01 19:04:21.788096;11.7.2;The relevant entities shall ensure that the strength of authentication is appropriate for the classification of the asset to be accessed.;11 ACCESS CONTROL (ARTICLE 21(2), POINTS (I) AND (J), OF DIRECTIVE (EU) 2022/2555);11.7 Multi-factor authentication;;generic;;FAIL;Trail research-trail bucket (aws-cloudtrail-logs-350381001508-dae76776) does not have MFA delete enabled.;arn:aws:cloudtrail:us-east-1:350381001508:trail/research-trail;cloudtrail_bucket_requires_mfa_delete;False;research-trail;NIS2;NIS2 - Network and Information Security Directive (Directive (EU) 2022/2555);
aws;ANNEX to the Commission Implementing Regulation laying down rules for the application of Directive (EU) 2022/2555 as regards technical and methodological requirements of cybersecurity risk-management measures and further specification of the cases in which an incident is considered to be significant with regard to DNS service providers, TLD name registries, cloud computing service providers, data centre service providers, content delivery network providers, managed service providers, managed security service providers, providers of online market places, of online search engines and of social networking services platforms, and trust service providers;350381001508;us-east-1;2026-08-01 19:04:21.788096;3.2.3.c;"access to systems and applications;";3 INCIDENT HANDLING (ARTICLE 21(2), POINT (B), OF DIRECTIVE (EU) 2022/2555);3.2 Monitoring and logging;;generic;;FAIL;Multiregion trail research-trail has not been logging in the last 24h or is not configured to deliver logs.;arn:aws:cloudtrail:us-east-1:350381001508:trail/research-trail;cloudtrail_cloudwatch_logging_enabled;False;research-trail;NIS2;NIS2 - Network and Information Security Directive (Directive (EU) 2022/2555);
aws;ANNEX to the Commission Implementing Regulation laying down rules for the application of Directive (EU) 2022/2555 as regards technical and methodological requirements of cybersecurity risk-management measures and further specification of the cases in which an incident is considered to be significant with regard to DNS service providers, TLD name registries, cloud computing service providers, data centre service providers, content delivery network providers, managed service providers, managed security service providers, providers of online market places, of online search engines and of social networking services platforms, and trust service providers;350381001508;us-east-1;2026-08-01 19:04:21.788096;3.2.3.g;"event logs and logs from security tools, such as antivirus, intrusion detection systems or firewalls;";3 INCIDENT HANDLING (ARTICLE 21(2), POINT (B), OF DIRECTIVE (EU) 2022/2555);3.2 Monitoring and logging;;generic;;FAIL;Multiregion trail research-trail has not been logging in the last 24h or is not configured to deliver logs.;arn:aws:cloudtrail:us-east-1:350381001508:trail/research-trail;cloudtrail_cloudwatch_logging_enabled;False;research-trail;NIS2;NIS2 - Network and Information Security Directive (Directive (EU) 2022/2555);
aws;ANNEX to the Commission Implementing Regulation laying down rules for the application of Directive (EU) 2022/2555 as regards technical and methodological requirements of cybersecurity risk-management measures and further specification of the cases in which an incident is considered to be significant with regard to DNS service providers, TLD name registries, cloud computing service providers, data centre service providers, content delivery network providers, managed service providers, managed security service providers, providers of online market places, of online search engines and of social networking services platforms, and trust service providers;350381001508;us-east-1;2026-08-01 19:04:21.788096;3.4.2.c;"review the appropriate logs for the purposes of event assessment and classification;";3 INCIDENT HANDLING (ARTICLE 21(2), POINT (B), OF DIRECTIVE (EU) 2022/2555);3.4 Event assessment and classification;;cloudwatch;;FAIL;Multiregion trail research-trail has not been logging in the last 24h or is not configured to deliver logs.;arn:aws:cloudtrail:us-east-1:350381001508:trail/research-trail;cloudtrail_cloudwatch_logging_enabled;False;research-trail;NIS2;NIS2 - Network and Information Security Directive (Directive (EU) 2022/2555);
aws;ANNEX to the Commission Implementing Regulation laying down rules for the application of Directive (EU) 2022/2555 as regards technical and methodological requirements of cybersecurity risk-management measures and further specification of the cases in which an incident is considered to be significant with regard to DNS service providers, TLD name registries, cloud computing service providers, data centre service providers, content delivery network providers, managed service providers, managed security service providers, providers of online market places, of online search engines and of social networking services platforms, and trust service providers;350381001508;us-east-1;2026-08-01 19:04:21.788096;9.2.a;"in accordance with the relevant entities classification of assets, the type, strength and quality of the cryptographic measures required to protect the relevant entities assets, including data at rest and data in transit;";9 CRYPTOGRAPHY (ARTICLE 21(2), POINT (H), OF DIRECTIVE (EU) 2022/2555);9.2 Cryptography;;generic;;FAIL;Multiregion trail research-trail has encryption disabled.;arn:aws:cloudtrail:us-east-1:350381001508:trail/research-trail;cloudtrail_kms_encryption_enabled;False;research-trail;NIS2;NIS2 - Network and Information Security Directive (Directive (EU) 2022/2555);
aws;ANNEX to the Commission Implementing Regulation laying down rules for the application of Directive (EU) 2022/2555 as regards technical and methodological requirements of cybersecurity risk-management measures and further specification of the cases in which an incident is considered to be significant with regard to DNS service providers, TLD name registries, cloud computing service providers, data centre service providers, content delivery network providers, managed service providers, managed security service providers, providers of online market places, of online search engines and of social networking services platforms, and trust service providers;350381001508;us-east-1;2026-08-01 19:04:21.788096;3.4.2.d;put in place a process for log correlation and analysis, and reassess and reclassify events in case of new information becoming available or after analysis of previously available information.;3 INCIDENT HANDLING (ARTICLE 21(2), POINT (B), OF DIRECTIVE (EU) 2022/2555);3.4 Event assessment and classification;;generic;;FAIL;Multiregion trail research-trail has log file validation disabled.;arn:aws:cloudtrail:us-east-1:350381001508:trail/research-trail;cloudtrail_log_file_validation_enabled;False;research-trail;NIS2;NIS2 - Network and Information Security Directive (Directive (EU) 2022/2555);
aws;ANNEX to the Commission Implementing Regulation laying down rules for the application of Directive (EU) 2022/2555 as regards technical and methodological requirements of cybersecurity risk-management measures and further specification of the cases in which an incident is considered to be significant with regard to DNS service providers, TLD name registries, cloud computing service providers, data centre service providers, content delivery network providers, managed service providers, managed security service providers, providers of online market places, of online search engines and of social networking services platforms, and trust service providers;350381001508;us-east-1;2026-08-01 19:04:21.788096;3.2.3.c;"access to systems and applications;";3 INCIDENT HANDLING (ARTICLE 21(2), POINT (B), OF DIRECTIVE (EU) 2022/2555);3.2 Monitoring and logging;;generic;;FAIL;Multiregion Trail research-trail S3 bucket access logging is not enabled for bucket aws-cloudtrail-logs-350381001508-dae76776.;arn:aws:cloudtrail:us-east-1:350381001508:trail/research-trail;cloudtrail_logs_s3_bucket_access_logging_enabled;False;research-trail;NIS2;NIS2 - Network and Information Security Directive (Directive (EU) 2022/2555);
aws;ANNEX to the Commission Implementing Regulation laying down rules for the application of Directive (EU) 2022/2555 as regards technical and methodological requirements of cybersecurity risk-management measures and further specification of the cases in which an incident is considered to be significant with regard to DNS service providers, TLD name registries, cloud computing service providers, data centre service providers, content delivery network providers, managed service providers, managed security service providers, providers of online market places, of online search engines and of social networking services platforms, and trust service providers;350381001508;us-east-1;2026-08-01 19:04:21.788096;11.1.1;For the purpose of Article 21(2), point (i) of Directive (EU) 2022/2555, the relevant entities shall establish, document and implement logical and physical access control policies for the access to their network and information systems, based on business requirements as well as network and information system security requirements.;11 ACCESS CONTROL (ARTICLE 21(2), POINTS (I) AND (J), OF DIRECTIVE (EU) 2022/2555);11.1 Access control policy;;generic;;FAIL;Multiregion Trail research-trail S3 bucket access logging is not enabled for bucket aws-cloudtrail-logs-350381001508-dae76776.;arn:aws:cloudtrail:us-east-1:350381001508:trail/research-trail;cloudtrail_logs_s3_bucket_access_logging_enabled;False;research-trail;NIS2;NIS2 - Network and Information Security Directive (Directive (EU) 2022/2555);
aws;ANNEX to the Commission Implementing Regulation laying down rules for the application of Directive (EU) 2022/2555 as regards technical and methodological requirements of cybersecurity risk-management measures and further specification of the cases in which an incident is considered to be significant with regard to DNS service providers, TLD name registries, cloud computing service providers, data centre service providers, content delivery network providers, managed service providers, managed security service providers, providers of online market places, of online search engines and of social networking services platforms, and trust service providers;350381001508;us-east-1;2026-08-01 19:04:21.788096;11.2.2.f;apply logging to the management of access rights.;11 ACCESS CONTROL (ARTICLE 21(2), POINTS (I) AND (J), OF DIRECTIVE (EU) 2022/2555);11.2 Management of access rights;;generic;;FAIL;Multiregion Trail research-trail S3 bucket access logging is not enabled for bucket aws-cloudtrail-logs-350381001508-dae76776.;arn:aws:cloudtrail:us-east-1:350381001508:trail/research-trail;cloudtrail_logs_s3_bucket_access_logging_enabled;False;research-trail;NIS2;NIS2 - Network and Information Security Directive (Directive (EU) 2022/2555);
aws;ANNEX to the Commission Implementing Regulation laying down rules for the application of Directive (EU) 2022/2555 as regards technical and methodological requirements of cybersecurity risk-management measures and further specification of the cases in which an incident is considered to be significant with regard to DNS service providers, TLD name registries, cloud computing service providers, data centre service providers, content delivery network providers, managed service providers, managed security service providers, providers of online market places, of online search engines and of social networking services platforms, and trust service providers;350381001508;us-east-1;2026-08-01 19:04:21.788096;3.2.3.c;"access to systems and applications;";3 INCIDENT HANDLING (ARTICLE 21(2), POINT (B), OF DIRECTIVE (EU) 2022/2555);3.2 Monitoring and logging;;generic;;PASS;S3 Bucket aws-cloudtrail-logs-350381001508-dae76776 from multiregion trail research-trail is not publicly accessible.;arn:aws:cloudtrail:us-east-1:350381001508:trail/research-trail;cloudtrail_logs_s3_bucket_is_not_publicly_accessible;False;research-trail;NIS2;NIS2 - Network and Information Security Directive (Directive (EU) 2022/2555);
aws;ANNEX to the Commission Implementing Regulation laying down rules for the application of Directive (EU) 2022/2555 as regards technical and methodological requirements of cybersecurity risk-management measures and further specification of the cases in which an incident is considered to be significant with regard to DNS service providers, TLD name registries, cloud computing service providers, data centre service providers, content delivery network providers, managed service providers, managed security service providers, providers of online market places, of online search engines and of social networking services platforms, and trust service providers;350381001508;ap-northeast-1;2026-08-01 19:04:21.788096;3.1.2.a;"a categorisation system for incidents that is consistent with the event assessment and classification carried out pursuant to point 3.4.1.;";3 INCIDENT HANDLING (ARTICLE 21(2), POINT (B), OF DIRECTIVE (EU) 2022/2555);3.1 Incident handling policy;;generic;;PASS;Trail research-trail from home region us-east-1 is multi-region, is logging and have management events enabled.;arn:aws:cloudtrail:us-east-1:350381001508:trail/research-trail;cloudtrail_multi_region_enabled_logging_management_events;False;research-trail;NIS2;NIS2 - Network and Information Security Directive (Directive (EU) 2022/2555);
aws;ANNEX to the Commission Implementing Regulation laying down rules for the application of Directive (EU) 2022/2555 as regards technical and methodological requirements of cybersecurity risk-management measures and further specification of the cases in which an incident is considered to be significant with regard to DNS service providers, TLD name registries, cloud computing service providers, data centre service providers, content delivery network providers, managed service providers, managed security service providers, providers of online market places, of online search engines and of social networking services platforms, and trust service providers;350381001508;ap-northeast-1;2026-08-01 19:04:21.788096;3.2.3.c;"access to systems and applications;";3 INCIDENT HANDLING (ARTICLE 21(2), POINT (B), OF DIRECTIVE (EU) 2022/2555);3.2 Monitoring and logging;;generic;;PASS;Trail research-trail from home region us-east-1 is multi-region, is logging and have management events enabled.;arn:aws:cloudtrail:us-east-1:350381001508:trail/research-trail;cloudtrail_multi_region_enabled_logging_management_events;False;research-trail;NIS2;NIS2 - Network and Information Security Directive (Directive (EU) 2022/2555);
aws;ANNEX to the Commission Implementing Regulation laying down rules for the application of Directive (EU) 2022/2555 as regards technical and methodological requirements of cybersecurity risk-management measures and further specification of the cases in which an incident is considered to be significant with regard to DNS service providers, TLD name registries, cloud computing service providers, data centre service providers, content delivery network providers, managed service providers, managed security service providers, providers of online market places, of online search engines and of social networking services platforms, and trust service providers;350381001508;ap-northeast-1;2026-08-01 19:04:21.788096;3.4.2.c;"review the appropriate logs for the purposes of event assessment and classification;";3 INCIDENT HANDLING (ARTICLE 21(2), POINT (B), OF DIRECTIVE (EU) 2022/2555);3.4 Event assessment and classification;;cloudwatch;;PASS;Trail research-trail from home region us-east-1 is multi-region, is logging and have management events enabled.;arn:aws:cloudtrail:us-east-1:350381001508:trail/research-trail;cloudtrail_multi_region_enabled_logging_management_events;False;research-trail;NIS2;NIS2 - Network and Information Security Directive (Directive (EU) 2022/2555);
aws;ANNEX to the Commission Implementing Regulation laying down rules for the application of Directive (EU) 2022/2555 as regards technical and methodological requirements of cybersecurity risk-management measures and further specification of the cases in which an incident is considered to be significant with regard to DNS service providers, TLD name registries, cloud computing service providers, data centre service providers, content delivery network providers, managed service providers, managed security service providers, providers of online market places, of online search engines and of social networking services platforms, and trust service providers;350381001508;ap-northeast-2;2026-08-01 19:04:21.788096;3.1.2.a;"a categorisation system for incidents that is consistent with the event assessment and classification carried out pursuant to point 3.4.1.;";3 INCIDENT HANDLING (ARTICLE 21(2), POINT (B), OF DIRECTIVE (EU) 2022/2555);3.1 Incident handling policy;;generic;;PASS;Trail research-trail from home region us-east-1 is multi-region, is logging and have management events enabled.;arn:aws:cloudtrail:us-east-1:350381001508:trail/research-trail;cloudtrail_multi_region_enabled_logging_management_events;False;research-trail;NIS2;NIS2 - Network and Information Security Directive (Directive (EU) 2022/2555);
aws;ANNEX to the Commission Implementing Regulation laying down rules for the application of Directive (EU) 2022/2555 as regards technical and methodological requirements of cybersecurity risk-management measures and further specification of the cases in which an incident is considered to be significant with regard to DNS service providers, TLD name registries, cloud computing service providers, data centre service providers, content delivery network providers, managed service providers, managed security service providers, providers of online market places, of online search engines and of social networking services platforms, and trust service providers;350381001508;ap-northeast-2;2026-08-01 19:04:21.788096;3.2.3.c;"access to systems and applications;";3 INCIDENT HANDLING (ARTICLE 21(2), POINT (B), OF DIRECTIVE (EU) 2022/2555);3.2 Monitoring and logging;;generic;;PASS;Trail research-trail from home region us-east-1 is multi-region, is logging and have management events enabled.;arn:aws:cloudtrail:us-east-1:350381001508:trail/research-trail;cloudtrail_multi_region_enabled_logging_management_events;False;research-trail;NIS2;NIS2 - Network and Information Security Directive (Directive (EU) 2022/2555);
aws;ANNEX to the Commission Implementing Regulation laying down rules for the application of Directive (EU) 2022/2555 as regards technical and methodological requirements of cybersecurity risk-management measures and further specification of the cases in which an incident is considered to be significant with regard to DNS service providers, TLD name registries, cloud computing service providers, data centre service providers, content delivery network providers, managed service providers, managed security service providers, providers of online market places, of online search engines and of social networking services platforms, and trust service providers;350381001508;ap-northeast-2;2026-08-01 19:04:21.788096;3.4.2.c;"review the appropriate logs for the purposes of event assessment and classification;";3 INCIDENT HANDLING (ARTICLE 21(2), POINT (B), OF DIRECTIVE (EU) 2022/2555);3.4 Event assessment and classification;;cloudwatch;;PASS;Trail research-trail from home region us-east-1 is multi-region, is logging and have management events enabled.;arn:aws:cloudtrail:us-east-1:350381001508:trail/research-trail;cloudtrail_multi_region_enabled_logging_management_events;False;research-trail;NIS2;NIS2 - Network and Information Security Directive (Directive (EU) 2022/2555);
aws;ANNEX to the Commission Implementing Regulation laying down rules for the application of Directive (EU) 2022/2555 as regards technical and methodological requirements of cybersecurity risk-management measures and further specification of the cases in which an incident is considered to be significant with regard to DNS service providers, TLD name registries, cloud computing service providers, data centre service providers, content delivery network providers, managed service providers, managed security service providers, providers of online market places, of online search engines and of social networking services platforms, and trust service providers;350381001508;ap-northeast-3;2026-08-01 19:04:21.788096;3.1.2.a;"a categorisation system for incidents that is consistent with the event assessment and classification carried out pursuant to point 3.4.1.;";3 INCIDENT HANDLING (ARTICLE 21(2), POINT (B), OF DIRECTIVE (EU) 2022/2555);3.1 Incident handling policy;;generic;;PASS;Trail research-trail from home region us-east-1 is multi-region, is logging and have management events enabled.;arn:aws:cloudtrail:us-east-1:350381001508:trail/research-trail;cloudtrail_multi_region_enabled_logging_management_events;False;research-trail;NIS2;NIS2 - Network and Information Security Directive (Directive (EU) 2022/2555);
aws;ANNEX to the Commission Implementing Regulation laying down rules for the application of Directive (EU) 2022/2555 as regards technical and methodological requirements of cybersecurity risk-management measures and further specification of the cases in which an incident is considered to be significant with regard to DNS service providers, TLD name registries, cloud computing service providers, data centre service providers, content delivery network providers, managed service providers, managed security service providers, providers of online market places, of online search engines and of social networking services platforms, and trust service providers;350381001508;ap-northeast-3;2026-08-01 19:04:21.788096;3.2.3.c;"access to systems and applications;";3 INCIDENT HANDLING (ARTICLE 21(2), POINT (B), OF DIRECTIVE (EU) 2022/2555);3.2 Monitoring and logging;;generic;;PASS;Trail research-trail from home region us-east-1 is multi-region, is logging and have management events enabled.;arn:aws:cloudtrail:us-east-1:350381001508:trail/research-trail;cloudtrail_multi_region_enabled_logging_management_events;False;research-trail;NIS2;NIS2 - Network and Information Security Directive (Directive (EU) 2022/2555);
aws;ANNEX to the Commission Implementing Regulation laying down rules for the application of Directive (EU) 2022/2555 as regards technical and methodological requirements of cybersecurity risk-management measures and further specification of the cases in which an incident is considered to be significant with regard to DNS service providers, TLD name registries, cloud computing service providers, data centre service providers, content delivery network providers, managed service providers, managed security service providers, providers of online market places, of online search engines and of social networking services platforms, and trust service providers;350381001508;ap-northeast-3;2026-08-01 19:04:21.788096;3.4.2.c;"review the appropriate logs for the purposes of event assessment and classification;";3 INCIDENT HANDLING (ARTICLE 21(2), POINT (B), OF DIRECTIVE (EU) 2022/2555);3.4 Event assessment and classification;;cloudwatch;;PASS;Trail research-trail from home region us-east-1 is multi-region, is logging and have management events enabled.;arn:aws:cloudtrail:us-east-1:350381001508:trail/research-trail;cloudtrail_multi_region_enabled_logging_management_events;False;research-trail;NIS2;NIS2 - Network and Information Security Directive (Directive (EU) 2022/2555);
aws;ANNEX to the Commission Implementing Regulation laying down rules for the application of Directive (EU) 2022/2555 as regards technical and methodological requirements of cybersecurity risk-management measures and further specification of the cases in which an incident is considered to be significant with regard to DNS service providers, TLD name registries, cloud computing service providers, data centre service providers, content delivery network providers, managed service providers, managed security service providers, providers of online market places, of online search engines and of social networking services platforms, and trust service providers;350381001508;ap-south-1;2026-08-01 19:04:21.788096;3.1.2.a;"a categorisation system for incidents that is consistent with the event assessment and classification carried out pursuant to point 3.4.1.;";3 INCIDENT HANDLING (ARTICLE 21(2), POINT (B), OF DIRECTIVE (EU) 2022/2555);3.1 Incident handling policy;;generic;;PASS;Trail research-trail from home region us-east-1 is multi-region, is logging and have management events enabled.;arn:aws:cloudtrail:us-east-1:350381001508:trail/research-trail;cloudtrail_multi_region_enabled_logging_management_events;False;research-trail;NIS2;NIS2 - Network and Information Security Directive (Directive (EU) 2022/2555);
aws;ANNEX to the Commission Implementing Regulation laying down rules for the application of Directive (EU) 2022/2555 as regards technical and methodological requirements of cybersecurity risk-management measures and further specification of the cases in which an incident is considered to be significant with regard to DNS service providers, TLD name registries, cloud computing service providers, data centre service providers, content delivery network providers, managed service providers, managed security service providers, providers of online market places, of online search engines and of social networking services platforms, and trust service providers;350381001508;ap-south-1;2026-08-01 19:04:21.788096;3.2.3.c;"access to systems and applications;";3 INCIDENT HANDLING (ARTICLE 21(2), POINT (B), OF DIRECTIVE (EU) 2022/2555);3.2 Monitoring and logging;;generic;;PASS;Trail research-trail from home region us-east-1 is multi-region, is logging and have management events enabled.;arn:aws:cloudtrail:us-east-1:350381001508:trail/research-trail;cloudtrail_multi_region_enabled_logging_management_events;False;research-trail;NIS2;NIS2 - Network and Information Security Directive (Directive (EU) 2022/2555);
aws;ANNEX to the Commission Implementing Regulation laying down rules for the application of Directive (EU) 2022/2555 as regards technical and methodological requirements of cybersecurity risk-management measures and further specification of the cases in which an incident is considered to be significant with regard to DNS service providers, TLD name registries, cloud computing service providers, data centre service providers, content delivery network providers, managed service providers, managed security service providers, providers of online market places, of online search engines and of social networking services platforms, and trust service providers;350381001508;ap-south-1;2026-08-01 19:04:21.788096;3.4.2.c;"review the appropriate logs for the purposes of event assessment and classification;";3 INCIDENT HANDLING (ARTICLE 21(2), POINT (B), OF DIRECTIVE (EU) 2022/2555);3.4 Event assessment and classification;;cloudwatch;;PASS;Trail research-trail from home region us-east-1 is multi-region, is logging and have management events enabled.;arn:aws:cloudtrail:us-east-1:350381001508:trail/research-trail;cloudtrail_multi_region_enabled_logging_management_events;False;research-trail;NIS2;NIS2 - Network and Information Security Directive (Directive (EU) 2022/2555);
aws;ANNEX to the Commission Implementing Regulation laying down rules for the application of Directive (EU) 2022/2555 as regards technical and methodological requirements of cybersecurity risk-management measures and further specification of the cases in which an incident is considered to be significant with regard to DNS service providers, TLD name registries, cloud computing service providers, data centre service providers, content delivery network providers, managed service providers, managed security service providers, providers of online market places, of online search engines and of social networking services platforms, and trust service providers;350381001508;ap-southeast-1;2026-08-01 19:04:21.788096;3.1.2.a;"a categorisation system for incidents that is consistent with the event assessment and classification carried out pursuant to point 3.4.1.;";3 INCIDENT HANDLING (ARTICLE 21(2), POINT (B), OF DIRECTIVE (EU) 2022/2555);3.1 Incident handling policy;;generic;;PASS;Trail research-trail from home region us-east-1 is multi-region, is logging and have management events enabled.;arn:aws:cloudtrail:us-east-1:350381001508:trail/research-trail;cloudtrail_multi_region_enabled_logging_management_events;False;research-trail;NIS2;NIS2 - Network and Information Security Directive (Directive (EU) 2022/2555);
aws;ANNEX to the Commission Implementing Regulation laying down rules for the application of Directive (EU) 2022/2555 as regards technical and methodological requirements of cybersecurity risk-management measures and further specification of the cases in which an incident is considered to be significant with regard to DNS service providers, TLD name registries, cloud computing service providers, data centre service providers, content delivery network providers, managed service providers, managed security service providers, providers of online market places, of online search engines and of social networking services platforms, and trust service providers;350381001508;ap-southeast-1;2026-08-01 19:04:21.788096;3.2.3.c;"access to systems and applications;";3 INCIDENT HANDLING (ARTICLE 21(2), POINT (B), OF DIRECTIVE (EU) 2022/2555);3.2 Monitoring and logging;;generic;;PASS;Trail research-trail from home region us-east-1 is multi-region, is logging and have management events enabled.;arn:aws:cloudtrail:us-east-1:350381001508:trail/research-trail;cloudtrail_multi_region_enabled_logging_management_events;False;research-trail;NIS2;NIS2 - Network and Information Security Directive (Directive (EU) 2022/2555);
aws;ANNEX to the Commission Implementing Regulation laying down rules for the application of Directive (EU) 2022/2555 as regards technical and methodological requirements of cybersecurity risk-management measures and further specification of the cases in which an incident is considered to be significant with regard to DNS service providers, TLD name registries, cloud computing service providers, data centre service providers, content delivery network providers, managed service providers, managed security service providers, providers of online market places, of online search engines and of social networking services platforms, and trust service providers;350381001508;ap-southeast-1;2026-08-01 19:04:21.788096;3.4.2.c;"review the appropriate logs for the purposes of event assessment and classification;";3 INCIDENT HANDLING (ARTICLE 21(2), POINT (B), OF DIRECTIVE (EU) 2022/2555);3.4 Event assessment and classification;;cloudwatch;;PASS;Trail research-trail from home region us-east-1 is multi-region, is logging and have management events enabled.;arn:aws:cloudtrail:us-east-1:350381001508:trail/research-trail;cloudtrail_multi_region_enabled_logging_management_events;False;research-trail;NIS2;NIS2 - Network and Information Security Directive (Directive (EU) 2022/2555);
aws;ANNEX to the Commission Implementing Regulation laying down rules for the application of Directive (EU) 2022/2555 as regards technical and methodological requirements of cybersecurity risk-management measures and further specification of the cases in which an incident is considered to be significant with regard to DNS service providers, TLD name registries, cloud computing service providers, data centre service providers, content delivery network providers, managed service providers, managed security service providers, providers of online market places, of online search engines and of social networking services platforms, and trust service providers;350381001508;ap-southeast-2;2026-08-01 19:04:21.788096;3.1.2.a;"a categorisation system for incidents that is consistent with the event assessment and classification carried out pursuant to point 3.4.1.;";3 INCIDENT HANDLING (ARTICLE 21(2), POINT (B), OF DIRECTIVE (EU) 2022/2555);3.1 Incident handling policy;;generic;;PASS;Trail research-trail from home region us-east-1 is multi-region, is logging and have management events enabled.;arn:aws:cloudtrail:us-east-1:350381001508:trail/research-trail;cloudtrail_multi_region_enabled_logging_management_events;False;research-trail;NIS2;NIS2 - Network and Information Security Directive (Directive (EU) 2022/2555);
aws;ANNEX to the Commission Implementing Regulation laying down rules for the application of Directive (EU) 2022/2555 as regards technical and methodological requirements of cybersecurity risk-management measures and further specification of the cases in which an incident is considered to be significant with regard to DNS service providers, TLD name registries, cloud computing service providers, data centre service providers, content delivery network providers, managed service providers, managed security service providers, providers of online market places, of online search engines and of social networking services platforms, and trust service providers;350381001508;ap-southeast-2;2026-08-01 19:04:21.788096;3.2.3.c;"access to systems and applications;";3 INCIDENT HANDLING (ARTICLE 21(2), POINT (B), OF DIRECTIVE (EU) 2022/2555);3.2 Monitoring and logging;;generic;;PASS;Trail research-trail from home region us-east-1 is multi-region, is logging and have management events enabled.;arn:aws:cloudtrail:us-east-1:350381001508:trail/research-trail;cloudtrail_multi_region_enabled_logging_management_events;False;research-trail;NIS2;NIS2 - Network and Information Security Directive (Directive (EU) 2022/2555);
aws;ANNEX to the Commission Implementing Regulation laying down rules for the application of Directive (EU) 2022/2555 as regards technical and methodological requirements of cybersecurity risk-management measures and further specification of the cases in which an incident is considered to be significant with regard to DNS service providers, TLD name registries, cloud computing service providers, data centre service providers, content delivery network providers, managed service providers, managed security service providers, providers of online market places, of online search engines and of social networking services platforms, and trust service providers;350381001508;ap-southeast-2;2026-08-01 19:04:21.788096;3.4.2.c;"review the appropriate logs for the purposes of event assessment and classification;";3 INCIDENT HANDLING (ARTICLE 21(2), POINT (B), OF DIRECTIVE (EU) 2022/2555);3.4 Event assessment and classification;;cloudwatch;;PASS;Trail research-trail from home region us-east-1 is multi-region, is logging and have management events enabled.;arn:aws:cloudtrail:us-east-1:350381001508:trail/research-trail;cloudtrail_multi_region_enabled_logging_management_events;False;research-trail;NIS2;NIS2 - Network and Information Security Directive (Directive (EU) 2022/2555);
aws;ANNEX to the Commission Implementing Regulation laying down rules for the application of Directive (EU) 2022/2555 as regards technical and methodological requirements of cybersecurity risk-management measures and further specification of the cases in which an incident is considered to be significant with regard to DNS service providers, TLD name registries, cloud computing service providers, data centre service providers, content delivery network providers, managed service providers, managed security service providers, providers of online market places, of online search engines and of social networking services platforms, and trust service providers;350381001508;ca-central-1;2026-08-01 19:04:21.788096;3.1.2.a;"a categorisation system for incidents that is consistent with the event assessment and classification carried out pursuant to point 3.4.1.;";3 INCIDENT HANDLING (ARTICLE 21(2), POINT (B), OF DIRECTIVE (EU) 2022/2555);3.1 Incident handling policy;;generic;;PASS;Trail research-trail from home region us-east-1 is multi-region, is logging and have management events enabled.;arn:aws:cloudtrail:us-east-1:350381001508:trail/research-trail;cloudtrail_multi_region_enabled_logging_management_events;False;research-trail;NIS2;NIS2 - Network and Information Security Directive (Directive (EU) 2022/2555);
aws;ANNEX to the Commission Implementing Regulation laying down rules for the application of Directive (EU) 2022/2555 as regards technical and methodological requirements of cybersecurity risk-management measures and further specification of the cases in which an incident is considered to be significant with regard to DNS service providers, TLD name registries, cloud computing service providers, data centre service providers, content delivery network providers, managed service providers, managed security service providers, providers of online market places, of online search engines and of social networking services platforms, and trust service providers;350381001508;ca-central-1;2026-08-01 19:04:21.788096;3.2.3.c;"access to systems and applications;";3 INCIDENT HANDLING (ARTICLE 21(2), POINT (B), OF DIRECTIVE (EU) 2022/2555);3.2 Monitoring and logging;;generic;;PASS;Trail research-trail from home region us-east-1 is multi-region, is logging and have management events enabled.;arn:aws:cloudtrail:us-east-1:350381001508:trail/research-trail;cloudtrail_multi_region_enabled_logging_management_events;False;research-trail;NIS2;NIS2 - Network and Information Security Directive (Directive (EU) 2022/2555);
aws;ANNEX to the Commission Implementing Regulation laying down rules for the application of Directive (EU) 2022/2555 as regards technical and methodological requirements of cybersecurity risk-management measures and further specification of the cases in which an incident is considered to be significant with regard to DNS service providers, TLD name registries, cloud computing service providers, data centre service providers, content delivery network providers, managed service providers, managed security service providers, providers of online market places, of online search engines and of social networking services platforms, and trust service providers;350381001508;ca-central-1;2026-08-01 19:04:21.788096;3.4.2.c;"review the appropriate logs for the purposes of event assessment and classification;";3 INCIDENT HANDLING (ARTICLE 21(2), POINT (B), OF DIRECTIVE (EU) 2022/2555);3.4 Event assessment and classification;;cloudwatch;;PASS;Trail research-trail from home region us-east-1 is multi-region, is logging and have management events enabled.;arn:aws:cloudtrail:us-east-1:350381001508:trail/research-trail;cloudtrail_multi_region_enabled_logging_management_events;False;research-trail;NIS2;NIS2 - Network and Information Security Directive (Directive (EU) 2022/2555);
aws;ANNEX to the Commission Implementing Regulation laying down rules for the application of Directive (EU) 2022/2555 as regards technical and methodological requirements of cybersecurity risk-management measures and further specification of the cases in which an incident is considered to be significant with regard to DNS service providers, TLD name registries, cloud computing service providers, data centre service providers, content delivery network providers, managed service providers, managed security service providers, providers of online market places, of online search engines and of social networking services platforms, and trust service providers;350381001508;eu-central-1;2026-08-01 19:04:21.788096;3.1.2.a;"a categorisation system for incidents that is consistent with the event assessment and classification carried out pursuant to point 3.4.1.;";3 INCIDENT HANDLING (ARTICLE 21(2), POINT (B), OF DIRECTIVE (EU) 2022/2555);3.1 Incident handling policy;;generic;;PASS;Trail research-trail from home region us-east-1 is multi-region, is logging and have management events enabled.;arn:aws:cloudtrail:us-east-1:350381001508:trail/research-trail;cloudtrail_multi_region_enabled_logging_management_events;False;research-trail;NIS2;NIS2 - Network and Information Security Directive (Directive (EU) 2022/2555);
aws;ANNEX to the Commission Implementing Regulation laying down rules for the application of Directive (EU) 2022/2555 as regards technical and methodological requirements of cybersecurity risk-management measures and further specification of the cases in which an incident is considered to be significant with regard to DNS service providers, TLD name registries, cloud computing service providers, data centre service providers, content delivery network providers, managed service providers, managed security service providers, providers of online market places, of online search engines and of social networking services platforms, and trust service providers;350381001508;eu-central-1;2026-08-01 19:04:21.788096;3.2.3.c;"access to systems and applications;";3 INCIDENT HANDLING (ARTICLE 21(2), POINT (B), OF DIRECTIVE (EU) 2022/2555);3.2 Monitoring and logging;;generic;;PASS;Trail research-trail from home region us-east-1 is multi-region, is logging and have management events enabled.;arn:aws:cloudtrail:us-east-1:350381001508:trail/research-trail;cloudtrail_multi_region_enabled_logging_management_events;False;research-trail;NIS2;NIS2 - Network and Information Security Directive (Directive (EU) 2022/2555);
aws;ANNEX to the Commission Implementing Regulation laying down rules for the application of Directive (EU) 2022/2555 as regards technical and methodological requirements of cybersecurity risk-management measures and further specification of the cases in which an incident is considered to be significant with regard to DNS service providers, TLD name registries, cloud computing service providers, data centre service providers, content delivery network providers, managed service providers, managed security service providers, providers of online market places, of online search engines and of social networking services platforms, and trust service providers;350381001508;eu-central-1;2026-08-01 19:04:21.788096;3.4.2.c;"review the appropriate logs for the purposes of event assessment and classification;";3 INCIDENT HANDLING (ARTICLE 21(2), POINT (B), OF DIRECTIVE (EU) 2022/2555);3.4 Event assessment and classification;;cloudwatch;;PASS;Trail research-trail from home region us-east-1 is multi-region, is logging and have management events enabled.;arn:aws:cloudtrail:us-east-1:350381001508:trail/research-trail;cloudtrail_multi_region_enabled_logging_management_events;False;research-trail;NIS2;NIS2 - Network and Information Security Directive (Directive (EU) 2022/2555);
aws;ANNEX to the Commission Implementing Regulation laying down rules for the application of Directive (EU) 2022/2555 as regards technical and methodological requirements of cybersecurity risk-management measures and further specification of the cases in which an incident is considered to be significant with regard to DNS service providers, TLD name registries, cloud computing service providers, data centre service providers, content delivery network providers, managed service providers, managed security service providers, providers of online market places, of online search engines and of social networking services platforms, and trust service providers;350381001508;eu-north-1;2026-08-01 19:04:21.788096;3.1.2.a;"a categorisation system for incidents that is consistent with the event assessment and classification carried out pursuant to point 3.4.1.;";3 INCIDENT HANDLING (ARTICLE 21(2), POINT (B), OF DIRECTIVE (EU) 2022/2555);3.1 Incident handling policy;;generic;;PASS;Trail research-trail from home region us-east-1 is multi-region, is logging and have management events enabled.;arn:aws:cloudtrail:us-east-1:350381001508:trail/research-trail;cloudtrail_multi_region_enabled_logging_management_events;False;research-trail;NIS2;NIS2 - Network and Information Security Directive (Directive (EU) 2022/2555);
aws;ANNEX to the Commission Implementing Regulation laying down rules for the application of Directive (EU) 2022/2555 as regards technical and methodological requirements of cybersecurity risk-management measures and further specification of the cases in which an incident is considered to be significant with regard to DNS service providers, TLD name registries, cloud computing service providers, data centre service providers, content delivery network providers, managed service providers, managed security service providers, providers of online market places, of online search engines and of social networking services platforms, and trust service providers;350381001508;eu-north-1;2026-08-01 19:04:21.788096;3.2.3.c;"access to systems and applications;";3 INCIDENT HANDLING (ARTICLE 21(2), POINT (B), OF DIRECTIVE (EU) 2022/2555);3.2 Monitoring and logging;;generic;;PASS;Trail research-trail from home region us-east-1 is multi-region, is logging and have management events enabled.;arn:aws:cloudtrail:us-east-1:350381001508:trail/research-trail;cloudtrail_multi_region_enabled_logging_management_events;False;research-trail;NIS2;NIS2 - Network and Information Security Directive (Directive (EU) 2022/2555);
aws;ANNEX to the Commission Implementing Regulation laying down rules for the application of Directive (EU) 2022/2555 as regards technical and methodological requirements of cybersecurity risk-management measures and further specification of the cases in which an incident is considered to be significant with regard to DNS service providers, TLD name registries, cloud computing service providers, data centre service providers, content delivery network providers, managed service providers, managed security service providers, providers of online market places, of online search engines and of social networking services platforms, and trust service providers;350381001508;eu-north-1;2026-08-01 19:04:21.788096;3.4.2.c;"review the appropriate logs for the purposes of event assessment and classification;";3 INCIDENT HANDLING (ARTICLE 21(2), POINT (B), OF DIRECTIVE (EU) 2022/2555);3.4 Event assessment and classification;;cloudwatch;;PASS;Trail research-trail from home region us-east-1 is multi-region, is logging and have management events enabled.;arn:aws:cloudtrail:us-east-1:350381001508:trail/research-trail;cloudtrail_multi_region_enabled_logging_management_events;False;research-trail;NIS2;NIS2 - Network and Information Security Directive (Directive (EU) 2022/2555);
aws;ANNEX to the Commission Implementing Regulation laying down rules for the application of Directive (EU) 2022/2555 as regards technical and methodological requirements of cybersecurity risk-management measures and further specification of the cases in which an incident is considered to be significant with regard to DNS service providers, TLD name registries, cloud computing service providers, data centre service providers, content delivery network providers, managed service providers, managed security service providers, providers of online market places, of online search engines and of social networking services platforms, and trust service providers;350381001508;eu-west-1;2026-08-01 19:04:21.788096;3.1.2.a;"a categorisation system for incidents that is consistent with the event assessment and classification carried out pursuant to point 3.4.1.;";3 INCIDENT HANDLING (ARTICLE 21(2), POINT (B), OF DIRECTIVE (EU) 2022/2555);3.1 Incident handling policy;;generic;;PASS;Trail research-trail from home region us-east-1 is multi-region, is logging and have management events enabled.;arn:aws:cloudtrail:us-east-1:350381001508:trail/research-trail;cloudtrail_multi_region_enabled_logging_management_events;False;research-trail;NIS2;NIS2 - Network and Information Security Directive (Directive (EU) 2022/2555);
aws;ANNEX to the Commission Implementing Regulation laying down rules for the application of Directive (EU) 2022/2555 as regards technical and methodological requirements of cybersecurity risk-management measures and further specification of the cases in which an incident is considered to be significant with regard to DNS service providers, TLD name registries, cloud computing service providers, data centre service providers, content delivery network providers, managed service providers, managed security service providers, providers of online market places, of online search engines and of social networking services platforms, and trust service providers;350381001508;eu-west-1;2026-08-01 19:04:21.788096;3.2.3.c;"access to systems and applications;";3 INCIDENT HANDLING (ARTICLE 21(2), POINT (B), OF DIRECTIVE (EU) 2022/2555);3.2 Monitoring and logging;;generic;;PASS;Trail research-trail from home region us-east-1 is multi-region, is logging and have management events enabled.;arn:aws:cloudtrail:us-east-1:350381001508:trail/research-trail;cloudtrail_multi_region_enabled_logging_management_events;False;research-trail;NIS2;NIS2 - Network and Information Security Directive (Directive (EU) 2022/2555);
aws;ANNEX to the Commission Implementing Regulation laying down rules for the application of Directive (EU) 2022/2555 as regards technical and methodological requirements of cybersecurity risk-management measures and further specification of the cases in which an incident is considered to be significant with regard to DNS service providers, TLD name registries, cloud computing service providers, data centre service providers, content delivery network providers, managed service providers, managed security service providers, providers of online market places, of online search engines and of social networking services platforms, and trust service providers;350381001508;eu-west-1;2026-08-01 19:04:21.788096;3.4.2.c;"review the appropriate logs for the purposes of event assessment and classification;";3 INCIDENT HANDLING (ARTICLE 21(2), POINT (B), OF DIRECTIVE (EU) 2022/2555);3.4 Event assessment and classification;;cloudwatch;;PASS;Trail research-trail from home region us-east-1 is multi-region, is logging and have management events enabled.;arn:aws:cloudtrail:us-east-1:350381001508:trail/research-trail;cloudtrail_multi_region_enabled_logging_management_events;False;research-trail;NIS2;NIS2 - Network and Information Security Directive (Directive (EU) 2022/2555);
aws;ANNEX to the Commission Implementing Regulation laying down rules for the application of Directive (EU) 2022/2555 as regards technical and methodological requirements of cybersecurity risk-management measures and further specification of the cases in which an incident is considered to be significant with regard to DNS service providers, TLD name registries, cloud computing service providers, data centre service providers, content delivery network providers, managed service providers, managed security service providers, providers of online market places, of online search engines and of social networking services platforms, and trust service providers;350381001508;eu-west-2;2026-08-01 19:04:21.788096;3.1.2.a;"a categorisation system for incidents that is consistent with the event assessment and classification carried out pursuant to point 3.4.1.;";3 INCIDENT HANDLING (ARTICLE 21(2), POINT (B), OF DIRECTIVE (EU) 2022/2555);3.1 Incident handling policy;;generic;;PASS;Trail research-trail from home region us-east-1 is multi-region, is logging and have management events enabled.;arn:aws:cloudtrail:us-east-1:350381001508:trail/research-trail;cloudtrail_multi_region_enabled_logging_management_events;False;research-trail;NIS2;NIS2 - Network and Information Security Directive (Directive (EU) 2022/2555);
aws;ANNEX to the Commission Implementing Regulation laying down rules for the application of Directive (EU) 2022/2555 as regards technical and methodological requirements of cybersecurity risk-management measures and further specification of the cases in which an incident is considered to be significant with regard to DNS service providers, TLD name registries, cloud computing service providers, data centre service providers, content delivery network providers, managed service providers, managed security service providers, providers of online market places, of online search engines and of social networking services platforms, and trust service providers;350381001508;eu-west-2;2026-08-01 19:04:21.788096;3.2.3.c;"access to systems and applications;";3 INCIDENT HANDLING (ARTICLE 21(2), POINT (B), OF DIRECTIVE (EU) 2022/2555);3.2 Monitoring and logging;;generic;;PASS;Trail research-trail from home region us-east-1 is multi-region, is logging and have management events enabled.;arn:aws:cloudtrail:us-east-1:350381001508:trail/research-trail;cloudtrail_multi_region_enabled_logging_management_events;False;research-trail;NIS2;NIS2 - Network and Information Security Directive (Directive (EU) 2022/2555);
aws;ANNEX to the Commission Implementing Regulation laying down rules for the application of Directive (EU) 2022/2555 as regards technical and methodological requirements of cybersecurity risk-management measures and further specification of the cases in which an incident is considered to be significant with regard to DNS service providers, TLD name registries, cloud computing service providers, data centre service providers, content delivery network providers, managed service providers, managed security service providers, providers of online market places, of online search engines and of social networking services platforms, and trust service providers;350381001508;eu-west-2;2026-08-01 19:04:21.788096;3.4.2.c;"review the appropriate logs for the purposes of event assessment and classification;";3 INCIDENT HANDLING (ARTICLE 21(2), POINT (B), OF DIRECTIVE (EU) 2022/2555);3.4 Event assessment and classification;;cloudwatch;;PASS;Trail research-trail from home region us-east-1 is multi-region, is logging and have management events enabled.;arn:aws:cloudtrail:us-east-1:350381001508:trail/research-trail;cloudtrail_multi_region_enabled_logging_management_events;False;research-trail;NIS2;NIS2 - Network and Information Security Directive (Directive (EU) 2022/2555);
aws;ANNEX to the Commission Implementing Regulation laying down rules for the application of Directive (EU) 2022/2555 as regards technical and methodological requirements of cybersecurity risk-management measures and further specification of the cases in which an incident is considered to be significant with regard to DNS service providers, TLD name registries, cloud computing service providers, data centre service providers, content delivery network providers, managed service providers, managed security service providers, providers of online market places, of online search engines and of social networking services platforms, and trust service providers;350381001508;eu-west-3;2026-08-01 19:04:21.788096;3.1.2.a;"a categorisation system for incidents that is consistent with the event assessment and classification carried out pursuant to point 3.4.1.;";3 INCIDENT HANDLING (ARTICLE 21(2), POINT (B), OF DIRECTIVE (EU) 2022/2555);3.1 Incident handling policy;;generic;;PASS;Trail research-trail from home region us-east-1 is multi-region, is logging and have management events enabled.;arn:aws:cloudtrail:us-east-1:350381001508:trail/research-trail;cloudtrail_multi_region_enabled_logging_management_events;False;research-trail;NIS2;NIS2 - Network and Information Security Directive (Directive (EU) 2022/2555);
aws;ANNEX to the Commission Implementing Regulation laying down rules for the application of Directive (EU) 2022/2555 as regards technical and methodological requirements of cybersecurity risk-management measures and further specification of the cases in which an incident is considered to be significant with regard to DNS service providers, TLD name registries, cloud computing service providers, data centre service providers, content delivery network providers, managed service providers, managed security service providers, providers of online market places, of online search engines and of social networking services platforms, and trust service providers;350381001508;eu-west-3;2026-08-01 19:04:21.788096;3.2.3.c;"access to systems and applications;";3 INCIDENT HANDLING (ARTICLE 21(2), POINT (B), OF DIRECTIVE (EU) 2022/2555);3.2 Monitoring and logging;;generic;;PASS;Trail research-trail from home region us-east-1 is multi-region, is logging and have management events enabled.;arn:aws:cloudtrail:us-east-1:350381001508:trail/research-trail;cloudtrail_multi_region_enabled_logging_management_events;False;research-trail;NIS2;NIS2 - Network and Information Security Directive (Directive (EU) 2022/2555);
aws;ANNEX to the Commission Implementing Regulation laying down rules for the application of Directive (EU) 2022/2555 as regards technical and methodological requirements of cybersecurity risk-management measures and further specification of the cases in which an incident is considered to be significant with regard to DNS service providers, TLD name registries, cloud computing service providers, data centre service providers, content delivery network providers, managed service providers, managed security service providers, providers of online market places, of online search engines and of social networking services platforms, and trust service providers;350381001508;eu-west-3;2026-08-01 19:04:21.788096;3.4.2.c;"review the appropriate logs for the purposes of event assessment and classification;";3 INCIDENT HANDLING (ARTICLE 21(2), POINT (B), OF DIRECTIVE (EU) 2022/2555);3.4 Event assessment and classification;;cloudwatch;;PASS;Trail research-trail from home region us-east-1 is multi-region, is logging and have management events enabled.;arn:aws:cloudtrail:us-east-1:350381001508:trail/research-trail;cloudtrail_multi_region_enabled_logging_management_events;False;research-trail;NIS2;NIS2 - Network and Information Security Directive (Directive (EU) 2022/2555);
aws;ANNEX to the Commission Implementing Regulation laying down rules for the application of Directive (EU) 2022/2555 as regards technical and methodological requirements of cybersecurity risk-management measures and further specification of the cases in which an incident is considered to be significant with regard to DNS service providers, TLD name registries, cloud computing service providers, data centre service providers, content delivery network providers, managed service providers, managed security service providers, providers of online market places, of online search engines and of social networking services platforms, and trust service providers;350381001508;sa-east-1;2026-08-01 19:04:21.788096;3.1.2.a;"a categorisation system for incidents that is consistent with the event assessment and classification carried out pursuant to point 3.4.1.;";3 INCIDENT HANDLING (ARTICLE 21(2), POINT (B), OF DIRECTIVE (EU) 2022/2555);3.1 Incident handling policy;;generic;;PASS;Trail research-trail from home region us-east-1 is multi-region, is logging and have management events enabled.;arn:aws:cloudtrail:us-east-1:350381001508:trail/research-trail;cloudtrail_multi_region_enabled_logging_management_events;False;research-trail;NIS2;NIS2 - Network and Information Security Directive (Directive (EU) 2022/2555);
aws;ANNEX to the Commission Implementing Regulation laying down rules for the application of Directive (EU) 2022/2555 as regards technical and methodological requirements of cybersecurity risk-management measures and further specification of the cases in which an incident is considered to be significant with regard to DNS service providers, TLD name registries, cloud computing service providers, data centre service providers, content delivery network providers, managed service providers, managed security service providers, providers of online market places, of online search engines and of social networking services platforms, and trust service providers;350381001508;sa-east-1;2026-08-01 19:04:21.788096;3.2.3.c;"access to systems and applications;";3 INCIDENT HANDLING (ARTICLE 21(2), POINT (B), OF DIRECTIVE (EU) 2022/2555);3.2 Monitoring and logging;;generic;;PASS;Trail research-trail from home region us-east-1 is multi-region, is logging and have management events enabled.;arn:aws:cloudtrail:us-east-1:350381001508:trail/research-trail;cloudtrail_multi_region_enabled_logging_management_events;False;research-trail;NIS2;NIS2 - Network and Information Security Directive (Directive (EU) 2022/2555);
aws;ANNEX to the Commission Implementing Regulation laying down rules for the application of Directive (EU) 2022/2555 as regards technical and methodological requirements of cybersecurity risk-management measures and further specification of the cases in which an incident is considered to be significant with regard to DNS service providers, TLD name registries, cloud computing service providers, data centre service providers, content delivery network providers, managed service providers, managed security service providers, providers of online market places, of online search engines and of social networking services platforms, and trust service providers;350381001508;sa-east-1;2026-08-01 19:04:21.788096;3.4.2.c;"review the appropriate logs for the purposes of event assessment and classification;";3 INCIDENT HANDLING (ARTICLE 21(2), POINT (B), OF DIRECTIVE (EU) 2022/2555);3.4 Event assessment and classification;;cloudwatch;;PASS;Trail research-trail from home region us-east-1 is multi-region, is logging and have management events enabled.;arn:aws:cloudtrail:us-east-1:350381001508:trail/research-trail;cloudtrail_multi_region_enabled_logging_management_events;False;research-trail;NIS2;NIS2 - Network and Information Security Directive (Directive (EU) 2022/2555);
aws;ANNEX to the Commission Implementing Regulation laying down rules for the application of Directive (EU) 2022/2555 as regards technical and methodological requirements of cybersecurity risk-management measures and further specification of the cases in which an incident is considered to be significant with regard to DNS service providers, TLD name registries, cloud computing service providers, data centre service providers, content delivery network providers, managed service providers, managed security service providers, providers of online market places, of online search engines and of social networking services platforms, and trust service providers;350381001508;us-east-1;2026-08-01 19:04:21.788096;3.1.2.a;"a categorisation system for incidents that is consistent with the event assessment and classification carried out pursuant to point 3.4.1.;";3 INCIDENT HANDLING (ARTICLE 21(2), POINT (B), OF DIRECTIVE (EU) 2022/2555);3.1 Incident handling policy;;generic;;PASS;Trail research-trail from home region us-east-1 is multi-region, is logging and have management events enabled.;arn:aws:cloudtrail:us-east-1:350381001508:trail/research-trail;cloudtrail_multi_region_enabled_logging_management_events;False;research-trail;NIS2;NIS2 - Network and Information Security Directive (Directive (EU) 2022/2555);
aws;ANNEX to the Commission Implementing Regulation laying down rules for the application of Directive (EU) 2022/2555 as regards technical and methodological requirements of cybersecurity risk-management measures and further specification of the cases in which an incident is considered to be significant with regard to DNS service providers, TLD name registries, cloud computing service providers, data centre service providers, content delivery network providers, managed service providers, managed security service providers, providers of online market places, of online search engines and of social networking services platforms, and trust service providers;350381001508;us-east-1;2026-08-01 19:04:21.788096;3.2.3.c;"access to systems and applications;";3 INCIDENT HANDLING (ARTICLE 21(2), POINT (B), OF DIRECTIVE (EU) 2022/2555);3.2 Monitoring and logging;;generic;;PASS;Trail research-trail from home region us-east-1 is multi-region, is logging and have management events enabled.;arn:aws:cloudtrail:us-east-1:350381001508:trail/research-trail;cloudtrail_multi_region_enabled_logging_management_events;False;research-trail;NIS2;NIS2 - Network and Information Security Directive (Directive (EU) 2022/2555);
aws;ANNEX to the Commission Implementing Regulation laying down rules for the application of Directive (EU) 2022/2555 as regards technical and methodological requirements of cybersecurity risk-management measures and further specification of the cases in which an incident is considered to be significant with regard to DNS service providers, TLD name registries, cloud computing service providers, data centre service providers, content delivery network providers, managed service providers, managed security service providers, providers of online market places, of online search engines and of social networking services platforms, and trust service providers;350381001508;us-east-1;2026-08-01 19:04:21.788096;3.4.2.c;"review the appropriate logs for the purposes of event assessment and classification;";3 INCIDENT HANDLING (ARTICLE 21(2), POINT (B), OF DIRECTIVE (EU) 2022/2555);3.4 Event assessment and classification;;cloudwatch;;PASS;Trail research-trail from home region us-east-1 is multi-region, is logging and have management events enabled.;arn:aws:cloudtrail:us-east-1:350381001508:trail/research-trail;cloudtrail_multi_region_enabled_logging_management_events;False;research-trail;NIS2;NIS2 - Network and Information Security Directive (Directive (EU) 2022/2555);
aws;ANNEX to the Commission Implementing Regulation laying down rules for the application of Directive (EU) 2022/2555 as regards technical and methodological requirements of cybersecurity risk-management measures and further specification of the cases in which an incident is considered to be significant with regard to DNS service providers, TLD name registries, cloud computing service providers, data centre service providers, content delivery network providers, managed service providers, managed security service providers, providers of online market places, of online search engines and of social networking services platforms, and trust service providers;350381001508;us-east-2;2026-08-01 19:04:21.788096;3.1.2.a;"a categorisation system for incidents that is consistent with the event assessment and classification carried out pursuant to point 3.4.1.;";3 INCIDENT HANDLING (ARTICLE 21(2), POINT (B), OF DIRECTIVE (EU) 2022/2555);3.1 Incident handling policy;;generic;;PASS;Trail research-trail from home region us-east-1 is multi-region, is logging and have management events enabled.;arn:aws:cloudtrail:us-east-1:350381001508:trail/research-trail;cloudtrail_multi_region_enabled_logging_management_events;False;research-trail;NIS2;NIS2 - Network and Information Security Directive (Directive (EU) 2022/2555);
aws;ANNEX to the Commission Implementing Regulation laying down rules for the application of Directive (EU) 2022/2555 as regards technical and methodological requirements of cybersecurity risk-management measures and further specification of the cases in which an incident is considered to be significant with regard to DNS service providers, TLD name registries, cloud computing service providers, data centre service providers, content delivery network providers, managed service providers, managed security service providers, providers of online market places, of online search engines and of social networking services platforms, and trust service providers;350381001508;us-east-2;2026-08-01 19:04:21.788096;3.2.3.c;"access to systems and applications;";3 INCIDENT HANDLING (ARTICLE 21(2), POINT (B), OF DIRECTIVE (EU) 2022/2555);3.2 Monitoring and logging;;generic;;PASS;Trail research-trail from home region us-east-1 is multi-region, is logging and have management events enabled.;arn:aws:cloudtrail:us-east-1:350381001508:trail/research-trail;cloudtrail_multi_region_enabled_logging_management_events;False;research-trail;NIS2;NIS2 - Network and Information Security Directive (Directive (EU) 2022/2555);
aws;ANNEX to the Commission Implementing Regulation laying down rules for the application of Directive (EU) 2022/2555 as regards technical and methodological requirements of cybersecurity risk-management measures and further specification of the cases in which an incident is considered to be significant with regard to DNS service providers, TLD name registries, cloud computing service providers, data centre service providers, content delivery network providers, managed service providers, managed security service providers, providers of online market places, of online search engines and of social networking services platforms, and trust service providers;350381001508;us-east-2;2026-08-01 19:04:21.788096;3.4.2.c;"review the appropriate logs for the purposes of event assessment and classification;";3 INCIDENT HANDLING (ARTICLE 21(2), POINT (B), OF DIRECTIVE (EU) 2022/2555);3.4 Event assessment and classification;;cloudwatch;;PASS;Trail research-trail from home region us-east-1 is multi-region, is logging and have management events enabled.;arn:aws:cloudtrail:us-east-1:350381001508:trail/research-trail;cloudtrail_multi_region_enabled_logging_management_events;False;research-trail;NIS2;NIS2 - Network and Information Security Directive (Directive (EU) 2022/2555);
aws;ANNEX to the Commission Implementing Regulation laying down rules for the application of Directive (EU) 2022/2555 as regards technical and methodological requirements of cybersecurity risk-management measures and further specification of the cases in which an incident is considered to be significant with regard to DNS service providers, TLD name registries, cloud computing service providers, data centre service providers, content delivery network providers, managed service providers, managed security service providers, providers of online market places, of online search engines and of social networking services platforms, and trust service providers;350381001508;us-west-1;2026-08-01 19:04:21.788096;3.1.2.a;"a categorisation system for incidents that is consistent with the event assessment and classification carried out pursuant to point 3.4.1.;";3 INCIDENT HANDLING (ARTICLE 21(2), POINT (B), OF DIRECTIVE (EU) 2022/2555);3.1 Incident handling policy;;generic;;PASS;Trail research-trail from home region us-east-1 is multi-region, is logging and have management events enabled.;arn:aws:cloudtrail:us-east-1:350381001508:trail/research-trail;cloudtrail_multi_region_enabled_logging_management_events;False;research-trail;NIS2;NIS2 - Network and Information Security Directive (Directive (EU) 2022/2555);
aws;ANNEX to the Commission Implementing Regulation laying down rules for the application of Directive (EU) 2022/2555 as regards technical and methodological requirements of cybersecurity risk-management measures and further specification of the cases in which an incident is considered to be significant with regard to DNS service providers, TLD name registries, cloud computing service providers, data centre service providers, content delivery network providers, managed service providers, managed security service providers, providers of online market places, of online search engines and of social networking services platforms, and trust service providers;350381001508;us-west-1;2026-08-01 19:04:21.788096;3.2.3.c;"access to systems and applications;";3 INCIDENT HANDLING (ARTICLE 21(2), POINT (B), OF DIRECTIVE (EU) 2022/2555);3.2 Monitoring and logging;;generic;;PASS;Trail research-trail from home region us-east-1 is multi-region, is logging and have management events enabled.;arn:aws:cloudtrail:us-east-1:350381001508:trail/research-trail;cloudtrail_multi_region_enabled_logging_management_events;False;research-trail;NIS2;NIS2 - Network and Information Security Directive (Directive (EU) 2022/2555);
aws;ANNEX to the Commission Implementing Regulation laying down rules for the application of Directive (EU) 2022/2555 as regards technical and methodological requirements of cybersecurity risk-management measures and further specification of the cases in which an incident is considered to be significant with regard to DNS service providers, TLD name registries, cloud computing service providers, data centre service providers, content delivery network providers, managed service providers, managed security service providers, providers of online market places, of online search engines and of social networking services platforms, and trust service providers;350381001508;us-west-1;2026-08-01 19:04:21.788096;3.4.2.c;"review the appropriate logs for the purposes of event assessment and classification;";3 INCIDENT HANDLING (ARTICLE 21(2), POINT (B), OF DIRECTIVE (EU) 2022/2555);3.4 Event assessment and classification;;cloudwatch;;PASS;Trail research-trail from home region us-east-1 is multi-region, is logging and have management events enabled.;arn:aws:cloudtrail:us-east-1:350381001508:trail/research-trail;cloudtrail_multi_region_enabled_logging_management_events;False;research-trail;NIS2;NIS2 - Network and Information Security Directive (Directive (EU) 2022/2555);
aws;ANNEX to the Commission Implementing Regulation laying down rules for the application of Directive (EU) 2022/2555 as regards technical and methodological requirements of cybersecurity risk-management measures and further specification of the cases in which an incident is considered to be significant with regard to DNS service providers, TLD name registries, cloud computing service providers, data centre service providers, content delivery network providers, managed service providers, managed security service providers, providers of online market places, of online search engines and of social networking services platforms, and trust service providers;350381001508;us-west-2;2026-08-01 19:04:21.788096;3.1.2.a;"a categorisation system for incidents that is consistent with the event assessment and classification carried out pursuant to point 3.4.1.;";3 INCIDENT HANDLING (ARTICLE 21(2), POINT (B), OF DIRECTIVE (EU) 2022/2555);3.1 Incident handling policy;;generic;;PASS;Trail research-trail from home region us-east-1 is multi-region, is logging and have management events enabled.;arn:aws:cloudtrail:us-east-1:350381001508:trail/research-trail;cloudtrail_multi_region_enabled_logging_management_events;False;research-trail;NIS2;NIS2 - Network and Information Security Directive (Directive (EU) 2022/2555);
aws;ANNEX to the Commission Implementing Regulation laying down rules for the application of Directive (EU) 2022/2555 as regards technical and methodological requirements of cybersecurity risk-management measures and further specification of the cases in which an incident is considered to be significant with regard to DNS service providers, TLD name registries, cloud computing service providers, data centre service providers, content delivery network providers, managed service providers, managed security service providers, providers of online market places, of online search engines and of social networking services platforms, and trust service providers;350381001508;us-west-2;2026-08-01 19:04:21.788096;3.2.3.c;"access to systems and applications;";3 INCIDENT HANDLING (ARTICLE 21(2), POINT (B), OF DIRECTIVE (EU) 2022/2555);3.2 Monitoring and logging;;generic;;PASS;Trail research-trail from home region us-east-1 is multi-region, is logging and have management events enabled.;arn:aws:cloudtrail:us-east-1:350381001508:trail/research-trail;cloudtrail_multi_region_enabled_logging_management_events;False;research-trail;NIS2;NIS2 - Network and Information Security Directive (Directive (EU) 2022/2555);
aws;ANNEX to the Commission Implementing Regulation laying down rules for the application of Directive (EU) 2022/2555 as regards technical and methodological requirements of cybersecurity risk-management measures and further specification of the cases in which an incident is considered to be significant with regard to DNS service providers, TLD name registries, cloud computing service providers, data centre service providers, content delivery network providers, managed service providers, managed security service providers, providers of online market places, of online search engines and of social networking services platforms, and trust service providers;350381001508;us-west-2;2026-08-01 19:04:21.788096;3.4.2.c;"review the appropriate logs for the purposes of event assessment and classification;";3 INCIDENT HANDLING (ARTICLE 21(2), POINT (B), OF DIRECTIVE (EU) 2022/2555);3.4 Event assessment and classification;;cloudwatch;;PASS;Trail research-trail from home region us-east-1 is multi-region, is logging and have management events enabled.;arn:aws:cloudtrail:us-east-1:350381001508:trail/research-trail;cloudtrail_multi_region_enabled_logging_management_events;False;research-trail;NIS2;NIS2 - Network and Information Security Directive (Directive (EU) 2022/2555);
aws;ANNEX to the Commission Implementing Regulation laying down rules for the application of Directive (EU) 2022/2555 as regards technical and methodological requirements of cybersecurity risk-management measures and further specification of the cases in which an incident is considered to be significant with regard to DNS service providers, TLD name registries, cloud computing service providers, data centre service providers, content delivery network providers, managed service providers, managed security service providers, providers of online market places, of online search engines and of social networking services platforms, and trust service providers;350381001508;us-east-1;2026-08-01 19:04:21.788096;3.2.3.c;"access to systems and applications;";3 INCIDENT HANDLING (ARTICLE 21(2), POINT (B), OF DIRECTIVE (EU) 2022/2555);3.2 Monitoring and logging;;generic;;FAIL;No CloudTrail trails have a data event to record all S3 object-level API operations.;arn:aws:cloudtrail:us-east-1:350381001508:trail;cloudtrail_s3_dataevents_read_enabled;False;350381001508;NIS2;NIS2 - Network and Information Security Directive (Directive (EU) 2022/2555);
aws;ANNEX to the Commission Implementing Regulation laying down rules for the application of Directive (EU) 2022/2555 as regards technical and methodological requirements of cybersecurity risk-management measures and further specification of the cases in which an incident is considered to be significant with regard to DNS service providers, TLD name registries, cloud computing service providers, data centre service providers, content delivery network providers, managed service providers, managed security service providers, providers of online market places, of online search engines and of social networking services platforms, and trust service providers;350381001508;us-east-1;2026-08-01 19:04:21.788096;3.2.3.g;"event logs and logs from security tools, such as antivirus, intrusion detection systems or firewalls;";3 INCIDENT HANDLING (ARTICLE 21(2), POINT (B), OF DIRECTIVE (EU) 2022/2555);3.2 Monitoring and logging;;generic;;FAIL;No CloudTrail trails have a data event to record all S3 object-level API operations.;arn:aws:cloudtrail:us-east-1:350381001508:trail;cloudtrail_s3_dataevents_read_enabled;False;350381001508;NIS2;NIS2 - Network and Information Security Directive (Directive (EU) 2022/2555);
aws;ANNEX to the Commission Implementing Regulation laying down rules for the application of Directive (EU) 2022/2555 as regards technical and methodological requirements of cybersecurity risk-management measures and further specification of the cases in which an incident is considered to be significant with regard to DNS service providers, TLD name registries, cloud computing service providers, data centre service providers, content delivery network providers, managed service providers, managed security service providers, providers of online market places, of online search engines and of social networking services platforms, and trust service providers;350381001508;us-east-1;2026-08-01 19:04:21.788096;3.4.2.c;"review the appropriate logs for the purposes of event assessment and classification;";3 INCIDENT HANDLING (ARTICLE 21(2), POINT (B), OF DIRECTIVE (EU) 2022/2555);3.4 Event assessment and classification;;cloudwatch;;FAIL;No CloudTrail trails have a data event to record all S3 object-level API operations.;arn:aws:cloudtrail:us-east-1:350381001508:trail;cloudtrail_s3_dataevents_read_enabled;False;350381001508;NIS2;NIS2 - Network and Information Security Directive (Directive (EU) 2022/2555);
aws;ANNEX to the Commission Implementing Regulation laying down rules for the application of Directive (EU) 2022/2555 as regards technical and methodological requirements of cybersecurity risk-management measures and further specification of the cases in which an incident is considered to be significant with regard to DNS service providers, TLD name registries, cloud computing service providers, data centre service providers, content delivery network providers, managed service providers, managed security service providers, providers of online market places, of online search engines and of social networking services platforms, and trust service providers;350381001508;us-east-1;2026-08-01 19:04:21.788096;3.2.3.c;"access to systems and applications;";3 INCIDENT HANDLING (ARTICLE 21(2), POINT (B), OF DIRECTIVE (EU) 2022/2555);3.2 Monitoring and logging;;generic;;FAIL;No CloudTrail trails have a data event to record all S3 object-level API operations.;arn:aws:cloudtrail:us-east-1:350381001508:trail;cloudtrail_s3_dataevents_write_enabled;False;350381001508;NIS2;NIS2 - Network and Information Security Directive (Directive (EU) 2022/2555);
aws;ANNEX to the Commission Implementing Regulation laying down rules for the application of Directive (EU) 2022/2555 as regards technical and methodological requirements of cybersecurity risk-management measures and further specification of the cases in which an incident is considered to be significant with regard to DNS service providers, TLD name registries, cloud computing service providers, data centre service providers, content delivery network providers, managed service providers, managed security service providers, providers of online market places, of online search engines and of social networking services platforms, and trust service providers;350381001508;us-east-1;2026-08-01 19:04:21.788096;3.2.3.g;"event logs and logs from security tools, such as antivirus, intrusion detection systems or firewalls;";3 INCIDENT HANDLING (ARTICLE 21(2), POINT (B), OF DIRECTIVE (EU) 2022/2555);3.2 Monitoring and logging;;generic;;FAIL;No CloudTrail trails have a data event to record all S3 object-level API operations.;arn:aws:cloudtrail:us-east-1:350381001508:trail;cloudtrail_s3_dataevents_write_enabled;False;350381001508;NIS2;NIS2 - Network and Information Security Directive (Directive (EU) 2022/2555);
aws;ANNEX to the Commission Implementing Regulation laying down rules for the application of Directive (EU) 2022/2555 as regards technical and methodological requirements of cybersecurity risk-management measures and further specification of the cases in which an incident is considered to be significant with regard to DNS service providers, TLD name registries, cloud computing service providers, data centre service providers, content delivery network providers, managed service providers, managed security service providers, providers of online market places, of online search engines and of social networking services platforms, and trust service providers;350381001508;us-east-1;2026-08-01 19:04:21.788096;2.2.3;The relevant entities shall perform the compliance monitoring at planned intervals and when significant incidents or significant changes to operations or risks occur.;2 RISK MANAGEMENT POLICY (ARTICLE 21(2), POINT (A) OF DIRECTIVE (EU) 2022/2555);2.2 Compliance monitoring;;generic;;FAIL;No CloudWatch log groups found with metric filters or alarms associated.;arn:aws:logs:us-east-1:350381001508:log-group;cloudwatch_changes_to_network_acls_alarm_configured;False;350381001508;NIS2;NIS2 - Network and Information Security Directive (Directive (EU) 2022/2555);
aws;ANNEX to the Commission Implementing Regulation laying down rules for the application of Directive (EU) 2022/2555 as regards technical and methodological requirements of cybersecurity risk-management measures and further specification of the cases in which an incident is considered to be significant with regard to DNS service providers, TLD name registries, cloud computing service providers, data centre service providers, content delivery network providers, managed service providers, managed security service providers, providers of online market places, of online search engines and of social networking services platforms, and trust service providers;350381001508;us-east-1;2026-08-01 19:04:21.788096;3.2.3.a;"relevant outbound and inbound network traffic;";3 INCIDENT HANDLING (ARTICLE 21(2), POINT (B), OF DIRECTIVE (EU) 2022/2555);3.2 Monitoring and logging;;generic;;FAIL;No CloudWatch log groups found with metric filters or alarms associated.;arn:aws:logs:us-east-1:350381001508:log-group;cloudwatch_changes_to_network_acls_alarm_configured;False;350381001508;NIS2;NIS2 - Network and Information Security Directive (Directive (EU) 2022/2555);
aws;ANNEX to the Commission Implementing Regulation laying down rules for the application of Directive (EU) 2022/2555 as regards technical and methodological requirements of cybersecurity risk-management measures and further specification of the cases in which an incident is considered to be significant with regard to DNS service providers, TLD name registries, cloud computing service providers, data centre service providers, content delivery network providers, managed service providers, managed security service providers, providers of online market places, of online search engines and of social networking services platforms, and trust service providers;350381001508;us-east-1;2026-08-01 19:04:21.788096;3.2.3.c;"access to systems and applications;";3 INCIDENT HANDLING (ARTICLE 21(2), POINT (B), OF DIRECTIVE (EU) 2022/2555);3.2 Monitoring and logging;;generic;;FAIL;No CloudWatch log groups found with metric filters or alarms associated.;arn:aws:logs:us-east-1:350381001508:log-group;cloudwatch_changes_to_network_acls_alarm_configured;False;350381001508;NIS2;NIS2 - Network and Information Security Directive (Directive (EU) 2022/2555);
aws;ANNEX to the Commission Implementing Regulation laying down rules for the application of Directive (EU) 2022/2555 as regards technical and methodological requirements of cybersecurity risk-management measures and further specification of the cases in which an incident is considered to be significant with regard to DNS service providers, TLD name registries, cloud computing service providers, data centre service providers, content delivery network providers, managed service providers, managed security service providers, providers of online market places, of online search engines and of social networking services platforms, and trust service providers;350381001508;us-east-1;2026-08-01 19:04:21.788096;3.2.3.f;"access or changes to critical configuration and backup files;";3 INCIDENT HANDLING (ARTICLE 21(2), POINT (B), OF DIRECTIVE (EU) 2022/2555);3.2 Monitoring and logging;;generic;;FAIL;No CloudWatch log groups found with metric filters or alarms associated.;arn:aws:logs:us-east-1:350381001508:log-group;cloudwatch_changes_to_network_acls_alarm_configured;False;350381001508;NIS2;NIS2 - Network and Information Security Directive (Directive (EU) 2022/2555);
aws;ANNEX to the Commission Implementing Regulation laying down rules for the application of Directive (EU) 2022/2555 as regards technical and methodological requirements of cybersecurity risk-management measures and further specification of the cases in which an incident is considered to be significant with regard to DNS service providers, TLD name registries, cloud computing service providers, data centre service providers, content delivery network providers, managed service providers, managed security service providers, providers of online market places, of online search engines and of social networking services platforms, and trust service providers;350381001508;us-east-1;2026-08-01 19:04:21.788096;6.4.1;The relevant entities shall apply change management procedures to control changes of network and information systems. Where applicable, the procedures shall be consistent with the relevant entities general policies concerning change management.;6 SECURITY IN NETWORK AND INFORMATION SYSTEMS ACQUISITION, DEVELOPMENT AND MAINTENANCE (ARTICLE 21(2), POINT (E), OF DIRECTIVE (EU) 2022/2555);6.4 Change management, repairs and maintenance;;cloudwatch;;FAIL;No CloudWatch log groups found with metric filters or alarms associated.;arn:aws:logs:us-east-1:350381001508:log-group;cloudwatch_changes_to_network_acls_alarm_configured;False;350381001508;NIS2;NIS2 - Network and Information Security Directive (Directive (EU) 2022/2555);
aws;ANNEX to the Commission Implementing Regulation laying down rules for the application of Directive (EU) 2022/2555 as regards technical and methodological requirements of cybersecurity risk-management measures and further specification of the cases in which an incident is considered to be significant with regard to DNS service providers, TLD name registries, cloud computing service providers, data centre service providers, content delivery network providers, managed service providers, managed security service providers, providers of online market places, of online search engines and of social networking services platforms, and trust service providers;350381001508;us-east-1;2026-08-01 19:04:21.788096;2.2.3;The relevant entities shall perform the compliance monitoring at planned intervals and when significant incidents or significant changes to operations or risks occur.;2 RISK MANAGEMENT POLICY (ARTICLE 21(2), POINT (A) OF DIRECTIVE (EU) 2022/2555);2.2 Compliance monitoring;;generic;;FAIL;No CloudWatch log groups found with metric filters or alarms associated.;arn:aws:logs:us-east-1:350381001508:log-group;cloudwatch_changes_to_network_gateways_alarm_configured;False;350381001508;NIS2;NIS2 - Network and Information Security Directive (Directive (EU) 2022/2555);
aws;ANNEX to the Commission Implementing Regulation laying down rules for the application of Directive (EU) 2022/2555 as regards technical and methodological requirements of cybersecurity risk-management measures and further specification of the cases in which an incident is considered to be significant with regard to DNS service providers, TLD name registries, cloud computing service providers, data centre service providers, content delivery network providers, managed service providers, managed security service providers, providers of online market places, of online search engines and of social networking services platforms, and trust service providers;350381001508;us-east-1;2026-08-01 19:04:21.788096;3.2.3.a;"relevant outbound and inbound network traffic;";3 INCIDENT HANDLING (ARTICLE 21(2), POINT (B), OF DIRECTIVE (EU) 2022/2555);3.2 Monitoring and logging;;generic;;FAIL;No CloudWatch log groups found with metric filters or alarms associated.;arn:aws:logs:us-east-1:350381001508:log-group;cloudwatch_changes_to_network_gateways_alarm_configured;False;350381001508;NIS2;NIS2 - Network and Information Security Directive (Directive (EU) 2022/2555);
aws;ANNEX to the Commission Implementing Regulation laying down rules for the application of Directive (EU) 2022/2555 as regards technical and methodological requirements of cybersecurity risk-management measures and further specification of the cases in which an incident is considered to be significant with regard to DNS service providers, TLD name registries, cloud computing service providers, data centre service providers, content delivery network providers, managed service providers, managed security service providers, providers of online market places, of online search engines and of social networking services platforms, and trust service providers;350381001508;us-east-1;2026-08-01 19:04:21.788096;3.2.3.c;"access to systems and applications;";3 INCIDENT HANDLING (ARTICLE 21(2), POINT (B), OF DIRECTIVE (EU) 2022/2555);3.2 Monitoring and logging;;generic;;FAIL;No CloudWatch log groups found with metric filters or alarms associated.;arn:aws:logs:us-east-1:350381001508:log-group;cloudwatch_changes_to_network_gateways_alarm_configured;False;350381001508;NIS2;NIS2 - Network and Information Security Directive (Directive (EU) 2022/2555);
aws;ANNEX to the Commission Implementing Regulation laying down rules for the application of Directive (EU) 2022/2555 as regards technical and methodological requirements of cybersecurity risk-management measures and further specification of the cases in which an incident is considered to be significant with regard to DNS service providers, TLD name registries, cloud computing service providers, data centre service providers, content delivery network providers, managed service providers, managed security service providers, providers of online market places, of online search engines and of social networking services platforms, and trust service providers;350381001508;us-east-1;2026-08-01 19:04:21.788096;3.2.3.f;"access or changes to critical configuration and backup files;";3 INCIDENT HANDLING (ARTICLE 21(2), POINT (B), OF DIRECTIVE (EU) 2022/2555);3.2 Monitoring and logging;;generic;;FAIL;No CloudWatch log groups found with metric filters or alarms associated.;arn:aws:logs:us-east-1:350381001508:log-group;cloudwatch_changes_to_network_gateways_alarm_configured;False;350381001508;NIS2;NIS2 - Network and Information Security Directive (Directive (EU) 2022/2555);
aws;ANNEX to the Commission Implementing Regulation laying down rules for the application of Directive (EU) 2022/2555 as regards technical and methodological requirements of cybersecurity risk-management measures and further specification of the cases in which an incident is considered to be significant with regard to DNS service providers, TLD name registries, cloud computing service providers, data centre service providers, content delivery network providers, managed service providers, managed security service providers, providers of online market places, of online search engines and of social networking services platforms, and trust service providers;350381001508;us-east-1;2026-08-01 19:04:21.788096;3.2.4;The logs shall be regularly reviewed for any unusual or unwanted trends. Where appropriate, the relevant entities shall lay down appropriate values for alarm thresholds. If the laid down values for alarm threshold are exceeded, an alarm shall be triggered, where appropriate, automatically. The relevant entities shall ensure that, in case of an alarm, a qualified and appropriate response is initiated in a timely manner.;3 INCIDENT HANDLING (ARTICLE 21(2), POINT (B), OF DIRECTIVE (EU) 2022/2555);3.2 Monitoring and logging;;cloudwatch;;FAIL;No CloudWatch log groups found with metric filters or alarms associated.;arn:aws:logs:us-east-1:350381001508:log-group;cloudwatch_changes_to_network_gateways_alarm_configured;False;350381001508;NIS2;NIS2 - Network and Information Security Directive (Directive (EU) 2022/2555);
aws;ANNEX to the Commission Implementing Regulation laying down rules for the application of Directive (EU) 2022/2555 as regards technical and methodological requirements of cybersecurity risk-management measures and further specification of the cases in which an incident is considered to be significant with regard to DNS service providers, TLD name registries, cloud computing service providers, data centre service providers, content delivery network providers, managed service providers, managed security service providers, providers of online market places, of online search engines and of social networking services platforms, and trust service providers;350381001508;us-east-1;2026-08-01 19:04:21.788096;6.4.1;The relevant entities shall apply change management procedures to control changes of network and information systems. Where applicable, the procedures shall be consistent with the relevant entities general policies concerning change management.;6 SECURITY IN NETWORK AND INFORMATION SYSTEMS ACQUISITION, DEVELOPMENT AND MAINTENANCE (ARTICLE 21(2), POINT (E), OF DIRECTIVE (EU) 2022/2555);6.4 Change management, repairs and maintenance;;cloudwatch;;FAIL;No CloudWatch log groups found with metric filters or alarms associated.;arn:aws:logs:us-east-1:350381001508:log-group;cloudwatch_changes_to_network_gateways_alarm_configured;False;350381001508;NIS2;NIS2 - Network and Information Security Directive (Directive (EU) 2022/2555);
aws;ANNEX to the Commission Implementing Regulation laying down rules for the application of Directive (EU) 2022/2555 as regards technical and methodological requirements of cybersecurity risk-management measures and further specification of the cases in which an incident is considered to be significant with regard to DNS service providers, TLD name registries, cloud computing service providers, data centre service providers, content delivery network providers, managed service providers, managed security service providers, providers of online market places, of online search engines and of social networking services platforms, and trust service providers;350381001508;us-east-1;2026-08-01 19:04:21.788096;2.2.3;The relevant entities shall perform the compliance monitoring at planned intervals and when significant incidents or significant changes to operations or risks occur.;2 RISK MANAGEMENT POLICY (ARTICLE 21(2), POINT (A) OF DIRECTIVE (EU) 2022/2555);2.2 Compliance monitoring;;generic;;FAIL;No CloudWatch log groups found with metric filters or alarms associated.;arn:aws:logs:us-east-1:350381001508:log-group;cloudwatch_changes_to_network_route_tables_alarm_configured;False;350381001508;NIS2;NIS2 - Network and Information Security Directive (Directive (EU) 2022/2555);
aws;ANNEX to the Commission Implementing Regulation laying down rules for the application of Directive (EU) 2022/2555 as regards technical and methodological requirements of cybersecurity risk-management measures and further specification of the cases in which an incident is considered to be significant with regard to DNS service providers, TLD name registries, cloud computing service providers, data centre service providers, content delivery network providers, managed service providers, managed security service providers, providers of online market places, of online search engines and of social networking services platforms, and trust service providers;350381001508;us-east-1;2026-08-01 19:04:21.788096;3.2.3.a;"relevant outbound and inbound network traffic;";3 INCIDENT HANDLING (ARTICLE 21(2), POINT (B), OF DIRECTIVE (EU) 2022/2555);3.2 Monitoring and logging;;generic;;FAIL;No CloudWatch log groups found with metric filters or alarms associated.;arn:aws:logs:us-east-1:350381001508:log-group;cloudwatch_changes_to_network_route_tables_alarm_configured;False;350381001508;NIS2;NIS2 - Network and Information Security Directive (Directive (EU) 2022/2555);
aws;ANNEX to the Commission Implementing Regulation laying down rules for the application of Directive (EU) 2022/2555 as regards technical and methodological requirements of cybersecurity risk-management measures and further specification of the cases in which an incident is considered to be significant with regard to DNS service providers, TLD name registries, cloud computing service providers, data centre service providers, content delivery network providers, managed service providers, managed security service providers, providers of online market places, of online search engines and of social networking services platforms, and trust service providers;350381001508;us-east-1;2026-08-01 19:04:21.788096;3.2.3.f;"access or changes to critical configuration and backup files;";3 INCIDENT HANDLING (ARTICLE 21(2), POINT (B), OF DIRECTIVE (EU) 2022/2555);3.2 Monitoring and logging;;generic;;FAIL;No CloudWatch log groups found with metric filters or alarms associated.;arn:aws:logs:us-east-1:350381001508:log-group;cloudwatch_changes_to_network_route_tables_alarm_configured;False;350381001508;NIS2;NIS2 - Network and Information Security Directive (Directive (EU) 2022/2555);
aws;ANNEX to the Commission Implementing Regulation laying down rules for the application of Directive (EU) 2022/2555 as regards technical and methodological requirements of cybersecurity risk-management measures and further specification of the cases in which an incident is considered to be significant with regard to DNS service providers, TLD name registries, cloud computing service providers, data centre service providers, content delivery network providers, managed service providers, managed security service providers, providers of online market places, of online search engines and of social networking services platforms, and trust service providers;350381001508;us-east-1;2026-08-01 19:04:21.788096;3.2.4;The logs shall be regularly reviewed for any unusual or unwanted trends. Where appropriate, the relevant entities shall lay down appropriate values for alarm thresholds. If the laid down values for alarm threshold are exceeded, an alarm shall be triggered, where appropriate, automatically. The relevant entities shall ensure that, in case of an alarm, a qualified and appropriate response is initiated in a timely manner.;3 INCIDENT HANDLING (ARTICLE 21(2), POINT (B), OF DIRECTIVE (EU) 2022/2555);3.2 Monitoring and logging;;cloudwatch;;FAIL;No CloudWatch log groups found with metric filters or alarms associated.;arn:aws:logs:us-east-1:350381001508:log-group;cloudwatch_changes_to_network_route_tables_alarm_configured;False;350381001508;NIS2;NIS2 - Network and Information Security Directive (Directive (EU) 2022/2555);
aws;ANNEX to the Commission Implementing Regulation laying down rules for the application of Directive (EU) 2022/2555 as regards technical and methodological requirements of cybersecurity risk-management measures and further specification of the cases in which an incident is considered to be significant with regard to DNS service providers, TLD name registries, cloud computing service providers, data centre service providers, content delivery network providers, managed service providers, managed security service providers, providers of online market places, of online search engines and of social networking services platforms, and trust service providers;350381001508;us-east-1;2026-08-01 19:04:21.788096;6.4.1;The relevant entities shall apply change management procedures to control changes of network and information systems. Where applicable, the procedures shall be consistent with the relevant entities general policies concerning change management.;6 SECURITY IN NETWORK AND INFORMATION SYSTEMS ACQUISITION, DEVELOPMENT AND MAINTENANCE (ARTICLE 21(2), POINT (E), OF DIRECTIVE (EU) 2022/2555);6.4 Change management, repairs and maintenance;;cloudwatch;;FAIL;No CloudWatch log groups found with metric filters or alarms associated.;arn:aws:logs:us-east-1:350381001508:log-group;cloudwatch_changes_to_network_route_tables_alarm_configured;False;350381001508;NIS2;NIS2 - Network and Information Security Directive (Directive (EU) 2022/2555);
aws;ANNEX to the Commission Implementing Regulation laying down rules for the application of Directive (EU) 2022/2555 as regards technical and methodological requirements of cybersecurity risk-management measures and further specification of the cases in which an incident is considered to be significant with regard to DNS service providers, TLD name registries, cloud computing service providers, data centre service providers, content delivery network providers, managed service providers, managed security service providers, providers of online market places, of online search engines and of social networking services platforms, and trust service providers;350381001508;us-east-1;2026-08-01 19:04:21.788096;2.2.3;The relevant entities shall perform the compliance monitoring at planned intervals and when significant incidents or significant changes to operations or risks occur.;2 RISK MANAGEMENT POLICY (ARTICLE 21(2), POINT (A) OF DIRECTIVE (EU) 2022/2555);2.2 Compliance monitoring;;generic;;FAIL;No CloudWatch log groups found with metric filters or alarms associated.;arn:aws:logs:us-east-1:350381001508:log-group;cloudwatch_changes_to_vpcs_alarm_configured;False;350381001508;NIS2;NIS2 - Network and Information Security Directive (Directive (EU) 2022/2555);
aws;ANNEX to the Commission Implementing Regulation laying down rules for the application of Directive (EU) 2022/2555 as regards technical and methodological requirements of cybersecurity risk-management measures and further specification of the cases in which an incident is considered to be significant with regard to DNS service providers, TLD name registries, cloud computing service providers, data centre service providers, content delivery network providers, managed service providers, managed security service providers, providers of online market places, of online search engines and of social networking services platforms, and trust service providers;350381001508;us-east-1;2026-08-01 19:04:21.788096;3.2.3.c;"access to systems and applications;";3 INCIDENT HANDLING (ARTICLE 21(2), POINT (B), OF DIRECTIVE (EU) 2022/2555);3.2 Monitoring and logging;;generic;;FAIL;No CloudWatch log groups found with metric filters or alarms associated.;arn:aws:logs:us-east-1:350381001508:log-group;cloudwatch_changes_to_vpcs_alarm_configured;False;350381001508;NIS2;NIS2 - Network and Information Security Directive (Directive (EU) 2022/2555);
aws;ANNEX to the Commission Implementing Regulation laying down rules for the application of Directive (EU) 2022/2555 as regards technical and methodological requirements of cybersecurity risk-management measures and further specification of the cases in which an incident is considered to be significant with regard to DNS service providers, TLD name registries, cloud computing service providers, data centre service providers, content delivery network providers, managed service providers, managed security service providers, providers of online market places, of online search engines and of social networking services platforms, and trust service providers;350381001508;us-east-1;2026-08-01 19:04:21.788096;3.2.3.f;"access or changes to critical configuration and backup files;";3 INCIDENT HANDLING (ARTICLE 21(2), POINT (B), OF DIRECTIVE (EU) 2022/2555);3.2 Monitoring and logging;;generic;;FAIL;No CloudWatch log groups found with metric filters or alarms associated.;arn:aws:logs:us-east-1:350381001508:log-group;cloudwatch_changes_to_vpcs_alarm_configured;False;350381001508;NIS2;NIS2 - Network and Information Security Directive (Directive (EU) 2022/2555);
aws;ANNEX to the Commission Implementing Regulation laying down rules for the application of Directive (EU) 2022/2555 as regards technical and methodological requirements of cybersecurity risk-management measures and further specification of the cases in which an incident is considered to be significant with regard to DNS service providers, TLD name registries, cloud computing service providers, data centre service providers, content delivery network providers, managed service providers, managed security service providers, providers of online market places, of online search engines and of social networking services platforms, and trust service providers;350381001508;us-east-1;2026-08-01 19:04:21.788096;3.2.4;The logs shall be regularly reviewed for any unusual or unwanted trends. Where appropriate, the relevant entities shall lay down appropriate values for alarm thresholds. If the laid down values for alarm threshold are exceeded, an alarm shall be triggered, where appropriate, automatically. The relevant entities shall ensure that, in case of an alarm, a qualified and appropriate response is initiated in a timely manner.;3 INCIDENT HANDLING (ARTICLE 21(2), POINT (B), OF DIRECTIVE (EU) 2022/2555);3.2 Monitoring and logging;;cloudwatch;;FAIL;No CloudWatch log groups found with metric filters or alarms associated.;arn:aws:logs:us-east-1:350381001508:log-group;cloudwatch_changes_to_vpcs_alarm_configured;False;350381001508;NIS2;NIS2 - Network and Information Security Directive (Directive (EU) 2022/2555);
aws;ANNEX to the Commission Implementing Regulation laying down rules for the application of Directive (EU) 2022/2555 as regards technical and methodological requirements of cybersecurity risk-management measures and further specification of the cases in which an incident is considered to be significant with regard to DNS service providers, TLD name registries, cloud computing service providers, data centre service providers, content delivery network providers, managed service providers, managed security service providers, providers of online market places, of online search engines and of social networking services platforms, and trust service providers;350381001508;us-east-1;2026-08-01 19:04:21.788096;6.4.1;The relevant entities shall apply change management procedures to control changes of network and information systems. Where applicable, the procedures shall be consistent with the relevant entities general policies concerning change management.;6 SECURITY IN NETWORK AND INFORMATION SYSTEMS ACQUISITION, DEVELOPMENT AND MAINTENANCE (ARTICLE 21(2), POINT (E), OF DIRECTIVE (EU) 2022/2555);6.4 Change management, repairs and maintenance;;cloudwatch;;FAIL;No CloudWatch log groups found with metric filters or alarms associated.;arn:aws:logs:us-east-1:350381001508:log-group;cloudwatch_changes_to_vpcs_alarm_configured;False;350381001508;NIS2;NIS2 - Network and Information Security Directive (Directive (EU) 2022/2555);
aws;ANNEX to the Commission Implementing Regulation laying down rules for the application of Directive (EU) 2022/2555 as regards technical and methodological requirements of cybersecurity risk-management measures and further specification of the cases in which an incident is considered to be significant with regard to DNS service providers, TLD name registries, cloud computing service providers, data centre service providers, content delivery network providers, managed service providers, managed security service providers, providers of online market places, of online search engines and of social networking services platforms, and trust service providers;350381001508;us-east-1;2026-08-01 19:04:21.788096;2.2.3;The relevant entities shall perform the compliance monitoring at planned intervals and when significant incidents or significant changes to operations or risks occur.;2 RISK MANAGEMENT POLICY (ARTICLE 21(2), POINT (A) OF DIRECTIVE (EU) 2022/2555);2.2 Compliance monitoring;;generic;;FAIL;No CloudWatch log groups found with metric filters or alarms associated.;arn:aws:logs:us-east-1:350381001508:log-group;cloudwatch_log_metric_filter_and_alarm_for_aws_config_configuration_changes_enabled;False;350381001508;NIS2;NIS2 - Network and Information Security Directive (Directive (EU) 2022/2555);
aws;ANNEX to the Commission Implementing Regulation laying down rules for the application of Directive (EU) 2022/2555 as regards technical and methodological requirements of cybersecurity risk-management measures and further specification of the cases in which an incident is considered to be significant with regard to DNS service providers, TLD name registries, cloud computing service providers, data centre service providers, content delivery network providers, managed service providers, managed security service providers, providers of online market places, of online search engines and of social networking services platforms, and trust service providers;350381001508;us-east-1;2026-08-01 19:04:21.788096;3.2.3.c;"access to systems and applications;";3 INCIDENT HANDLING (ARTICLE 21(2), POINT (B), OF DIRECTIVE (EU) 2022/2555);3.2 Monitoring and logging;;generic;;FAIL;No CloudWatch log groups found with metric filters or alarms associated.;arn:aws:logs:us-east-1:350381001508:log-group;cloudwatch_log_metric_filter_and_alarm_for_aws_config_configuration_changes_enabled;False;350381001508;NIS2;NIS2 - Network and Information Security Directive (Directive (EU) 2022/2555);
aws;ANNEX to the Commission Implementing Regulation laying down rules for the application of Directive (EU) 2022/2555 as regards technical and methodological requirements of cybersecurity risk-management measures and further specification of the cases in which an incident is considered to be significant with regard to DNS service providers, TLD name registries, cloud computing service providers, data centre service providers, content delivery network providers, managed service providers, managed security service providers, providers of online market places, of online search engines and of social networking services platforms, and trust service providers;350381001508;us-east-1;2026-08-01 19:04:21.788096;3.2.3.f;"access or changes to critical configuration and backup files;";3 INCIDENT HANDLING (ARTICLE 21(2), POINT (B), OF DIRECTIVE (EU) 2022/2555);3.2 Monitoring and logging;;generic;;FAIL;No CloudWatch log groups found with metric filters or alarms associated.;arn:aws:logs:us-east-1:350381001508:log-group;cloudwatch_log_metric_filter_and_alarm_for_aws_config_configuration_changes_enabled;False;350381001508;NIS2;NIS2 - Network and Information Security Directive (Directive (EU) 2022/2555);
aws;ANNEX to the Commission Implementing Regulation laying down rules for the application of Directive (EU) 2022/2555 as regards technical and methodological requirements of cybersecurity risk-management measures and further specification of the cases in which an incident is considered to be significant with regard to DNS service providers, TLD name registries, cloud computing service providers, data centre service providers, content delivery network providers, managed service providers, managed security service providers, providers of online market places, of online search engines and of social networking services platforms, and trust service providers;350381001508;us-east-1;2026-08-01 19:04:21.788096;3.2.3.g;"event logs and logs from security tools, such as antivirus, intrusion detection systems or firewalls;";3 INCIDENT HANDLING (ARTICLE 21(2), POINT (B), OF DIRECTIVE (EU) 2022/2555);3.2 Monitoring and logging;;generic;;FAIL;No CloudWatch log groups found with metric filters or alarms associated.;arn:aws:logs:us-east-1:350381001508:log-group;cloudwatch_log_metric_filter_and_alarm_for_aws_config_configuration_changes_enabled;False;350381001508;NIS2;NIS2 - Network and Information Security Directive (Directive (EU) 2022/2555);
aws;ANNEX to the Commission Implementing Regulation laying down rules for the application of Directive (EU) 2022/2555 as regards technical and methodological requirements of cybersecurity risk-management measures and further specification of the cases in which an incident is considered to be significant with regard to DNS service providers, TLD name registries, cloud computing service providers, data centre service providers, content delivery network providers, managed service providers, managed security service providers, providers of online market places, of online search engines and of social networking services platforms, and trust service providers;350381001508;us-east-1;2026-08-01 19:04:21.788096;3.5.4;The relevant entities shall log incident response activities in accordance with the procedures referred to in point 3.2.1., and record evidence.;3 INCIDENT HANDLING (ARTICLE 21(2), POINT (B), OF DIRECTIVE (EU) 2022/2555);3.5 Incident response;;cloudwatch;;FAIL;No CloudWatch log groups found with metric filters or alarms associated.;arn:aws:logs:us-east-1:350381001508:log-group;cloudwatch_log_metric_filter_and_alarm_for_aws_config_configuration_changes_enabled;False;350381001508;NIS2;NIS2 - Network and Information Security Directive (Directive (EU) 2022/2555);
aws;ANNEX to the Commission Implementing Regulation laying down rules for the application of Directive (EU) 2022/2555 as regards technical and methodological requirements of cybersecurity risk-management measures and further specification of the cases in which an incident is considered to be significant with regard to DNS service providers, TLD name registries, cloud computing service providers, data centre service providers, content delivery network providers, managed service providers, managed security service providers, providers of online market places, of online search engines and of social networking services platforms, and trust service providers;350381001508;us-east-1;2026-08-01 19:04:21.788096;7.2.b;"the methods for monitoring, measurement, analysis and evaluation, as applicable, to ensure valid results;";7 POLICIES AND PROCEDURES TO ASSESS THE EFFECTIVENESS OF CYBERSECURITY RISK-MANAGEMENT MEASURES (ARTICLE 21(2), POINT (F), OF DIRECTIVE (EU) 2022/2555);7.2 The policy and procedures referred to in point 7.1. shall take into account results of the risk assessment pursuant to point 2.1. and past significant incidents. The relevant entities shall determine:;;cloudwatch;;FAIL;No CloudWatch log groups found with metric filters or alarms associated.;arn:aws:logs:us-east-1:350381001508:log-group;cloudwatch_log_metric_filter_and_alarm_for_aws_config_configuration_changes_enabled;False;350381001508;NIS2;NIS2 - Network and Information Security Directive (Directive (EU) 2022/2555);
aws;ANNEX to the Commission Implementing Regulation laying down rules for the application of Directive (EU) 2022/2555 as regards technical and methodological requirements of cybersecurity risk-management measures and further specification of the cases in which an incident is considered to be significant with regard to DNS service providers, TLD name registries, cloud computing service providers, data centre service providers, content delivery network providers, managed service providers, managed security service providers, providers of online market places, of online search engines and of social networking services platforms, and trust service providers;350381001508;us-east-1;2026-08-01 19:04:21.788096;2.2.3;The relevant entities shall perform the compliance monitoring at planned intervals and when significant incidents or significant changes to operations or risks occur.;2 RISK MANAGEMENT POLICY (ARTICLE 21(2), POINT (A) OF DIRECTIVE (EU) 2022/2555);2.2 Compliance monitoring;;generic;;FAIL;No CloudWatch log groups found with metric filters or alarms associated.;arn:aws:logs:us-east-1:350381001508:log-group;cloudwatch_log_metric_filter_and_alarm_for_cloudtrail_configuration_changes_enabled;False;350381001508;NIS2;NIS2 - Network and Information Security Directive (Directive (EU) 2022/2555);
aws;ANNEX to the Commission Implementing Regulation laying down rules for the application of Directive (EU) 2022/2555 as regards technical and methodological requirements of cybersecurity risk-management measures and further specification of the cases in which an incident is considered to be significant with regard to DNS service providers, TLD name registries, cloud computing service providers, data centre service providers, content delivery network providers, managed service providers, managed security service providers, providers of online market places, of online search engines and of social networking services platforms, and trust service providers;350381001508;us-east-1;2026-08-01 19:04:21.788096;3.2.3.c;"access to systems and applications;";3 INCIDENT HANDLING (ARTICLE 21(2), POINT (B), OF DIRECTIVE (EU) 2022/2555);3.2 Monitoring and logging;;generic;;FAIL;No CloudWatch log groups found with metric filters or alarms associated.;arn:aws:logs:us-east-1:350381001508:log-group;cloudwatch_log_metric_filter_and_alarm_for_cloudtrail_configuration_changes_enabled;False;350381001508;NIS2;NIS2 - Network and Information Security Directive (Directive (EU) 2022/2555);
aws;ANNEX to the Commission Implementing Regulation laying down rules for the application of Directive (EU) 2022/2555 as regards technical and methodological requirements of cybersecurity risk-management measures and further specification of the cases in which an incident is considered to be significant with regard to DNS service providers, TLD name registries, cloud computing service providers, data centre service providers, content delivery network providers, managed service providers, managed security service providers, providers of online market places, of online search engines and of social networking services platforms, and trust service providers;350381001508;us-east-1;2026-08-01 19:04:21.788096;3.2.3.f;"access or changes to critical configuration and backup files;";3 INCIDENT HANDLING (ARTICLE 21(2), POINT (B), OF DIRECTIVE (EU) 2022/2555);3.2 Monitoring and logging;;generic;;FAIL;No CloudWatch log groups found with metric filters or alarms associated.;arn:aws:logs:us-east-1:350381001508:log-group;cloudwatch_log_metric_filter_and_alarm_for_cloudtrail_configuration_changes_enabled;False;350381001508;NIS2;NIS2 - Network and Information Security Directive (Directive (EU) 2022/2555);
aws;ANNEX to the Commission Implementing Regulation laying down rules for the application of Directive (EU) 2022/2555 as regards technical and methodological requirements of cybersecurity risk-management measures and further specification of the cases in which an incident is considered to be significant with regard to DNS service providers, TLD name registries, cloud computing service providers, data centre service providers, content delivery network providers, managed service providers, managed security service providers, providers of online market places, of online search engines and of social networking services platforms, and trust service providers;350381001508;us-east-1;2026-08-01 19:04:21.788096;3.2.3.g;"event logs and logs from security tools, such as antivirus, intrusion detection systems or firewalls;";3 INCIDENT HANDLING (ARTICLE 21(2), POINT (B), OF DIRECTIVE (EU) 2022/2555);3.2 Monitoring and logging;;generic;;FAIL;No CloudWatch log groups found with metric filters or alarms associated.;arn:aws:logs:us-east-1:350381001508:log-group;cloudwatch_log_metric_filter_and_alarm_for_cloudtrail_configuration_changes_enabled;False;350381001508;NIS2;NIS2 - Network and Information Security Directive (Directive (EU) 2022/2555);
aws;ANNEX to the Commission Implementing Regulation laying down rules for the application of Directive (EU) 2022/2555 as regards technical and methodological requirements of cybersecurity risk-management measures and further specification of the cases in which an incident is considered to be significant with regard to DNS service providers, TLD name registries, cloud computing service providers, data centre service providers, content delivery network providers, managed service providers, managed security service providers, providers of online market places, of online search engines and of social networking services platforms, and trust service providers;350381001508;us-east-1;2026-08-01 19:04:21.788096;3.2.4;The logs shall be regularly reviewed for any unusual or unwanted trends. Where appropriate, the relevant entities shall lay down appropriate values for alarm thresholds. If the laid down values for alarm threshold are exceeded, an alarm shall be triggered, where appropriate, automatically. The relevant entities shall ensure that, in case of an alarm, a qualified and appropriate response is initiated in a timely manner.;3 INCIDENT HANDLING (ARTICLE 21(2), POINT (B), OF DIRECTIVE (EU) 2022/2555);3.2 Monitoring and logging;;cloudwatch;;FAIL;No CloudWatch log groups found with metric filters or alarms associated.;arn:aws:logs:us-east-1:350381001508:log-group;cloudwatch_log_metric_filter_and_alarm_for_cloudtrail_configuration_changes_enabled;False;350381001508;NIS2;NIS2 - Network and Information Security Directive (Directive (EU) 2022/2555);
aws;ANNEX to the Commission Implementing Regulation laying down rules for the application of Directive (EU) 2022/2555 as regards technical and methodological requirements of cybersecurity risk-management measures and further specification of the cases in which an incident is considered to be significant with regard to DNS service providers, TLD name registries, cloud computing service providers, data centre service providers, content delivery network providers, managed service providers, managed security service providers, providers of online market places, of online search engines and of social networking services platforms, and trust service providers;350381001508;us-east-1;2026-08-01 19:04:21.788096;3.5.4;The relevant entities shall log incident response activities in accordance with the procedures referred to in point 3.2.1., and record evidence.;3 INCIDENT HANDLING (ARTICLE 21(2), POINT (B), OF DIRECTIVE (EU) 2022/2555);3.5 Incident response;;cloudwatch;;FAIL;No CloudWatch log groups found with metric filters or alarms associated.;arn:aws:logs:us-east-1:350381001508:log-group;cloudwatch_log_metric_filter_and_alarm_for_cloudtrail_configuration_changes_enabled;False;350381001508;NIS2;NIS2 - Network and Information Security Directive (Directive (EU) 2022/2555);
aws;ANNEX to the Commission Implementing Regulation laying down rules for the application of Directive (EU) 2022/2555 as regards technical and methodological requirements of cybersecurity risk-management measures and further specification of the cases in which an incident is considered to be significant with regard to DNS service providers, TLD name registries, cloud computing service providers, data centre service providers, content delivery network providers, managed service providers, managed security service providers, providers of online market places, of online search engines and of social networking services platforms, and trust service providers;350381001508;us-east-1;2026-08-01 19:04:21.788096;7.2.b;"the methods for monitoring, measurement, analysis and evaluation, as applicable, to ensure valid results;";7 POLICIES AND PROCEDURES TO ASSESS THE EFFECTIVENESS OF CYBERSECURITY RISK-MANAGEMENT MEASURES (ARTICLE 21(2), POINT (F), OF DIRECTIVE (EU) 2022/2555);7.2 The policy and procedures referred to in point 7.1. shall take into account results of the risk assessment pursuant to point 2.1. and past significant incidents. The relevant entities shall determine:;;cloudwatch;;FAIL;No CloudWatch log groups found with metric filters or alarms associated.;arn:aws:logs:us-east-1:350381001508:log-group;cloudwatch_log_metric_filter_and_alarm_for_cloudtrail_configuration_changes_enabled;False;350381001508;NIS2;NIS2 - Network and Information Security Directive (Directive (EU) 2022/2555);
aws;ANNEX to the Commission Implementing Regulation laying down rules for the application of Directive (EU) 2022/2555 as regards technical and methodological requirements of cybersecurity risk-management measures and further specification of the cases in which an incident is considered to be significant with regard to DNS service providers, TLD name registries, cloud computing service providers, data centre service providers, content delivery network providers, managed service providers, managed security service providers, providers of online market places, of online search engines and of social networking services platforms, and trust service providers;350381001508;us-east-1;2026-08-01 19:04:21.788096;3.2.3.c;"access to systems and applications;";3 INCIDENT HANDLING (ARTICLE 21(2), POINT (B), OF DIRECTIVE (EU) 2022/2555);3.2 Monitoring and logging;;generic;;FAIL;No CloudWatch log groups found with metric filters or alarms associated.;arn:aws:logs:us-east-1:350381001508:log-group;cloudwatch_log_metric_filter_authentication_failures;False;350381001508;NIS2;NIS2 - Network and Information Security Directive (Directive (EU) 2022/2555);
aws;ANNEX to the Commission Implementing Regulation laying down rules for the application of Directive (EU) 2022/2555 as regards technical and methodological requirements of cybersecurity risk-management measures and further specification of the cases in which an incident is considered to be significant with regard to DNS service providers, TLD name registries, cloud computing service providers, data centre service providers, content delivery network providers, managed service providers, managed security service providers, providers of online market places, of online search engines and of social networking services platforms, and trust service providers;350381001508;us-east-1;2026-08-01 19:04:21.788096;3.2.3.d;"authentication-related events;";3 INCIDENT HANDLING (ARTICLE 21(2), POINT (B), OF DIRECTIVE (EU) 2022/2555);3.2 Monitoring and logging;;generic;;FAIL;No CloudWatch log groups found with metric filters or alarms associated.;arn:aws:logs:us-east-1:350381001508:log-group;cloudwatch_log_metric_filter_authentication_failures;False;350381001508;NIS2;NIS2 - Network and Information Security Directive (Directive (EU) 2022/2555);
aws;ANNEX to the Commission Implementing Regulation laying down rules for the application of Directive (EU) 2022/2555 as regards technical and methodological requirements of cybersecurity risk-management measures and further specification of the cases in which an incident is considered to be significant with regard to DNS service providers, TLD name registries, cloud computing service providers, data centre service providers, content delivery network providers, managed service providers, managed security service providers, providers of online market places, of online search engines and of social networking services platforms, and trust service providers;350381001508;us-east-1;2026-08-01 19:04:21.788096;3.2.3.g;"event logs and logs from security tools, such as antivirus, intrusion detection systems or firewalls;";3 INCIDENT HANDLING (ARTICLE 21(2), POINT (B), OF DIRECTIVE (EU) 2022/2555);3.2 Monitoring and logging;;generic;;FAIL;No CloudWatch log groups found with metric filters or alarms associated.;arn:aws:logs:us-east-1:350381001508:log-group;cloudwatch_log_metric_filter_authentication_failures;False;350381001508;NIS2;NIS2 - Network and Information Security Directive (Directive (EU) 2022/2555);
aws;ANNEX to the Commission Implementing Regulation laying down rules for the application of Directive (EU) 2022/2555 as regards technical and methodological requirements of cybersecurity risk-management measures and further specification of the cases in which an incident is considered to be significant with regard to DNS service providers, TLD name registries, cloud computing service providers, data centre service providers, content delivery network providers, managed service providers, managed security service providers, providers of online market places, of online search engines and of social networking services platforms, and trust service providers;350381001508;us-east-1;2026-08-01 19:04:21.788096;3.5.4;The relevant entities shall log incident response activities in accordance with the procedures referred to in point 3.2.1., and record evidence.;3 INCIDENT HANDLING (ARTICLE 21(2), POINT (B), OF DIRECTIVE (EU) 2022/2555);3.5 Incident response;;cloudwatch;;FAIL;No CloudWatch log groups found with metric filters or alarms associated.;arn:aws:logs:us-east-1:350381001508:log-group;cloudwatch_log_metric_filter_authentication_failures;False;350381001508;NIS2;NIS2 - Network and Information Security Directive (Directive (EU) 2022/2555);
aws;ANNEX to the Commission Implementing Regulation laying down rules for the application of Directive (EU) 2022/2555 as regards technical and methodological requirements of cybersecurity risk-management measures and further specification of the cases in which an incident is considered to be significant with regard to DNS service providers, TLD name registries, cloud computing service providers, data centre service providers, content delivery network providers, managed service providers, managed security service providers, providers of online market places, of online search engines and of social networking services platforms, and trust service providers;350381001508;us-east-1;2026-08-01 19:04:21.788096;7.2.b;"the methods for monitoring, measurement, analysis and evaluation, as applicable, to ensure valid results;";7 POLICIES AND PROCEDURES TO ASSESS THE EFFECTIVENESS OF CYBERSECURITY RISK-MANAGEMENT MEASURES (ARTICLE 21(2), POINT (F), OF DIRECTIVE (EU) 2022/2555);7.2 The policy and procedures referred to in point 7.1. shall take into account results of the risk assessment pursuant to point 2.1. and past significant incidents. The relevant entities shall determine:;;cloudwatch;;FAIL;No CloudWatch log groups found with metric filters or alarms associated.;arn:aws:logs:us-east-1:350381001508:log-group;cloudwatch_log_metric_filter_authentication_failures;False;350381001508;NIS2;NIS2 - Network and Information Security Directive (Directive (EU) 2022/2555);
aws;ANNEX to the Commission Implementing Regulation laying down rules for the application of Directive (EU) 2022/2555 as regards technical and methodological requirements of cybersecurity risk-management measures and further specification of the cases in which an incident is considered to be significant with regard to DNS service providers, TLD name registries, cloud computing service providers, data centre service providers, content delivery network providers, managed service providers, managed security service providers, providers of online market places, of online search engines and of social networking services platforms, and trust service providers;350381001508;us-east-1;2026-08-01 19:04:21.788096;2.2.3;The relevant entities shall perform the compliance monitoring at planned intervals and when significant incidents or significant changes to operations or risks occur.;2 RISK MANAGEMENT POLICY (ARTICLE 21(2), POINT (A) OF DIRECTIVE (EU) 2022/2555);2.2 Compliance monitoring;;generic;;FAIL;No CloudWatch log groups found with metric filters or alarms associated.;arn:aws:logs:us-east-1:350381001508:log-group;cloudwatch_log_metric_filter_aws_organizations_changes;False;350381001508;NIS2;NIS2 - Network and Information Security Directive (Directive (EU) 2022/2555);
aws;ANNEX to the Commission Implementing Regulation laying down rules for the application of Directive (EU) 2022/2555 as regards technical and methodological requirements of cybersecurity risk-management measures and further specification of the cases in which an incident is considered to be significant with regard to DNS service providers, TLD name registries, cloud computing service providers, data centre service providers, content delivery network providers, managed service providers, managed security service providers, providers of online market places, of online search engines and of social networking services platforms, and trust service providers;350381001508;us-east-1;2026-08-01 19:04:21.788096;3.2.2;To the extent feasible, monitoring shall be automated and carried out either continuously or in periodic intervals, subject to business capabilities. The relevant entities shall implement their monitoring activities in a way which minimises false positives and false negatives.;3 INCIDENT HANDLING (ARTICLE 21(2), POINT (B), OF DIRECTIVE (EU) 2022/2555);3.2 Monitoring and logging;;cloudwatch;;FAIL;No CloudWatch log groups found with metric filters or alarms associated.;arn:aws:logs:us-east-1:350381001508:log-group;cloudwatch_log_metric_filter_aws_organizations_changes;False;350381001508;NIS2;NIS2 - Network and Information Security Directive (Directive (EU) 2022/2555);
aws;ANNEX to the Commission Implementing Regulation laying down rules for the application of Directive (EU) 2022/2555 as regards technical and methodological requirements of cybersecurity risk-management measures and further specification of the cases in which an incident is considered to be significant with regard to DNS service providers, TLD name registries, cloud computing service providers, data centre service providers, content delivery network providers, managed service providers, managed security service providers, providers of online market places, of online search engines and of social networking services platforms, and trust service providers;350381001508;us-east-1;2026-08-01 19:04:21.788096;3.2.3.b;"creation, modification or deletion of users of the relevant entities network and information systems and extension of the permissions;";3 INCIDENT HANDLING (ARTICLE 21(2), POINT (B), OF DIRECTIVE (EU) 2022/2555);3.2 Monitoring and logging;;cloudwatch;;FAIL;No CloudWatch log groups found with metric filters or alarms associated.;arn:aws:logs:us-east-1:350381001508:log-group;cloudwatch_log_metric_filter_aws_organizations_changes;False;350381001508;NIS2;NIS2 - Network and Information Security Directive (Directive (EU) 2022/2555);
aws;ANNEX to the Commission Implementing Regulation laying down rules for the application of Directive (EU) 2022/2555 as regards technical and methodological requirements of cybersecurity risk-management measures and further specification of the cases in which an incident is considered to be significant with regard to DNS service providers, TLD name registries, cloud computing service providers, data centre service providers, content delivery network providers, managed service providers, managed security service providers, providers of online market places, of online search engines and of social networking services platforms, and trust service providers;350381001508;us-east-1;2026-08-01 19:04:21.788096;3.2.3.c;"access to systems and applications;";3 INCIDENT HANDLING (ARTICLE 21(2), POINT (B), OF DIRECTIVE (EU) 2022/2555);3.2 Monitoring and logging;;generic;;FAIL;No CloudWatch log groups found with metric filters or alarms associated.;arn:aws:logs:us-east-1:350381001508:log-group;cloudwatch_log_metric_filter_aws_organizations_changes;False;350381001508;NIS2;NIS2 - Network and Information Security Directive (Directive (EU) 2022/2555);
aws;ANNEX to the Commission Implementing Regulation laying down rules for the application of Directive (EU) 2022/2555 as regards technical and methodological requirements of cybersecurity risk-management measures and further specification of the cases in which an incident is considered to be significant with regard to DNS service providers, TLD name registries, cloud computing service providers, data centre service providers, content delivery network providers, managed service providers, managed security service providers, providers of online market places, of online search engines and of social networking services platforms, and trust service providers;350381001508;us-east-1;2026-08-01 19:04:21.788096;3.2.3.f;"access or changes to critical configuration and backup files;";3 INCIDENT HANDLING (ARTICLE 21(2), POINT (B), OF DIRECTIVE (EU) 2022/2555);3.2 Monitoring and logging;;generic;;FAIL;No CloudWatch log groups found with metric filters or alarms associated.;arn:aws:logs:us-east-1:350381001508:log-group;cloudwatch_log_metric_filter_aws_organizations_changes;False;350381001508;NIS2;NIS2 - Network and Information Security Directive (Directive (EU) 2022/2555);
aws;ANNEX to the Commission Implementing Regulation laying down rules for the application of Directive (EU) 2022/2555 as regards technical and methodological requirements of cybersecurity risk-management measures and further specification of the cases in which an incident is considered to be significant with regard to DNS service providers, TLD name registries, cloud computing service providers, data centre service providers, content delivery network providers, managed service providers, managed security service providers, providers of online market places, of online search engines and of social networking services platforms, and trust service providers;350381001508;us-east-1;2026-08-01 19:04:21.788096;3.2.3.g;"event logs and logs from security tools, such as antivirus, intrusion detection systems or firewalls;";3 INCIDENT HANDLING (ARTICLE 21(2), POINT (B), OF DIRECTIVE (EU) 2022/2555);3.2 Monitoring and logging;;generic;;FAIL;No CloudWatch log groups found with metric filters or alarms associated.;arn:aws:logs:us-east-1:350381001508:log-group;cloudwatch_log_metric_filter_aws_organizations_changes;False;350381001508;NIS2;NIS2 - Network and Information Security Directive (Directive (EU) 2022/2555);
aws;ANNEX to the Commission Implementing Regulation laying down rules for the application of Directive (EU) 2022/2555 as regards technical and methodological requirements of cybersecurity risk-management measures and further specification of the cases in which an incident is considered to be significant with regard to DNS service providers, TLD name registries, cloud computing service providers, data centre service providers, content delivery network providers, managed service providers, managed security service providers, providers of online market places, of online search engines and of social networking services platforms, and trust service providers;350381001508;us-east-1;2026-08-01 19:04:21.788096;3.5.4;The relevant entities shall log incident response activities in accordance with the procedures referred to in point 3.2.1., and record evidence.;3 INCIDENT HANDLING (ARTICLE 21(2), POINT (B), OF DIRECTIVE (EU) 2022/2555);3.5 Incident response;;cloudwatch;;FAIL;No CloudWatch log groups found with metric filters or alarms associated.;arn:aws:logs:us-east-1:350381001508:log-group;cloudwatch_log_metric_filter_aws_organizations_changes;False;350381001508;NIS2;NIS2 - Network and Information Security Directive (Directive (EU) 2022/2555);
aws;ANNEX to the Commission Implementing Regulation laying down rules for the application of Directive (EU) 2022/2555 as regards technical and methodological requirements of cybersecurity risk-management measures and further specification of the cases in which an incident is considered to be significant with regard to DNS service providers, TLD name registries, cloud computing service providers, data centre service providers, content delivery network providers, managed service providers, managed security service providers, providers of online market places, of online search engines and of social networking services platforms, and trust service providers;350381001508;us-east-1;2026-08-01 19:04:21.788096;7.2.b;"the methods for monitoring, measurement, analysis and evaluation, as applicable, to ensure valid results;";7 POLICIES AND PROCEDURES TO ASSESS THE EFFECTIVENESS OF CYBERSECURITY RISK-MANAGEMENT MEASURES (ARTICLE 21(2), POINT (F), OF DIRECTIVE (EU) 2022/2555);7.2 The policy and procedures referred to in point 7.1. shall take into account results of the risk assessment pursuant to point 2.1. and past significant incidents. The relevant entities shall determine:;;cloudwatch;;FAIL;No CloudWatch log groups found with metric filters or alarms associated.;arn:aws:logs:us-east-1:350381001508:log-group;cloudwatch_log_metric_filter_aws_organizations_changes;False;350381001508;NIS2;NIS2 - Network and Information Security Directive (Directive (EU) 2022/2555);
aws;ANNEX to the Commission Implementing Regulation laying down rules for the application of Directive (EU) 2022/2555 as regards technical and methodological requirements of cybersecurity risk-management measures and further specification of the cases in which an incident is considered to be significant with regard to DNS service providers, TLD name registries, cloud computing service providers, data centre service providers, content delivery network providers, managed service providers, managed security service providers, providers of online market places, of online search engines and of social networking services platforms, and trust service providers;350381001508;us-east-1;2026-08-01 19:04:21.788096;11.5.2.d;apply logging to the management of identities.;11 ACCESS CONTROL (ARTICLE 21(2), POINTS (I) AND (J), OF DIRECTIVE (EU) 2022/2555);11.5 Identification;;cloudwatch;;FAIL;No CloudWatch log groups found with metric filters or alarms associated.;arn:aws:logs:us-east-1:350381001508:log-group;cloudwatch_log_metric_filter_aws_organizations_changes;False;350381001508;NIS2;NIS2 - Network and Information Security Directive (Directive (EU) 2022/2555);
aws;ANNEX to the Commission Implementing Regulation laying down rules for the application of Directive (EU) 2022/2555 as regards technical and methodological requirements of cybersecurity risk-management measures and further specification of the cases in which an incident is considered to be significant with regard to DNS service providers, TLD name registries, cloud computing service providers, data centre service providers, content delivery network providers, managed service providers, managed security service providers, providers of online market places, of online search engines and of social networking services platforms, and trust service providers;350381001508;us-east-1;2026-08-01 19:04:21.788096;3.2.3.c;"access to systems and applications;";3 INCIDENT HANDLING (ARTICLE 21(2), POINT (B), OF DIRECTIVE (EU) 2022/2555);3.2 Monitoring and logging;;generic;;FAIL;No CloudWatch log groups found with metric filters or alarms associated.;arn:aws:logs:us-east-1:350381001508:log-group;cloudwatch_log_metric_filter_disable_or_scheduled_deletion_of_kms_cmk;False;350381001508;NIS2;NIS2 - Network and Information Security Directive (Directive (EU) 2022/2555);
aws;ANNEX to the Commission Implementing Regulation laying down rules for the application of Directive (EU) 2022/2555 as regards technical and methodological requirements of cybersecurity risk-management measures and further specification of the cases in which an incident is considered to be significant with regard to DNS service providers, TLD name registries, cloud computing service providers, data centre service providers, content delivery network providers, managed service providers, managed security service providers, providers of online market places, of online search engines and of social networking services platforms, and trust service providers;350381001508;us-east-1;2026-08-01 19:04:21.788096;3.2.3.g;"event logs and logs from security tools, such as antivirus, intrusion detection systems or firewalls;";3 INCIDENT HANDLING (ARTICLE 21(2), POINT (B), OF DIRECTIVE (EU) 2022/2555);3.2 Monitoring and logging;;generic;;FAIL;No CloudWatch log groups found with metric filters or alarms associated.;arn:aws:logs:us-east-1:350381001508:log-group;cloudwatch_log_metric_filter_disable_or_scheduled_deletion_of_kms_cmk;False;350381001508;NIS2;NIS2 - Network and Information Security Directive (Directive (EU) 2022/2555);
aws;ANNEX to the Commission Implementing Regulation laying down rules for the application of Directive (EU) 2022/2555 as regards technical and methodological requirements of cybersecurity risk-management measures and further specification of the cases in which an incident is considered to be significant with regard to DNS service providers, TLD name registries, cloud computing service providers, data centre service providers, content delivery network providers, managed service providers, managed security service providers, providers of online market places, of online search engines and of social networking services platforms, and trust service providers;350381001508;us-east-1;2026-08-01 19:04:21.788096;3.5.4;The relevant entities shall log incident response activities in accordance with the procedures referred to in point 3.2.1., and record evidence.;3 INCIDENT HANDLING (ARTICLE 21(2), POINT (B), OF DIRECTIVE (EU) 2022/2555);3.5 Incident response;;cloudwatch;;FAIL;No CloudWatch log groups found with metric filters or alarms associated.;arn:aws:logs:us-east-1:350381001508:log-group;cloudwatch_log_metric_filter_disable_or_scheduled_deletion_of_kms_cmk;False;350381001508;NIS2;NIS2 - Network and Information Security Directive (Directive (EU) 2022/2555);
aws;ANNEX to the Commission Implementing Regulation laying down rules for the application of Directive (EU) 2022/2555 as regards technical and methodological requirements of cybersecurity risk-management measures and further specification of the cases in which an incident is considered to be significant with regard to DNS service providers, TLD name registries, cloud computing service providers, data centre service providers, content delivery network providers, managed service providers, managed security service providers, providers of online market places, of online search engines and of social networking services platforms, and trust service providers;350381001508;us-east-1;2026-08-01 19:04:21.788096;7.2.b;"the methods for monitoring, measurement, analysis and evaluation, as applicable, to ensure valid results;";7 POLICIES AND PROCEDURES TO ASSESS THE EFFECTIVENESS OF CYBERSECURITY RISK-MANAGEMENT MEASURES (ARTICLE 21(2), POINT (F), OF DIRECTIVE (EU) 2022/2555);7.2 The policy and procedures referred to in point 7.1. shall take into account results of the risk assessment pursuant to point 2.1. and past significant incidents. The relevant entities shall determine:;;cloudwatch;;FAIL;No CloudWatch log groups found with metric filters or alarms associated.;arn:aws:logs:us-east-1:350381001508:log-group;cloudwatch_log_metric_filter_disable_or_scheduled_deletion_of_kms_cmk;False;350381001508;NIS2;NIS2 - Network and Information Security Directive (Directive (EU) 2022/2555);
aws;ANNEX to the Commission Implementing Regulation laying down rules for the application of Directive (EU) 2022/2555 as regards technical and methodological requirements of cybersecurity risk-management measures and further specification of the cases in which an incident is considered to be significant with regard to DNS service providers, TLD name registries, cloud computing service providers, data centre service providers, content delivery network providers, managed service providers, managed security service providers, providers of online market places, of online search engines and of social networking services platforms, and trust service providers;350381001508;us-east-1;2026-08-01 19:04:21.788096;2.2.3;The relevant entities shall perform the compliance monitoring at planned intervals and when significant incidents or significant changes to operations or risks occur.;2 RISK MANAGEMENT POLICY (ARTICLE 21(2), POINT (A) OF DIRECTIVE (EU) 2022/2555);2.2 Compliance monitoring;;generic;;FAIL;No CloudWatch log groups found with metric filters or alarms associated.;arn:aws:logs:us-east-1:350381001508:log-group;cloudwatch_log_metric_filter_for_s3_bucket_policy_changes;False;350381001508;NIS2;NIS2 - Network and Information Security Directive (Directive (EU) 2022/2555);
aws;ANNEX to the Commission Implementing Regulation laying down rules for the application of Directive (EU) 2022/2555 as regards technical and methodological requirements of cybersecurity risk-management measures and further specification of the cases in which an incident is considered to be significant with regard to DNS service providers, TLD name registries, cloud computing service providers, data centre service providers, content delivery network providers, managed service providers, managed security service providers, providers of online market places, of online search engines and of social networking services platforms, and trust service providers;350381001508;us-east-1;2026-08-01 19:04:21.788096;3.2.3.b;"creation, modification or deletion of users of the relevant entities network and information systems and extension of the permissions;";3 INCIDENT HANDLING (ARTICLE 21(2), POINT (B), OF DIRECTIVE (EU) 2022/2555);3.2 Monitoring and logging;;cloudwatch;;FAIL;No CloudWatch log groups found with metric filters or alarms associated.;arn:aws:logs:us-east-1:350381001508:log-group;cloudwatch_log_metric_filter_for_s3_bucket_policy_changes;False;350381001508;NIS2;NIS2 - Network and Information Security Directive (Directive (EU) 2022/2555);
aws;ANNEX to the Commission Implementing Regulation laying down rules for the application of Directive (EU) 2022/2555 as regards technical and methodological requirements of cybersecurity risk-management measures and further specification of the cases in which an incident is considered to be significant with regard to DNS service providers, TLD name registries, cloud computing service providers, data centre service providers, content delivery network providers, managed service providers, managed security service providers, providers of online market places, of online search engines and of social networking services platforms, and trust service providers;350381001508;us-east-1;2026-08-01 19:04:21.788096;3.2.3.c;"access to systems and applications;";3 INCIDENT HANDLING (ARTICLE 21(2), POINT (B), OF DIRECTIVE (EU) 2022/2555);3.2 Monitoring and logging;;generic;;FAIL;No CloudWatch log groups found with metric filters or alarms associated.;arn:aws:logs:us-east-1:350381001508:log-group;cloudwatch_log_metric_filter_for_s3_bucket_policy_changes;False;350381001508;NIS2;NIS2 - Network and Information Security Directive (Directive (EU) 2022/2555);
aws;ANNEX to the Commission Implementing Regulation laying down rules for the application of Directive (EU) 2022/2555 as regards technical and methodological requirements of cybersecurity risk-management measures and further specification of the cases in which an incident is considered to be significant with regard to DNS service providers, TLD name registries, cloud computing service providers, data centre service providers, content delivery network providers, managed service providers, managed security service providers, providers of online market places, of online search engines and of social networking services platforms, and trust service providers;350381001508;us-east-1;2026-08-01 19:04:21.788096;3.2.3.f;"access or changes to critical configuration and backup files;";3 INCIDENT HANDLING (ARTICLE 21(2), POINT (B), OF DIRECTIVE (EU) 2022/2555);3.2 Monitoring and logging;;generic;;FAIL;No CloudWatch log groups found with metric filters or alarms associated.;arn:aws:logs:us-east-1:350381001508:log-group;cloudwatch_log_metric_filter_for_s3_bucket_policy_changes;False;350381001508;NIS2;NIS2 - Network and Information Security Directive (Directive (EU) 2022/2555);
aws;ANNEX to the Commission Implementing Regulation laying down rules for the application of Directive (EU) 2022/2555 as regards technical and methodological requirements of cybersecurity risk-management measures and further specification of the cases in which an incident is considered to be significant with regard to DNS service providers, TLD name registries, cloud computing service providers, data centre service providers, content delivery network providers, managed service providers, managed security service providers, providers of online market places, of online search engines and of social networking services platforms, and trust service providers;350381001508;us-east-1;2026-08-01 19:04:21.788096;3.2.3.g;"event logs and logs from security tools, such as antivirus, intrusion detection systems or firewalls;";3 INCIDENT HANDLING (ARTICLE 21(2), POINT (B), OF DIRECTIVE (EU) 2022/2555);3.2 Monitoring and logging;;generic;;FAIL;No CloudWatch log groups found with metric filters or alarms associated.;arn:aws:logs:us-east-1:350381001508:log-group;cloudwatch_log_metric_filter_for_s3_bucket_policy_changes;False;350381001508;NIS2;NIS2 - Network and Information Security Directive (Directive (EU) 2022/2555);
aws;ANNEX to the Commission Implementing Regulation laying down rules for the application of Directive (EU) 2022/2555 as regards technical and methodological requirements of cybersecurity risk-management measures and further specification of the cases in which an incident is considered to be significant with regard to DNS service providers, TLD name registries, cloud computing service providers, data centre service providers, content delivery network providers, managed service providers, managed security service providers, providers of online market places, of online search engines and of social networking services platforms, and trust service providers;350381001508;us-east-1;2026-08-01 19:04:21.788096;3.5.4;The relevant entities shall log incident response activities in accordance with the procedures referred to in point 3.2.1., and record evidence.;3 INCIDENT HANDLING (ARTICLE 21(2), POINT (B), OF DIRECTIVE (EU) 2022/2555);3.5 Incident response;;cloudwatch;;FAIL;No CloudWatch log groups found with metric filters or alarms associated.;arn:aws:logs:us-east-1:350381001508:log-group;cloudwatch_log_metric_filter_for_s3_bucket_policy_changes;False;350381001508;NIS2;NIS2 - Network and Information Security Directive (Directive (EU) 2022/2555);
aws;ANNEX to the Commission Implementing Regulation laying down rules for the application of Directive (EU) 2022/2555 as regards technical and methodological requirements of cybersecurity risk-management measures and further specification of the cases in which an incident is considered to be significant with regard to DNS service providers, TLD name registries, cloud computing service providers, data centre service providers, content delivery network providers, managed service providers, managed security service providers, providers of online market places, of online search engines and of social networking services platforms, and trust service providers;350381001508;us-east-1;2026-08-01 19:04:21.788096;7.2.b;"the methods for monitoring, measurement, analysis and evaluation, as applicable, to ensure valid results;";7 POLICIES AND PROCEDURES TO ASSESS THE EFFECTIVENESS OF CYBERSECURITY RISK-MANAGEMENT MEASURES (ARTICLE 21(2), POINT (F), OF DIRECTIVE (EU) 2022/2555);7.2 The policy and procedures referred to in point 7.1. shall take into account results of the risk assessment pursuant to point 2.1. and past significant incidents. The relevant entities shall determine:;;cloudwatch;;FAIL;No CloudWatch log groups found with metric filters or alarms associated.;arn:aws:logs:us-east-1:350381001508:log-group;cloudwatch_log_metric_filter_for_s3_bucket_policy_changes;False;350381001508;NIS2;NIS2 - Network and Information Security Directive (Directive (EU) 2022/2555);
aws;ANNEX to the Commission Implementing Regulation laying down rules for the application of Directive (EU) 2022/2555 as regards technical and methodological requirements of cybersecurity risk-management measures and further specification of the cases in which an incident is considered to be significant with regard to DNS service providers, TLD name registries, cloud computing service providers, data centre service providers, content delivery network providers, managed service providers, managed security service providers, providers of online market places, of online search engines and of social networking services platforms, and trust service providers;350381001508;us-east-1;2026-08-01 19:04:21.788096;2.2.3;The relevant entities shall perform the compliance monitoring at planned intervals and when significant incidents or significant changes to operations or risks occur.;2 RISK MANAGEMENT POLICY (ARTICLE 21(2), POINT (A) OF DIRECTIVE (EU) 2022/2555);2.2 Compliance monitoring;;generic;;FAIL;No CloudWatch log groups found with metric filters or alarms associated.;arn:aws:logs:us-east-1:350381001508:log-group;cloudwatch_log_metric_filter_policy_changes;False;350381001508;NIS2;NIS2 - Network and Information Security Directive (Directive (EU) 2022/2555);
aws;ANNEX to the Commission Implementing Regulation laying down rules for the application of Directive (EU) 2022/2555 as regards technical and methodological requirements of cybersecurity risk-management measures and further specification of the cases in which an incident is considered to be significant with regard to DNS service providers, TLD name registries, cloud computing service providers, data centre service providers, content delivery network providers, managed service providers, managed security service providers, providers of online market places, of online search engines and of social networking services platforms, and trust service providers;350381001508;us-east-1;2026-08-01 19:04:21.788096;3.2.2;To the extent feasible, monitoring shall be automated and carried out either continuously or in periodic intervals, subject to business capabilities. The relevant entities shall implement their monitoring activities in a way which minimises false positives and false negatives.;3 INCIDENT HANDLING (ARTICLE 21(2), POINT (B), OF DIRECTIVE (EU) 2022/2555);3.2 Monitoring and logging;;cloudwatch;;FAIL;No CloudWatch log groups found with metric filters or alarms associated.;arn:aws:logs:us-east-1:350381001508:log-group;cloudwatch_log_metric_filter_policy_changes;False;350381001508;NIS2;NIS2 - Network and Information Security Directive (Directive (EU) 2022/2555);
aws;ANNEX to the Commission Implementing Regulation laying down rules for the application of Directive (EU) 2022/2555 as regards technical and methodological requirements of cybersecurity risk-management measures and further specification of the cases in which an incident is considered to be significant with regard to DNS service providers, TLD name registries, cloud computing service providers, data centre service providers, content delivery network providers, managed service providers, managed security service providers, providers of online market places, of online search engines and of social networking services platforms, and trust service providers;350381001508;us-east-1;2026-08-01 19:04:21.788096;3.2.3.b;"creation, modification or deletion of users of the relevant entities network and information systems and extension of the permissions;";3 INCIDENT HANDLING (ARTICLE 21(2), POINT (B), OF DIRECTIVE (EU) 2022/2555);3.2 Monitoring and logging;;cloudwatch;;FAIL;No CloudWatch log groups found with metric filters or alarms associated.;arn:aws:logs:us-east-1:350381001508:log-group;cloudwatch_log_metric_filter_policy_changes;False;350381001508;NIS2;NIS2 - Network and Information Security Directive (Directive (EU) 2022/2555);
aws;ANNEX to the Commission Implementing Regulation laying down rules for the application of Directive (EU) 2022/2555 as regards technical and methodological requirements of cybersecurity risk-management measures and further specification of the cases in which an incident is considered to be significant with regard to DNS service providers, TLD name registries, cloud computing service providers, data centre service providers, content delivery network providers, managed service providers, managed security service providers, providers of online market places, of online search engines and of social networking services platforms, and trust service providers;350381001508;us-east-1;2026-08-01 19:04:21.788096;3.2.3.c;"access to systems and applications;";3 INCIDENT HANDLING (ARTICLE 21(2), POINT (B), OF DIRECTIVE (EU) 2022/2555);3.2 Monitoring and logging;;generic;;FAIL;No CloudWatch log groups found with metric filters or alarms associated.;arn:aws:logs:us-east-1:350381001508:log-group;cloudwatch_log_metric_filter_policy_changes;False;350381001508;NIS2;NIS2 - Network and Information Security Directive (Directive (EU) 2022/2555);
aws;ANNEX to the Commission Implementing Regulation laying down rules for the application of Directive (EU) 2022/2555 as regards technical and methodological requirements of cybersecurity risk-management measures and further specification of the cases in which an incident is considered to be significant with regard to DNS service providers, TLD name registries, cloud computing service providers, data centre service providers, content delivery network providers, managed service providers, managed security service providers, providers of online market places, of online search engines and of social networking services platforms, and trust service providers;350381001508;us-east-1;2026-08-01 19:04:21.788096;3.2.3.f;"access or changes to critical configuration and backup files;";3 INCIDENT HANDLING (ARTICLE 21(2), POINT (B), OF DIRECTIVE (EU) 2022/2555);3.2 Monitoring and logging;;generic;;FAIL;No CloudWatch log groups found with metric filters or alarms associated.;arn:aws:logs:us-east-1:350381001508:log-group;cloudwatch_log_metric_filter_policy_changes;False;350381001508;NIS2;NIS2 - Network and Information Security Directive (Directive (EU) 2022/2555);
aws;ANNEX to the Commission Implementing Regulation laying down rules for the application of Directive (EU) 2022/2555 as regards technical and methodological requirements of cybersecurity risk-management measures and further specification of the cases in which an incident is considered to be significant with regard to DNS service providers, TLD name registries, cloud computing service providers, data centre service providers, content delivery network providers, managed service providers, managed security service providers, providers of online market places, of online search engines and of social networking services platforms, and trust service providers;350381001508;us-east-1;2026-08-01 19:04:21.788096;3.2.3.g;"event logs and logs from security tools, such as antivirus, intrusion detection systems or firewalls;";3 INCIDENT HANDLING (ARTICLE 21(2), POINT (B), OF DIRECTIVE (EU) 2022/2555);3.2 Monitoring and logging;;generic;;FAIL;No CloudWatch log groups found with metric filters or alarms associated.;arn:aws:logs:us-east-1:350381001508:log-group;cloudwatch_log_metric_filter_policy_changes;False;350381001508;NIS2;NIS2 - Network and Information Security Directive (Directive (EU) 2022/2555);
aws;ANNEX to the Commission Implementing Regulation laying down rules for the application of Directive (EU) 2022/2555 as regards technical and methodological requirements of cybersecurity risk-management measures and further specification of the cases in which an incident is considered to be significant with regard to DNS service providers, TLD name registries, cloud computing service providers, data centre service providers, content delivery network providers, managed service providers, managed security service providers, providers of online market places, of online search engines and of social networking services platforms, and trust service providers;350381001508;us-east-1;2026-08-01 19:04:21.788096;3.5.4;The relevant entities shall log incident response activities in accordance with the procedures referred to in point 3.2.1., and record evidence.;3 INCIDENT HANDLING (ARTICLE 21(2), POINT (B), OF DIRECTIVE (EU) 2022/2555);3.5 Incident response;;cloudwatch;;FAIL;No CloudWatch log groups found with metric filters or alarms associated.;arn:aws:logs:us-east-1:350381001508:log-group;cloudwatch_log_metric_filter_policy_changes;False;350381001508;NIS2;NIS2 - Network and Information Security Directive (Directive (EU) 2022/2555);
aws;ANNEX to the Commission Implementing Regulation laying down rules for the application of Directive (EU) 2022/2555 as regards technical and methodological requirements of cybersecurity risk-management measures and further specification of the cases in which an incident is considered to be significant with regard to DNS service providers, TLD name registries, cloud computing service providers, data centre service providers, content delivery network providers, managed service providers, managed security service providers, providers of online market places, of online search engines and of social networking services platforms, and trust service providers;350381001508;us-east-1;2026-08-01 19:04:21.788096;7.2.b;"the methods for monitoring, measurement, analysis and evaluation, as applicable, to ensure valid results;";7 POLICIES AND PROCEDURES TO ASSESS THE EFFECTIVENESS OF CYBERSECURITY RISK-MANAGEMENT MEASURES (ARTICLE 21(2), POINT (F), OF DIRECTIVE (EU) 2022/2555);7.2 The policy and procedures referred to in point 7.1. shall take into account results of the risk assessment pursuant to point 2.1. and past significant incidents. The relevant entities shall determine:;;cloudwatch;;FAIL;No CloudWatch log groups found with metric filters or alarms associated.;arn:aws:logs:us-east-1:350381001508:log-group;cloudwatch_log_metric_filter_policy_changes;False;350381001508;NIS2;NIS2 - Network and Information Security Directive (Directive (EU) 2022/2555);
aws;ANNEX to the Commission Implementing Regulation laying down rules for the application of Directive (EU) 2022/2555 as regards technical and methodological requirements of cybersecurity risk-management measures and further specification of the cases in which an incident is considered to be significant with regard to DNS service providers, TLD name registries, cloud computing service providers, data centre service providers, content delivery network providers, managed service providers, managed security service providers, providers of online market places, of online search engines and of social networking services platforms, and trust service providers;350381001508;us-east-1;2026-08-01 19:04:21.788096;11.5.2.d;apply logging to the management of identities.;11 ACCESS CONTROL (ARTICLE 21(2), POINTS (I) AND (J), OF DIRECTIVE (EU) 2022/2555);11.5 Identification;;cloudwatch;;FAIL;No CloudWatch log groups found with metric filters or alarms associated.;arn:aws:logs:us-east-1:350381001508:log-group;cloudwatch_log_metric_filter_policy_changes;False;350381001508;NIS2;NIS2 - Network and Information Security Directive (Directive (EU) 2022/2555);
aws;ANNEX to the Commission Implementing Regulation laying down rules for the application of Directive (EU) 2022/2555 as regards technical and methodological requirements of cybersecurity risk-management measures and further specification of the cases in which an incident is considered to be significant with regard to DNS service providers, TLD name registries, cloud computing service providers, data centre service providers, content delivery network providers, managed service providers, managed security service providers, providers of online market places, of online search engines and of social networking services platforms, and trust service providers;350381001508;us-east-1;2026-08-01 19:04:21.788096;2.3.1;The relevant entities shall review independently their approach to managing network and information system security and its implementation including people, processes and technologies.;2 RISK MANAGEMENT POLICY (ARTICLE 21(2), POINT (A) OF DIRECTIVE (EU) 2022/2555);2.3 Independent review of information and network security;;generic;;FAIL;No CloudWatch log groups found with metric filters or alarms associated.;arn:aws:logs:us-east-1:350381001508:log-group;cloudwatch_log_metric_filter_root_usage;False;350381001508;NIS2;NIS2 - Network and Information Security Directive (Directive (EU) 2022/2555);
aws;ANNEX to the Commission Implementing Regulation laying down rules for the application of Directive (EU) 2022/2555 as regards technical and methodological requirements of cybersecurity risk-management measures and further specification of the cases in which an incident is considered to be significant with regard to DNS service providers, TLD name registries, cloud computing service providers, data centre service providers, content delivery network providers, managed service providers, managed security service providers, providers of online market places, of online search engines and of social networking services platforms, and trust service providers;350381001508;us-east-1;2026-08-01 19:04:21.788096;3.2.1;The relevant entities shall lay down procedures and use tools to monitor and log activities on their network and information systems to detect events that could be considered as incidents and respond accordingly to mitigate the impact.;3 INCIDENT HANDLING (ARTICLE 21(2), POINT (B), OF DIRECTIVE (EU) 2022/2555);3.2 Monitoring and logging;;cloudwatch;;FAIL;No CloudWatch log groups found with metric filters or alarms associated.;arn:aws:logs:us-east-1:350381001508:log-group;cloudwatch_log_metric_filter_root_usage;False;350381001508;NIS2;NIS2 - Network and Information Security Directive (Directive (EU) 2022/2555);
aws;ANNEX to the Commission Implementing Regulation laying down rules for the application of Directive (EU) 2022/2555 as regards technical and methodological requirements of cybersecurity risk-management measures and further specification of the cases in which an incident is considered to be significant with regard to DNS service providers, TLD name registries, cloud computing service providers, data centre service providers, content delivery network providers, managed service providers, managed security service providers, providers of online market places, of online search engines and of social networking services platforms, and trust service providers;350381001508;us-east-1;2026-08-01 19:04:21.788096;3.2.2;To the extent feasible, monitoring shall be automated and carried out either continuously or in periodic intervals, subject to business capabilities. The relevant entities shall implement their monitoring activities in a way which minimises false positives and false negatives.;3 INCIDENT HANDLING (ARTICLE 21(2), POINT (B), OF DIRECTIVE (EU) 2022/2555);3.2 Monitoring and logging;;cloudwatch;;FAIL;No CloudWatch log groups found with metric filters or alarms associated.;arn:aws:logs:us-east-1:350381001508:log-group;cloudwatch_log_metric_filter_root_usage;False;350381001508;NIS2;NIS2 - Network and Information Security Directive (Directive (EU) 2022/2555);
aws;ANNEX to the Commission Implementing Regulation laying down rules for the application of Directive (EU) 2022/2555 as regards technical and methodological requirements of cybersecurity risk-management measures and further specification of the cases in which an incident is considered to be significant with regard to DNS service providers, TLD name registries, cloud computing service providers, data centre service providers, content delivery network providers, managed service providers, managed security service providers, providers of online market places, of online search engines and of social networking services platforms, and trust service providers;350381001508;us-east-1;2026-08-01 19:04:21.788096;3.2.3.c;"access to systems and applications;";3 INCIDENT HANDLING (ARTICLE 21(2), POINT (B), OF DIRECTIVE (EU) 2022/2555);3.2 Monitoring and logging;;generic;;FAIL;No CloudWatch log groups found with metric filters or alarms associated.;arn:aws:logs:us-east-1:350381001508:log-group;cloudwatch_log_metric_filter_root_usage;False;350381001508;NIS2;NIS2 - Network and Information Security Directive (Directive (EU) 2022/2555);
aws;ANNEX to the Commission Implementing Regulation laying down rules for the application of Directive (EU) 2022/2555 as regards technical and methodological requirements of cybersecurity risk-management measures and further specification of the cases in which an incident is considered to be significant with regard to DNS service providers, TLD name registries, cloud computing service providers, data centre service providers, content delivery network providers, managed service providers, managed security service providers, providers of online market places, of online search engines and of social networking services platforms, and trust service providers;350381001508;us-east-1;2026-08-01 19:04:21.788096;3.2.3.e;"all privileged access to systems and applications, and activities performed by administrative accounts;";3 INCIDENT HANDLING (ARTICLE 21(2), POINT (B), OF DIRECTIVE (EU) 2022/2555);3.2 Monitoring and logging;;generic;;FAIL;No CloudWatch log groups found with metric filters or alarms associated.;arn:aws:logs:us-east-1:350381001508:log-group;cloudwatch_log_metric_filter_root_usage;False;350381001508;NIS2;NIS2 - Network and Information Security Directive (Directive (EU) 2022/2555);
aws;ANNEX to the Commission Implementing Regulation laying down rules for the application of Directive (EU) 2022/2555 as regards technical and methodological requirements of cybersecurity risk-management measures and further specification of the cases in which an incident is considered to be significant with regard to DNS service providers, TLD name registries, cloud computing service providers, data centre service providers, content delivery network providers, managed service providers, managed security service providers, providers of online market places, of online search engines and of social networking services platforms, and trust service providers;350381001508;us-east-1;2026-08-01 19:04:21.788096;3.2.3.g;"event logs and logs from security tools, such as antivirus, intrusion detection systems or firewalls;";3 INCIDENT HANDLING (ARTICLE 21(2), POINT (B), OF DIRECTIVE (EU) 2022/2555);3.2 Monitoring and logging;;generic;;FAIL;No CloudWatch log groups found with metric filters or alarms associated.;arn:aws:logs:us-east-1:350381001508:log-group;cloudwatch_log_metric_filter_root_usage;False;350381001508;NIS2;NIS2 - Network and Information Security Directive (Directive (EU) 2022/2555);
aws;ANNEX to the Commission Implementing Regulation laying down rules for the application of Directive (EU) 2022/2555 as regards technical and methodological requirements of cybersecurity risk-management measures and further specification of the cases in which an incident is considered to be significant with regard to DNS service providers, TLD name registries, cloud computing service providers, data centre service providers, content delivery network providers, managed service providers, managed security service providers, providers of online market places, of online search engines and of social networking services platforms, and trust service providers;350381001508;us-east-1;2026-08-01 19:04:21.788096;3.5.4;The relevant entities shall log incident response activities in accordance with the procedures referred to in point 3.2.1., and record evidence.;3 INCIDENT HANDLING (ARTICLE 21(2), POINT (B), OF DIRECTIVE (EU) 2022/2555);3.5 Incident response;;cloudwatch;;FAIL;No CloudWatch log groups found with metric filters or alarms associated.;arn:aws:logs:us-east-1:350381001508:log-group;cloudwatch_log_metric_filter_root_usage;False;350381001508;NIS2;NIS2 - Network and Information Security Directive (Directive (EU) 2022/2555);
aws;ANNEX to the Commission Implementing Regulation laying down rules for the application of Directive (EU) 2022/2555 as regards technical and methodological requirements of cybersecurity risk-management measures and further specification of the cases in which an incident is considered to be significant with regard to DNS service providers, TLD name registries, cloud computing service providers, data centre service providers, content delivery network providers, managed service providers, managed security service providers, providers of online market places, of online search engines and of social networking services platforms, and trust service providers;350381001508;us-east-1;2026-08-01 19:04:21.788096;7.2.b;"the methods for monitoring, measurement, analysis and evaluation, as applicable, to ensure valid results;";7 POLICIES AND PROCEDURES TO ASSESS THE EFFECTIVENESS OF CYBERSECURITY RISK-MANAGEMENT MEASURES (ARTICLE 21(2), POINT (F), OF DIRECTIVE (EU) 2022/2555);7.2 The policy and procedures referred to in point 7.1. shall take into account results of the risk assessment pursuant to point 2.1. and past significant incidents. The relevant entities shall determine:;;cloudwatch;;FAIL;No CloudWatch log groups found with metric filters or alarms associated.;arn:aws:logs:us-east-1:350381001508:log-group;cloudwatch_log_metric_filter_root_usage;False;350381001508;NIS2;NIS2 - Network and Information Security Directive (Directive (EU) 2022/2555);
aws;ANNEX to the Commission Implementing Regulation laying down rules for the application of Directive (EU) 2022/2555 as regards technical and methodological requirements of cybersecurity risk-management measures and further specification of the cases in which an incident is considered to be significant with regard to DNS service providers, TLD name registries, cloud computing service providers, data centre service providers, content delivery network providers, managed service providers, managed security service providers, providers of online market places, of online search engines and of social networking services platforms, and trust service providers;350381001508;us-east-1;2026-08-01 19:04:21.788096;9.2.c.vii;"logging and auditing of key management-related activities;";9 CRYPTOGRAPHY (ARTICLE 21(2), POINT (H), OF DIRECTIVE (EU) 2022/2555);9.2 Cryptography;;cloudwatch;;FAIL;No CloudWatch log groups found with metric filters or alarms associated.;arn:aws:logs:us-east-1:350381001508:log-group;cloudwatch_log_metric_filter_root_usage;False;350381001508;NIS2;NIS2 - Network and Information Security Directive (Directive (EU) 2022/2555);
aws;ANNEX to the Commission Implementing Regulation laying down rules for the application of Directive (EU) 2022/2555 as regards technical and methodological requirements of cybersecurity risk-management measures and further specification of the cases in which an incident is considered to be significant with regard to DNS service providers, TLD name registries, cloud computing service providers, data centre service providers, content delivery network providers, managed service providers, managed security service providers, providers of online market places, of online search engines and of social networking services platforms, and trust service providers;350381001508;us-east-1;2026-08-01 19:04:21.788096;2.2.3;The relevant entities shall perform the compliance monitoring at planned intervals and when significant incidents or significant changes to operations or risks occur.;2 RISK MANAGEMENT POLICY (ARTICLE 21(2), POINT (A) OF DIRECTIVE (EU) 2022/2555);2.2 Compliance monitoring;;generic;;FAIL;No CloudWatch log groups found with metric filters or alarms associated.;arn:aws:logs:us-east-1:350381001508:log-group;cloudwatch_log_metric_filter_security_group_changes;False;350381001508;NIS2;NIS2 - Network and Information Security Directive (Directive (EU) 2022/2555);
aws;ANNEX to the Commission Implementing Regulation laying down rules for the application of Directive (EU) 2022/2555 as regards technical and methodological requirements of cybersecurity risk-management measures and further specification of the cases in which an incident is considered to be significant with regard to DNS service providers, TLD name registries, cloud computing service providers, data centre service providers, content delivery network providers, managed service providers, managed security service providers, providers of online market places, of online search engines and of social networking services platforms, and trust service providers;350381001508;us-east-1;2026-08-01 19:04:21.788096;3.2.2;To the extent feasible, monitoring shall be automated and carried out either continuously or in periodic intervals, subject to business capabilities. The relevant entities shall implement their monitoring activities in a way which minimises false positives and false negatives.;3 INCIDENT HANDLING (ARTICLE 21(2), POINT (B), OF DIRECTIVE (EU) 2022/2555);3.2 Monitoring and logging;;cloudwatch;;FAIL;No CloudWatch log groups found with metric filters or alarms associated.;arn:aws:logs:us-east-1:350381001508:log-group;cloudwatch_log_metric_filter_security_group_changes;False;350381001508;NIS2;NIS2 - Network and Information Security Directive (Directive (EU) 2022/2555);
aws;ANNEX to the Commission Implementing Regulation laying down rules for the application of Directive (EU) 2022/2555 as regards technical and methodological requirements of cybersecurity risk-management measures and further specification of the cases in which an incident is considered to be significant with regard to DNS service providers, TLD name registries, cloud computing service providers, data centre service providers, content delivery network providers, managed service providers, managed security service providers, providers of online market places, of online search engines and of social networking services platforms, and trust service providers;350381001508;us-east-1;2026-08-01 19:04:21.788096;3.2.3.b;"creation, modification or deletion of users of the relevant entities network and information systems and extension of the permissions;";3 INCIDENT HANDLING (ARTICLE 21(2), POINT (B), OF DIRECTIVE (EU) 2022/2555);3.2 Monitoring and logging;;cloudwatch;;FAIL;No CloudWatch log groups found with metric filters or alarms associated.;arn:aws:logs:us-east-1:350381001508:log-group;cloudwatch_log_metric_filter_security_group_changes;False;350381001508;NIS2;NIS2 - Network and Information Security Directive (Directive (EU) 2022/2555);
aws;ANNEX to the Commission Implementing Regulation laying down rules for the application of Directive (EU) 2022/2555 as regards technical and methodological requirements of cybersecurity risk-management measures and further specification of the cases in which an incident is considered to be significant with regard to DNS service providers, TLD name registries, cloud computing service providers, data centre service providers, content delivery network providers, managed service providers, managed security service providers, providers of online market places, of online search engines and of social networking services platforms, and trust service providers;350381001508;us-east-1;2026-08-01 19:04:21.788096;3.2.3.c;"access to systems and applications;";3 INCIDENT HANDLING (ARTICLE 21(2), POINT (B), OF DIRECTIVE (EU) 2022/2555);3.2 Monitoring and logging;;generic;;FAIL;No CloudWatch log groups found with metric filters or alarms associated.;arn:aws:logs:us-east-1:350381001508:log-group;cloudwatch_log_metric_filter_security_group_changes;False;350381001508;NIS2;NIS2 - Network and Information Security Directive (Directive (EU) 2022/2555);
aws;ANNEX to the Commission Implementing Regulation laying down rules for the application of Directive (EU) 2022/2555 as regards technical and methodological requirements of cybersecurity risk-management measures and further specification of the cases in which an incident is considered to be significant with regard to DNS service providers, TLD name registries, cloud computing service providers, data centre service providers, content delivery network providers, managed service providers, managed security service providers, providers of online market places, of online search engines and of social networking services platforms, and trust service providers;350381001508;us-east-1;2026-08-01 19:04:21.788096;3.2.3.f;"access or changes to critical configuration and backup files;";3 INCIDENT HANDLING (ARTICLE 21(2), POINT (B), OF DIRECTIVE (EU) 2022/2555);3.2 Monitoring and logging;;generic;;FAIL;No CloudWatch log groups found with metric filters or alarms associated.;arn:aws:logs:us-east-1:350381001508:log-group;cloudwatch_log_metric_filter_security_group_changes;False;350381001508;NIS2;NIS2 - Network and Information Security Directive (Directive (EU) 2022/2555);
aws;ANNEX to the Commission Implementing Regulation laying down rules for the application of Directive (EU) 2022/2555 as regards technical and methodological requirements of cybersecurity risk-management measures and further specification of the cases in which an incident is considered to be significant with regard to DNS service providers, TLD name registries, cloud computing service providers, data centre service providers, content delivery network providers, managed service providers, managed security service providers, providers of online market places, of online search engines and of social networking services platforms, and trust service providers;350381001508;us-east-1;2026-08-01 19:04:21.788096;3.2.3.g;"event logs and logs from security tools, such as antivirus, intrusion detection systems or firewalls;";3 INCIDENT HANDLING (ARTICLE 21(2), POINT (B), OF DIRECTIVE (EU) 2022/2555);3.2 Monitoring and logging;;generic;;FAIL;No CloudWatch log groups found with metric filters or alarms associated.;arn:aws:logs:us-east-1:350381001508:log-group;cloudwatch_log_metric_filter_security_group_changes;False;350381001508;NIS2;NIS2 - Network and Information Security Directive (Directive (EU) 2022/2555);
aws;ANNEX to the Commission Implementing Regulation laying down rules for the application of Directive (EU) 2022/2555 as regards technical and methodological requirements of cybersecurity risk-management measures and further specification of the cases in which an incident is considered to be significant with regard to DNS service providers, TLD name registries, cloud computing service providers, data centre service providers, content delivery network providers, managed service providers, managed security service providers, providers of online market places, of online search engines and of social networking services platforms, and trust service providers;350381001508;us-east-1;2026-08-01 19:04:21.788096;3.5.4;The relevant entities shall log incident response activities in accordance with the procedures referred to in point 3.2.1., and record evidence.;3 INCIDENT HANDLING (ARTICLE 21(2), POINT (B), OF DIRECTIVE (EU) 2022/2555);3.5 Incident response;;cloudwatch;;FAIL;No CloudWatch log groups found with metric filters or alarms associated.;arn:aws:logs:us-east-1:350381001508:log-group;cloudwatch_log_metric_filter_security_group_changes;False;350381001508;NIS2;NIS2 - Network and Information Security Directive (Directive (EU) 2022/2555);
aws;ANNEX to the Commission Implementing Regulation laying down rules for the application of Directive (EU) 2022/2555 as regards technical and methodological requirements of cybersecurity risk-management measures and further specification of the cases in which an incident is considered to be significant with regard to DNS service providers, TLD name registries, cloud computing service providers, data centre service providers, content delivery network providers, managed service providers, managed security service providers, providers of online market places, of online search engines and of social networking services platforms, and trust service providers;350381001508;us-east-1;2026-08-01 19:04:21.788096;11.5.2.d;apply logging to the management of identities.;11 ACCESS CONTROL (ARTICLE 21(2), POINTS (I) AND (J), OF DIRECTIVE (EU) 2022/2555);11.5 Identification;;cloudwatch;;FAIL;No CloudWatch log groups found with metric filters or alarms associated.;arn:aws:logs:us-east-1:350381001508:log-group;cloudwatch_log_metric_filter_security_group_changes;False;350381001508;NIS2;NIS2 - Network and Information Security Directive (Directive (EU) 2022/2555);
aws;ANNEX to the Commission Implementing Regulation laying down rules for the application of Directive (EU) 2022/2555 as regards technical and methodological requirements of cybersecurity risk-management measures and further specification of the cases in which an incident is considered to be significant with regard to DNS service providers, TLD name registries, cloud computing service providers, data centre service providers, content delivery network providers, managed service providers, managed security service providers, providers of online market places, of online search engines and of social networking services platforms, and trust service providers;350381001508;us-east-1;2026-08-01 19:04:21.788096;3.2.3.c;"access to systems and applications;";3 INCIDENT HANDLING (ARTICLE 21(2), POINT (B), OF DIRECTIVE (EU) 2022/2555);3.2 Monitoring and logging;;generic;;FAIL;No CloudWatch log groups found with metric filters or alarms associated.;arn:aws:logs:us-east-1:350381001508:log-group;cloudwatch_log_metric_filter_sign_in_without_mfa;False;350381001508;NIS2;NIS2 - Network and Information Security Directive (Directive (EU) 2022/2555);
aws;ANNEX to the Commission Implementing Regulation laying down rules for the application of Directive (EU) 2022/2555 as regards technical and methodological requirements of cybersecurity risk-management measures and further specification of the cases in which an incident is considered to be significant with regard to DNS service providers, TLD name registries, cloud computing service providers, data centre service providers, content delivery network providers, managed service providers, managed security service providers, providers of online market places, of online search engines and of social networking services platforms, and trust service providers;350381001508;us-east-1;2026-08-01 19:04:21.788096;3.2.3.d;"authentication-related events;";3 INCIDENT HANDLING (ARTICLE 21(2), POINT (B), OF DIRECTIVE (EU) 2022/2555);3.2 Monitoring and logging;;generic;;FAIL;No CloudWatch log groups found with metric filters or alarms associated.;arn:aws:logs:us-east-1:350381001508:log-group;cloudwatch_log_metric_filter_sign_in_without_mfa;False;350381001508;NIS2;NIS2 - Network and Information Security Directive (Directive (EU) 2022/2555);
aws;ANNEX to the Commission Implementing Regulation laying down rules for the application of Directive (EU) 2022/2555 as regards technical and methodological requirements of cybersecurity risk-management measures and further specification of the cases in which an incident is considered to be significant with regard to DNS service providers, TLD name registries, cloud computing service providers, data centre service providers, content delivery network providers, managed service providers, managed security service providers, providers of online market places, of online search engines and of social networking services platforms, and trust service providers;350381001508;us-east-1;2026-08-01 19:04:21.788096;3.2.3.g;"event logs and logs from security tools, such as antivirus, intrusion detection systems or firewalls;";3 INCIDENT HANDLING (ARTICLE 21(2), POINT (B), OF DIRECTIVE (EU) 2022/2555);3.2 Monitoring and logging;;generic;;FAIL;No CloudWatch log groups found with metric filters or alarms associated.;arn:aws:logs:us-east-1:350381001508:log-group;cloudwatch_log_metric_filter_sign_in_without_mfa;False;350381001508;NIS2;NIS2 - Network and Information Security Directive (Directive (EU) 2022/2555);
aws;ANNEX to the Commission Implementing Regulation laying down rules for the application of Directive (EU) 2022/2555 as regards technical and methodological requirements of cybersecurity risk-management measures and further specification of the cases in which an incident is considered to be significant with regard to DNS service providers, TLD name registries, cloud computing service providers, data centre service providers, content delivery network providers, managed service providers, managed security service providers, providers of online market places, of online search engines and of social networking services platforms, and trust service providers;350381001508;us-east-1;2026-08-01 19:04:21.788096;3.5.4;The relevant entities shall log incident response activities in accordance with the procedures referred to in point 3.2.1., and record evidence.;3 INCIDENT HANDLING (ARTICLE 21(2), POINT (B), OF DIRECTIVE (EU) 2022/2555);3.5 Incident response;;cloudwatch;;FAIL;No CloudWatch log groups found with metric filters or alarms associated.;arn:aws:logs:us-east-1:350381001508:log-group;cloudwatch_log_metric_filter_sign_in_without_mfa;False;350381001508;NIS2;NIS2 - Network and Information Security Directive (Directive (EU) 2022/2555);
aws;ANNEX to the Commission Implementing Regulation laying down rules for the application of Directive (EU) 2022/2555 as regards technical and methodological requirements of cybersecurity risk-management measures and further specification of the cases in which an incident is considered to be significant with regard to DNS service providers, TLD name registries, cloud computing service providers, data centre service providers, content delivery network providers, managed service providers, managed security service providers, providers of online market places, of online search engines and of social networking services platforms, and trust service providers;350381001508;us-east-1;2026-08-01 19:04:21.788096;9.2.c.vii;"logging and auditing of key management-related activities;";9 CRYPTOGRAPHY (ARTICLE 21(2), POINT (H), OF DIRECTIVE (EU) 2022/2555);9.2 Cryptography;;cloudwatch;;FAIL;No CloudWatch log groups found with metric filters or alarms associated.;arn:aws:logs:us-east-1:350381001508:log-group;cloudwatch_log_metric_filter_sign_in_without_mfa;False;350381001508;NIS2;NIS2 - Network and Information Security Directive (Directive (EU) 2022/2555);
aws;ANNEX to the Commission Implementing Regulation laying down rules for the application of Directive (EU) 2022/2555 as regards technical and methodological requirements of cybersecurity risk-management measures and further specification of the cases in which an incident is considered to be significant with regard to DNS service providers, TLD name registries, cloud computing service providers, data centre service providers, content delivery network providers, managed service providers, managed security service providers, providers of online market places, of online search engines and of social networking services platforms, and trust service providers;350381001508;us-east-1;2026-08-01 19:04:21.788096;11.7.2;The relevant entities shall ensure that the strength of authentication is appropriate for the classification of the asset to be accessed.;11 ACCESS CONTROL (ARTICLE 21(2), POINTS (I) AND (J), OF DIRECTIVE (EU) 2022/2555);11.7 Multi-factor authentication;;generic;;FAIL;No CloudWatch log groups found with metric filters or alarms associated.;arn:aws:logs:us-east-1:350381001508:log-group;cloudwatch_log_metric_filter_sign_in_without_mfa;False;350381001508;NIS2;NIS2 - Network and Information Security Directive (Directive (EU) 2022/2555);
aws;ANNEX to the Commission Implementing Regulation laying down rules for the application of Directive (EU) 2022/2555 as regards technical and methodological requirements of cybersecurity risk-management measures and further specification of the cases in which an incident is considered to be significant with regard to DNS service providers, TLD name registries, cloud computing service providers, data centre service providers, content delivery network providers, managed service providers, managed security service providers, providers of online market places, of online search engines and of social networking services platforms, and trust service providers;350381001508;us-east-1;2026-08-01 19:04:21.788096;3.2.3.c;"access to systems and applications;";3 INCIDENT HANDLING (ARTICLE 21(2), POINT (B), OF DIRECTIVE (EU) 2022/2555);3.2 Monitoring and logging;;generic;;FAIL;No CloudWatch log groups found with metric filters or alarms associated.;arn:aws:logs:us-east-1:350381001508:log-group;cloudwatch_log_metric_filter_unauthorized_api_calls;False;350381001508;NIS2;NIS2 - Network and Information Security Directive (Directive (EU) 2022/2555);
aws;ANNEX to the Commission Implementing Regulation laying down rules for the application of Directive (EU) 2022/2555 as regards technical and methodological requirements of cybersecurity risk-management measures and further specification of the cases in which an incident is considered to be significant with regard to DNS service providers, TLD name registries, cloud computing service providers, data centre service providers, content delivery network providers, managed service providers, managed security service providers, providers of online market places, of online search engines and of social networking services platforms, and trust service providers;350381001508;us-east-1;2026-08-01 19:04:21.788096;3.2.3.g;"event logs and logs from security tools, such as antivirus, intrusion detection systems or firewalls;";3 INCIDENT HANDLING (ARTICLE 21(2), POINT (B), OF DIRECTIVE (EU) 2022/2555);3.2 Monitoring and logging;;generic;;FAIL;No CloudWatch log groups found with metric filters or alarms associated.;arn:aws:logs:us-east-1:350381001508:log-group;cloudwatch_log_metric_filter_unauthorized_api_calls;False;350381001508;NIS2;NIS2 - Network and Information Security Directive (Directive (EU) 2022/2555);
aws;ANNEX to the Commission Implementing Regulation laying down rules for the application of Directive (EU) 2022/2555 as regards technical and methodological requirements of cybersecurity risk-management measures and further specification of the cases in which an incident is considered to be significant with regard to DNS service providers, TLD name registries, cloud computing service providers, data centre service providers, content delivery network providers, managed service providers, managed security service providers, providers of online market places, of online search engines and of social networking services platforms, and trust service providers;350381001508;us-east-1;2026-08-01 19:04:21.788096;3.2.4;The logs shall be regularly reviewed for any unusual or unwanted trends. Where appropriate, the relevant entities shall lay down appropriate values for alarm thresholds. If the laid down values for alarm threshold are exceeded, an alarm shall be triggered, where appropriate, automatically. The relevant entities shall ensure that, in case of an alarm, a qualified and appropriate response is initiated in a timely manner.;3 INCIDENT HANDLING (ARTICLE 21(2), POINT (B), OF DIRECTIVE (EU) 2022/2555);3.2 Monitoring and logging;;cloudwatch;;FAIL;No CloudWatch log groups found with metric filters or alarms associated.;arn:aws:logs:us-east-1:350381001508:log-group;cloudwatch_log_metric_filter_unauthorized_api_calls;False;350381001508;NIS2;NIS2 - Network and Information Security Directive (Directive (EU) 2022/2555);
aws;ANNEX to the Commission Implementing Regulation laying down rules for the application of Directive (EU) 2022/2555 as regards technical and methodological requirements of cybersecurity risk-management measures and further specification of the cases in which an incident is considered to be significant with regard to DNS service providers, TLD name registries, cloud computing service providers, data centre service providers, content delivery network providers, managed service providers, managed security service providers, providers of online market places, of online search engines and of social networking services platforms, and trust service providers;350381001508;us-east-1;2026-08-01 19:04:21.788096;3.4.2.c;"review the appropriate logs for the purposes of event assessment and classification;";3 INCIDENT HANDLING (ARTICLE 21(2), POINT (B), OF DIRECTIVE (EU) 2022/2555);3.4 Event assessment and classification;;cloudwatch;;FAIL;No CloudWatch log groups found with metric filters or alarms associated.;arn:aws:logs:us-east-1:350381001508:log-group;cloudwatch_log_metric_filter_unauthorized_api_calls;False;350381001508;NIS2;NIS2 - Network and Information Security Directive (Directive (EU) 2022/2555);
aws;ANNEX to the Commission Implementing Regulation laying down rules for the application of Directive (EU) 2022/2555 as regards technical and methodological requirements of cybersecurity risk-management measures and further specification of the cases in which an incident is considered to be significant with regard to DNS service providers, TLD name registries, cloud computing service providers, data centre service providers, content delivery network providers, managed service providers, managed security service providers, providers of online market places, of online search engines and of social networking services platforms, and trust service providers;350381001508;us-east-1;2026-08-01 19:04:21.788096;3.5.4;The relevant entities shall log incident response activities in accordance with the procedures referred to in point 3.2.1., and record evidence.;3 INCIDENT HANDLING (ARTICLE 21(2), POINT (B), OF DIRECTIVE (EU) 2022/2555);3.5 Incident response;;cloudwatch;;FAIL;No CloudWatch log groups found with metric filters or alarms associated.;arn:aws:logs:us-east-1:350381001508:log-group;cloudwatch_log_metric_filter_unauthorized_api_calls;False;350381001508;NIS2;NIS2 - Network and Information Security Directive (Directive (EU) 2022/2555);
aws;ANNEX to the Commission Implementing Regulation laying down rules for the application of Directive (EU) 2022/2555 as regards technical and methodological requirements of cybersecurity risk-management measures and further specification of the cases in which an incident is considered to be significant with regard to DNS service providers, TLD name registries, cloud computing service providers, data centre service providers, content delivery network providers, managed service providers, managed security service providers, providers of online market places, of online search engines and of social networking services platforms, and trust service providers;350381001508;us-east-1;2026-08-01 19:04:21.788096;3.6.2;The relevant entities shall ensure that post-incident reviews contribute to improving their approach to network and information security, to risk treatment measures, and to incident handling, detection and response procedures.;3 INCIDENT HANDLING (ARTICLE 21(2), POINT (B), OF DIRECTIVE (EU) 2022/2555);3.6 Post-incident reviews;;generic;;FAIL;EBS Volume vol-06f58dc8b8493e9f8 is not protected by a backup plan.;arn:aws:ec2:us-east-1:350381001508:volume/vol-06f58dc8b8493e9f8;ec2_ebs_volume_protected_by_backup_plan;False;vol-06f58dc8b8493e9f8;NIS2;NIS2 - Network and Information Security Directive (Directive (EU) 2022/2555);
aws;ANNEX to the Commission Implementing Regulation laying down rules for the application of Directive (EU) 2022/2555 as regards technical and methodological requirements of cybersecurity risk-management measures and further specification of the cases in which an incident is considered to be significant with regard to DNS service providers, TLD name registries, cloud computing service providers, data centre service providers, content delivery network providers, managed service providers, managed security service providers, providers of online market places, of online search engines and of social networking services platforms, and trust service providers;350381001508;us-east-1;2026-08-01 19:04:21.788096;4.1.2.g;"required resources, including backups and redundancies;";4 BUSINESS CONTINUITY AND CRISIS MANAGEMENT (ARTICLE 21(2), POINT (C), OF DIRECTIVE (EU) 2022/2555);4.1 Business continuity and disaster recovery plan;;generic;;FAIL;EBS Volume vol-06f58dc8b8493e9f8 is not protected by a backup plan.;arn:aws:ec2:us-east-1:350381001508:volume/vol-06f58dc8b8493e9f8;ec2_ebs_volume_protected_by_backup_plan;False;vol-06f58dc8b8493e9f8;NIS2;NIS2 - Network and Information Security Directive (Directive (EU) 2022/2555);
aws;ANNEX to the Commission Implementing Regulation laying down rules for the application of Directive (EU) 2022/2555 as regards technical and methodological requirements of cybersecurity risk-management measures and further specification of the cases in which an incident is considered to be significant with regard to DNS service providers, TLD name registries, cloud computing service providers, data centre service providers, content delivery network providers, managed service providers, managed security service providers, providers of online market places, of online search engines and of social networking services platforms, and trust service providers;350381001508;us-east-1;2026-08-01 19:04:21.788096;12.1.2.c;align the availability requirements of the assets with the delivery and recovery objectives set out in their business continuity and disaster recovery plans.;12 ASSET MANAGEMENT (ARTICLE 21(2), POINT (I), OF DIRECTIVE (EU) 2022/2555);12.1 Asset classification;;generic;;FAIL;EBS Volume vol-06f58dc8b8493e9f8 is not protected by a backup plan.;arn:aws:ec2:us-east-1:350381001508:volume/vol-06f58dc8b8493e9f8;ec2_ebs_volume_protected_by_backup_plan;False;vol-06f58dc8b8493e9f8;NIS2;NIS2 - Network and Information Security Directive (Directive (EU) 2022/2555);
aws;ANNEX to the Commission Implementing Regulation laying down rules for the application of Directive (EU) 2022/2555 as regards technical and methodological requirements of cybersecurity risk-management measures and further specification of the cases in which an incident is considered to be significant with regard to DNS service providers, TLD name registries, cloud computing service providers, data centre service providers, content delivery network providers, managed service providers, managed security service providers, providers of online market places, of online search engines and of social networking services platforms, and trust service providers;350381001508;us-east-1;2026-08-01 19:04:21.788096;12.2.2.b;"provide rules on the safe use, safe storage, safe transport, and the irretrievable deletion and destruction of the assets;";12 ASSET MANAGEMENT (ARTICLE 21(2), POINT (I), OF DIRECTIVE (EU) 2022/2555);12.2 Handling of assets;;generic;;FAIL;EBS Volume vol-06f58dc8b8493e9f8 is not protected by a backup plan.;arn:aws:ec2:us-east-1:350381001508:volume/vol-06f58dc8b8493e9f8;ec2_ebs_volume_protected_by_backup_plan;False;vol-06f58dc8b8493e9f8;NIS2;NIS2 - Network and Information Security Directive (Directive (EU) 2022/2555);
aws;ANNEX to the Commission Implementing Regulation laying down rules for the application of Directive (EU) 2022/2555 as regards technical and methodological requirements of cybersecurity risk-management measures and further specification of the cases in which an incident is considered to be significant with regard to DNS service providers, TLD name registries, cloud computing service providers, data centre service providers, content delivery network providers, managed service providers, managed security service providers, providers of online market places, of online search engines and of social networking services platforms, and trust service providers;350381001508;us-east-1;2026-08-01 19:04:21.788096;6.7.2.i;"establish communication between distinct systems only through trusted channels that are isolated using logical, cryptographic or physical separation from other communication channels and provide assured identification of their end points and protection of the channel data from modification or disclosure;";6 SECURITY IN NETWORK AND INFORMATION SYSTEMS ACQUISITION, DEVELOPMENT AND MAINTENANCE (ARTICLE 21(2), POINT (E), OF DIRECTIVE (EU) 2022/2555);6.7 Network security;;generic;;FAIL;IMDSv2 is not enabled by default for EC2 instances.;arn:aws:ec2:us-east-1:350381001508:account;ec2_instance_account_imdsv2_enabled;False;350381001508;NIS2;NIS2 - Network and Information Security Directive (Directive (EU) 2022/2555);
aws;ANNEX to the Commission Implementing Regulation laying down rules for the application of Directive (EU) 2022/2555 as regards technical and methodological requirements of cybersecurity risk-management measures and further specification of the cases in which an incident is considered to be significant with regard to DNS service providers, TLD name registries, cloud computing service providers, data centre service providers, content delivery network providers, managed service providers, managed security service providers, providers of online market places, of online search engines and of social networking services platforms, and trust service providers;350381001508;us-east-1;2026-08-01 19:04:21.788096;3.2.3.h;"use of system resources, as well as their performance;";3 INCIDENT HANDLING (ARTICLE 21(2), POINT (B), OF DIRECTIVE (EU) 2022/2555);3.2 Monitoring and logging;;generic;;FAIL;EC2 Instance i-0eefd2ddc65f26f85 does not have detailed monitoring enabled.;arn:aws:ec2:us-east-1:350381001508:instance/i-0eefd2ddc65f26f85;ec2_instance_detailed_monitoring_enabled;False;i-0eefd2ddc65f26f85;NIS2;NIS2 - Network and Information Security Directive (Directive (EU) 2022/2555);
aws;ANNEX to the Commission Implementing Regulation laying down rules for the application of Directive (EU) 2022/2555 as regards technical and methodological requirements of cybersecurity risk-management measures and further specification of the cases in which an incident is considered to be significant with regard to DNS service providers, TLD name registries, cloud computing service providers, data centre service providers, content delivery network providers, managed service providers, managed security service providers, providers of online market places, of online search engines and of social networking services platforms, and trust service providers;350381001508;us-east-1;2026-08-01 19:04:21.788096;6.7.2.i;"establish communication between distinct systems only through trusted channels that are isolated using logical, cryptographic or physical separation from other communication channels and provide assured identification of their end points and protection of the channel data from modification or disclosure;";6 SECURITY IN NETWORK AND INFORMATION SYSTEMS ACQUISITION, DEVELOPMENT AND MAINTENANCE (ARTICLE 21(2), POINT (E), OF DIRECTIVE (EU) 2022/2555);6.7 Network security;;generic;;PASS;EC2 Instance i-0eefd2ddc65f26f85 has IMDSv2 enabled and required.;arn:aws:ec2:us-east-1:350381001508:instance/i-0eefd2ddc65f26f85;ec2_instance_imdsv2_enabled;False;i-0eefd2ddc65f26f85;NIS2;NIS2 - Network and Information Security Directive (Directive (EU) 2022/2555);
aws;ANNEX to the Commission Implementing Regulation laying down rules for the application of Directive (EU) 2022/2555 as regards technical and methodological requirements of cybersecurity risk-management measures and further specification of the cases in which an incident is considered to be significant with regard to DNS service providers, TLD name registries, cloud computing service providers, data centre service providers, content delivery network providers, managed service providers, managed security service providers, providers of online market places, of online search engines and of social networking services platforms, and trust service providers;350381001508;us-east-1;2026-08-01 19:04:21.788096;6.7.2.g;"where appropriate, exclusively allow access to the relevant entities network and information systems by devices authorised by those entities;";6 SECURITY IN NETWORK AND INFORMATION SYSTEMS ACQUISITION, DEVELOPMENT AND MAINTENANCE (ARTICLE 21(2), POINT (E), OF DIRECTIVE (EU) 2022/2555);6.7 Network security;;ec2;;PASS;Instance i-0eefd2ddc65f26f85 does not have Cassandra ports open to the Internet.;arn:aws:ec2:us-east-1:350381001508:instance/i-0eefd2ddc65f26f85;ec2_instance_port_cassandra_exposed_to_internet;False;i-0eefd2ddc65f26f85;NIS2;NIS2 - Network and Information Security Directive (Directive (EU) 2022/2555);
aws;ANNEX to the Commission Implementing Regulation laying down rules for the application of Directive (EU) 2022/2555 as regards technical and methodological requirements of cybersecurity risk-management measures and further specification of the cases in which an incident is considered to be significant with regard to DNS service providers, TLD name registries, cloud computing service providers, data centre service providers, content delivery network providers, managed service providers, managed security service providers, providers of online market places, of online search engines and of social networking services platforms, and trust service providers;350381001508;us-east-1;2026-08-01 19:04:21.788096;6.7.2.g;"where appropriate, exclusively allow access to the relevant entities network and information systems by devices authorised by those entities;";6 SECURITY IN NETWORK AND INFORMATION SYSTEMS ACQUISITION, DEVELOPMENT AND MAINTENANCE (ARTICLE 21(2), POINT (E), OF DIRECTIVE (EU) 2022/2555);6.7 Network security;;ec2;;PASS;Instance i-0eefd2ddc65f26f85 does not have CIFS ports open to the Internet.;arn:aws:ec2:us-east-1:350381001508:instance/i-0eefd2ddc65f26f85;ec2_instance_port_cifs_exposed_to_internet;False;i-0eefd2ddc65f26f85;NIS2;NIS2 - Network and Information Security Directive (Directive (EU) 2022/2555);
aws;ANNEX to the Commission Implementing Regulation laying down rules for the application of Directive (EU) 2022/2555 as regards technical and methodological requirements of cybersecurity risk-management measures and further specification of the cases in which an incident is considered to be significant with regard to DNS service providers, TLD name registries, cloud computing service providers, data centre service providers, content delivery network providers, managed service providers, managed security service providers, providers of online market places, of online search engines and of social networking services platforms, and trust service providers;350381001508;us-east-1;2026-08-01 19:04:21.788096;6.7.2.g;"where appropriate, exclusively allow access to the relevant entities network and information systems by devices authorised by those entities;";6 SECURITY IN NETWORK AND INFORMATION SYSTEMS ACQUISITION, DEVELOPMENT AND MAINTENANCE (ARTICLE 21(2), POINT (E), OF DIRECTIVE (EU) 2022/2555);6.7 Network security;;ec2;;PASS;Instance i-0eefd2ddc65f26f85 does not have Elasticsearch/Kibana ports open to the Internet.;arn:aws:ec2:us-east-1:350381001508:instance/i-0eefd2ddc65f26f85;ec2_instance_port_elasticsearch_kibana_exposed_to_internet;False;i-0eefd2ddc65f26f85;NIS2;NIS2 - Network and Information Security Directive (Directive (EU) 2022/2555);
aws;ANNEX to the Commission Implementing Regulation laying down rules for the application of Directive (EU) 2022/2555 as regards technical and methodological requirements of cybersecurity risk-management measures and further specification of the cases in which an incident is considered to be significant with regard to DNS service providers, TLD name registries, cloud computing service providers, data centre service providers, content delivery network providers, managed service providers, managed security service providers, providers of online market places, of online search engines and of social networking services platforms, and trust service providers;350381001508;us-east-1;2026-08-01 19:04:21.788096;6.7.2.g;"where appropriate, exclusively allow access to the relevant entities network and information systems by devices authorised by those entities;";6 SECURITY IN NETWORK AND INFORMATION SYSTEMS ACQUISITION, DEVELOPMENT AND MAINTENANCE (ARTICLE 21(2), POINT (E), OF DIRECTIVE (EU) 2022/2555);6.7 Network security;;ec2;;PASS;Instance i-0eefd2ddc65f26f85 does not have FTP ports open to the Internet.;arn:aws:ec2:us-east-1:350381001508:instance/i-0eefd2ddc65f26f85;ec2_instance_port_ftp_exposed_to_internet;False;i-0eefd2ddc65f26f85;NIS2;NIS2 - Network and Information Security Directive (Directive (EU) 2022/2555);
aws;ANNEX to the Commission Implementing Regulation laying down rules for the application of Directive (EU) 2022/2555 as regards technical and methodological requirements of cybersecurity risk-management measures and further specification of the cases in which an incident is considered to be significant with regard to DNS service providers, TLD name registries, cloud computing service providers, data centre service providers, content delivery network providers, managed service providers, managed security service providers, providers of online market places, of online search engines and of social networking services platforms, and trust service providers;350381001508;us-east-1;2026-08-01 19:04:21.788096;6.7.2.g;"where appropriate, exclusively allow access to the relevant entities network and information systems by devices authorised by those entities;";6 SECURITY IN NETWORK AND INFORMATION SYSTEMS ACQUISITION, DEVELOPMENT AND MAINTENANCE (ARTICLE 21(2), POINT (E), OF DIRECTIVE (EU) 2022/2555);6.7 Network security;;ec2;;PASS;Instance i-0eefd2ddc65f26f85 does not have Kafka port 9092 open to the Internet.;arn:aws:ec2:us-east-1:350381001508:instance/i-0eefd2ddc65f26f85;ec2_instance_port_kafka_exposed_to_internet;False;i-0eefd2ddc65f26f85;NIS2;NIS2 - Network and Information Security Directive (Directive (EU) 2022/2555);
aws;ANNEX to the Commission Implementing Regulation laying down rules for the application of Directive (EU) 2022/2555 as regards technical and methodological requirements of cybersecurity risk-management measures and further specification of the cases in which an incident is considered to be significant with regard to DNS service providers, TLD name registries, cloud computing service providers, data centre service providers, content delivery network providers, managed service providers, managed security service providers, providers of online market places, of online search engines and of social networking services platforms, and trust service providers;350381001508;us-east-1;2026-08-01 19:04:21.788096;6.7.2.g;"where appropriate, exclusively allow access to the relevant entities network and information systems by devices authorised by those entities;";6 SECURITY IN NETWORK AND INFORMATION SYSTEMS ACQUISITION, DEVELOPMENT AND MAINTENANCE (ARTICLE 21(2), POINT (E), OF DIRECTIVE (EU) 2022/2555);6.7 Network security;;ec2;;PASS;Instance i-0eefd2ddc65f26f85 does not have Kerberos ports open to the Internet.;arn:aws:ec2:us-east-1:350381001508:instance/i-0eefd2ddc65f26f85;ec2_instance_port_kerberos_exposed_to_internet;False;i-0eefd2ddc65f26f85;NIS2;NIS2 - Network and Information Security Directive (Directive (EU) 2022/2555);
aws;ANNEX to the Commission Implementing Regulation laying down rules for the application of Directive (EU) 2022/2555 as regards technical and methodological requirements of cybersecurity risk-management measures and further specification of the cases in which an incident is considered to be significant with regard to DNS service providers, TLD name registries, cloud computing service providers, data centre service providers, content delivery network providers, managed service providers, managed security service providers, providers of online market places, of online search engines and of social networking services platforms, and trust service providers;350381001508;us-east-1;2026-08-01 19:04:21.788096;6.7.2.g;"where appropriate, exclusively allow access to the relevant entities network and information systems by devices authorised by those entities;";6 SECURITY IN NETWORK AND INFORMATION SYSTEMS ACQUISITION, DEVELOPMENT AND MAINTENANCE (ARTICLE 21(2), POINT (E), OF DIRECTIVE (EU) 2022/2555);6.7 Network security;;ec2;;PASS;Instance i-0eefd2ddc65f26f85 does not have LDAP ports open to the Internet.;arn:aws:ec2:us-east-1:350381001508:instance/i-0eefd2ddc65f26f85;ec2_instance_port_ldap_exposed_to_internet;False;i-0eefd2ddc65f26f85;NIS2;NIS2 - Network and Information Security Directive (Directive (EU) 2022/2555);
aws;ANNEX to the Commission Implementing Regulation laying down rules for the application of Directive (EU) 2022/2555 as regards technical and methodological requirements of cybersecurity risk-management measures and further specification of the cases in which an incident is considered to be significant with regard to DNS service providers, TLD name registries, cloud computing service providers, data centre service providers, content delivery network providers, managed service providers, managed security service providers, providers of online market places, of online search engines and of social networking services platforms, and trust service providers;350381001508;us-east-1;2026-08-01 19:04:21.788096;6.7.2.g;"where appropriate, exclusively allow access to the relevant entities network and information systems by devices authorised by those entities;";6 SECURITY IN NETWORK AND INFORMATION SYSTEMS ACQUISITION, DEVELOPMENT AND MAINTENANCE (ARTICLE 21(2), POINT (E), OF DIRECTIVE (EU) 2022/2555);6.7 Network security;;ec2;;PASS;Instance i-0eefd2ddc65f26f85 does not have Memcached port 11211 open to the Internet.;arn:aws:ec2:us-east-1:350381001508:instance/i-0eefd2ddc65f26f85;ec2_instance_port_memcached_exposed_to_internet;False;i-0eefd2ddc65f26f85;NIS2;NIS2 - Network and Information Security Directive (Directive (EU) 2022/2555);
aws;ANNEX to the Commission Implementing Regulation laying down rules for the application of Directive (EU) 2022/2555 as regards technical and methodological requirements of cybersecurity risk-management measures and further specification of the cases in which an incident is considered to be significant with regard to DNS service providers, TLD name registries, cloud computing service providers, data centre service providers, content delivery network providers, managed service providers, managed security service providers, providers of online market places, of online search engines and of social networking services platforms, and trust service providers;350381001508;us-east-1;2026-08-01 19:04:21.788096;6.7.2.g;"where appropriate, exclusively allow access to the relevant entities network and information systems by devices authorised by those entities;";6 SECURITY IN NETWORK AND INFORMATION SYSTEMS ACQUISITION, DEVELOPMENT AND MAINTENANCE (ARTICLE 21(2), POINT (E), OF DIRECTIVE (EU) 2022/2555);6.7 Network security;;ec2;;PASS;Instance i-0eefd2ddc65f26f85 does not have MongoDB ports open to the Internet.;arn:aws:ec2:us-east-1:350381001508:instance/i-0eefd2ddc65f26f85;ec2_instance_port_mongodb_exposed_to_internet;False;i-0eefd2ddc65f26f85;NIS2;NIS2 - Network and Information Security Directive (Directive (EU) 2022/2555);
aws;ANNEX to the Commission Implementing Regulation laying down rules for the application of Directive (EU) 2022/2555 as regards technical and methodological requirements of cybersecurity risk-management measures and further specification of the cases in which an incident is considered to be significant with regard to DNS service providers, TLD name registries, cloud computing service providers, data centre service providers, content delivery network providers, managed service providers, managed security service providers, providers of online market places, of online search engines and of social networking services platforms, and trust service providers;350381001508;us-east-1;2026-08-01 19:04:21.788096;6.7.2.g;"where appropriate, exclusively allow access to the relevant entities network and information systems by devices authorised by those entities;";6 SECURITY IN NETWORK AND INFORMATION SYSTEMS ACQUISITION, DEVELOPMENT AND MAINTENANCE (ARTICLE 21(2), POINT (E), OF DIRECTIVE (EU) 2022/2555);6.7 Network security;;ec2;;PASS;Instance i-0eefd2ddc65f26f85 does not have MySQL port 3306 open to the Internet.;arn:aws:ec2:us-east-1:350381001508:instance/i-0eefd2ddc65f26f85;ec2_instance_port_mysql_exposed_to_internet;False;i-0eefd2ddc65f26f85;NIS2;NIS2 - Network and Information Security Directive (Directive (EU) 2022/2555);
aws;ANNEX to the Commission Implementing Regulation laying down rules for the application of Directive (EU) 2022/2555 as regards technical and methodological requirements of cybersecurity risk-management measures and further specification of the cases in which an incident is considered to be significant with regard to DNS service providers, TLD name registries, cloud computing service providers, data centre service providers, content delivery network providers, managed service providers, managed security service providers, providers of online market places, of online search engines and of social networking services platforms, and trust service providers;350381001508;us-east-1;2026-08-01 19:04:21.788096;6.7.2.g;"where appropriate, exclusively allow access to the relevant entities network and information systems by devices authorised by those entities;";6 SECURITY IN NETWORK AND INFORMATION SYSTEMS ACQUISITION, DEVELOPMENT AND MAINTENANCE (ARTICLE 21(2), POINT (E), OF DIRECTIVE (EU) 2022/2555);6.7 Network security;;ec2;;PASS;Instance i-0eefd2ddc65f26f85 does not have Oracle ports open to the Internet.;arn:aws:ec2:us-east-1:350381001508:instance/i-0eefd2ddc65f26f85;ec2_instance_port_oracle_exposed_to_internet;False;i-0eefd2ddc65f26f85;NIS2;NIS2 - Network and Information Security Directive (Directive (EU) 2022/2555);
aws;ANNEX to the Commission Implementing Regulation laying down rules for the application of Directive (EU) 2022/2555 as regards technical and methodological requirements of cybersecurity risk-management measures and further specification of the cases in which an incident is considered to be significant with regard to DNS service providers, TLD name registries, cloud computing service providers, data centre service providers, content delivery network providers, managed service providers, managed security service providers, providers of online market places, of online search engines and of social networking services platforms, and trust service providers;350381001508;us-east-1;2026-08-01 19:04:21.788096;6.7.2.g;"where appropriate, exclusively allow access to the relevant entities network and information systems by devices authorised by those entities;";6 SECURITY IN NETWORK AND INFORMATION SYSTEMS ACQUISITION, DEVELOPMENT AND MAINTENANCE (ARTICLE 21(2), POINT (E), OF DIRECTIVE (EU) 2022/2555);6.7 Network security;;ec2;;PASS;Instance i-0eefd2ddc65f26f85 does not have PostgreSQL port 5432 open to the Internet.;arn:aws:ec2:us-east-1:350381001508:instance/i-0eefd2ddc65f26f85;ec2_instance_port_postgresql_exposed_to_internet;False;i-0eefd2ddc65f26f85;NIS2;NIS2 - Network and Information Security Directive (Directive (EU) 2022/2555);
aws;ANNEX to the Commission Implementing Regulation laying down rules for the application of Directive (EU) 2022/2555 as regards technical and methodological requirements of cybersecurity risk-management measures and further specification of the cases in which an incident is considered to be significant with regard to DNS service providers, TLD name registries, cloud computing service providers, data centre service providers, content delivery network providers, managed service providers, managed security service providers, providers of online market places, of online search engines and of social networking services platforms, and trust service providers;350381001508;us-east-1;2026-08-01 19:04:21.788096;6.7.2.g;"where appropriate, exclusively allow access to the relevant entities network and information systems by devices authorised by those entities;";6 SECURITY IN NETWORK AND INFORMATION SYSTEMS ACQUISITION, DEVELOPMENT AND MAINTENANCE (ARTICLE 21(2), POINT (E), OF DIRECTIVE (EU) 2022/2555);6.7 Network security;;ec2;;FAIL;Instance i-0eefd2ddc65f26f85 has RDP exposed to 0.0.0.0/0 on public IP address 18.209.245.118 in public subnet subnet-0b92ef0c8cfd4ef0d.;arn:aws:ec2:us-east-1:350381001508:instance/i-0eefd2ddc65f26f85;ec2_instance_port_rdp_exposed_to_internet;False;i-0eefd2ddc65f26f85;NIS2;NIS2 - Network and Information Security Directive (Directive (EU) 2022/2555);
aws;ANNEX to the Commission Implementing Regulation laying down rules for the application of Directive (EU) 2022/2555 as regards technical and methodological requirements of cybersecurity risk-management measures and further specification of the cases in which an incident is considered to be significant with regard to DNS service providers, TLD name registries, cloud computing service providers, data centre service providers, content delivery network providers, managed service providers, managed security service providers, providers of online market places, of online search engines and of social networking services platforms, and trust service providers;350381001508;us-east-1;2026-08-01 19:04:21.788096;6.7.2.g;"where appropriate, exclusively allow access to the relevant entities network and information systems by devices authorised by those entities;";6 SECURITY IN NETWORK AND INFORMATION SYSTEMS ACQUISITION, DEVELOPMENT AND MAINTENANCE (ARTICLE 21(2), POINT (E), OF DIRECTIVE (EU) 2022/2555);6.7 Network security;;ec2;;PASS;Instance i-0eefd2ddc65f26f85 does not have Redis port 6379 open to the Internet.;arn:aws:ec2:us-east-1:350381001508:instance/i-0eefd2ddc65f26f85;ec2_instance_port_redis_exposed_to_internet;False;i-0eefd2ddc65f26f85;NIS2;NIS2 - Network and Information Security Directive (Directive (EU) 2022/2555);
aws;ANNEX to the Commission Implementing Regulation laying down rules for the application of Directive (EU) 2022/2555 as regards technical and methodological requirements of cybersecurity risk-management measures and further specification of the cases in which an incident is considered to be significant with regard to DNS service providers, TLD name registries, cloud computing service providers, data centre service providers, content delivery network providers, managed service providers, managed security service providers, providers of online market places, of online search engines and of social networking services platforms, and trust service providers;350381001508;us-east-1;2026-08-01 19:04:21.788096;6.7.2.g;"where appropriate, exclusively allow access to the relevant entities network and information systems by devices authorised by those entities;";6 SECURITY IN NETWORK AND INFORMATION SYSTEMS ACQUISITION, DEVELOPMENT AND MAINTENANCE (ARTICLE 21(2), POINT (E), OF DIRECTIVE (EU) 2022/2555);6.7 Network security;;ec2;;PASS;Instance i-0eefd2ddc65f26f85 does not have SQL Server ports open to the Internet.;arn:aws:ec2:us-east-1:350381001508:instance/i-0eefd2ddc65f26f85;ec2_instance_port_sqlserver_exposed_to_internet;False;i-0eefd2ddc65f26f85;NIS2;NIS2 - Network and Information Security Directive (Directive (EU) 2022/2555);
aws;ANNEX to the Commission Implementing Regulation laying down rules for the application of Directive (EU) 2022/2555 as regards technical and methodological requirements of cybersecurity risk-management measures and further specification of the cases in which an incident is considered to be significant with regard to DNS service providers, TLD name registries, cloud computing service providers, data centre service providers, content delivery network providers, managed service providers, managed security service providers, providers of online market places, of online search engines and of social networking services platforms, and trust service providers;350381001508;us-east-1;2026-08-01 19:04:21.788096;6.7.2.g;"where appropriate, exclusively allow access to the relevant entities network and information systems by devices authorised by those entities;";6 SECURITY IN NETWORK AND INFORMATION SYSTEMS ACQUISITION, DEVELOPMENT AND MAINTENANCE (ARTICLE 21(2), POINT (E), OF DIRECTIVE (EU) 2022/2555);6.7 Network security;;ec2;;FAIL;Instance i-0eefd2ddc65f26f85 has SSH exposed to 0.0.0.0/0 on public IP address 18.209.245.118 in public subnet subnet-0b92ef0c8cfd4ef0d.;arn:aws:ec2:us-east-1:350381001508:instance/i-0eefd2ddc65f26f85;ec2_instance_port_ssh_exposed_to_internet;False;i-0eefd2ddc65f26f85;NIS2;NIS2 - Network and Information Security Directive (Directive (EU) 2022/2555);
aws;ANNEX to the Commission Implementing Regulation laying down rules for the application of Directive (EU) 2022/2555 as regards technical and methodological requirements of cybersecurity risk-management measures and further specification of the cases in which an incident is considered to be significant with regard to DNS service providers, TLD name registries, cloud computing service providers, data centre service providers, content delivery network providers, managed service providers, managed security service providers, providers of online market places, of online search engines and of social networking services platforms, and trust service providers;350381001508;us-east-1;2026-08-01 19:04:21.788096;6.7.2.g;"where appropriate, exclusively allow access to the relevant entities network and information systems by devices authorised by those entities;";6 SECURITY IN NETWORK AND INFORMATION SYSTEMS ACQUISITION, DEVELOPMENT AND MAINTENANCE (ARTICLE 21(2), POINT (E), OF DIRECTIVE (EU) 2022/2555);6.7 Network security;;ec2;;PASS;Instance i-0eefd2ddc65f26f85 does not have Telnet port 23 open to the Internet.;arn:aws:ec2:us-east-1:350381001508:instance/i-0eefd2ddc65f26f85;ec2_instance_port_telnet_exposed_to_internet;False;i-0eefd2ddc65f26f85;NIS2;NIS2 - Network and Information Security Directive (Directive (EU) 2022/2555);
aws;ANNEX to the Commission Implementing Regulation laying down rules for the application of Directive (EU) 2022/2555 as regards technical and methodological requirements of cybersecurity risk-management measures and further specification of the cases in which an incident is considered to be significant with regard to DNS service providers, TLD name registries, cloud computing service providers, data centre service providers, content delivery network providers, managed service providers, managed security service providers, providers of online market places, of online search engines and of social networking services platforms, and trust service providers;350381001508;us-east-1;2026-08-01 19:04:21.788096;11.1.1;For the purpose of Article 21(2), point (i) of Directive (EU) 2022/2555, the relevant entities shall establish, document and implement logical and physical access control policies for the access to their network and information systems, based on business requirements as well as network and information system security requirements.;11 ACCESS CONTROL (ARTICLE 21(2), POINTS (I) AND (J), OF DIRECTIVE (EU) 2022/2555);11.1 Access control policy;;generic;;FAIL;EC2 Instance i-0eefd2ddc65f26f85 not associated with an Instance Profile Role.;arn:aws:ec2:us-east-1:350381001508:instance/i-0eefd2ddc65f26f85;ec2_instance_profile_attached;False;i-0eefd2ddc65f26f85;NIS2;NIS2 - Network and Information Security Directive (Directive (EU) 2022/2555);
aws;ANNEX to the Commission Implementing Regulation laying down rules for the application of Directive (EU) 2022/2555 as regards technical and methodological requirements of cybersecurity risk-management measures and further specification of the cases in which an incident is considered to be significant with regard to DNS service providers, TLD name registries, cloud computing service providers, data centre service providers, content delivery network providers, managed service providers, managed security service providers, providers of online market places, of online search engines and of social networking services platforms, and trust service providers;350381001508;us-east-1;2026-08-01 19:04:21.788096;11.2.2.d;"ensure that access rights appropriately address third-party access, such as visitors, suppliers and service providers, in particular by limiting access rights in scope and in duration;";11 ACCESS CONTROL (ARTICLE 21(2), POINTS (I) AND (J), OF DIRECTIVE (EU) 2022/2555);11.2 Management of access rights;;generic;;FAIL;EC2 Instance i-0eefd2ddc65f26f85 not associated with an Instance Profile Role.;arn:aws:ec2:us-east-1:350381001508:instance/i-0eefd2ddc65f26f85;ec2_instance_profile_attached;False;i-0eefd2ddc65f26f85;NIS2;NIS2 - Network and Information Security Directive (Directive (EU) 2022/2555);
aws;ANNEX to the Commission Implementing Regulation laying down rules for the application of Directive (EU) 2022/2555 as regards technical and methodological requirements of cybersecurity risk-management measures and further specification of the cases in which an incident is considered to be significant with regard to DNS service providers, TLD name registries, cloud computing service providers, data centre service providers, content delivery network providers, managed service providers, managed security service providers, providers of online market places, of online search engines and of social networking services platforms, and trust service providers;350381001508;us-east-1;2026-08-01 19:04:21.788096;3.5.3.a;"with the Computer Security Incident Response Teams (CSIRTs) or, where applicable, the competent authorities, related to incident notification;";3 INCIDENT HANDLING (ARTICLE 21(2), POINT (B), OF DIRECTIVE (EU) 2022/2555);3.5 Incident response;;generic;;PASS;No secrets found in EC2 instance i-0eefd2ddc65f26f85 since User Data is empty.;arn:aws:ec2:us-east-1:350381001508:instance/i-0eefd2ddc65f26f85;ec2_instance_secrets_user_data;False;i-0eefd2ddc65f26f85;NIS2;NIS2 - Network and Information Security Directive (Directive (EU) 2022/2555);
aws;ANNEX to the Commission Implementing Regulation laying down rules for the application of Directive (EU) 2022/2555 as regards technical and methodological requirements of cybersecurity risk-management measures and further specification of the cases in which an incident is considered to be significant with regard to DNS service providers, TLD name registries, cloud computing service providers, data centre service providers, content delivery network providers, managed service providers, managed security service providers, providers of online market places, of online search engines and of social networking services platforms, and trust service providers;350381001508;us-east-1;2026-08-01 19:04:21.788096;6.7.2.g;"where appropriate, exclusively allow access to the relevant entities network and information systems by devices authorised by those entities;";6 SECURITY IN NETWORK AND INFORMATION SYSTEMS ACQUISITION, DEVELOPMENT AND MAINTENANCE (ARTICLE 21(2), POINT (E), OF DIRECTIVE (EU) 2022/2555);6.7 Network security;;ec2;;FAIL;Network ACL acl-014e51ba0fad383a2 has SSH port 22 open to the Internet.;arn:aws:ec2:us-east-1:350381001508:network-acl/acl-014e51ba0fad383a2;ec2_networkacl_allow_ingress_tcp_port_22;False;acl-014e51ba0fad383a2;NIS2;NIS2 - Network and Information Security Directive (Directive (EU) 2022/2555);
aws;ANNEX to the Commission Implementing Regulation laying down rules for the application of Directive (EU) 2022/2555 as regards technical and methodological requirements of cybersecurity risk-management measures and further specification of the cases in which an incident is considered to be significant with regard to DNS service providers, TLD name registries, cloud computing service providers, data centre service providers, content delivery network providers, managed service providers, managed security service providers, providers of online market places, of online search engines and of social networking services platforms, and trust service providers;350381001508;us-east-1;2026-08-01 19:04:21.788096;6.7.2.g;"where appropriate, exclusively allow access to the relevant entities network and information systems by devices authorised by those entities;";6 SECURITY IN NETWORK AND INFORMATION SYSTEMS ACQUISITION, DEVELOPMENT AND MAINTENANCE (ARTICLE 21(2), POINT (E), OF DIRECTIVE (EU) 2022/2555);6.7 Network security;;ec2;;FAIL;Network ACL acl-0202bf3ad7768fe92 has SSH port 22 open to the Internet.;arn:aws:ec2:us-east-1:350381001508:network-acl/acl-0202bf3ad7768fe92;ec2_networkacl_allow_ingress_tcp_port_22;False;acl-0202bf3ad7768fe92;NIS2;NIS2 - Network and Information Security Directive (Directive (EU) 2022/2555);
aws;ANNEX to the Commission Implementing Regulation laying down rules for the application of Directive (EU) 2022/2555 as regards technical and methodological requirements of cybersecurity risk-management measures and further specification of the cases in which an incident is considered to be significant with regard to DNS service providers, TLD name registries, cloud computing service providers, data centre service providers, content delivery network providers, managed service providers, managed security service providers, providers of online market places, of online search engines and of social networking services platforms, and trust service providers;350381001508;us-east-1;2026-08-01 19:04:21.788096;6.7.2.g;"where appropriate, exclusively allow access to the relevant entities network and information systems by devices authorised by those entities;";6 SECURITY IN NETWORK AND INFORMATION SYSTEMS ACQUISITION, DEVELOPMENT AND MAINTENANCE (ARTICLE 21(2), POINT (E), OF DIRECTIVE (EU) 2022/2555);6.7 Network security;;ec2;;FAIL;Network ACL acl-014e51ba0fad383a2 has Microsoft RDP port 3389 open to the Internet.;arn:aws:ec2:us-east-1:350381001508:network-acl/acl-014e51ba0fad383a2;ec2_networkacl_allow_ingress_tcp_port_3389;False;acl-014e51ba0fad383a2;NIS2;NIS2 - Network and Information Security Directive (Directive (EU) 2022/2555);
aws;ANNEX to the Commission Implementing Regulation laying down rules for the application of Directive (EU) 2022/2555 as regards technical and methodological requirements of cybersecurity risk-management measures and further specification of the cases in which an incident is considered to be significant with regard to DNS service providers, TLD name registries, cloud computing service providers, data centre service providers, content delivery network providers, managed service providers, managed security service providers, providers of online market places, of online search engines and of social networking services platforms, and trust service providers;350381001508;us-east-1;2026-08-01 19:04:21.788096;6.7.2.g;"where appropriate, exclusively allow access to the relevant entities network and information systems by devices authorised by those entities;";6 SECURITY IN NETWORK AND INFORMATION SYSTEMS ACQUISITION, DEVELOPMENT AND MAINTENANCE (ARTICLE 21(2), POINT (E), OF DIRECTIVE (EU) 2022/2555);6.7 Network security;;ec2;;FAIL;Network ACL acl-0202bf3ad7768fe92 has Microsoft RDP port 3389 open to the Internet.;arn:aws:ec2:us-east-1:350381001508:network-acl/acl-0202bf3ad7768fe92;ec2_networkacl_allow_ingress_tcp_port_3389;False;acl-0202bf3ad7768fe92;NIS2;NIS2 - Network and Information Security Directive (Directive (EU) 2022/2555);
aws;ANNEX to the Commission Implementing Regulation laying down rules for the application of Directive (EU) 2022/2555 as regards technical and methodological requirements of cybersecurity risk-management measures and further specification of the cases in which an incident is considered to be significant with regard to DNS service providers, TLD name registries, cloud computing service providers, data centre service providers, content delivery network providers, managed service providers, managed security service providers, providers of online market places, of online search engines and of social networking services platforms, and trust service providers;350381001508;us-east-1;2026-08-01 19:04:21.788096;11.1.2.c;ensure that access is only granted to users that have been adequately authenticated.;11 ACCESS CONTROL (ARTICLE 21(2), POINTS (I) AND (J), OF DIRECTIVE (EU) 2022/2555);11.1 Access control policy;;generic;;PASS;Group Admin-group provides non-administrative access.;arn:aws:iam::350381001508:group/Admin-group;iam_administrator_access_with_mfa;False;Admin-group;NIS2;NIS2 - Network and Information Security Directive (Directive (EU) 2022/2555);
aws;ANNEX to the Commission Implementing Regulation laying down rules for the application of Directive (EU) 2022/2555 as regards technical and methodological requirements of cybersecurity risk-management measures and further specification of the cases in which an incident is considered to be significant with regard to DNS service providers, TLD name registries, cloud computing service providers, data centre service providers, content delivery network providers, managed service providers, managed security service providers, providers of online market places, of online search engines and of social networking services platforms, and trust service providers;350381001508;us-east-1;2026-08-01 19:04:21.788096;11.3.2.a;"establish strong identification, authentication such as multi-factor authentication, and authorisation procedures for privileged accounts and system administration accounts;";11 ACCESS CONTROL (ARTICLE 21(2), POINTS (I) AND (J), OF DIRECTIVE (EU) 2022/2555);11.3 Privileged accounts and system administration accounts;;iam;;PASS;Group Admin-group provides non-administrative access.;arn:aws:iam::350381001508:group/Admin-group;iam_administrator_access_with_mfa;False;Admin-group;NIS2;NIS2 - Network and Information Security Directive (Directive (EU) 2022/2555);
aws;ANNEX to the Commission Implementing Regulation laying down rules for the application of Directive (EU) 2022/2555 as regards technical and methodological requirements of cybersecurity risk-management measures and further specification of the cases in which an incident is considered to be significant with regard to DNS service providers, TLD name registries, cloud computing service providers, data centre service providers, content delivery network providers, managed service providers, managed security service providers, providers of online market places, of online search engines and of social networking services platforms, and trust service providers;350381001508;us-east-1;2026-08-01 19:04:21.788096;11.7.2;The relevant entities shall ensure that the strength of authentication is appropriate for the classification of the asset to be accessed.;11 ACCESS CONTROL (ARTICLE 21(2), POINTS (I) AND (J), OF DIRECTIVE (EU) 2022/2555);11.7 Multi-factor authentication;;generic;;PASS;Group Admin-group provides non-administrative access.;arn:aws:iam::350381001508:group/Admin-group;iam_administrator_access_with_mfa;False;Admin-group;NIS2;NIS2 - Network and Information Security Directive (Directive (EU) 2022/2555);
aws;ANNEX to the Commission Implementing Regulation laying down rules for the application of Directive (EU) 2022/2555 as regards technical and methodological requirements of cybersecurity risk-management measures and further specification of the cases in which an incident is considered to be significant with regard to DNS service providers, TLD name registries, cloud computing service providers, data centre service providers, content delivery network providers, managed service providers, managed security service providers, providers of online market places, of online search engines and of social networking services platforms, and trust service providers;350381001508;us-east-1;2026-08-01 19:04:21.788096;11.1.2.c;ensure that access is only granted to users that have been adequately authenticated.;11 ACCESS CONTROL (ARTICLE 21(2), POINTS (I) AND (J), OF DIRECTIVE (EU) 2022/2555);11.1 Access control policy;;generic;;PASS;Group scanner-group provides non-administrative access.;arn:aws:iam::350381001508:group/scanner-group;iam_administrator_access_with_mfa;False;scanner-group;NIS2;NIS2 - Network and Information Security Directive (Directive (EU) 2022/2555);
aws;ANNEX to the Commission Implementing Regulation laying down rules for the application of Directive (EU) 2022/2555 as regards technical and methodological requirements of cybersecurity risk-management measures and further specification of the cases in which an incident is considered to be significant with regard to DNS service providers, TLD name registries, cloud computing service providers, data centre service providers, content delivery network providers, managed service providers, managed security service providers, providers of online market places, of online search engines and of social networking services platforms, and trust service providers;350381001508;us-east-1;2026-08-01 19:04:21.788096;11.3.2.a;"establish strong identification, authentication such as multi-factor authentication, and authorisation procedures for privileged accounts and system administration accounts;";11 ACCESS CONTROL (ARTICLE 21(2), POINTS (I) AND (J), OF DIRECTIVE (EU) 2022/2555);11.3 Privileged accounts and system administration accounts;;iam;;PASS;Group scanner-group provides non-administrative access.;arn:aws:iam::350381001508:group/scanner-group;iam_administrator_access_with_mfa;False;scanner-group;NIS2;NIS2 - Network and Information Security Directive (Directive (EU) 2022/2555);
aws;ANNEX to the Commission Implementing Regulation laying down rules for the application of Directive (EU) 2022/2555 as regards technical and methodological requirements of cybersecurity risk-management measures and further specification of the cases in which an incident is considered to be significant with regard to DNS service providers, TLD name registries, cloud computing service providers, data centre service providers, content delivery network providers, managed service providers, managed security service providers, providers of online market places, of online search engines and of social networking services platforms, and trust service providers;350381001508;us-east-1;2026-08-01 19:04:21.788096;11.7.2;The relevant entities shall ensure that the strength of authentication is appropriate for the classification of the asset to be accessed.;11 ACCESS CONTROL (ARTICLE 21(2), POINTS (I) AND (J), OF DIRECTIVE (EU) 2022/2555);11.7 Multi-factor authentication;;generic;;PASS;Group scanner-group provides non-administrative access.;arn:aws:iam::350381001508:group/scanner-group;iam_administrator_access_with_mfa;False;scanner-group;NIS2;NIS2 - Network and Information Security Directive (Directive (EU) 2022/2555);
aws;ANNEX to the Commission Implementing Regulation laying down rules for the application of Directive (EU) 2022/2555 as regards technical and methodological requirements of cybersecurity risk-management measures and further specification of the cases in which an incident is considered to be significant with regard to DNS service providers, TLD name registries, cloud computing service providers, data centre service providers, content delivery network providers, managed service providers, managed security service providers, providers of online market places, of online search engines and of social networking services platforms, and trust service providers;350381001508;us-east-1;2026-08-01 19:04:21.788096;11.1.2.c;ensure that access is only granted to users that have been adequately authenticated.;11 ACCESS CONTROL (ARTICLE 21(2), POINTS (I) AND (J), OF DIRECTIVE (EU) 2022/2555);11.1 Access control policy;;generic;;FAIL;Group weak-admin-group provides administrator access to User test-user with MFA disabled.;arn:aws:iam::350381001508:group/weak-admin-group;iam_administrator_access_with_mfa;False;weak-admin-group;NIS2;NIS2 - Network and Information Security Directive (Directive (EU) 2022/2555);
aws;ANNEX to the Commission Implementing Regulation laying down rules for the application of Directive (EU) 2022/2555 as regards technical and methodological requirements of cybersecurity risk-management measures and further specification of the cases in which an incident is considered to be significant with regard to DNS service providers, TLD name registries, cloud computing service providers, data centre service providers, content delivery network providers, managed service providers, managed security service providers, providers of online market places, of online search engines and of social networking services platforms, and trust service providers;350381001508;us-east-1;2026-08-01 19:04:21.788096;11.3.2.a;"establish strong identification, authentication such as multi-factor authentication, and authorisation procedures for privileged accounts and system administration accounts;";11 ACCESS CONTROL (ARTICLE 21(2), POINTS (I) AND (J), OF DIRECTIVE (EU) 2022/2555);11.3 Privileged accounts and system administration accounts;;iam;;FAIL;Group weak-admin-group provides administrator access to User test-user with MFA disabled.;arn:aws:iam::350381001508:group/weak-admin-group;iam_administrator_access_with_mfa;False;weak-admin-group;NIS2;NIS2 - Network and Information Security Directive (Directive (EU) 2022/2555);
aws;ANNEX to the Commission Implementing Regulation laying down rules for the application of Directive (EU) 2022/2555 as regards technical and methodological requirements of cybersecurity risk-management measures and further specification of the cases in which an incident is considered to be significant with regard to DNS service providers, TLD name registries, cloud computing service providers, data centre service providers, content delivery network providers, managed service providers, managed security service providers, providers of online market places, of online search engines and of social networking services platforms, and trust service providers;350381001508;us-east-1;2026-08-01 19:04:21.788096;11.7.2;The relevant entities shall ensure that the strength of authentication is appropriate for the classification of the asset to be accessed.;11 ACCESS CONTROL (ARTICLE 21(2), POINTS (I) AND (J), OF DIRECTIVE (EU) 2022/2555);11.7 Multi-factor authentication;;generic;;FAIL;Group weak-admin-group provides administrator access to User test-user with MFA disabled.;arn:aws:iam::350381001508:group/weak-admin-group;iam_administrator_access_with_mfa;False;weak-admin-group;NIS2;NIS2 - Network and Information Security Directive (Directive (EU) 2022/2555);
aws;ANNEX to the Commission Implementing Regulation laying down rules for the application of Directive (EU) 2022/2555 as regards technical and methodological requirements of cybersecurity risk-management measures and further specification of the cases in which an incident is considered to be significant with regard to DNS service providers, TLD name registries, cloud computing service providers, data centre service providers, content delivery network providers, managed service providers, managed security service providers, providers of online market places, of online search engines and of social networking services platforms, and trust service providers;350381001508;us-east-1;2026-08-01 19:04:21.788096;6.7.2.e;"not use systems used for administration of the security policy implementation for other purposes;";6 SECURITY IN NETWORK AND INFORMATION SYSTEMS ACQUISITION, DEVELOPMENT AND MAINTENANCE (ARTICLE 21(2), POINT (E), OF DIRECTIVE (EU) 2022/2555);6.7 Network security;;iam;;FAIL;Root user in the account was last accessed 0 days ago.;arn:aws:iam::350381001508:root;iam_avoid_root_usage;False;<root_account>;NIS2;NIS2 - Network and Information Security Directive (Directive (EU) 2022/2555);
aws;ANNEX to the Commission Implementing Regulation laying down rules for the application of Directive (EU) 2022/2555 as regards technical and methodological requirements of cybersecurity risk-management measures and further specification of the cases in which an incident is considered to be significant with regard to DNS service providers, TLD name registries, cloud computing service providers, data centre service providers, content delivery network providers, managed service providers, managed security service providers, providers of online market places, of online search engines and of social networking services platforms, and trust service providers;350381001508;us-east-1;2026-08-01 19:04:21.788096;11.3.2.b;"set up specific accounts to be used for system administration operations exclusively, such as installation, configuration, management or maintenance;";11 ACCESS CONTROL (ARTICLE 21(2), POINTS (I) AND (J), OF DIRECTIVE (EU) 2022/2555);11.3 Privileged accounts and system administration accounts;;iam;;FAIL;Root user in the account was last accessed 0 days ago.;arn:aws:iam::350381001508:root;iam_avoid_root_usage;False;<root_account>;NIS2;NIS2 - Network and Information Security Directive (Directive (EU) 2022/2555);
aws;ANNEX to the Commission Implementing Regulation laying down rules for the application of Directive (EU) 2022/2555 as regards technical and methodological requirements of cybersecurity risk-management measures and further specification of the cases in which an incident is considered to be significant with regard to DNS service providers, TLD name registries, cloud computing service providers, data centre service providers, content delivery network providers, managed service providers, managed security service providers, providers of online market places, of online search engines and of social networking services platforms, and trust service providers;350381001508;us-east-1;2026-08-01 19:04:21.788096;11.3.2.c;individualise and restrict system administration privileges to the highest extent possible,;11 ACCESS CONTROL (ARTICLE 21(2), POINTS (I) AND (J), OF DIRECTIVE (EU) 2022/2555);11.3 Privileged accounts and system administration accounts;;iam;;FAIL;Root user in the account was last accessed 0 days ago.;arn:aws:iam::350381001508:root;iam_avoid_root_usage;False;<root_account>;NIS2;NIS2 - Network and Information Security Directive (Directive (EU) 2022/2555);
aws;ANNEX to the Commission Implementing Regulation laying down rules for the application of Directive (EU) 2022/2555 as regards technical and methodological requirements of cybersecurity risk-management measures and further specification of the cases in which an incident is considered to be significant with regard to DNS service providers, TLD name registries, cloud computing service providers, data centre service providers, content delivery network providers, managed service providers, managed security service providers, providers of online market places, of online search engines and of social networking services platforms, and trust service providers;350381001508;us-east-1;2026-08-01 19:04:21.788096;11.4.2.a;"only use system administration systems for system administration purposes, and not for any other operations;";11 ACCESS CONTROL (ARTICLE 21(2), POINTS (I) AND (J), OF DIRECTIVE (EU) 2022/2555);11.4 Administration systems;;iam;;FAIL;Root user in the account was last accessed 0 days ago.;arn:aws:iam::350381001508:root;iam_avoid_root_usage;False;<root_account>;NIS2;NIS2 - Network and Information Security Directive (Directive (EU) 2022/2555);
aws;ANNEX to the Commission Implementing Regulation laying down rules for the application of Directive (EU) 2022/2555 as regards technical and methodological requirements of cybersecurity risk-management measures and further specification of the cases in which an incident is considered to be significant with regard to DNS service providers, TLD name registries, cloud computing service providers, data centre service providers, content delivery network providers, managed service providers, managed security service providers, providers of online market places, of online search engines and of social networking services platforms, and trust service providers;350381001508;us-east-1;2026-08-01 19:04:21.788096;9.2.c;the relevant entities approach to key management, including, where appropriate, methods for the following:;9 CRYPTOGRAPHY (ARTICLE 21(2), POINT (H), OF DIRECTIVE (EU) 2022/2555);9.2 Cryptography;;generic;;PASS;Root account does not have access keys.;arn:aws:iam::350381001508:root;iam_no_root_access_key;False;<root_account>;NIS2;NIS2 - Network and Information Security Directive (Directive (EU) 2022/2555);
aws;ANNEX to the Commission Implementing Regulation laying down rules for the application of Directive (EU) 2022/2555 as regards technical and methodological requirements of cybersecurity risk-management measures and further specification of the cases in which an incident is considered to be significant with regard to DNS service providers, TLD name registries, cloud computing service providers, data centre service providers, content delivery network providers, managed service providers, managed security service providers, providers of online market places, of online search engines and of social networking services platforms, and trust service providers;350381001508;us-east-1;2026-08-01 19:04:21.788096;1.1.1.d;"include a commitment to continual improvement of the security of network and information systems;";1 POLICY ON THE SECURITY OF NETWORK AND INFORMATION SYSTEMS (ARTICLE 21(2), POINT (A) OF DIRECTIVE (EU) 2022/2555);1.1 Policy on the security of network and information systems;;generic;;FAIL;Password expiration is not set.;arn:aws:iam:us-east-1:350381001508:password-policy;iam_password_policy_expires_passwords_within_90_days_or_less;False;350381001508;NIS2;NIS2 - Network and Information Security Directive (Directive (EU) 2022/2555);
aws;ANNEX to the Commission Implementing Regulation laying down rules for the application of Directive (EU) 2022/2555 as regards technical and methodological requirements of cybersecurity risk-management measures and further specification of the cases in which an incident is considered to be significant with regard to DNS service providers, TLD name registries, cloud computing service providers, data centre service providers, content delivery network providers, managed service providers, managed security service providers, providers of online market places, of online search engines and of social networking services platforms, and trust service providers;350381001508;us-east-1;2026-08-01 19:04:21.788096;1.1.2;The network and information system security policy shall be reviewed and, where appropriate, updated by management bodies at least annually and when significant incidents or significant changes to operations or risks occur. The result of the reviews shall be documented.;1 POLICY ON THE SECURITY OF NETWORK AND INFORMATION SYSTEMS (ARTICLE 21(2), POINT (A) OF DIRECTIVE (EU) 2022/2555);1.1 Policy on the security of network and information systems;;generic;;FAIL;Password expiration is not set.;arn:aws:iam:us-east-1:350381001508:password-policy;iam_password_policy_expires_passwords_within_90_days_or_less;False;350381001508;NIS2;NIS2 - Network and Information Security Directive (Directive (EU) 2022/2555);
aws;ANNEX to the Commission Implementing Regulation laying down rules for the application of Directive (EU) 2022/2555 as regards technical and methodological requirements of cybersecurity risk-management measures and further specification of the cases in which an incident is considered to be significant with regard to DNS service providers, TLD name registries, cloud computing service providers, data centre service providers, content delivery network providers, managed service providers, managed security service providers, providers of online market places, of online search engines and of social networking services platforms, and trust service providers;350381001508;us-east-1;2026-08-01 19:04:21.788096;9.2.c.v;"changing or updating keys, including rules on when and how to change keys;";9 CRYPTOGRAPHY (ARTICLE 21(2), POINT (H), OF DIRECTIVE (EU) 2022/2555);9.2 Cryptography;;iam;;FAIL;Password expiration is not set.;arn:aws:iam:us-east-1:350381001508:password-policy;iam_password_policy_expires_passwords_within_90_days_or_less;False;350381001508;NIS2;NIS2 - Network and Information Security Directive (Directive (EU) 2022/2555);
aws;ANNEX to the Commission Implementing Regulation laying down rules for the application of Directive (EU) 2022/2555 as regards technical and methodological requirements of cybersecurity risk-management measures and further specification of the cases in which an incident is considered to be significant with regard to DNS service providers, TLD name registries, cloud computing service providers, data centre service providers, content delivery network providers, managed service providers, managed security service providers, providers of online market places, of online search engines and of social networking services platforms, and trust service providers;350381001508;us-east-1;2026-08-01 19:04:21.788096;11.6.2.a;"ensure the strength of authentication is appropriate to the classification of the asset to be accessed;";11 ACCESS CONTROL (ARTICLE 21(2), POINTS (I) AND (J), OF DIRECTIVE (EU) 2022/2555);11.6 Authentication;;generic;;FAIL;Password expiration is not set.;arn:aws:iam:us-east-1:350381001508:password-policy;iam_password_policy_expires_passwords_within_90_days_or_less;False;350381001508;NIS2;NIS2 - Network and Information Security Directive (Directive (EU) 2022/2555);
aws;ANNEX to the Commission Implementing Regulation laying down rules for the application of Directive (EU) 2022/2555 as regards technical and methodological requirements of cybersecurity risk-management measures and further specification of the cases in which an incident is considered to be significant with regard to DNS service providers, TLD name registries, cloud computing service providers, data centre service providers, content delivery network providers, managed service providers, managed security service providers, providers of online market places, of online search engines and of social networking services platforms, and trust service providers;350381001508;us-east-1;2026-08-01 19:04:21.788096;9.2.c.v;"changing or updating keys, including rules on when and how to change keys;";9 CRYPTOGRAPHY (ARTICLE 21(2), POINT (H), OF DIRECTIVE (EU) 2022/2555);9.2 Cryptography;;iam;;FAIL;IAM password policy does not require at least one lowercase letter.;arn:aws:iam:us-east-1:350381001508:password-policy;iam_password_policy_lowercase;False;350381001508;NIS2;NIS2 - Network and Information Security Directive (Directive (EU) 2022/2555);
aws;ANNEX to the Commission Implementing Regulation laying down rules for the application of Directive (EU) 2022/2555 as regards technical and methodological requirements of cybersecurity risk-management measures and further specification of the cases in which an incident is considered to be significant with regard to DNS service providers, TLD name registries, cloud computing service providers, data centre service providers, content delivery network providers, managed service providers, managed security service providers, providers of online market places, of online search engines and of social networking services platforms, and trust service providers;350381001508;us-east-1;2026-08-01 19:04:21.788096;11.6.2.a;"ensure the strength of authentication is appropriate to the classification of the asset to be accessed;";11 ACCESS CONTROL (ARTICLE 21(2), POINTS (I) AND (J), OF DIRECTIVE (EU) 2022/2555);11.6 Authentication;;generic;;FAIL;IAM password policy does not require at least one lowercase letter.;arn:aws:iam:us-east-1:350381001508:password-policy;iam_password_policy_lowercase;False;350381001508;NIS2;NIS2 - Network and Information Security Directive (Directive (EU) 2022/2555);
aws;ANNEX to the Commission Implementing Regulation laying down rules for the application of Directive (EU) 2022/2555 as regards technical and methodological requirements of cybersecurity risk-management measures and further specification of the cases in which an incident is considered to be significant with regard to DNS service providers, TLD name registries, cloud computing service providers, data centre service providers, content delivery network providers, managed service providers, managed security service providers, providers of online market places, of online search engines and of social networking services platforms, and trust service providers;350381001508;us-east-1;2026-08-01 19:04:21.788096;9.2.c.v;"changing or updating keys, including rules on when and how to change keys;";9 CRYPTOGRAPHY (ARTICLE 21(2), POINT (H), OF DIRECTIVE (EU) 2022/2555);9.2 Cryptography;;iam;;FAIL;IAM password policy does not require minimum length of 14 characters.;arn:aws:iam:us-east-1:350381001508:password-policy;iam_password_policy_minimum_length_14;False;350381001508;NIS2;NIS2 - Network and Information Security Directive (Directive (EU) 2022/2555);
aws;ANNEX to the Commission Implementing Regulation laying down rules for the application of Directive (EU) 2022/2555 as regards technical and methodological requirements of cybersecurity risk-management measures and further specification of the cases in which an incident is considered to be significant with regard to DNS service providers, TLD name registries, cloud computing service providers, data centre service providers, content delivery network providers, managed service providers, managed security service providers, providers of online market places, of online search engines and of social networking services platforms, and trust service providers;350381001508;us-east-1;2026-08-01 19:04:21.788096;9.2.c.v;"changing or updating keys, including rules on when and how to change keys;";9 CRYPTOGRAPHY (ARTICLE 21(2), POINT (H), OF DIRECTIVE (EU) 2022/2555);9.2 Cryptography;;iam;;FAIL;IAM password policy does not require at least one number.;arn:aws:iam:us-east-1:350381001508:password-policy;iam_password_policy_number;False;350381001508;NIS2;NIS2 - Network and Information Security Directive (Directive (EU) 2022/2555);
aws;ANNEX to the Commission Implementing Regulation laying down rules for the application of Directive (EU) 2022/2555 as regards technical and methodological requirements of cybersecurity risk-management measures and further specification of the cases in which an incident is considered to be significant with regard to DNS service providers, TLD name registries, cloud computing service providers, data centre service providers, content delivery network providers, managed service providers, managed security service providers, providers of online market places, of online search engines and of social networking services platforms, and trust service providers;350381001508;us-east-1;2026-08-01 19:04:21.788096;9.2.c.v;"changing or updating keys, including rules on when and how to change keys;";9 CRYPTOGRAPHY (ARTICLE 21(2), POINT (H), OF DIRECTIVE (EU) 2022/2555);9.2 Cryptography;;iam;;FAIL;IAM password policy reuse prevention is less than 24 or not set.;arn:aws:iam:us-east-1:350381001508:password-policy;iam_password_policy_reuse_24;False;350381001508;NIS2;NIS2 - Network and Information Security Directive (Directive (EU) 2022/2555);
aws;ANNEX to the Commission Implementing Regulation laying down rules for the application of Directive (EU) 2022/2555 as regards technical and methodological requirements of cybersecurity risk-management measures and further specification of the cases in which an incident is considered to be significant with regard to DNS service providers, TLD name registries, cloud computing service providers, data centre service providers, content delivery network providers, managed service providers, managed security service providers, providers of online market places, of online search engines and of social networking services platforms, and trust service providers;350381001508;us-east-1;2026-08-01 19:04:21.788096;9.2.c.v;"changing or updating keys, including rules on when and how to change keys;";9 CRYPTOGRAPHY (ARTICLE 21(2), POINT (H), OF DIRECTIVE (EU) 2022/2555);9.2 Cryptography;;iam;;FAIL;IAM password policy does not require at least one symbol.;arn:aws:iam:us-east-1:350381001508:password-policy;iam_password_policy_symbol;False;350381001508;NIS2;NIS2 - Network and Information Security Directive (Directive (EU) 2022/2555);
aws;ANNEX to the Commission Implementing Regulation laying down rules for the application of Directive (EU) 2022/2555 as regards technical and methodological requirements of cybersecurity risk-management measures and further specification of the cases in which an incident is considered to be significant with regard to DNS service providers, TLD name registries, cloud computing service providers, data centre service providers, content delivery network providers, managed service providers, managed security service providers, providers of online market places, of online search engines and of social networking services platforms, and trust service providers;350381001508;us-east-1;2026-08-01 19:04:21.788096;9.2.c.v;"changing or updating keys, including rules on when and how to change keys;";9 CRYPTOGRAPHY (ARTICLE 21(2), POINT (H), OF DIRECTIVE (EU) 2022/2555);9.2 Cryptography;;iam;;FAIL;IAM password policy does not require at least one uppercase letter.;arn:aws:iam:us-east-1:350381001508:password-policy;iam_password_policy_uppercase;False;350381001508;NIS2;NIS2 - Network and Information Security Directive (Directive (EU) 2022/2555);
aws;ANNEX to the Commission Implementing Regulation laying down rules for the application of Directive (EU) 2022/2555 as regards technical and methodological requirements of cybersecurity risk-management measures and further specification of the cases in which an incident is considered to be significant with regard to DNS service providers, TLD name registries, cloud computing service providers, data centre service providers, content delivery network providers, managed service providers, managed security service providers, providers of online market places, of online search engines and of social networking services platforms, and trust service providers;350381001508;us-east-1;2026-08-01 19:04:21.788096;1.2.1;As part of their policy on the security of network and information systems referred to in point 1.1., the relevant entities shall lay down responsibilities and authorities for network and information system security and assign them to roles, allocate them according to the relevant entities needs, and communicate them to the management bodies.;1 POLICY ON THE SECURITY OF NETWORK AND INFORMATION SYSTEMS (ARTICLE 21(2), POINT (A) OF DIRECTIVE (EU) 2022/2555);1.2 Roles, responsibilities and authorities;;iam;;FAIL;User research-admin has the policy IAMUserChangePassword attached.;arn:aws:iam::350381001508:user/research-admin;iam_policy_attached_only_to_group_or_roles;False;research-admin/IAMUserChangePassword;NIS2;NIS2 - Network and Information Security Directive (Directive (EU) 2022/2555);
aws;ANNEX to the Commission Implementing Regulation laying down rules for the application of Directive (EU) 2022/2555 as regards technical and methodological requirements of cybersecurity risk-management measures and further specification of the cases in which an incident is considered to be significant with regard to DNS service providers, TLD name registries, cloud computing service providers, data centre service providers, content delivery network providers, managed service providers, managed security service providers, providers of online market places, of online search engines and of social networking services platforms, and trust service providers;350381001508;us-east-1;2026-08-01 19:04:21.788096;2.1.2.f;"evaluate the identified risks based on the risk criteria;";2 RISK MANAGEMENT POLICY (ARTICLE 21(2), POINT (A) OF DIRECTIVE (EU) 2022/2555);2.1 Risk management framework;;generic;;FAIL;User research-admin has the policy IAMUserChangePassword attached.;arn:aws:iam::350381001508:user/research-admin;iam_policy_attached_only_to_group_or_roles;False;research-admin/IAMUserChangePassword;NIS2;NIS2 - Network and Information Security Directive (Directive (EU) 2022/2555);
aws;ANNEX to the Commission Implementing Regulation laying down rules for the application of Directive (EU) 2022/2555 as regards technical and methodological requirements of cybersecurity risk-management measures and further specification of the cases in which an incident is considered to be significant with regard to DNS service providers, TLD name registries, cloud computing service providers, data centre service providers, content delivery network providers, managed service providers, managed security service providers, providers of online market places, of online search engines and of social networking services platforms, and trust service providers;350381001508;us-east-1;2026-08-01 19:04:21.788096;11.2.2.a;"assign and revoke access rights based on the principles of need-to-know, least privilege and separation of duties;";11 ACCESS CONTROL (ARTICLE 21(2), POINTS (I) AND (J), OF DIRECTIVE (EU) 2022/2555);11.2 Management of access rights;;iam;;FAIL;User research-admin has the policy IAMUserChangePassword attached.;arn:aws:iam::350381001508:user/research-admin;iam_policy_attached_only_to_group_or_roles;False;research-admin/IAMUserChangePassword;NIS2;NIS2 - Network and Information Security Directive (Directive (EU) 2022/2555);
aws;ANNEX to the Commission Implementing Regulation laying down rules for the application of Directive (EU) 2022/2555 as regards technical and methodological requirements of cybersecurity risk-management measures and further specification of the cases in which an incident is considered to be significant with regard to DNS service providers, TLD name registries, cloud computing service providers, data centre service providers, content delivery network providers, managed service providers, managed security service providers, providers of online market places, of online search engines and of social networking services platforms, and trust service providers;350381001508;us-east-1;2026-08-01 19:04:21.788096;1.2.1;As part of their policy on the security of network and information systems referred to in point 1.1., the relevant entities shall lay down responsibilities and authorities for network and information system security and assign them to roles, allocate them according to the relevant entities needs, and communicate them to the management bodies.;1 POLICY ON THE SECURITY OF NETWORK AND INFORMATION SYSTEMS (ARTICLE 21(2), POINT (A) OF DIRECTIVE (EU) 2022/2555);1.2 Roles, responsibilities and authorities;;iam;;FAIL;User scanner-user has the policy IAMUserChangePassword attached.;arn:aws:iam::350381001508:user/scanner-user;iam_policy_attached_only_to_group_or_roles;False;scanner-user/IAMUserChangePassword;NIS2;NIS2 - Network and Information Security Directive (Directive (EU) 2022/2555);
aws;ANNEX to the Commission Implementing Regulation laying down rules for the application of Directive (EU) 2022/2555 as regards technical and methodological requirements of cybersecurity risk-management measures and further specification of the cases in which an incident is considered to be significant with regard to DNS service providers, TLD name registries, cloud computing service providers, data centre service providers, content delivery network providers, managed service providers, managed security service providers, providers of online market places, of online search engines and of social networking services platforms, and trust service providers;350381001508;us-east-1;2026-08-01 19:04:21.788096;2.1.2.f;"evaluate the identified risks based on the risk criteria;";2 RISK MANAGEMENT POLICY (ARTICLE 21(2), POINT (A) OF DIRECTIVE (EU) 2022/2555);2.1 Risk management framework;;generic;;FAIL;User scanner-user has the policy IAMUserChangePassword attached.;arn:aws:iam::350381001508:user/scanner-user;iam_policy_attached_only_to_group_or_roles;False;scanner-user/IAMUserChangePassword;NIS2;NIS2 - Network and Information Security Directive (Directive (EU) 2022/2555);
aws;ANNEX to the Commission Implementing Regulation laying down rules for the application of Directive (EU) 2022/2555 as regards technical and methodological requirements of cybersecurity risk-management measures and further specification of the cases in which an incident is considered to be significant with regard to DNS service providers, TLD name registries, cloud computing service providers, data centre service providers, content delivery network providers, managed service providers, managed security service providers, providers of online market places, of online search engines and of social networking services platforms, and trust service providers;350381001508;us-east-1;2026-08-01 19:04:21.788096;11.2.2.a;"assign and revoke access rights based on the principles of need-to-know, least privilege and separation of duties;";11 ACCESS CONTROL (ARTICLE 21(2), POINTS (I) AND (J), OF DIRECTIVE (EU) 2022/2555);11.2 Management of access rights;;iam;;FAIL;User scanner-user has the policy IAMUserChangePassword attached.;arn:aws:iam::350381001508:user/scanner-user;iam_policy_attached_only_to_group_or_roles;False;scanner-user/IAMUserChangePassword;NIS2;NIS2 - Network and Information Security Directive (Directive (EU) 2022/2555);
aws;ANNEX to the Commission Implementing Regulation laying down rules for the application of Directive (EU) 2022/2555 as regards technical and methodological requirements of cybersecurity risk-management measures and further specification of the cases in which an incident is considered to be significant with regard to DNS service providers, TLD name registries, cloud computing service providers, data centre service providers, content delivery network providers, managed service providers, managed security service providers, providers of online market places, of online search engines and of social networking services platforms, and trust service providers;350381001508;us-east-1;2026-08-01 19:04:21.788096;1.2.1;As part of their policy on the security of network and information systems referred to in point 1.1., the relevant entities shall lay down responsibilities and authorities for network and information system security and assign them to roles, allocate them according to the relevant entities needs, and communicate them to the management bodies.;1 POLICY ON THE SECURITY OF NETWORK AND INFORMATION SYSTEMS (ARTICLE 21(2), POINT (A) OF DIRECTIVE (EU) 2022/2555);1.2 Roles, responsibilities and authorities;;iam;;FAIL;User test-user has the policy IAMUserChangePassword attached.;arn:aws:iam::350381001508:user/test-user;iam_policy_attached_only_to_group_or_roles;False;test-user/IAMUserChangePassword;NIS2;NIS2 - Network and Information Security Directive (Directive (EU) 2022/2555);
aws;ANNEX to the Commission Implementing Regulation laying down rules for the application of Directive (EU) 2022/2555 as regards technical and methodological requirements of cybersecurity risk-management measures and further specification of the cases in which an incident is considered to be significant with regard to DNS service providers, TLD name registries, cloud computing service providers, data centre service providers, content delivery network providers, managed service providers, managed security service providers, providers of online market places, of online search engines and of social networking services platforms, and trust service providers;350381001508;us-east-1;2026-08-01 19:04:21.788096;2.1.2.f;"evaluate the identified risks based on the risk criteria;";2 RISK MANAGEMENT POLICY (ARTICLE 21(2), POINT (A) OF DIRECTIVE (EU) 2022/2555);2.1 Risk management framework;;generic;;FAIL;User test-user has the policy IAMUserChangePassword attached.;arn:aws:iam::350381001508:user/test-user;iam_policy_attached_only_to_group_or_roles;False;test-user/IAMUserChangePassword;NIS2;NIS2 - Network and Information Security Directive (Directive (EU) 2022/2555);
aws;ANNEX to the Commission Implementing Regulation laying down rules for the application of Directive (EU) 2022/2555 as regards technical and methodological requirements of cybersecurity risk-management measures and further specification of the cases in which an incident is considered to be significant with regard to DNS service providers, TLD name registries, cloud computing service providers, data centre service providers, content delivery network providers, managed service providers, managed security service providers, providers of online market places, of online search engines and of social networking services platforms, and trust service providers;350381001508;us-east-1;2026-08-01 19:04:21.788096;11.2.2.a;"assign and revoke access rights based on the principles of need-to-know, least privilege and separation of duties;";11 ACCESS CONTROL (ARTICLE 21(2), POINTS (I) AND (J), OF DIRECTIVE (EU) 2022/2555);11.2 Management of access rights;;iam;;FAIL;User test-user has the policy IAMUserChangePassword attached.;arn:aws:iam::350381001508:user/test-user;iam_policy_attached_only_to_group_or_roles;False;test-user/IAMUserChangePassword;NIS2;NIS2 - Network and Information Security Directive (Directive (EU) 2022/2555);
aws;ANNEX to the Commission Implementing Regulation laying down rules for the application of Directive (EU) 2022/2555 as regards technical and methodological requirements of cybersecurity risk-management measures and further specification of the cases in which an incident is considered to be significant with regard to DNS service providers, TLD name registries, cloud computing service providers, data centre service providers, content delivery network providers, managed service providers, managed security service providers, providers of online market places, of online search engines and of social networking services platforms, and trust service providers;350381001508;us-east-1;2026-08-01 19:04:21.788096;1.2.1;As part of their policy on the security of network and information systems referred to in point 1.1., the relevant entities shall lay down responsibilities and authorities for network and information system security and assign them to roles, allocate them according to the relevant entities needs, and communicate them to the management bodies.;1 POLICY ON THE SECURITY OF NETWORK AND INFORMATION SYSTEMS (ARTICLE 21(2), POINT (A) OF DIRECTIVE (EU) 2022/2555);1.2 Roles, responsibilities and authorities;;iam;;PASS;AWS CloudShellFullAccess policy is not attached to any IAM entity.;arn:aws:iam::aws:policy/AWSCloudShellFullAccess;iam_policy_cloudshell_admin_not_attached;False;350381001508;NIS2;NIS2 - Network and Information Security Directive (Directive (EU) 2022/2555);
aws;ANNEX to the Commission Implementing Regulation laying down rules for the application of Directive (EU) 2022/2555 as regards technical and methodological requirements of cybersecurity risk-management measures and further specification of the cases in which an incident is considered to be significant with regard to DNS service providers, TLD name registries, cloud computing service providers, data centre service providers, content delivery network providers, managed service providers, managed security service providers, providers of online market places, of online search engines and of social networking services platforms, and trust service providers;350381001508;us-east-1;2026-08-01 19:04:21.788096;11.5.4;The relevant entities shall regularly review the identities for network and information systems and their users and, if no longer needed, deactivate them without delay.;11 ACCESS CONTROL (ARTICLE 21(2), POINTS (I) AND (J), OF DIRECTIVE (EU) 2022/2555);11.5 Identification;;iam;;PASS;IAM Role AWSServiceRoleForResourceExplorer accessed Bedrock 2 days ago (threshold: 60 days).;arn:aws:iam::350381001508:role/aws-service-role/resource-explorer-2.amazonaws.com/AWSServiceRoleForResourceExplorer;iam_role_access_not_stale_to_bedrock;False;AWSServiceRoleForResourceExplorer;NIS2;NIS2 - Network and Information Security Directive (Directive (EU) 2022/2555);
aws;ANNEX to the Commission Implementing Regulation laying down rules for the application of Directive (EU) 2022/2555 as regards technical and methodological requirements of cybersecurity risk-management measures and further specification of the cases in which an incident is considered to be significant with regard to DNS service providers, TLD name registries, cloud computing service providers, data centre service providers, content delivery network providers, managed service providers, managed security service providers, providers of online market places, of online search engines and of social networking services platforms, and trust service providers;350381001508;us-east-1;2026-08-01 19:04:21.788096;11.5.4;The relevant entities shall regularly review the identities for network and information systems and their users and, if no longer needed, deactivate them without delay.;11 ACCESS CONTROL (ARTICLE 21(2), POINTS (I) AND (J), OF DIRECTIVE (EU) 2022/2555);11.5 Identification;;iam;;FAIL;IAM Role AWSServiceRoleForSupport has Bedrock permissions but has never used them.;arn:aws:iam::350381001508:role/aws-service-role/support.amazonaws.com/AWSServiceRoleForSupport;iam_role_access_not_stale_to_bedrock;False;AWSServiceRoleForSupport;NIS2;NIS2 - Network and Information Security Directive (Directive (EU) 2022/2555);
aws;ANNEX to the Commission Implementing Regulation laying down rules for the application of Directive (EU) 2022/2555 as regards technical and methodological requirements of cybersecurity risk-management measures and further specification of the cases in which an incident is considered to be significant with regard to DNS service providers, TLD name registries, cloud computing service providers, data centre service providers, content delivery network providers, managed service providers, managed security service providers, providers of online market places, of online search engines and of social networking services platforms, and trust service providers;350381001508;us-east-1;2026-08-01 19:04:21.788096;11.6.1;The relevant entities shall implement secure authentication procedures and technologies based on access restrictions and the policy on access control.;11 ACCESS CONTROL (ARTICLE 21(2), POINTS (I) AND (J), OF DIRECTIVE (EU) 2022/2555);11.6 Authentication;;generic;;FAIL;Root account has a virtual MFA instead of a hardware MFA device enabled.;arn:aws:iam::350381001508:mfa;iam_root_hardware_mfa_enabled;False;<root_account>;NIS2;NIS2 - Network and Information Security Directive (Directive (EU) 2022/2555);
aws;ANNEX to the Commission Implementing Regulation laying down rules for the application of Directive (EU) 2022/2555 as regards technical and methodological requirements of cybersecurity risk-management measures and further specification of the cases in which an incident is considered to be significant with regard to DNS service providers, TLD name registries, cloud computing service providers, data centre service providers, content delivery network providers, managed service providers, managed security service providers, providers of online market places, of online search engines and of social networking services platforms, and trust service providers;350381001508;us-east-1;2026-08-01 19:04:21.788096;11.7.2;The relevant entities shall ensure that the strength of authentication is appropriate for the classification of the asset to be accessed.;11 ACCESS CONTROL (ARTICLE 21(2), POINTS (I) AND (J), OF DIRECTIVE (EU) 2022/2555);11.7 Multi-factor authentication;;generic;;FAIL;Root account has a virtual MFA instead of a hardware MFA device enabled.;arn:aws:iam::350381001508:mfa;iam_root_hardware_mfa_enabled;False;<root_account>;NIS2;NIS2 - Network and Information Security Directive (Directive (EU) 2022/2555);
aws;ANNEX to the Commission Implementing Regulation laying down rules for the application of Directive (EU) 2022/2555 as regards technical and methodological requirements of cybersecurity risk-management measures and further specification of the cases in which an incident is considered to be significant with regard to DNS service providers, TLD name registries, cloud computing service providers, data centre service providers, content delivery network providers, managed service providers, managed security service providers, providers of online market places, of online search engines and of social networking services platforms, and trust service providers;350381001508;us-east-1;2026-08-01 19:04:21.788096;11.3.2.a;"establish strong identification, authentication such as multi-factor authentication, and authorisation procedures for privileged accounts and system administration accounts;";11 ACCESS CONTROL (ARTICLE 21(2), POINTS (I) AND (J), OF DIRECTIVE (EU) 2022/2555);11.3 Privileged accounts and system administration accounts;;iam;;PASS;MFA is enabled for root account.;arn:aws:iam::350381001508:root;iam_root_mfa_enabled;False;<root_account>;NIS2;NIS2 - Network and Information Security Directive (Directive (EU) 2022/2555);
aws;ANNEX to the Commission Implementing Regulation laying down rules for the application of Directive (EU) 2022/2555 as regards technical and methodological requirements of cybersecurity risk-management measures and further specification of the cases in which an incident is considered to be significant with regard to DNS service providers, TLD name registries, cloud computing service providers, data centre service providers, content delivery network providers, managed service providers, managed security service providers, providers of online market places, of online search engines and of social networking services platforms, and trust service providers;350381001508;us-east-1;2026-08-01 19:04:21.788096;11.6.1;The relevant entities shall implement secure authentication procedures and technologies based on access restrictions and the policy on access control.;11 ACCESS CONTROL (ARTICLE 21(2), POINTS (I) AND (J), OF DIRECTIVE (EU) 2022/2555);11.6 Authentication;;generic;;PASS;MFA is enabled for root account.;arn:aws:iam::350381001508:root;iam_root_mfa_enabled;False;<root_account>;NIS2;NIS2 - Network and Information Security Directive (Directive (EU) 2022/2555);
aws;ANNEX to the Commission Implementing Regulation laying down rules for the application of Directive (EU) 2022/2555 as regards technical and methodological requirements of cybersecurity risk-management measures and further specification of the cases in which an incident is considered to be significant with regard to DNS service providers, TLD name registries, cloud computing service providers, data centre service providers, content delivery network providers, managed service providers, managed security service providers, providers of online market places, of online search engines and of social networking services platforms, and trust service providers;350381001508;us-east-1;2026-08-01 19:04:21.788096;11.7.2;The relevant entities shall ensure that the strength of authentication is appropriate for the classification of the asset to be accessed.;11 ACCESS CONTROL (ARTICLE 21(2), POINTS (I) AND (J), OF DIRECTIVE (EU) 2022/2555);11.7 Multi-factor authentication;;generic;;PASS;MFA is enabled for root account.;arn:aws:iam::350381001508:root;iam_root_mfa_enabled;False;<root_account>;NIS2;NIS2 - Network and Information Security Directive (Directive (EU) 2022/2555);
aws;ANNEX to the Commission Implementing Regulation laying down rules for the application of Directive (EU) 2022/2555 as regards technical and methodological requirements of cybersecurity risk-management measures and further specification of the cases in which an incident is considered to be significant with regard to DNS service providers, TLD name registries, cloud computing service providers, data centre service providers, content delivery network providers, managed service providers, managed security service providers, providers of online market places, of online search engines and of social networking services platforms, and trust service providers;350381001508;us-east-1;2026-08-01 19:04:21.788096;1.1.1.d;"include a commitment to continual improvement of the security of network and information systems;";1 POLICY ON THE SECURITY OF NETWORK AND INFORMATION SYSTEMS (ARTICLE 21(2), POINT (A) OF DIRECTIVE (EU) 2022/2555);1.1 Policy on the security of network and information systems;;generic;;PASS;User <root_account> does not have access keys.;arn:aws:iam::350381001508:root;iam_rotate_access_key_90_days;False;<root_account>;NIS2;NIS2 - Network and Information Security Directive (Directive (EU) 2022/2555);
aws;ANNEX to the Commission Implementing Regulation laying down rules for the application of Directive (EU) 2022/2555 as regards technical and methodological requirements of cybersecurity risk-management measures and further specification of the cases in which an incident is considered to be significant with regard to DNS service providers, TLD name registries, cloud computing service providers, data centre service providers, content delivery network providers, managed service providers, managed security service providers, providers of online market places, of online search engines and of social networking services platforms, and trust service providers;350381001508;us-east-1;2026-08-01 19:04:21.788096;1.1.2;The network and information system security policy shall be reviewed and, where appropriate, updated by management bodies at least annually and when significant incidents or significant changes to operations or risks occur. The result of the reviews shall be documented.;1 POLICY ON THE SECURITY OF NETWORK AND INFORMATION SYSTEMS (ARTICLE 21(2), POINT (A) OF DIRECTIVE (EU) 2022/2555);1.1 Policy on the security of network and information systems;;generic;;PASS;User <root_account> does not have access keys.;arn:aws:iam::350381001508:root;iam_rotate_access_key_90_days;False;<root_account>;NIS2;NIS2 - Network and Information Security Directive (Directive (EU) 2022/2555);
aws;ANNEX to the Commission Implementing Regulation laying down rules for the application of Directive (EU) 2022/2555 as regards technical and methodological requirements of cybersecurity risk-management measures and further specification of the cases in which an incident is considered to be significant with regard to DNS service providers, TLD name registries, cloud computing service providers, data centre service providers, content delivery network providers, managed service providers, managed security service providers, providers of online market places, of online search engines and of social networking services platforms, and trust service providers;350381001508;us-east-1;2026-08-01 19:04:21.788096;2.1.4;The relevant entities shall review and, where appropriate, update the risk assessment results and the risk treatment plan at planned intervals and at least annually, and when significant changes to operations or risks or significant incidents occur.;2 RISK MANAGEMENT POLICY (ARTICLE 21(2), POINT (A) OF DIRECTIVE (EU) 2022/2555);2.1 Risk management framework;;generic;;PASS;User <root_account> does not have access keys.;arn:aws:iam::350381001508:root;iam_rotate_access_key_90_days;False;<root_account>;NIS2;NIS2 - Network and Information Security Directive (Directive (EU) 2022/2555);
aws;ANNEX to the Commission Implementing Regulation laying down rules for the application of Directive (EU) 2022/2555 as regards technical and methodological requirements of cybersecurity risk-management measures and further specification of the cases in which an incident is considered to be significant with regard to DNS service providers, TLD name registries, cloud computing service providers, data centre service providers, content delivery network providers, managed service providers, managed security service providers, providers of online market places, of online search engines and of social networking services platforms, and trust service providers;350381001508;us-east-1;2026-08-01 19:04:21.788096;2.3.1;The relevant entities shall review independently their approach to managing network and information system security and its implementation including people, processes and technologies.;2 RISK MANAGEMENT POLICY (ARTICLE 21(2), POINT (A) OF DIRECTIVE (EU) 2022/2555);2.3 Independent review of information and network security;;generic;;PASS;User <root_account> does not have access keys.;arn:aws:iam::350381001508:root;iam_rotate_access_key_90_days;False;<root_account>;NIS2;NIS2 - Network and Information Security Directive (Directive (EU) 2022/2555);
aws;ANNEX to the Commission Implementing Regulation laying down rules for the application of Directive (EU) 2022/2555 as regards technical and methodological requirements of cybersecurity risk-management measures and further specification of the cases in which an incident is considered to be significant with regard to DNS service providers, TLD name registries, cloud computing service providers, data centre service providers, content delivery network providers, managed service providers, managed security service providers, providers of online market places, of online search engines and of social networking services platforms, and trust service providers;350381001508;us-east-1;2026-08-01 19:04:21.788096;3.1.3;The roles, responsibilities and procedures laid down in the policy shall be tested and reviewed and, where appropriate, updated at planned intervals and after significant incidents or significant changes to operations or risks.;3 INCIDENT HANDLING (ARTICLE 21(2), POINT (B), OF DIRECTIVE (EU) 2022/2555);3.1 Incident handling policy;;generic;;PASS;User <root_account> does not have access keys.;arn:aws:iam::350381001508:root;iam_rotate_access_key_90_days;False;<root_account>;NIS2;NIS2 - Network and Information Security Directive (Directive (EU) 2022/2555);
aws;ANNEX to the Commission Implementing Regulation laying down rules for the application of Directive (EU) 2022/2555 as regards technical and methodological requirements of cybersecurity risk-management measures and further specification of the cases in which an incident is considered to be significant with regard to DNS service providers, TLD name registries, cloud computing service providers, data centre service providers, content delivery network providers, managed service providers, managed security service providers, providers of online market places, of online search engines and of social networking services platforms, and trust service providers;350381001508;us-east-1;2026-08-01 19:04:21.788096;6.2.4;The relevant entities shall review and, where necessary, update their secure development rules at planned intervals.;6 SECURITY IN NETWORK AND INFORMATION SYSTEMS ACQUISITION, DEVELOPMENT AND MAINTENANCE (ARTICLE 21(2), POINT (E), OF DIRECTIVE (EU) 2022/2555);6.2 Secure development life cycle;;generic;;PASS;User <root_account> does not have access keys.;arn:aws:iam::350381001508:root;iam_rotate_access_key_90_days;False;<root_account>;NIS2;NIS2 - Network and Information Security Directive (Directive (EU) 2022/2555);
aws;ANNEX to the Commission Implementing Regulation laying down rules for the application of Directive (EU) 2022/2555 as regards technical and methodological requirements of cybersecurity risk-management measures and further specification of the cases in which an incident is considered to be significant with regard to DNS service providers, TLD name registries, cloud computing service providers, data centre service providers, content delivery network providers, managed service providers, managed security service providers, providers of online market places, of online search engines and of social networking services platforms, and trust service providers;350381001508;us-east-1;2026-08-01 19:04:21.788096;9.2.c;the relevant entities approach to key management, including, where appropriate, methods for the following:;9 CRYPTOGRAPHY (ARTICLE 21(2), POINT (H), OF DIRECTIVE (EU) 2022/2555);9.2 Cryptography;;generic;;PASS;User <root_account> does not have access keys.;arn:aws:iam::350381001508:root;iam_rotate_access_key_90_days;False;<root_account>;NIS2;NIS2 - Network and Information Security Directive (Directive (EU) 2022/2555);
aws;ANNEX to the Commission Implementing Regulation laying down rules for the application of Directive (EU) 2022/2555 as regards technical and methodological requirements of cybersecurity risk-management measures and further specification of the cases in which an incident is considered to be significant with regard to DNS service providers, TLD name registries, cloud computing service providers, data centre service providers, content delivery network providers, managed service providers, managed security service providers, providers of online market places, of online search engines and of social networking services platforms, and trust service providers;350381001508;us-east-1;2026-08-01 19:04:21.788096;9.2.c.xii;setting activation and deactivation dates for keys ensuring that the keys can only be used for the specified period of time according to the organization's rules on key management.;9 CRYPTOGRAPHY (ARTICLE 21(2), POINT (H), OF DIRECTIVE (EU) 2022/2555);9.2 Cryptography;;iam;;PASS;User <root_account> does not have access keys.;arn:aws:iam::350381001508:root;iam_rotate_access_key_90_days;False;<root_account>;NIS2;NIS2 - Network and Information Security Directive (Directive (EU) 2022/2555);
aws;ANNEX to the Commission Implementing Regulation laying down rules for the application of Directive (EU) 2022/2555 as regards technical and methodological requirements of cybersecurity risk-management measures and further specification of the cases in which an incident is considered to be significant with regard to DNS service providers, TLD name registries, cloud computing service providers, data centre service providers, content delivery network providers, managed service providers, managed security service providers, providers of online market places, of online search engines and of social networking services platforms, and trust service providers;350381001508;us-east-1;2026-08-01 19:04:21.788096;11.6.2.c;"require the change of authentication credentials initially, at predefined intervals and upon suspicion that the credentials were compromised;";11 ACCESS CONTROL (ARTICLE 21(2), POINTS (I) AND (J), OF DIRECTIVE (EU) 2022/2555);11.6 Authentication;;generic;;PASS;User <root_account> does not have access keys.;arn:aws:iam::350381001508:root;iam_rotate_access_key_90_days;False;<root_account>;NIS2;NIS2 - Network and Information Security Directive (Directive (EU) 2022/2555);
aws;ANNEX to the Commission Implementing Regulation laying down rules for the application of Directive (EU) 2022/2555 as regards technical and methodological requirements of cybersecurity risk-management measures and further specification of the cases in which an incident is considered to be significant with regard to DNS service providers, TLD name registries, cloud computing service providers, data centre service providers, content delivery network providers, managed service providers, managed security service providers, providers of online market places, of online search engines and of social networking services platforms, and trust service providers;350381001508;us-east-1;2026-08-01 19:04:21.788096;1.1.1.d;"include a commitment to continual improvement of the security of network and information systems;";1 POLICY ON THE SECURITY OF NETWORK AND INFORMATION SYSTEMS (ARTICLE 21(2), POINT (A) OF DIRECTIVE (EU) 2022/2555);1.1 Policy on the security of network and information systems;;generic;;PASS;User research-admin does not have access keys.;arn:aws:iam::350381001508:user/research-admin;iam_rotate_access_key_90_days;False;research-admin;NIS2;NIS2 - Network and Information Security Directive (Directive (EU) 2022/2555);
aws;ANNEX to the Commission Implementing Regulation laying down rules for the application of Directive (EU) 2022/2555 as regards technical and methodological requirements of cybersecurity risk-management measures and further specification of the cases in which an incident is considered to be significant with regard to DNS service providers, TLD name registries, cloud computing service providers, data centre service providers, content delivery network providers, managed service providers, managed security service providers, providers of online market places, of online search engines and of social networking services platforms, and trust service providers;350381001508;us-east-1;2026-08-01 19:04:21.788096;1.1.2;The network and information system security policy shall be reviewed and, where appropriate, updated by management bodies at least annually and when significant incidents or significant changes to operations or risks occur. The result of the reviews shall be documented.;1 POLICY ON THE SECURITY OF NETWORK AND INFORMATION SYSTEMS (ARTICLE 21(2), POINT (A) OF DIRECTIVE (EU) 2022/2555);1.1 Policy on the security of network and information systems;;generic;;PASS;User research-admin does not have access keys.;arn:aws:iam::350381001508:user/research-admin;iam_rotate_access_key_90_days;False;research-admin;NIS2;NIS2 - Network and Information Security Directive (Directive (EU) 2022/2555);
aws;ANNEX to the Commission Implementing Regulation laying down rules for the application of Directive (EU) 2022/2555 as regards technical and methodological requirements of cybersecurity risk-management measures and further specification of the cases in which an incident is considered to be significant with regard to DNS service providers, TLD name registries, cloud computing service providers, data centre service providers, content delivery network providers, managed service providers, managed security service providers, providers of online market places, of online search engines and of social networking services platforms, and trust service providers;350381001508;us-east-1;2026-08-01 19:04:21.788096;2.1.4;The relevant entities shall review and, where appropriate, update the risk assessment results and the risk treatment plan at planned intervals and at least annually, and when significant changes to operations or risks or significant incidents occur.;2 RISK MANAGEMENT POLICY (ARTICLE 21(2), POINT (A) OF DIRECTIVE (EU) 2022/2555);2.1 Risk management framework;;generic;;PASS;User research-admin does not have access keys.;arn:aws:iam::350381001508:user/research-admin;iam_rotate_access_key_90_days;False;research-admin;NIS2;NIS2 - Network and Information Security Directive (Directive (EU) 2022/2555);
aws;ANNEX to the Commission Implementing Regulation laying down rules for the application of Directive (EU) 2022/2555 as regards technical and methodological requirements of cybersecurity risk-management measures and further specification of the cases in which an incident is considered to be significant with regard to DNS service providers, TLD name registries, cloud computing service providers, data centre service providers, content delivery network providers, managed service providers, managed security service providers, providers of online market places, of online search engines and of social networking services platforms, and trust service providers;350381001508;us-east-1;2026-08-01 19:04:21.788096;2.3.1;The relevant entities shall review independently their approach to managing network and information system security and its implementation including people, processes and technologies.;2 RISK MANAGEMENT POLICY (ARTICLE 21(2), POINT (A) OF DIRECTIVE (EU) 2022/2555);2.3 Independent review of information and network security;;generic;;PASS;User research-admin does not have access keys.;arn:aws:iam::350381001508:user/research-admin;iam_rotate_access_key_90_days;False;research-admin;NIS2;NIS2 - Network and Information Security Directive (Directive (EU) 2022/2555);
aws;ANNEX to the Commission Implementing Regulation laying down rules for the application of Directive (EU) 2022/2555 as regards technical and methodological requirements of cybersecurity risk-management measures and further specification of the cases in which an incident is considered to be significant with regard to DNS service providers, TLD name registries, cloud computing service providers, data centre service providers, content delivery network providers, managed service providers, managed security service providers, providers of online market places, of online search engines and of social networking services platforms, and trust service providers;350381001508;us-east-1;2026-08-01 19:04:21.788096;3.1.3;The roles, responsibilities and procedures laid down in the policy shall be tested and reviewed and, where appropriate, updated at planned intervals and after significant incidents or significant changes to operations or risks.;3 INCIDENT HANDLING (ARTICLE 21(2), POINT (B), OF DIRECTIVE (EU) 2022/2555);3.1 Incident handling policy;;generic;;PASS;User research-admin does not have access keys.;arn:aws:iam::350381001508:user/research-admin;iam_rotate_access_key_90_days;False;research-admin;NIS2;NIS2 - Network and Information Security Directive (Directive (EU) 2022/2555);
aws;ANNEX to the Commission Implementing Regulation laying down rules for the application of Directive (EU) 2022/2555 as regards technical and methodological requirements of cybersecurity risk-management measures and further specification of the cases in which an incident is considered to be significant with regard to DNS service providers, TLD name registries, cloud computing service providers, data centre service providers, content delivery network providers, managed service providers, managed security service providers, providers of online market places, of online search engines and of social networking services platforms, and trust service providers;350381001508;us-east-1;2026-08-01 19:04:21.788096;6.2.4;The relevant entities shall review and, where necessary, update their secure development rules at planned intervals.;6 SECURITY IN NETWORK AND INFORMATION SYSTEMS ACQUISITION, DEVELOPMENT AND MAINTENANCE (ARTICLE 21(2), POINT (E), OF DIRECTIVE (EU) 2022/2555);6.2 Secure development life cycle;;generic;;PASS;User research-admin does not have access keys.;arn:aws:iam::350381001508:user/research-admin;iam_rotate_access_key_90_days;False;research-admin;NIS2;NIS2 - Network and Information Security Directive (Directive (EU) 2022/2555);
aws;ANNEX to the Commission Implementing Regulation laying down rules for the application of Directive (EU) 2022/2555 as regards technical and methodological requirements of cybersecurity risk-management measures and further specification of the cases in which an incident is considered to be significant with regard to DNS service providers, TLD name registries, cloud computing service providers, data centre service providers, content delivery network providers, managed service providers, managed security service providers, providers of online market places, of online search engines and of social networking services platforms, and trust service providers;350381001508;us-east-1;2026-08-01 19:04:21.788096;9.2.c;the relevant entities approach to key management, including, where appropriate, methods for the following:;9 CRYPTOGRAPHY (ARTICLE 21(2), POINT (H), OF DIRECTIVE (EU) 2022/2555);9.2 Cryptography;;generic;;PASS;User research-admin does not have access keys.;arn:aws:iam::350381001508:user/research-admin;iam_rotate_access_key_90_days;False;research-admin;NIS2;NIS2 - Network and Information Security Directive (Directive (EU) 2022/2555);
aws;ANNEX to the Commission Implementing Regulation laying down rules for the application of Directive (EU) 2022/2555 as regards technical and methodological requirements of cybersecurity risk-management measures and further specification of the cases in which an incident is considered to be significant with regard to DNS service providers, TLD name registries, cloud computing service providers, data centre service providers, content delivery network providers, managed service providers, managed security service providers, providers of online market places, of online search engines and of social networking services platforms, and trust service providers;350381001508;us-east-1;2026-08-01 19:04:21.788096;9.2.c.xii;setting activation and deactivation dates for keys ensuring that the keys can only be used for the specified period of time according to the organization's rules on key management.;9 CRYPTOGRAPHY (ARTICLE 21(2), POINT (H), OF DIRECTIVE (EU) 2022/2555);9.2 Cryptography;;iam;;PASS;User research-admin does not have access keys.;arn:aws:iam::350381001508:user/research-admin;iam_rotate_access_key_90_days;False;research-admin;NIS2;NIS2 - Network and Information Security Directive (Directive (EU) 2022/2555);
aws;ANNEX to the Commission Implementing Regulation laying down rules for the application of Directive (EU) 2022/2555 as regards technical and methodological requirements of cybersecurity risk-management measures and further specification of the cases in which an incident is considered to be significant with regard to DNS service providers, TLD name registries, cloud computing service providers, data centre service providers, content delivery network providers, managed service providers, managed security service providers, providers of online market places, of online search engines and of social networking services platforms, and trust service providers;350381001508;us-east-1;2026-08-01 19:04:21.788096;11.6.2.c;"require the change of authentication credentials initially, at predefined intervals and upon suspicion that the credentials were compromised;";11 ACCESS CONTROL (ARTICLE 21(2), POINTS (I) AND (J), OF DIRECTIVE (EU) 2022/2555);11.6 Authentication;;generic;;PASS;User research-admin does not have access keys.;arn:aws:iam::350381001508:user/research-admin;iam_rotate_access_key_90_days;False;research-admin;NIS2;NIS2 - Network and Information Security Directive (Directive (EU) 2022/2555);
aws;ANNEX to the Commission Implementing Regulation laying down rules for the application of Directive (EU) 2022/2555 as regards technical and methodological requirements of cybersecurity risk-management measures and further specification of the cases in which an incident is considered to be significant with regard to DNS service providers, TLD name registries, cloud computing service providers, data centre service providers, content delivery network providers, managed service providers, managed security service providers, providers of online market places, of online search engines and of social networking services platforms, and trust service providers;350381001508;us-east-1;2026-08-01 19:04:21.788096;1.1.1.d;"include a commitment to continual improvement of the security of network and information systems;";1 POLICY ON THE SECURITY OF NETWORK AND INFORMATION SYSTEMS (ARTICLE 21(2), POINT (A) OF DIRECTIVE (EU) 2022/2555);1.1 Policy on the security of network and information systems;;generic;;PASS;User scanner-user does not have access keys older than 90 days.;arn:aws:iam::350381001508:user/scanner-user;iam_rotate_access_key_90_days;False;scanner-user;NIS2;NIS2 - Network and Information Security Directive (Directive (EU) 2022/2555);
aws;ANNEX to the Commission Implementing Regulation laying down rules for the application of Directive (EU) 2022/2555 as regards technical and methodological requirements of cybersecurity risk-management measures and further specification of the cases in which an incident is considered to be significant with regard to DNS service providers, TLD name registries, cloud computing service providers, data centre service providers, content delivery network providers, managed service providers, managed security service providers, providers of online market places, of online search engines and of social networking services platforms, and trust service providers;350381001508;us-east-1;2026-08-01 19:04:21.788096;1.1.2;The network and information system security policy shall be reviewed and, where appropriate, updated by management bodies at least annually and when significant incidents or significant changes to operations or risks occur. The result of the reviews shall be documented.;1 POLICY ON THE SECURITY OF NETWORK AND INFORMATION SYSTEMS (ARTICLE 21(2), POINT (A) OF DIRECTIVE (EU) 2022/2555);1.1 Policy on the security of network and information systems;;generic;;PASS;User scanner-user does not have access keys older than 90 days.;arn:aws:iam::350381001508:user/scanner-user;iam_rotate_access_key_90_days;False;scanner-user;NIS2;NIS2 - Network and Information Security Directive (Directive (EU) 2022/2555);
aws;ANNEX to the Commission Implementing Regulation laying down rules for the application of Directive (EU) 2022/2555 as regards technical and methodological requirements of cybersecurity risk-management measures and further specification of the cases in which an incident is considered to be significant with regard to DNS service providers, TLD name registries, cloud computing service providers, data centre service providers, content delivery network providers, managed service providers, managed security service providers, providers of online market places, of online search engines and of social networking services platforms, and trust service providers;350381001508;us-east-1;2026-08-01 19:04:21.788096;2.1.4;The relevant entities shall review and, where appropriate, update the risk assessment results and the risk treatment plan at planned intervals and at least annually, and when significant changes to operations or risks or significant incidents occur.;2 RISK MANAGEMENT POLICY (ARTICLE 21(2), POINT (A) OF DIRECTIVE (EU) 2022/2555);2.1 Risk management framework;;generic;;PASS;User scanner-user does not have access keys older than 90 days.;arn:aws:iam::350381001508:user/scanner-user;iam_rotate_access_key_90_days;False;scanner-user;NIS2;NIS2 - Network and Information Security Directive (Directive (EU) 2022/2555);
aws;ANNEX to the Commission Implementing Regulation laying down rules for the application of Directive (EU) 2022/2555 as regards technical and methodological requirements of cybersecurity risk-management measures and further specification of the cases in which an incident is considered to be significant with regard to DNS service providers, TLD name registries, cloud computing service providers, data centre service providers, content delivery network providers, managed service providers, managed security service providers, providers of online market places, of online search engines and of social networking services platforms, and trust service providers;350381001508;us-east-1;2026-08-01 19:04:21.788096;2.3.1;The relevant entities shall review independently their approach to managing network and information system security and its implementation including people, processes and technologies.;2 RISK MANAGEMENT POLICY (ARTICLE 21(2), POINT (A) OF DIRECTIVE (EU) 2022/2555);2.3 Independent review of information and network security;;generic;;PASS;User scanner-user does not have access keys older than 90 days.;arn:aws:iam::350381001508:user/scanner-user;iam_rotate_access_key_90_days;False;scanner-user;NIS2;NIS2 - Network and Information Security Directive (Directive (EU) 2022/2555);
aws;ANNEX to the Commission Implementing Regulation laying down rules for the application of Directive (EU) 2022/2555 as regards technical and methodological requirements of cybersecurity risk-management measures and further specification of the cases in which an incident is considered to be significant with regard to DNS service providers, TLD name registries, cloud computing service providers, data centre service providers, content delivery network providers, managed service providers, managed security service providers, providers of online market places, of online search engines and of social networking services platforms, and trust service providers;350381001508;us-east-1;2026-08-01 19:04:21.788096;3.1.3;The roles, responsibilities and procedures laid down in the policy shall be tested and reviewed and, where appropriate, updated at planned intervals and after significant incidents or significant changes to operations or risks.;3 INCIDENT HANDLING (ARTICLE 21(2), POINT (B), OF DIRECTIVE (EU) 2022/2555);3.1 Incident handling policy;;generic;;PASS;User scanner-user does not have access keys older than 90 days.;arn:aws:iam::350381001508:user/scanner-user;iam_rotate_access_key_90_days;False;scanner-user;NIS2;NIS2 - Network and Information Security Directive (Directive (EU) 2022/2555);
aws;ANNEX to the Commission Implementing Regulation laying down rules for the application of Directive (EU) 2022/2555 as regards technical and methodological requirements of cybersecurity risk-management measures and further specification of the cases in which an incident is considered to be significant with regard to DNS service providers, TLD name registries, cloud computing service providers, data centre service providers, content delivery network providers, managed service providers, managed security service providers, providers of online market places, of online search engines and of social networking services platforms, and trust service providers;350381001508;us-east-1;2026-08-01 19:04:21.788096;6.2.4;The relevant entities shall review and, where necessary, update their secure development rules at planned intervals.;6 SECURITY IN NETWORK AND INFORMATION SYSTEMS ACQUISITION, DEVELOPMENT AND MAINTENANCE (ARTICLE 21(2), POINT (E), OF DIRECTIVE (EU) 2022/2555);6.2 Secure development life cycle;;generic;;PASS;User scanner-user does not have access keys older than 90 days.;arn:aws:iam::350381001508:user/scanner-user;iam_rotate_access_key_90_days;False;scanner-user;NIS2;NIS2 - Network and Information Security Directive (Directive (EU) 2022/2555);
aws;ANNEX to the Commission Implementing Regulation laying down rules for the application of Directive (EU) 2022/2555 as regards technical and methodological requirements of cybersecurity risk-management measures and further specification of the cases in which an incident is considered to be significant with regard to DNS service providers, TLD name registries, cloud computing service providers, data centre service providers, content delivery network providers, managed service providers, managed security service providers, providers of online market places, of online search engines and of social networking services platforms, and trust service providers;350381001508;us-east-1;2026-08-01 19:04:21.788096;9.2.c;the relevant entities approach to key management, including, where appropriate, methods for the following:;9 CRYPTOGRAPHY (ARTICLE 21(2), POINT (H), OF DIRECTIVE (EU) 2022/2555);9.2 Cryptography;;generic;;PASS;User scanner-user does not have access keys older than 90 days.;arn:aws:iam::350381001508:user/scanner-user;iam_rotate_access_key_90_days;False;scanner-user;NIS2;NIS2 - Network and Information Security Directive (Directive (EU) 2022/2555);
aws;ANNEX to the Commission Implementing Regulation laying down rules for the application of Directive (EU) 2022/2555 as regards technical and methodological requirements of cybersecurity risk-management measures and further specification of the cases in which an incident is considered to be significant with regard to DNS service providers, TLD name registries, cloud computing service providers, data centre service providers, content delivery network providers, managed service providers, managed security service providers, providers of online market places, of online search engines and of social networking services platforms, and trust service providers;350381001508;us-east-1;2026-08-01 19:04:21.788096;9.2.c.xii;setting activation and deactivation dates for keys ensuring that the keys can only be used for the specified period of time according to the organization's rules on key management.;9 CRYPTOGRAPHY (ARTICLE 21(2), POINT (H), OF DIRECTIVE (EU) 2022/2555);9.2 Cryptography;;iam;;PASS;User scanner-user does not have access keys older than 90 days.;arn:aws:iam::350381001508:user/scanner-user;iam_rotate_access_key_90_days;False;scanner-user;NIS2;NIS2 - Network and Information Security Directive (Directive (EU) 2022/2555);
aws;ANNEX to the Commission Implementing Regulation laying down rules for the application of Directive (EU) 2022/2555 as regards technical and methodological requirements of cybersecurity risk-management measures and further specification of the cases in which an incident is considered to be significant with regard to DNS service providers, TLD name registries, cloud computing service providers, data centre service providers, content delivery network providers, managed service providers, managed security service providers, providers of online market places, of online search engines and of social networking services platforms, and trust service providers;350381001508;us-east-1;2026-08-01 19:04:21.788096;11.6.2.c;"require the change of authentication credentials initially, at predefined intervals and upon suspicion that the credentials were compromised;";11 ACCESS CONTROL (ARTICLE 21(2), POINTS (I) AND (J), OF DIRECTIVE (EU) 2022/2555);11.6 Authentication;;generic;;PASS;User scanner-user does not have access keys older than 90 days.;arn:aws:iam::350381001508:user/scanner-user;iam_rotate_access_key_90_days;False;scanner-user;NIS2;NIS2 - Network and Information Security Directive (Directive (EU) 2022/2555);
aws;ANNEX to the Commission Implementing Regulation laying down rules for the application of Directive (EU) 2022/2555 as regards technical and methodological requirements of cybersecurity risk-management measures and further specification of the cases in which an incident is considered to be significant with regard to DNS service providers, TLD name registries, cloud computing service providers, data centre service providers, content delivery network providers, managed service providers, managed security service providers, providers of online market places, of online search engines and of social networking services platforms, and trust service providers;350381001508;us-east-1;2026-08-01 19:04:21.788096;1.1.1.d;"include a commitment to continual improvement of the security of network and information systems;";1 POLICY ON THE SECURITY OF NETWORK AND INFORMATION SYSTEMS (ARTICLE 21(2), POINT (A) OF DIRECTIVE (EU) 2022/2555);1.1 Policy on the security of network and information systems;;generic;;PASS;User test-user does not have access keys older than 90 days.;arn:aws:iam::350381001508:user/test-user;iam_rotate_access_key_90_days;False;test-user;NIS2;NIS2 - Network and Information Security Directive (Directive (EU) 2022/2555);
aws;ANNEX to the Commission Implementing Regulation laying down rules for the application of Directive (EU) 2022/2555 as regards technical and methodological requirements of cybersecurity risk-management measures and further specification of the cases in which an incident is considered to be significant with regard to DNS service providers, TLD name registries, cloud computing service providers, data centre service providers, content delivery network providers, managed service providers, managed security service providers, providers of online market places, of online search engines and of social networking services platforms, and trust service providers;350381001508;us-east-1;2026-08-01 19:04:21.788096;1.1.2;The network and information system security policy shall be reviewed and, where appropriate, updated by management bodies at least annually and when significant incidents or significant changes to operations or risks occur. The result of the reviews shall be documented.;1 POLICY ON THE SECURITY OF NETWORK AND INFORMATION SYSTEMS (ARTICLE 21(2), POINT (A) OF DIRECTIVE (EU) 2022/2555);1.1 Policy on the security of network and information systems;;generic;;PASS;User test-user does not have access keys older than 90 days.;arn:aws:iam::350381001508:user/test-user;iam_rotate_access_key_90_days;False;test-user;NIS2;NIS2 - Network and Information Security Directive (Directive (EU) 2022/2555);
aws;ANNEX to the Commission Implementing Regulation laying down rules for the application of Directive (EU) 2022/2555 as regards technical and methodological requirements of cybersecurity risk-management measures and further specification of the cases in which an incident is considered to be significant with regard to DNS service providers, TLD name registries, cloud computing service providers, data centre service providers, content delivery network providers, managed service providers, managed security service providers, providers of online market places, of online search engines and of social networking services platforms, and trust service providers;350381001508;us-east-1;2026-08-01 19:04:21.788096;2.1.4;The relevant entities shall review and, where appropriate, update the risk assessment results and the risk treatment plan at planned intervals and at least annually, and when significant changes to operations or risks or significant incidents occur.;2 RISK MANAGEMENT POLICY (ARTICLE 21(2), POINT (A) OF DIRECTIVE (EU) 2022/2555);2.1 Risk management framework;;generic;;PASS;User test-user does not have access keys older than 90 days.;arn:aws:iam::350381001508:user/test-user;iam_rotate_access_key_90_days;False;test-user;NIS2;NIS2 - Network and Information Security Directive (Directive (EU) 2022/2555);
aws;ANNEX to the Commission Implementing Regulation laying down rules for the application of Directive (EU) 2022/2555 as regards technical and methodological requirements of cybersecurity risk-management measures and further specification of the cases in which an incident is considered to be significant with regard to DNS service providers, TLD name registries, cloud computing service providers, data centre service providers, content delivery network providers, managed service providers, managed security service providers, providers of online market places, of online search engines and of social networking services platforms, and trust service providers;350381001508;us-east-1;2026-08-01 19:04:21.788096;2.3.1;The relevant entities shall review independently their approach to managing network and information system security and its implementation including people, processes and technologies.;2 RISK MANAGEMENT POLICY (ARTICLE 21(2), POINT (A) OF DIRECTIVE (EU) 2022/2555);2.3 Independent review of information and network security;;generic;;PASS;User test-user does not have access keys older than 90 days.;arn:aws:iam::350381001508:user/test-user;iam_rotate_access_key_90_days;False;test-user;NIS2;NIS2 - Network and Information Security Directive (Directive (EU) 2022/2555);
aws;ANNEX to the Commission Implementing Regulation laying down rules for the application of Directive (EU) 2022/2555 as regards technical and methodological requirements of cybersecurity risk-management measures and further specification of the cases in which an incident is considered to be significant with regard to DNS service providers, TLD name registries, cloud computing service providers, data centre service providers, content delivery network providers, managed service providers, managed security service providers, providers of online market places, of online search engines and of social networking services platforms, and trust service providers;350381001508;us-east-1;2026-08-01 19:04:21.788096;3.1.3;The roles, responsibilities and procedures laid down in the policy shall be tested and reviewed and, where appropriate, updated at planned intervals and after significant incidents or significant changes to operations or risks.;3 INCIDENT HANDLING (ARTICLE 21(2), POINT (B), OF DIRECTIVE (EU) 2022/2555);3.1 Incident handling policy;;generic;;PASS;User test-user does not have access keys older than 90 days.;arn:aws:iam::350381001508:user/test-user;iam_rotate_access_key_90_days;False;test-user;NIS2;NIS2 - Network and Information Security Directive (Directive (EU) 2022/2555);
aws;ANNEX to the Commission Implementing Regulation laying down rules for the application of Directive (EU) 2022/2555 as regards technical and methodological requirements of cybersecurity risk-management measures and further specification of the cases in which an incident is considered to be significant with regard to DNS service providers, TLD name registries, cloud computing service providers, data centre service providers, content delivery network providers, managed service providers, managed security service providers, providers of online market places, of online search engines and of social networking services platforms, and trust service providers;350381001508;us-east-1;2026-08-01 19:04:21.788096;6.2.4;The relevant entities shall review and, where necessary, update their secure development rules at planned intervals.;6 SECURITY IN NETWORK AND INFORMATION SYSTEMS ACQUISITION, DEVELOPMENT AND MAINTENANCE (ARTICLE 21(2), POINT (E), OF DIRECTIVE (EU) 2022/2555);6.2 Secure development life cycle;;generic;;PASS;User test-user does not have access keys older than 90 days.;arn:aws:iam::350381001508:user/test-user;iam_rotate_access_key_90_days;False;test-user;NIS2;NIS2 - Network and Information Security Directive (Directive (EU) 2022/2555);
aws;ANNEX to the Commission Implementing Regulation laying down rules for the application of Directive (EU) 2022/2555 as regards technical and methodological requirements of cybersecurity risk-management measures and further specification of the cases in which an incident is considered to be significant with regard to DNS service providers, TLD name registries, cloud computing service providers, data centre service providers, content delivery network providers, managed service providers, managed security service providers, providers of online market places, of online search engines and of social networking services platforms, and trust service providers;350381001508;us-east-1;2026-08-01 19:04:21.788096;9.2.c;the relevant entities approach to key management, including, where appropriate, methods for the following:;9 CRYPTOGRAPHY (ARTICLE 21(2), POINT (H), OF DIRECTIVE (EU) 2022/2555);9.2 Cryptography;;generic;;PASS;User test-user does not have access keys older than 90 days.;arn:aws:iam::350381001508:user/test-user;iam_rotate_access_key_90_days;False;test-user;NIS2;NIS2 - Network and Information Security Directive (Directive (EU) 2022/2555);
aws;ANNEX to the Commission Implementing Regulation laying down rules for the application of Directive (EU) 2022/2555 as regards technical and methodological requirements of cybersecurity risk-management measures and further specification of the cases in which an incident is considered to be significant with regard to DNS service providers, TLD name registries, cloud computing service providers, data centre service providers, content delivery network providers, managed service providers, managed security service providers, providers of online market places, of online search engines and of social networking services platforms, and trust service providers;350381001508;us-east-1;2026-08-01 19:04:21.788096;9.2.c.xii;setting activation and deactivation dates for keys ensuring that the keys can only be used for the specified period of time according to the organization's rules on key management.;9 CRYPTOGRAPHY (ARTICLE 21(2), POINT (H), OF DIRECTIVE (EU) 2022/2555);9.2 Cryptography;;iam;;PASS;User test-user does not have access keys older than 90 days.;arn:aws:iam::350381001508:user/test-user;iam_rotate_access_key_90_days;False;test-user;NIS2;NIS2 - Network and Information Security Directive (Directive (EU) 2022/2555);
aws;ANNEX to the Commission Implementing Regulation laying down rules for the application of Directive (EU) 2022/2555 as regards technical and methodological requirements of cybersecurity risk-management measures and further specification of the cases in which an incident is considered to be significant with regard to DNS service providers, TLD name registries, cloud computing service providers, data centre service providers, content delivery network providers, managed service providers, managed security service providers, providers of online market places, of online search engines and of social networking services platforms, and trust service providers;350381001508;us-east-1;2026-08-01 19:04:21.788096;11.6.2.c;"require the change of authentication credentials initially, at predefined intervals and upon suspicion that the credentials were compromised;";11 ACCESS CONTROL (ARTICLE 21(2), POINTS (I) AND (J), OF DIRECTIVE (EU) 2022/2555);11.6 Authentication;;generic;;PASS;User test-user does not have access keys older than 90 days.;arn:aws:iam::350381001508:user/test-user;iam_rotate_access_key_90_days;False;test-user;NIS2;NIS2 - Network and Information Security Directive (Directive (EU) 2022/2555);
aws;ANNEX to the Commission Implementing Regulation laying down rules for the application of Directive (EU) 2022/2555 as regards technical and methodological requirements of cybersecurity risk-management measures and further specification of the cases in which an incident is considered to be significant with regard to DNS service providers, TLD name registries, cloud computing service providers, data centre service providers, content delivery network providers, managed service providers, managed security service providers, providers of online market places, of online search engines and of social networking services platforms, and trust service providers;350381001508;us-east-1;2026-08-01 19:04:21.788096;1.2.4;Depending on the size of the relevant entities, network and information system security shall be covered by dedicated roles or duties carried out in addition to existing roles.;1 POLICY ON THE SECURITY OF NETWORK AND INFORMATION SYSTEMS (ARTICLE 21(2), POINT (A) OF DIRECTIVE (EU) 2022/2555);1.2 Roles, responsibilities and authorities;;iam;;FAIL;SecurityAudit policy is not attached to any role.;arn:aws:iam::aws:policy/SecurityAudit;iam_securityaudit_role_created;False;SecurityAudit;NIS2;NIS2 - Network and Information Security Directive (Directive (EU) 2022/2555);
aws;ANNEX to the Commission Implementing Regulation laying down rules for the application of Directive (EU) 2022/2555 as regards technical and methodological requirements of cybersecurity risk-management measures and further specification of the cases in which an incident is considered to be significant with regard to DNS service providers, TLD name registries, cloud computing service providers, data centre service providers, content delivery network providers, managed service providers, managed security service providers, providers of online market places, of online search engines and of social networking services platforms, and trust service providers;350381001508;us-east-1;2026-08-01 19:04:21.788096;2.1.1;For the purpose of Article 21(2), point (a) of Directive (EU) 2022/2555, the relevant entities shall establish and maintain an appropriate risk management framework to identify and address the risks posed to the security of network and information systems. The relevant entities shall perform and document risk assessments and, based on the results, establish, implement and monitor a risk treatment plan. Risk assessment results and residual risks shall be accepted by management bodies or, where applicable, by persons who are accountable and have the authority to manage risks, provided that the relevant entities ensure adequate reporting to the management bodies.;1 POLICY ON THE SECURITY OF NETWORK AND INFORMATION SYSTEMS (ARTICLE 21(2), POINT (A) OF DIRECTIVE (EU) 2022/2555);1.2 Roles, responsibilities and authorities;;generic;;FAIL;SecurityAudit policy is not attached to any role.;arn:aws:iam::aws:policy/SecurityAudit;iam_securityaudit_role_created;False;SecurityAudit;NIS2;NIS2 - Network and Information Security Directive (Directive (EU) 2022/2555);
aws;ANNEX to the Commission Implementing Regulation laying down rules for the application of Directive (EU) 2022/2555 as regards technical and methodological requirements of cybersecurity risk-management measures and further specification of the cases in which an incident is considered to be significant with regard to DNS service providers, TLD name registries, cloud computing service providers, data centre service providers, content delivery network providers, managed service providers, managed security service providers, providers of online market places, of online search engines and of social networking services platforms, and trust service providers;350381001508;us-east-1;2026-08-01 19:04:21.788096;2.1.2.a;"follow a risk management methodology;";2 RISK MANAGEMENT POLICY (ARTICLE 21(2), POINT (A) OF DIRECTIVE (EU) 2022/2555);2.1 Risk management framework;;generic;;FAIL;SecurityAudit policy is not attached to any role.;arn:aws:iam::aws:policy/SecurityAudit;iam_securityaudit_role_created;False;SecurityAudit;NIS2;NIS2 - Network and Information Security Directive (Directive (EU) 2022/2555);
aws;ANNEX to the Commission Implementing Regulation laying down rules for the application of Directive (EU) 2022/2555 as regards technical and methodological requirements of cybersecurity risk-management measures and further specification of the cases in which an incident is considered to be significant with regard to DNS service providers, TLD name registries, cloud computing service providers, data centre service providers, content delivery network providers, managed service providers, managed security service providers, providers of online market places, of online search engines and of social networking services platforms, and trust service providers;350381001508;us-east-1;2026-08-01 19:04:21.788096;2.1.2.e;"analyse the risks posed to the security of network and information systems, including threat, likelihood, impact, and risk level, taking into account cyber threat intelligence and vulnerabilities;";2 RISK MANAGEMENT POLICY (ARTICLE 21(2), POINT (A) OF DIRECTIVE (EU) 2022/2555);2.1 Risk management framework;;iam;;FAIL;SecurityAudit policy is not attached to any role.;arn:aws:iam::aws:policy/SecurityAudit;iam_securityaudit_role_created;False;SecurityAudit;NIS2;NIS2 - Network and Information Security Directive (Directive (EU) 2022/2555);
aws;ANNEX to the Commission Implementing Regulation laying down rules for the application of Directive (EU) 2022/2555 as regards technical and methodological requirements of cybersecurity risk-management measures and further specification of the cases in which an incident is considered to be significant with regard to DNS service providers, TLD name registries, cloud computing service providers, data centre service providers, content delivery network providers, managed service providers, managed security service providers, providers of online market places, of online search engines and of social networking services platforms, and trust service providers;350381001508;us-east-1;2026-08-01 19:04:21.788096;2.1.2.f;"evaluate the identified risks based on the risk criteria;";2 RISK MANAGEMENT POLICY (ARTICLE 21(2), POINT (A) OF DIRECTIVE (EU) 2022/2555);2.1 Risk management framework;;generic;;FAIL;SecurityAudit policy is not attached to any role.;arn:aws:iam::aws:policy/SecurityAudit;iam_securityaudit_role_created;False;SecurityAudit;NIS2;NIS2 - Network and Information Security Directive (Directive (EU) 2022/2555);
aws;ANNEX to the Commission Implementing Regulation laying down rules for the application of Directive (EU) 2022/2555 as regards technical and methodological requirements of cybersecurity risk-management measures and further specification of the cases in which an incident is considered to be significant with regard to DNS service providers, TLD name registries, cloud computing service providers, data centre service providers, content delivery network providers, managed service providers, managed security service providers, providers of online market places, of online search engines and of social networking services platforms, and trust service providers;350381001508;us-east-1;2026-08-01 19:04:21.788096;2.2.1;The relevant entities shall regularly review the compliance with their policies on network and information system security, topic-specific policies, rules, and standards. The management bodies shall be informed of the status of network and information security on the basis of the compliance reviews by means of regular reporting.;2 RISK MANAGEMENT POLICY (ARTICLE 21(2), POINT (A) OF DIRECTIVE (EU) 2022/2555);2.2 Compliance monitoring;;generic;;FAIL;SecurityAudit policy is not attached to any role.;arn:aws:iam::aws:policy/SecurityAudit;iam_securityaudit_role_created;False;SecurityAudit;NIS2;NIS2 - Network and Information Security Directive (Directive (EU) 2022/2555);
aws;ANNEX to the Commission Implementing Regulation laying down rules for the application of Directive (EU) 2022/2555 as regards technical and methodological requirements of cybersecurity risk-management measures and further specification of the cases in which an incident is considered to be significant with regard to DNS service providers, TLD name registries, cloud computing service providers, data centre service providers, content delivery network providers, managed service providers, managed security service providers, providers of online market places, of online search engines and of social networking services platforms, and trust service providers;350381001508;us-east-1;2026-08-01 19:04:21.788096;2.3.1;The relevant entities shall review independently their approach to managing network and information system security and its implementation including people, processes and technologies.;2 RISK MANAGEMENT POLICY (ARTICLE 21(2), POINT (A) OF DIRECTIVE (EU) 2022/2555);2.3 Independent review of information and network security;;generic;;FAIL;SecurityAudit policy is not attached to any role.;arn:aws:iam::aws:policy/SecurityAudit;iam_securityaudit_role_created;False;SecurityAudit;NIS2;NIS2 - Network and Information Security Directive (Directive (EU) 2022/2555);
aws;ANNEX to the Commission Implementing Regulation laying down rules for the application of Directive (EU) 2022/2555 as regards technical and methodological requirements of cybersecurity risk-management measures and further specification of the cases in which an incident is considered to be significant with regard to DNS service providers, TLD name registries, cloud computing service providers, data centre service providers, content delivery network providers, managed service providers, managed security service providers, providers of online market places, of online search engines and of social networking services platforms, and trust service providers;350381001508;us-east-1;2026-08-01 19:04:21.788096;3.1.2.c;"assignment of roles to detect and appropriately respond to incidents to competent employees;";3 INCIDENT HANDLING (ARTICLE 21(2), POINT (B), OF DIRECTIVE (EU) 2022/2555);3.1 Incident handling policy;;generic;;FAIL;SecurityAudit policy is not attached to any role.;arn:aws:iam::aws:policy/SecurityAudit;iam_securityaudit_role_created;False;SecurityAudit;NIS2;NIS2 - Network and Information Security Directive (Directive (EU) 2022/2555);
aws;ANNEX to the Commission Implementing Regulation laying down rules for the application of Directive (EU) 2022/2555 as regards technical and methodological requirements of cybersecurity risk-management measures and further specification of the cases in which an incident is considered to be significant with regard to DNS service providers, TLD name registries, cloud computing service providers, data centre service providers, content delivery network providers, managed service providers, managed security service providers, providers of online market places, of online search engines and of social networking services platforms, and trust service providers;350381001508;us-east-1;2026-08-01 19:04:21.788096;3.1.3;The roles, responsibilities and procedures laid down in the policy shall be tested and reviewed and, where appropriate, updated at planned intervals and after significant incidents or significant changes to operations or risks.;3 INCIDENT HANDLING (ARTICLE 21(2), POINT (B), OF DIRECTIVE (EU) 2022/2555);3.1 Incident handling policy;;generic;;FAIL;SecurityAudit policy is not attached to any role.;arn:aws:iam::aws:policy/SecurityAudit;iam_securityaudit_role_created;False;SecurityAudit;NIS2;NIS2 - Network and Information Security Directive (Directive (EU) 2022/2555);
aws;ANNEX to the Commission Implementing Regulation laying down rules for the application of Directive (EU) 2022/2555 as regards technical and methodological requirements of cybersecurity risk-management measures and further specification of the cases in which an incident is considered to be significant with regard to DNS service providers, TLD name registries, cloud computing service providers, data centre service providers, content delivery network providers, managed service providers, managed security service providers, providers of online market places, of online search engines and of social networking services platforms, and trust service providers;350381001508;us-east-1;2026-08-01 19:04:21.788096;6.2.2.a;"carry out an analysis of security requirements at the specification and design phases of any development or acquisition project undertaken by the relevant entities or on behalf of those entities;";6 SECURITY IN NETWORK AND INFORMATION SYSTEMS ACQUISITION, DEVELOPMENT AND MAINTENANCE (ARTICLE 21(2), POINT (E), OF DIRECTIVE (EU) 2022/2555);6.2 Secure development life cycle;;generic;;FAIL;SecurityAudit policy is not attached to any role.;arn:aws:iam::aws:policy/SecurityAudit;iam_securityaudit_role_created;False;SecurityAudit;NIS2;NIS2 - Network and Information Security Directive (Directive (EU) 2022/2555);
aws;ANNEX to the Commission Implementing Regulation laying down rules for the application of Directive (EU) 2022/2555 as regards technical and methodological requirements of cybersecurity risk-management measures and further specification of the cases in which an incident is considered to be significant with regard to DNS service providers, TLD name registries, cloud computing service providers, data centre service providers, content delivery network providers, managed service providers, managed security service providers, providers of online market places, of online search engines and of social networking services platforms, and trust service providers;350381001508;us-east-1;2026-08-01 19:04:21.788096;7.2.d;"who is responsible for monitoring and measuring the effectiveness of the cybersecurity risk-management measures;";7 POLICIES AND PROCEDURES TO ASSESS THE EFFECTIVENESS OF CYBERSECURITY RISK-MANAGEMENT MEASURES (ARTICLE 21(2), POINT (F), OF DIRECTIVE (EU) 2022/2555);7.2 The policy and procedures referred to in point 7.1. shall take into account results of the risk assessment pursuant to point 2.1. and past significant incidents. The relevant entities shall determine:;;iam;;FAIL;SecurityAudit policy is not attached to any role.;arn:aws:iam::aws:policy/SecurityAudit;iam_securityaudit_role_created;False;SecurityAudit;NIS2;NIS2 - Network and Information Security Directive (Directive (EU) 2022/2555);
aws;ANNEX to the Commission Implementing Regulation laying down rules for the application of Directive (EU) 2022/2555 as regards technical and methodological requirements of cybersecurity risk-management measures and further specification of the cases in which an incident is considered to be significant with regard to DNS service providers, TLD name registries, cloud computing service providers, data centre service providers, content delivery network providers, managed service providers, managed security service providers, providers of online market places, of online search engines and of social networking services platforms, and trust service providers;350381001508;us-east-1;2026-08-01 19:04:21.788096;7.2.e;"when the results from monitoring and measurement are to be analysed and evaluated;";7 POLICIES AND PROCEDURES TO ASSESS THE EFFECTIVENESS OF CYBERSECURITY RISK-MANAGEMENT MEASURES (ARTICLE 21(2), POINT (F), OF DIRECTIVE (EU) 2022/2555);7.2 The policy and procedures referred to in point 7.1. shall take into account results of the risk assessment pursuant to point 2.1. and past significant incidents. The relevant entities shall determine:;;iam;;FAIL;SecurityAudit policy is not attached to any role.;arn:aws:iam::aws:policy/SecurityAudit;iam_securityaudit_role_created;False;SecurityAudit;NIS2;NIS2 - Network and Information Security Directive (Directive (EU) 2022/2555);
aws;ANNEX to the Commission Implementing Regulation laying down rules for the application of Directive (EU) 2022/2555 as regards technical and methodological requirements of cybersecurity risk-management measures and further specification of the cases in which an incident is considered to be significant with regard to DNS service providers, TLD name registries, cloud computing service providers, data centre service providers, content delivery network providers, managed service providers, managed security service providers, providers of online market places, of online search engines and of social networking services platforms, and trust service providers;350381001508;us-east-1;2026-08-01 19:04:21.788096;7.2.f;who has to analyse and evaluate these results.;7 POLICIES AND PROCEDURES TO ASSESS THE EFFECTIVENESS OF CYBERSECURITY RISK-MANAGEMENT MEASURES (ARTICLE 21(2), POINT (F), OF DIRECTIVE (EU) 2022/2555);7.2 The policy and procedures referred to in point 7.1. shall take into account results of the risk assessment pursuant to point 2.1. and past significant incidents. The relevant entities shall determine:;;iam;;FAIL;SecurityAudit policy is not attached to any role.;arn:aws:iam::aws:policy/SecurityAudit;iam_securityaudit_role_created;False;SecurityAudit;NIS2;NIS2 - Network and Information Security Directive (Directive (EU) 2022/2555);
aws;ANNEX to the Commission Implementing Regulation laying down rules for the application of Directive (EU) 2022/2555 as regards technical and methodological requirements of cybersecurity risk-management measures and further specification of the cases in which an incident is considered to be significant with regard to DNS service providers, TLD name registries, cloud computing service providers, data centre service providers, content delivery network providers, managed service providers, managed security service providers, providers of online market places, of online search engines and of social networking services platforms, and trust service providers;350381001508;us-east-1;2026-08-01 19:04:21.788096;2.1.1;For the purpose of Article 21(2), point (a) of Directive (EU) 2022/2555, the relevant entities shall establish and maintain an appropriate risk management framework to identify and address the risks posed to the security of network and information systems. The relevant entities shall perform and document risk assessments and, based on the results, establish, implement and monitor a risk treatment plan. Risk assessment results and residual risks shall be accepted by management bodies or, where applicable, by persons who are accountable and have the authority to manage risks, provided that the relevant entities ensure adequate reporting to the management bodies.;1 POLICY ON THE SECURITY OF NETWORK AND INFORMATION SYSTEMS (ARTICLE 21(2), POINT (A) OF DIRECTIVE (EU) 2022/2555);1.2 Roles, responsibilities and authorities;;generic;;FAIL;AWS Support Access policy is not attached to any role.;arn:aws:iam::aws:policy/AWSSupportAccess;iam_support_role_created;False;350381001508;NIS2;NIS2 - Network and Information Security Directive (Directive (EU) 2022/2555);
aws;ANNEX to the Commission Implementing Regulation laying down rules for the application of Directive (EU) 2022/2555 as regards technical and methodological requirements of cybersecurity risk-management measures and further specification of the cases in which an incident is considered to be significant with regard to DNS service providers, TLD name registries, cloud computing service providers, data centre service providers, content delivery network providers, managed service providers, managed security service providers, providers of online market places, of online search engines and of social networking services platforms, and trust service providers;350381001508;us-east-1;2026-08-01 19:04:21.788096;2.1.2.a;"follow a risk management methodology;";2 RISK MANAGEMENT POLICY (ARTICLE 21(2), POINT (A) OF DIRECTIVE (EU) 2022/2555);2.1 Risk management framework;;generic;;FAIL;AWS Support Access policy is not attached to any role.;arn:aws:iam::aws:policy/AWSSupportAccess;iam_support_role_created;False;350381001508;NIS2;NIS2 - Network and Information Security Directive (Directive (EU) 2022/2555);
aws;ANNEX to the Commission Implementing Regulation laying down rules for the application of Directive (EU) 2022/2555 as regards technical and methodological requirements of cybersecurity risk-management measures and further specification of the cases in which an incident is considered to be significant with regard to DNS service providers, TLD name registries, cloud computing service providers, data centre service providers, content delivery network providers, managed service providers, managed security service providers, providers of online market places, of online search engines and of social networking services platforms, and trust service providers;350381001508;us-east-1;2026-08-01 19:04:21.788096;2.2.1;The relevant entities shall regularly review the compliance with their policies on network and information system security, topic-specific policies, rules, and standards. The management bodies shall be informed of the status of network and information security on the basis of the compliance reviews by means of regular reporting.;2 RISK MANAGEMENT POLICY (ARTICLE 21(2), POINT (A) OF DIRECTIVE (EU) 2022/2555);2.2 Compliance monitoring;;generic;;FAIL;AWS Support Access policy is not attached to any role.;arn:aws:iam::aws:policy/AWSSupportAccess;iam_support_role_created;False;350381001508;NIS2;NIS2 - Network and Information Security Directive (Directive (EU) 2022/2555);
aws;ANNEX to the Commission Implementing Regulation laying down rules for the application of Directive (EU) 2022/2555 as regards technical and methodological requirements of cybersecurity risk-management measures and further specification of the cases in which an incident is considered to be significant with regard to DNS service providers, TLD name registries, cloud computing service providers, data centre service providers, content delivery network providers, managed service providers, managed security service providers, providers of online market places, of online search engines and of social networking services platforms, and trust service providers;350381001508;us-east-1;2026-08-01 19:04:21.788096;3.1.2.d;documents to be used in the course of incident detection and response such as incident response manuals, escalation charts, contact lists and templates.;3 INCIDENT HANDLING (ARTICLE 21(2), POINT (B), OF DIRECTIVE (EU) 2022/2555);3.1 Incident handling policy;;generic;;FAIL;AWS Support Access policy is not attached to any role.;arn:aws:iam::aws:policy/AWSSupportAccess;iam_support_role_created;False;350381001508;NIS2;NIS2 - Network and Information Security Directive (Directive (EU) 2022/2555);
aws;ANNEX to the Commission Implementing Regulation laying down rules for the application of Directive (EU) 2022/2555 as regards technical and methodological requirements of cybersecurity risk-management measures and further specification of the cases in which an incident is considered to be significant with regard to DNS service providers, TLD name registries, cloud computing service providers, data centre service providers, content delivery network providers, managed service providers, managed security service providers, providers of online market places, of online search engines and of social networking services platforms, and trust service providers;350381001508;us-east-1;2026-08-01 19:04:21.788096;4.3.2.a;"roles and responsibilities for personnel and, where appropriate, suppliers and service providers, specifying the allocation of roles in crisis situations, including specific steps to follow;";4 BUSINESS CONTINUITY AND CRISIS MANAGEMENT (ARTICLE 21(2), POINT (C), OF DIRECTIVE (EU) 2022/2555);4.3 Crisis management;;iam;;FAIL;AWS Support Access policy is not attached to any role.;arn:aws:iam::aws:policy/AWSSupportAccess;iam_support_role_created;False;350381001508;NIS2;NIS2 - Network and Information Security Directive (Directive (EU) 2022/2555);
aws;ANNEX to the Commission Implementing Regulation laying down rules for the application of Directive (EU) 2022/2555 as regards technical and methodological requirements of cybersecurity risk-management measures and further specification of the cases in which an incident is considered to be significant with regard to DNS service providers, TLD name registries, cloud computing service providers, data centre service providers, content delivery network providers, managed service providers, managed security service providers, providers of online market places, of online search engines and of social networking services platforms, and trust service providers;350381001508;us-east-1;2026-08-01 19:04:21.788096;5.1.7.b;"review incidents related to ICT products and ICT services from suppliers and service providers;";5 SUPPLY CHAIN SECURITY (ARTICLE 21(2), POINT (D), OF DIRECTIVE (EU) 2022/2555);5.1 Supply chain security policy;;generic;;FAIL;AWS Support Access policy is not attached to any role.;arn:aws:iam::aws:policy/AWSSupportAccess;iam_support_role_created;False;350381001508;NIS2;NIS2 - Network and Information Security Directive (Directive (EU) 2022/2555);
aws;ANNEX to the Commission Implementing Regulation laying down rules for the application of Directive (EU) 2022/2555 as regards technical and methodological requirements of cybersecurity risk-management measures and further specification of the cases in which an incident is considered to be significant with regard to DNS service providers, TLD name registries, cloud computing service providers, data centre service providers, content delivery network providers, managed service providers, managed security service providers, providers of online market places, of online search engines and of social networking services platforms, and trust service providers;350381001508;us-east-1;2026-08-01 19:04:21.788096;11.5.4;The relevant entities shall regularly review the identities for network and information systems and their users and, if no longer needed, deactivate them without delay.;11 ACCESS CONTROL (ARTICLE 21(2), POINTS (I) AND (J), OF DIRECTIVE (EU) 2022/2555);11.5 Identification;;iam;;FAIL;IAM User research-admin has Bedrock permissions but has never used them.;arn:aws:iam::350381001508:user/research-admin;iam_user_access_not_stale_to_bedrock;False;research-admin;NIS2;NIS2 - Network and Information Security Directive (Directive (EU) 2022/2555);
aws;ANNEX to the Commission Implementing Regulation laying down rules for the application of Directive (EU) 2022/2555 as regards technical and methodological requirements of cybersecurity risk-management measures and further specification of the cases in which an incident is considered to be significant with regard to DNS service providers, TLD name registries, cloud computing service providers, data centre service providers, content delivery network providers, managed service providers, managed security service providers, providers of online market places, of online search engines and of social networking services platforms, and trust service providers;350381001508;us-east-1;2026-08-01 19:04:21.788096;11.5.4;The relevant entities shall regularly review the identities for network and information systems and their users and, if no longer needed, deactivate them without delay.;11 ACCESS CONTROL (ARTICLE 21(2), POINTS (I) AND (J), OF DIRECTIVE (EU) 2022/2555);11.5 Identification;;iam;;PASS;IAM User scanner-user accessed Bedrock 0 days ago (threshold: 60 days).;arn:aws:iam::350381001508:user/scanner-user;iam_user_access_not_stale_to_bedrock;False;scanner-user;NIS2;NIS2 - Network and Information Security Directive (Directive (EU) 2022/2555);
aws;ANNEX to the Commission Implementing Regulation laying down rules for the application of Directive (EU) 2022/2555 as regards technical and methodological requirements of cybersecurity risk-management measures and further specification of the cases in which an incident is considered to be significant with regard to DNS service providers, TLD name registries, cloud computing service providers, data centre service providers, content delivery network providers, managed service providers, managed security service providers, providers of online market places, of online search engines and of social networking services platforms, and trust service providers;350381001508;us-east-1;2026-08-01 19:04:21.788096;11.5.4;The relevant entities shall regularly review the identities for network and information systems and their users and, if no longer needed, deactivate them without delay.;11 ACCESS CONTROL (ARTICLE 21(2), POINTS (I) AND (J), OF DIRECTIVE (EU) 2022/2555);11.5 Identification;;iam;;FAIL;IAM User test-user has Bedrock permissions but has never used them.;arn:aws:iam::350381001508:user/test-user;iam_user_access_not_stale_to_bedrock;False;test-user;NIS2;NIS2 - Network and Information Security Directive (Directive (EU) 2022/2555);
aws;ANNEX to the Commission Implementing Regulation laying down rules for the application of Directive (EU) 2022/2555 as regards technical and methodological requirements of cybersecurity risk-management measures and further specification of the cases in which an incident is considered to be significant with regard to DNS service providers, TLD name registries, cloud computing service providers, data centre service providers, content delivery network providers, managed service providers, managed security service providers, providers of online market places, of online search engines and of social networking services platforms, and trust service providers;350381001508;us-east-1;2026-08-01 19:04:21.788096;11.5.4;The relevant entities shall regularly review the identities for network and information systems and their users and, if no longer needed, deactivate them without delay.;11 ACCESS CONTROL (ARTICLE 21(2), POINTS (I) AND (J), OF DIRECTIVE (EU) 2022/2555);11.5 Identification;;iam;;PASS;User <root_account> does not have access keys.;arn:aws:iam::350381001508:root;iam_user_accesskey_unused;False;<root_account>;NIS2;NIS2 - Network and Information Security Directive (Directive (EU) 2022/2555);
aws;ANNEX to the Commission Implementing Regulation laying down rules for the application of Directive (EU) 2022/2555 as regards technical and methodological requirements of cybersecurity risk-management measures and further specification of the cases in which an incident is considered to be significant with regard to DNS service providers, TLD name registries, cloud computing service providers, data centre service providers, content delivery network providers, managed service providers, managed security service providers, providers of online market places, of online search engines and of social networking services platforms, and trust service providers;350381001508;us-east-1;2026-08-01 19:04:21.788096;11.5.4;The relevant entities shall regularly review the identities for network and information systems and their users and, if no longer needed, deactivate them without delay.;11 ACCESS CONTROL (ARTICLE 21(2), POINTS (I) AND (J), OF DIRECTIVE (EU) 2022/2555);11.5 Identification;;iam;;PASS;User research-admin does not have access keys.;arn:aws:iam::350381001508:user/research-admin;iam_user_accesskey_unused;False;research-admin;NIS2;NIS2 - Network and Information Security Directive (Directive (EU) 2022/2555);
aws;ANNEX to the Commission Implementing Regulation laying down rules for the application of Directive (EU) 2022/2555 as regards technical and methodological requirements of cybersecurity risk-management measures and further specification of the cases in which an incident is considered to be significant with regard to DNS service providers, TLD name registries, cloud computing service providers, data centre service providers, content delivery network providers, managed service providers, managed security service providers, providers of online market places, of online search engines and of social networking services platforms, and trust service providers;350381001508;us-east-1;2026-08-01 19:04:21.788096;11.5.4;The relevant entities shall regularly review the identities for network and information systems and their users and, if no longer needed, deactivate them without delay.;11 ACCESS CONTROL (ARTICLE 21(2), POINTS (I) AND (J), OF DIRECTIVE (EU) 2022/2555);11.5 Identification;;iam;;PASS;User scanner-user does not have unused access keys for 45 days.;arn:aws:iam::350381001508:user/scanner-user;iam_user_accesskey_unused;False;scanner-user;NIS2;NIS2 - Network and Information Security Directive (Directive (EU) 2022/2555);
aws;ANNEX to the Commission Implementing Regulation laying down rules for the application of Directive (EU) 2022/2555 as regards technical and methodological requirements of cybersecurity risk-management measures and further specification of the cases in which an incident is considered to be significant with regard to DNS service providers, TLD name registries, cloud computing service providers, data centre service providers, content delivery network providers, managed service providers, managed security service providers, providers of online market places, of online search engines and of social networking services platforms, and trust service providers;350381001508;us-east-1;2026-08-01 19:04:21.788096;11.5.4;The relevant entities shall regularly review the identities for network and information systems and their users and, if no longer needed, deactivate them without delay.;11 ACCESS CONTROL (ARTICLE 21(2), POINTS (I) AND (J), OF DIRECTIVE (EU) 2022/2555);11.5 Identification;;iam;;PASS;User test-user does not have unused access keys for 45 days.;arn:aws:iam::350381001508:user/test-user;iam_user_accesskey_unused;False;test-user;NIS2;NIS2 - Network and Information Security Directive (Directive (EU) 2022/2555);
aws;ANNEX to the Commission Implementing Regulation laying down rules for the application of Directive (EU) 2022/2555 as regards technical and methodological requirements of cybersecurity risk-management measures and further specification of the cases in which an incident is considered to be significant with regard to DNS service providers, TLD name registries, cloud computing service providers, data centre service providers, content delivery network providers, managed service providers, managed security service providers, providers of online market places, of online search engines and of social networking services platforms, and trust service providers;350381001508;us-east-1;2026-08-01 19:04:21.788096;11.3.2.d;provide that system administration accounts are only used to connect to system administration systems.;11 ACCESS CONTROL (ARTICLE 21(2), POINTS (I) AND (J), OF DIRECTIVE (EU) 2022/2555);11.3 Privileged accounts and system administration accounts;;iam;;PASS;User research-admin does not have console access enabled or is unused.;arn:aws:iam::350381001508:user/research-admin;iam_user_console_access_unused;False;research-admin;NIS2;NIS2 - Network and Information Security Directive (Directive (EU) 2022/2555);
aws;ANNEX to the Commission Implementing Regulation laying down rules for the application of Directive (EU) 2022/2555 as regards technical and methodological requirements of cybersecurity risk-management measures and further specification of the cases in which an incident is considered to be significant with regard to DNS service providers, TLD name registries, cloud computing service providers, data centre service providers, content delivery network providers, managed service providers, managed security service providers, providers of online market places, of online search engines and of social networking services platforms, and trust service providers;350381001508;us-east-1;2026-08-01 19:04:21.788096;11.5.4;The relevant entities shall regularly review the identities for network and information systems and their users and, if no longer needed, deactivate them without delay.;11 ACCESS CONTROL (ARTICLE 21(2), POINTS (I) AND (J), OF DIRECTIVE (EU) 2022/2555);11.5 Identification;;iam;;PASS;User research-admin does not have console access enabled or is unused.;arn:aws:iam::350381001508:user/research-admin;iam_user_console_access_unused;False;research-admin;NIS2;NIS2 - Network and Information Security Directive (Directive (EU) 2022/2555);
aws;ANNEX to the Commission Implementing Regulation laying down rules for the application of Directive (EU) 2022/2555 as regards technical and methodological requirements of cybersecurity risk-management measures and further specification of the cases in which an incident is considered to be significant with regard to DNS service providers, TLD name registries, cloud computing service providers, data centre service providers, content delivery network providers, managed service providers, managed security service providers, providers of online market places, of online search engines and of social networking services platforms, and trust service providers;350381001508;us-east-1;2026-08-01 19:04:21.788096;11.3.2.d;provide that system administration accounts are only used to connect to system administration systems.;11 ACCESS CONTROL (ARTICLE 21(2), POINTS (I) AND (J), OF DIRECTIVE (EU) 2022/2555);11.3 Privileged accounts and system administration accounts;;iam;;PASS;User scanner-user does not have console access enabled or is unused.;arn:aws:iam::350381001508:user/scanner-user;iam_user_console_access_unused;False;scanner-user;NIS2;NIS2 - Network and Information Security Directive (Directive (EU) 2022/2555);
aws;ANNEX to the Commission Implementing Regulation laying down rules for the application of Directive (EU) 2022/2555 as regards technical and methodological requirements of cybersecurity risk-management measures and further specification of the cases in which an incident is considered to be significant with regard to DNS service providers, TLD name registries, cloud computing service providers, data centre service providers, content delivery network providers, managed service providers, managed security service providers, providers of online market places, of online search engines and of social networking services platforms, and trust service providers;350381001508;us-east-1;2026-08-01 19:04:21.788096;11.5.4;The relevant entities shall regularly review the identities for network and information systems and their users and, if no longer needed, deactivate them without delay.;11 ACCESS CONTROL (ARTICLE 21(2), POINTS (I) AND (J), OF DIRECTIVE (EU) 2022/2555);11.5 Identification;;iam;;PASS;User scanner-user does not have console access enabled or is unused.;arn:aws:iam::350381001508:user/scanner-user;iam_user_console_access_unused;False;scanner-user;NIS2;NIS2 - Network and Information Security Directive (Directive (EU) 2022/2555);
aws;ANNEX to the Commission Implementing Regulation laying down rules for the application of Directive (EU) 2022/2555 as regards technical and methodological requirements of cybersecurity risk-management measures and further specification of the cases in which an incident is considered to be significant with regard to DNS service providers, TLD name registries, cloud computing service providers, data centre service providers, content delivery network providers, managed service providers, managed security service providers, providers of online market places, of online search engines and of social networking services platforms, and trust service providers;350381001508;us-east-1;2026-08-01 19:04:21.788096;11.3.2.d;provide that system administration accounts are only used to connect to system administration systems.;11 ACCESS CONTROL (ARTICLE 21(2), POINTS (I) AND (J), OF DIRECTIVE (EU) 2022/2555);11.3 Privileged accounts and system administration accounts;;iam;;PASS;User test-user does not have console access enabled or is unused.;arn:aws:iam::350381001508:user/test-user;iam_user_console_access_unused;False;test-user;NIS2;NIS2 - Network and Information Security Directive (Directive (EU) 2022/2555);
aws;ANNEX to the Commission Implementing Regulation laying down rules for the application of Directive (EU) 2022/2555 as regards technical and methodological requirements of cybersecurity risk-management measures and further specification of the cases in which an incident is considered to be significant with regard to DNS service providers, TLD name registries, cloud computing service providers, data centre service providers, content delivery network providers, managed service providers, managed security service providers, providers of online market places, of online search engines and of social networking services platforms, and trust service providers;350381001508;us-east-1;2026-08-01 19:04:21.788096;11.5.4;The relevant entities shall regularly review the identities for network and information systems and their users and, if no longer needed, deactivate them without delay.;11 ACCESS CONTROL (ARTICLE 21(2), POINTS (I) AND (J), OF DIRECTIVE (EU) 2022/2555);11.5 Identification;;iam;;PASS;User test-user does not have console access enabled or is unused.;arn:aws:iam::350381001508:user/test-user;iam_user_console_access_unused;False;test-user;NIS2;NIS2 - Network and Information Security Directive (Directive (EU) 2022/2555);
aws;ANNEX to the Commission Implementing Regulation laying down rules for the application of Directive (EU) 2022/2555 as regards technical and methodological requirements of cybersecurity risk-management measures and further specification of the cases in which an incident is considered to be significant with regard to DNS service providers, TLD name registries, cloud computing service providers, data centre service providers, content delivery network providers, managed service providers, managed security service providers, providers of online market places, of online search engines and of social networking services platforms, and trust service providers;350381001508;us-east-1;2026-08-01 19:04:21.788096;11.7.2;The relevant entities shall ensure that the strength of authentication is appropriate for the classification of the asset to be accessed.;11 ACCESS CONTROL (ARTICLE 21(2), POINTS (I) AND (J), OF DIRECTIVE (EU) 2022/2555);11.7 Multi-factor authentication;;generic;;PASS;User research-admin has hardware MFA enabled.;arn:aws:iam::350381001508:user/research-admin;iam_user_hardware_mfa_enabled;False;research-admin;NIS2;NIS2 - Network and Information Security Directive (Directive (EU) 2022/2555);
aws;ANNEX to the Commission Implementing Regulation laying down rules for the application of Directive (EU) 2022/2555 as regards technical and methodological requirements of cybersecurity risk-management measures and further specification of the cases in which an incident is considered to be significant with regard to DNS service providers, TLD name registries, cloud computing service providers, data centre service providers, content delivery network providers, managed service providers, managed security service providers, providers of online market places, of online search engines and of social networking services platforms, and trust service providers;350381001508;us-east-1;2026-08-01 19:04:21.788096;11.7.2;The relevant entities shall ensure that the strength of authentication is appropriate for the classification of the asset to be accessed.;11 ACCESS CONTROL (ARTICLE 21(2), POINTS (I) AND (J), OF DIRECTIVE (EU) 2022/2555);11.7 Multi-factor authentication;;generic;;PASS;User scanner-user has hardware MFA enabled.;arn:aws:iam::350381001508:user/scanner-user;iam_user_hardware_mfa_enabled;False;scanner-user;NIS2;NIS2 - Network and Information Security Directive (Directive (EU) 2022/2555);
aws;ANNEX to the Commission Implementing Regulation laying down rules for the application of Directive (EU) 2022/2555 as regards technical and methodological requirements of cybersecurity risk-management measures and further specification of the cases in which an incident is considered to be significant with regard to DNS service providers, TLD name registries, cloud computing service providers, data centre service providers, content delivery network providers, managed service providers, managed security service providers, providers of online market places, of online search engines and of social networking services platforms, and trust service providers;350381001508;us-east-1;2026-08-01 19:04:21.788096;11.7.2;The relevant entities shall ensure that the strength of authentication is appropriate for the classification of the asset to be accessed.;11 ACCESS CONTROL (ARTICLE 21(2), POINTS (I) AND (J), OF DIRECTIVE (EU) 2022/2555);11.7 Multi-factor authentication;;generic;;FAIL;User test-user does not have any type of MFA enabled.;arn:aws:iam::350381001508:user/test-user;iam_user_hardware_mfa_enabled;False;test-user;NIS2;NIS2 - Network and Information Security Directive (Directive (EU) 2022/2555);
aws;ANNEX to the Commission Implementing Regulation laying down rules for the application of Directive (EU) 2022/2555 as regards technical and methodological requirements of cybersecurity risk-management measures and further specification of the cases in which an incident is considered to be significant with regard to DNS service providers, TLD name registries, cloud computing service providers, data centre service providers, content delivery network providers, managed service providers, managed security service providers, providers of online market places, of online search engines and of social networking services platforms, and trust service providers;350381001508;us-east-1;2026-08-01 19:04:21.788096;11.1.2.c;ensure that access is only granted to users that have been adequately authenticated.;11 ACCESS CONTROL (ARTICLE 21(2), POINTS (I) AND (J), OF DIRECTIVE (EU) 2022/2555);11.1 Access control policy;;generic;;PASS;User research-admin has Console Password enabled and MFA enabled.;arn:aws:iam::350381001508:user/research-admin;iam_user_mfa_enabled_console_access;False;research-admin;NIS2;NIS2 - Network and Information Security Directive (Directive (EU) 2022/2555);
aws;ANNEX to the Commission Implementing Regulation laying down rules for the application of Directive (EU) 2022/2555 as regards technical and methodological requirements of cybersecurity risk-management measures and further specification of the cases in which an incident is considered to be significant with regard to DNS service providers, TLD name registries, cloud computing service providers, data centre service providers, content delivery network providers, managed service providers, managed security service providers, providers of online market places, of online search engines and of social networking services platforms, and trust service providers;350381001508;us-east-1;2026-08-01 19:04:21.788096;11.3.2.a;"establish strong identification, authentication such as multi-factor authentication, and authorisation procedures for privileged accounts and system administration accounts;";11 ACCESS CONTROL (ARTICLE 21(2), POINTS (I) AND (J), OF DIRECTIVE (EU) 2022/2555);11.3 Privileged accounts and system administration accounts;;iam;;PASS;User research-admin has Console Password enabled and MFA enabled.;arn:aws:iam::350381001508:user/research-admin;iam_user_mfa_enabled_console_access;False;research-admin;NIS2;NIS2 - Network and Information Security Directive (Directive (EU) 2022/2555);
aws;ANNEX to the Commission Implementing Regulation laying down rules for the application of Directive (EU) 2022/2555 as regards technical and methodological requirements of cybersecurity risk-management measures and further specification of the cases in which an incident is considered to be significant with regard to DNS service providers, TLD name registries, cloud computing service providers, data centre service providers, content delivery network providers, managed service providers, managed security service providers, providers of online market places, of online search engines and of social networking services platforms, and trust service providers;350381001508;us-east-1;2026-08-01 19:04:21.788096;11.4.2.c;protect access to system administration systems through authentication and encryption.;11 ACCESS CONTROL (ARTICLE 21(2), POINTS (I) AND (J), OF DIRECTIVE (EU) 2022/2555);11.4 Administration systems;;generic;;PASS;User research-admin has Console Password enabled and MFA enabled.;arn:aws:iam::350381001508:user/research-admin;iam_user_mfa_enabled_console_access;False;research-admin;NIS2;NIS2 - Network and Information Security Directive (Directive (EU) 2022/2555);
aws;ANNEX to the Commission Implementing Regulation laying down rules for the application of Directive (EU) 2022/2555 as regards technical and methodological requirements of cybersecurity risk-management measures and further specification of the cases in which an incident is considered to be significant with regard to DNS service providers, TLD name registries, cloud computing service providers, data centre service providers, content delivery network providers, managed service providers, managed security service providers, providers of online market places, of online search engines and of social networking services platforms, and trust service providers;350381001508;us-east-1;2026-08-01 19:04:21.788096;11.6.1;The relevant entities shall implement secure authentication procedures and technologies based on access restrictions and the policy on access control.;11 ACCESS CONTROL (ARTICLE 21(2), POINTS (I) AND (J), OF DIRECTIVE (EU) 2022/2555);11.6 Authentication;;generic;;PASS;User research-admin has Console Password enabled and MFA enabled.;arn:aws:iam::350381001508:user/research-admin;iam_user_mfa_enabled_console_access;False;research-admin;NIS2;NIS2 - Network and Information Security Directive (Directive (EU) 2022/2555);
aws;ANNEX to the Commission Implementing Regulation laying down rules for the application of Directive (EU) 2022/2555 as regards technical and methodological requirements of cybersecurity risk-management measures and further specification of the cases in which an incident is considered to be significant with regard to DNS service providers, TLD name registries, cloud computing service providers, data centre service providers, content delivery network providers, managed service providers, managed security service providers, providers of online market places, of online search engines and of social networking services platforms, and trust service providers;350381001508;us-east-1;2026-08-01 19:04:21.788096;11.7.2;The relevant entities shall ensure that the strength of authentication is appropriate for the classification of the asset to be accessed.;11 ACCESS CONTROL (ARTICLE 21(2), POINTS (I) AND (J), OF DIRECTIVE (EU) 2022/2555);11.7 Multi-factor authentication;;generic;;PASS;User research-admin has Console Password enabled and MFA enabled.;arn:aws:iam::350381001508:user/research-admin;iam_user_mfa_enabled_console_access;False;research-admin;NIS2;NIS2 - Network and Information Security Directive (Directive (EU) 2022/2555);
aws;ANNEX to the Commission Implementing Regulation laying down rules for the application of Directive (EU) 2022/2555 as regards technical and methodological requirements of cybersecurity risk-management measures and further specification of the cases in which an incident is considered to be significant with regard to DNS service providers, TLD name registries, cloud computing service providers, data centre service providers, content delivery network providers, managed service providers, managed security service providers, providers of online market places, of online search engines and of social networking services platforms, and trust service providers;350381001508;us-east-1;2026-08-01 19:04:21.788096;11.1.2.c;ensure that access is only granted to users that have been adequately authenticated.;11 ACCESS CONTROL (ARTICLE 21(2), POINTS (I) AND (J), OF DIRECTIVE (EU) 2022/2555);11.1 Access control policy;;generic;;PASS;User scanner-user has Console Password enabled and MFA enabled.;arn:aws:iam::350381001508:user/scanner-user;iam_user_mfa_enabled_console_access;False;scanner-user;NIS2;NIS2 - Network and Information Security Directive (Directive (EU) 2022/2555);
aws;ANNEX to the Commission Implementing Regulation laying down rules for the application of Directive (EU) 2022/2555 as regards technical and methodological requirements of cybersecurity risk-management measures and further specification of the cases in which an incident is considered to be significant with regard to DNS service providers, TLD name registries, cloud computing service providers, data centre service providers, content delivery network providers, managed service providers, managed security service providers, providers of online market places, of online search engines and of social networking services platforms, and trust service providers;350381001508;us-east-1;2026-08-01 19:04:21.788096;11.3.2.a;"establish strong identification, authentication such as multi-factor authentication, and authorisation procedures for privileged accounts and system administration accounts;";11 ACCESS CONTROL (ARTICLE 21(2), POINTS (I) AND (J), OF DIRECTIVE (EU) 2022/2555);11.3 Privileged accounts and system administration accounts;;iam;;PASS;User scanner-user has Console Password enabled and MFA enabled.;arn:aws:iam::350381001508:user/scanner-user;iam_user_mfa_enabled_console_access;False;scanner-user;NIS2;NIS2 - Network and Information Security Directive (Directive (EU) 2022/2555);
aws;ANNEX to the Commission Implementing Regulation laying down rules for the application of Directive (EU) 2022/2555 as regards technical and methodological requirements of cybersecurity risk-management measures and further specification of the cases in which an incident is considered to be significant with regard to DNS service providers, TLD name registries, cloud computing service providers, data centre service providers, content delivery network providers, managed service providers, managed security service providers, providers of online market places, of online search engines and of social networking services platforms, and trust service providers;350381001508;us-east-1;2026-08-01 19:04:21.788096;11.4.2.c;protect access to system administration systems through authentication and encryption.;11 ACCESS CONTROL (ARTICLE 21(2), POINTS (I) AND (J), OF DIRECTIVE (EU) 2022/2555);11.4 Administration systems;;generic;;PASS;User scanner-user has Console Password enabled and MFA enabled.;arn:aws:iam::350381001508:user/scanner-user;iam_user_mfa_enabled_console_access;False;scanner-user;NIS2;NIS2 - Network and Information Security Directive (Directive (EU) 2022/2555);
aws;ANNEX to the Commission Implementing Regulation laying down rules for the application of Directive (EU) 2022/2555 as regards technical and methodological requirements of cybersecurity risk-management measures and further specification of the cases in which an incident is considered to be significant with regard to DNS service providers, TLD name registries, cloud computing service providers, data centre service providers, content delivery network providers, managed service providers, managed security service providers, providers of online market places, of online search engines and of social networking services platforms, and trust service providers;350381001508;us-east-1;2026-08-01 19:04:21.788096;11.6.1;The relevant entities shall implement secure authentication procedures and technologies based on access restrictions and the policy on access control.;11 ACCESS CONTROL (ARTICLE 21(2), POINTS (I) AND (J), OF DIRECTIVE (EU) 2022/2555);11.6 Authentication;;generic;;PASS;User scanner-user has Console Password enabled and MFA enabled.;arn:aws:iam::350381001508:user/scanner-user;iam_user_mfa_enabled_console_access;False;scanner-user;NIS2;NIS2 - Network and Information Security Directive (Directive (EU) 2022/2555);
aws;ANNEX to the Commission Implementing Regulation laying down rules for the application of Directive (EU) 2022/2555 as regards technical and methodological requirements of cybersecurity risk-management measures and further specification of the cases in which an incident is considered to be significant with regard to DNS service providers, TLD name registries, cloud computing service providers, data centre service providers, content delivery network providers, managed service providers, managed security service providers, providers of online market places, of online search engines and of social networking services platforms, and trust service providers;350381001508;us-east-1;2026-08-01 19:04:21.788096;11.7.2;The relevant entities shall ensure that the strength of authentication is appropriate for the classification of the asset to be accessed.;11 ACCESS CONTROL (ARTICLE 21(2), POINTS (I) AND (J), OF DIRECTIVE (EU) 2022/2555);11.7 Multi-factor authentication;;generic;;PASS;User scanner-user has Console Password enabled and MFA enabled.;arn:aws:iam::350381001508:user/scanner-user;iam_user_mfa_enabled_console_access;False;scanner-user;NIS2;NIS2 - Network and Information Security Directive (Directive (EU) 2022/2555);
aws;ANNEX to the Commission Implementing Regulation laying down rules for the application of Directive (EU) 2022/2555 as regards technical and methodological requirements of cybersecurity risk-management measures and further specification of the cases in which an incident is considered to be significant with regard to DNS service providers, TLD name registries, cloud computing service providers, data centre service providers, content delivery network providers, managed service providers, managed security service providers, providers of online market places, of online search engines and of social networking services platforms, and trust service providers;350381001508;us-east-1;2026-08-01 19:04:21.788096;11.1.2.c;ensure that access is only granted to users that have been adequately authenticated.;11 ACCESS CONTROL (ARTICLE 21(2), POINTS (I) AND (J), OF DIRECTIVE (EU) 2022/2555);11.1 Access control policy;;generic;;FAIL;User test-user has Console Password enabled but MFA disabled.;arn:aws:iam::350381001508:user/test-user;iam_user_mfa_enabled_console_access;False;test-user;NIS2;NIS2 - Network and Information Security Directive (Directive (EU) 2022/2555);
aws;ANNEX to the Commission Implementing Regulation laying down rules for the application of Directive (EU) 2022/2555 as regards technical and methodological requirements of cybersecurity risk-management measures and further specification of the cases in which an incident is considered to be significant with regard to DNS service providers, TLD name registries, cloud computing service providers, data centre service providers, content delivery network providers, managed service providers, managed security service providers, providers of online market places, of online search engines and of social networking services platforms, and trust service providers;350381001508;us-east-1;2026-08-01 19:04:21.788096;11.3.2.a;"establish strong identification, authentication such as multi-factor authentication, and authorisation procedures for privileged accounts and system administration accounts;";11 ACCESS CONTROL (ARTICLE 21(2), POINTS (I) AND (J), OF DIRECTIVE (EU) 2022/2555);11.3 Privileged accounts and system administration accounts;;iam;;FAIL;User test-user has Console Password enabled but MFA disabled.;arn:aws:iam::350381001508:user/test-user;iam_user_mfa_enabled_console_access;False;test-user;NIS2;NIS2 - Network and Information Security Directive (Directive (EU) 2022/2555);
aws;ANNEX to the Commission Implementing Regulation laying down rules for the application of Directive (EU) 2022/2555 as regards technical and methodological requirements of cybersecurity risk-management measures and further specification of the cases in which an incident is considered to be significant with regard to DNS service providers, TLD name registries, cloud computing service providers, data centre service providers, content delivery network providers, managed service providers, managed security service providers, providers of online market places, of online search engines and of social networking services platforms, and trust service providers;350381001508;us-east-1;2026-08-01 19:04:21.788096;11.4.2.c;protect access to system administration systems through authentication and encryption.;11 ACCESS CONTROL (ARTICLE 21(2), POINTS (I) AND (J), OF DIRECTIVE (EU) 2022/2555);11.4 Administration systems;;generic;;FAIL;User test-user has Console Password enabled but MFA disabled.;arn:aws:iam::350381001508:user/test-user;iam_user_mfa_enabled_console_access;False;test-user;NIS2;NIS2 - Network and Information Security Directive (Directive (EU) 2022/2555);
aws;ANNEX to the Commission Implementing Regulation laying down rules for the application of Directive (EU) 2022/2555 as regards technical and methodological requirements of cybersecurity risk-management measures and further specification of the cases in which an incident is considered to be significant with regard to DNS service providers, TLD name registries, cloud computing service providers, data centre service providers, content delivery network providers, managed service providers, managed security service providers, providers of online market places, of online search engines and of social networking services platforms, and trust service providers;350381001508;us-east-1;2026-08-01 19:04:21.788096;11.6.1;The relevant entities shall implement secure authentication procedures and technologies based on access restrictions and the policy on access control.;11 ACCESS CONTROL (ARTICLE 21(2), POINTS (I) AND (J), OF DIRECTIVE (EU) 2022/2555);11.6 Authentication;;generic;;FAIL;User test-user has Console Password enabled but MFA disabled.;arn:aws:iam::350381001508:user/test-user;iam_user_mfa_enabled_console_access;False;test-user;NIS2;NIS2 - Network and Information Security Directive (Directive (EU) 2022/2555);
aws;ANNEX to the Commission Implementing Regulation laying down rules for the application of Directive (EU) 2022/2555 as regards technical and methodological requirements of cybersecurity risk-management measures and further specification of the cases in which an incident is considered to be significant with regard to DNS service providers, TLD name registries, cloud computing service providers, data centre service providers, content delivery network providers, managed service providers, managed security service providers, providers of online market places, of online search engines and of social networking services platforms, and trust service providers;350381001508;us-east-1;2026-08-01 19:04:21.788096;11.7.2;The relevant entities shall ensure that the strength of authentication is appropriate for the classification of the asset to be accessed.;11 ACCESS CONTROL (ARTICLE 21(2), POINTS (I) AND (J), OF DIRECTIVE (EU) 2022/2555);11.7 Multi-factor authentication;;generic;;FAIL;User test-user has Console Password enabled but MFA disabled.;arn:aws:iam::350381001508:user/test-user;iam_user_mfa_enabled_console_access;False;test-user;NIS2;NIS2 - Network and Information Security Directive (Directive (EU) 2022/2555);
aws;ANNEX to the Commission Implementing Regulation laying down rules for the application of Directive (EU) 2022/2555 as regards technical and methodological requirements of cybersecurity risk-management measures and further specification of the cases in which an incident is considered to be significant with regard to DNS service providers, TLD name registries, cloud computing service providers, data centre service providers, content delivery network providers, managed service providers, managed security service providers, providers of online market places, of online search engines and of social networking services platforms, and trust service providers;350381001508;us-east-1;2026-08-01 19:04:21.788096;9.2.c;the relevant entities approach to key management, including, where appropriate, methods for the following:;9 CRYPTOGRAPHY (ARTICLE 21(2), POINT (H), OF DIRECTIVE (EU) 2022/2555);9.2 Cryptography;;generic;;PASS;User <root_account> does not have access keys or uses the access keys configured.;arn:aws:iam::350381001508:root;iam_user_no_setup_initial_access_key;False;<root_account>;NIS2;NIS2 - Network and Information Security Directive (Directive (EU) 2022/2555);
aws;ANNEX to the Commission Implementing Regulation laying down rules for the application of Directive (EU) 2022/2555 as regards technical and methodological requirements of cybersecurity risk-management measures and further specification of the cases in which an incident is considered to be significant with regard to DNS service providers, TLD name registries, cloud computing service providers, data centre service providers, content delivery network providers, managed service providers, managed security service providers, providers of online market places, of online search engines and of social networking services platforms, and trust service providers;350381001508;us-east-1;2026-08-01 19:04:21.788096;9.2.c.iii;"distributing keys to intended entities, including how to activate keys when received;";9 CRYPTOGRAPHY (ARTICLE 21(2), POINT (H), OF DIRECTIVE (EU) 2022/2555);9.2 Cryptography;;iam;;PASS;User <root_account> does not have access keys or uses the access keys configured.;arn:aws:iam::350381001508:root;iam_user_no_setup_initial_access_key;False;<root_account>;NIS2;NIS2 - Network and Information Security Directive (Directive (EU) 2022/2555);
aws;ANNEX to the Commission Implementing Regulation laying down rules for the application of Directive (EU) 2022/2555 as regards technical and methodological requirements of cybersecurity risk-management measures and further specification of the cases in which an incident is considered to be significant with regard to DNS service providers, TLD name registries, cloud computing service providers, data centre service providers, content delivery network providers, managed service providers, managed security service providers, providers of online market places, of online search engines and of social networking services platforms, and trust service providers;350381001508;us-east-1;2026-08-01 19:04:21.788096;9.2.c;the relevant entities approach to key management, including, where appropriate, methods for the following:;9 CRYPTOGRAPHY (ARTICLE 21(2), POINT (H), OF DIRECTIVE (EU) 2022/2555);9.2 Cryptography;;generic;;PASS;User research-admin does not have access keys or uses the access keys configured.;arn:aws:iam::350381001508:user/research-admin;iam_user_no_setup_initial_access_key;False;research-admin;NIS2;NIS2 - Network and Information Security Directive (Directive (EU) 2022/2555);
aws;ANNEX to the Commission Implementing Regulation laying down rules for the application of Directive (EU) 2022/2555 as regards technical and methodological requirements of cybersecurity risk-management measures and further specification of the cases in which an incident is considered to be significant with regard to DNS service providers, TLD name registries, cloud computing service providers, data centre service providers, content delivery network providers, managed service providers, managed security service providers, providers of online market places, of online search engines and of social networking services platforms, and trust service providers;350381001508;us-east-1;2026-08-01 19:04:21.788096;9.2.c.iii;"distributing keys to intended entities, including how to activate keys when received;";9 CRYPTOGRAPHY (ARTICLE 21(2), POINT (H), OF DIRECTIVE (EU) 2022/2555);9.2 Cryptography;;iam;;PASS;User research-admin does not have access keys or uses the access keys configured.;arn:aws:iam::350381001508:user/research-admin;iam_user_no_setup_initial_access_key;False;research-admin;NIS2;NIS2 - Network and Information Security Directive (Directive (EU) 2022/2555);
aws;ANNEX to the Commission Implementing Regulation laying down rules for the application of Directive (EU) 2022/2555 as regards technical and methodological requirements of cybersecurity risk-management measures and further specification of the cases in which an incident is considered to be significant with regard to DNS service providers, TLD name registries, cloud computing service providers, data centre service providers, content delivery network providers, managed service providers, managed security service providers, providers of online market places, of online search engines and of social networking services platforms, and trust service providers;350381001508;us-east-1;2026-08-01 19:04:21.788096;9.2.c;the relevant entities approach to key management, including, where appropriate, methods for the following:;9 CRYPTOGRAPHY (ARTICLE 21(2), POINT (H), OF DIRECTIVE (EU) 2022/2555);9.2 Cryptography;;generic;;PASS;User scanner-user does not have access keys or uses the access keys configured.;arn:aws:iam::350381001508:user/scanner-user;iam_user_no_setup_initial_access_key;False;scanner-user;NIS2;NIS2 - Network and Information Security Directive (Directive (EU) 2022/2555);
aws;ANNEX to the Commission Implementing Regulation laying down rules for the application of Directive (EU) 2022/2555 as regards technical and methodological requirements of cybersecurity risk-management measures and further specification of the cases in which an incident is considered to be significant with regard to DNS service providers, TLD name registries, cloud computing service providers, data centre service providers, content delivery network providers, managed service providers, managed security service providers, providers of online market places, of online search engines and of social networking services platforms, and trust service providers;350381001508;us-east-1;2026-08-01 19:04:21.788096;9.2.c.iii;"distributing keys to intended entities, including how to activate keys when received;";9 CRYPTOGRAPHY (ARTICLE 21(2), POINT (H), OF DIRECTIVE (EU) 2022/2555);9.2 Cryptography;;iam;;PASS;User scanner-user does not have access keys or uses the access keys configured.;arn:aws:iam::350381001508:user/scanner-user;iam_user_no_setup_initial_access_key;False;scanner-user;NIS2;NIS2 - Network and Information Security Directive (Directive (EU) 2022/2555);
aws;ANNEX to the Commission Implementing Regulation laying down rules for the application of Directive (EU) 2022/2555 as regards technical and methodological requirements of cybersecurity risk-management measures and further specification of the cases in which an incident is considered to be significant with regard to DNS service providers, TLD name registries, cloud computing service providers, data centre service providers, content delivery network providers, managed service providers, managed security service providers, providers of online market places, of online search engines and of social networking services platforms, and trust service providers;350381001508;us-east-1;2026-08-01 19:04:21.788096;9.2.c;the relevant entities approach to key management, including, where appropriate, methods for the following:;9 CRYPTOGRAPHY (ARTICLE 21(2), POINT (H), OF DIRECTIVE (EU) 2022/2555);9.2 Cryptography;;generic;;FAIL;User test-user has never used access key 1.;arn:aws:iam::350381001508:user/test-user;iam_user_no_setup_initial_access_key;False;test-user;NIS2;NIS2 - Network and Information Security Directive (Directive (EU) 2022/2555);
aws;ANNEX to the Commission Implementing Regulation laying down rules for the application of Directive (EU) 2022/2555 as regards technical and methodological requirements of cybersecurity risk-management measures and further specification of the cases in which an incident is considered to be significant with regard to DNS service providers, TLD name registries, cloud computing service providers, data centre service providers, content delivery network providers, managed service providers, managed security service providers, providers of online market places, of online search engines and of social networking services platforms, and trust service providers;350381001508;us-east-1;2026-08-01 19:04:21.788096;9.2.c.iii;"distributing keys to intended entities, including how to activate keys when received;";9 CRYPTOGRAPHY (ARTICLE 21(2), POINT (H), OF DIRECTIVE (EU) 2022/2555);9.2 Cryptography;;iam;;FAIL;User test-user has never used access key 1.;arn:aws:iam::350381001508:user/test-user;iam_user_no_setup_initial_access_key;False;test-user;NIS2;NIS2 - Network and Information Security Directive (Directive (EU) 2022/2555);
aws;ANNEX to the Commission Implementing Regulation laying down rules for the application of Directive (EU) 2022/2555 as regards technical and methodological requirements of cybersecurity risk-management measures and further specification of the cases in which an incident is considered to be significant with regard to DNS service providers, TLD name registries, cloud computing service providers, data centre service providers, content delivery network providers, managed service providers, managed security service providers, providers of online market places, of online search engines and of social networking services platforms, and trust service providers;350381001508;us-east-1;2026-08-01 19:04:21.788096;9.2.c;the relevant entities approach to key management, including, where appropriate, methods for the following:;9 CRYPTOGRAPHY (ARTICLE 21(2), POINT (H), OF DIRECTIVE (EU) 2022/2555);9.2 Cryptography;;generic;;PASS;User <root_account> does not have 2 active access keys.;arn:aws:iam::350381001508:root;iam_user_two_active_access_key;False;<root_account>;NIS2;NIS2 - Network and Information Security Directive (Directive (EU) 2022/2555);
aws;ANNEX to the Commission Implementing Regulation laying down rules for the application of Directive (EU) 2022/2555 as regards technical and methodological requirements of cybersecurity risk-management measures and further specification of the cases in which an incident is considered to be significant with regard to DNS service providers, TLD name registries, cloud computing service providers, data centre service providers, content delivery network providers, managed service providers, managed security service providers, providers of online market places, of online search engines and of social networking services platforms, and trust service providers;350381001508;us-east-1;2026-08-01 19:04:21.788096;9.2.c;the relevant entities approach to key management, including, where appropriate, methods for the following:;9 CRYPTOGRAPHY (ARTICLE 21(2), POINT (H), OF DIRECTIVE (EU) 2022/2555);9.2 Cryptography;;generic;;PASS;User research-admin does not have 2 active access keys.;arn:aws:iam::350381001508:user/research-admin;iam_user_two_active_access_key;False;research-admin;NIS2;NIS2 - Network and Information Security Directive (Directive (EU) 2022/2555);
aws;ANNEX to the Commission Implementing Regulation laying down rules for the application of Directive (EU) 2022/2555 as regards technical and methodological requirements of cybersecurity risk-management measures and further specification of the cases in which an incident is considered to be significant with regard to DNS service providers, TLD name registries, cloud computing service providers, data centre service providers, content delivery network providers, managed service providers, managed security service providers, providers of online market places, of online search engines and of social networking services platforms, and trust service providers;350381001508;us-east-1;2026-08-01 19:04:21.788096;9.2.c;the relevant entities approach to key management, including, where appropriate, methods for the following:;9 CRYPTOGRAPHY (ARTICLE 21(2), POINT (H), OF DIRECTIVE (EU) 2022/2555);9.2 Cryptography;;generic;;PASS;User scanner-user does not have 2 active access keys.;arn:aws:iam::350381001508:user/scanner-user;iam_user_two_active_access_key;False;scanner-user;NIS2;NIS2 - Network and Information Security Directive (Directive (EU) 2022/2555);
aws;ANNEX to the Commission Implementing Regulation laying down rules for the application of Directive (EU) 2022/2555 as regards technical and methodological requirements of cybersecurity risk-management measures and further specification of the cases in which an incident is considered to be significant with regard to DNS service providers, TLD name registries, cloud computing service providers, data centre service providers, content delivery network providers, managed service providers, managed security service providers, providers of online market places, of online search engines and of social networking services platforms, and trust service providers;350381001508;us-east-1;2026-08-01 19:04:21.788096;9.2.c;the relevant entities approach to key management, including, where appropriate, methods for the following:;9 CRYPTOGRAPHY (ARTICLE 21(2), POINT (H), OF DIRECTIVE (EU) 2022/2555);9.2 Cryptography;;generic;;PASS;User test-user does not have 2 active access keys.;arn:aws:iam::350381001508:user/test-user;iam_user_two_active_access_key;False;test-user;NIS2;NIS2 - Network and Information Security Directive (Directive (EU) 2022/2555);
aws;ANNEX to the Commission Implementing Regulation laying down rules for the application of Directive (EU) 2022/2555 as regards technical and methodological requirements of cybersecurity risk-management measures and further specification of the cases in which an incident is considered to be significant with regard to DNS service providers, TLD name registries, cloud computing service providers, data centre service providers, content delivery network providers, managed service providers, managed security service providers, providers of online market places, of online search engines and of social networking services platforms, and trust service providers;350381001508;us-east-1;2026-08-01 19:04:21.788096;6.2.1;Before developing a network and information system, including software, the relevant entities shall lay down rules for the secure development of network and information systems and apply them when developing network and information systems in-house, or when outsourcing the development of network and information systems. The rules shall cover all development phases, including specification, design, development, implementation and testing.;6 SECURITY IN NETWORK AND INFORMATION SYSTEMS ACQUISITION, DEVELOPMENT AND MAINTENANCE (ARTICLE 21(2), POINT (E), OF DIRECTIVE (EU) 2022/2555);6.2 Secure development life cycle;;generic;;FAIL;VPC research-vpc does not have Network Firewall enabled.;arn:aws:ec2:us-east-1:350381001508:vpc/vpc-081d4be98bcc01b9b;networkfirewall_in_all_vpc;False;vpc-081d4be98bcc01b9b;NIS2;NIS2 - Network and Information Security Directive (Directive (EU) 2022/2555);
aws;ANNEX to the Commission Implementing Regulation laying down rules for the application of Directive (EU) 2022/2555 as regards technical and methodological requirements of cybersecurity risk-management measures and further specification of the cases in which an incident is considered to be significant with regard to DNS service providers, TLD name registries, cloud computing service providers, data centre service providers, content delivery network providers, managed service providers, managed security service providers, providers of online market places, of online search engines and of social networking services platforms, and trust service providers;350381001508;us-east-1;2026-08-01 19:04:21.788096;6.7.2.b;"determine and apply controls to protect the relevant entities internal network domains from unauthorised access;";6 SECURITY IN NETWORK AND INFORMATION SYSTEMS ACQUISITION, DEVELOPMENT AND MAINTENANCE (ARTICLE 21(2), POINT (E), OF DIRECTIVE (EU) 2022/2555);6.7 Network security;;networkfirewall;;FAIL;VPC research-vpc does not have Network Firewall enabled.;arn:aws:ec2:us-east-1:350381001508:vpc/vpc-081d4be98bcc01b9b;networkfirewall_in_all_vpc;False;vpc-081d4be98bcc01b9b;NIS2;NIS2 - Network and Information Security Directive (Directive (EU) 2022/2555);
aws;ANNEX to the Commission Implementing Regulation laying down rules for the application of Directive (EU) 2022/2555 as regards technical and methodological requirements of cybersecurity risk-management measures and further specification of the cases in which an incident is considered to be significant with regard to DNS service providers, TLD name registries, cloud computing service providers, data centre service providers, content delivery network providers, managed service providers, managed security service providers, providers of online market places, of online search engines and of social networking services platforms, and trust service providers;350381001508;us-east-1;2026-08-01 19:04:21.788096;11.5.2.a;"set up unique identities for network and information systems and their users;";11 ACCESS CONTROL (ARTICLE 21(2), POINTS (I) AND (J), OF DIRECTIVE (EU) 2022/2555);11.5 Identification;;generic;;FAIL;AWS Organizations is not in-use for this AWS Account.;arn:aws:organizations::350381001508:unknown;organizations_tags_policies_enabled_and_attached;False;unknown;NIS2;NIS2 - Network and Information Security Directive (Directive (EU) 2022/2555);
aws;ANNEX to the Commission Implementing Regulation laying down rules for the application of Directive (EU) 2022/2555 as regards technical and methodological requirements of cybersecurity risk-management measures and further specification of the cases in which an incident is considered to be significant with regard to DNS service providers, TLD name registries, cloud computing service providers, data centre service providers, content delivery network providers, managed service providers, managed security service providers, providers of online market places, of online search engines and of social networking services platforms, and trust service providers;350381001508;us-east-1;2026-08-01 19:04:21.788096;12.2.2.a;"cover the entire life cycle of the assets, including acquisition, use, storage, transportation and disposal;";12 ASSET MANAGEMENT (ARTICLE 21(2), POINT (I), OF DIRECTIVE (EU) 2022/2555);12.2 Handling of assets;;generic;;FAIL;S3 Bucket aws-cloudtrail-logs-350381001508-dae76776 does not have a lifecycle configuration enabled.;arn:aws:s3:::aws-cloudtrail-logs-350381001508-dae76776;s3_bucket_lifecycle_enabled;False;aws-cloudtrail-logs-350381001508-dae76776;NIS2;NIS2 - Network and Information Security Directive (Directive (EU) 2022/2555);
aws;ANNEX to the Commission Implementing Regulation laying down rules for the application of Directive (EU) 2022/2555 as regards technical and methodological requirements of cybersecurity risk-management measures and further specification of the cases in which an incident is considered to be significant with regard to DNS service providers, TLD name registries, cloud computing service providers, data centre service providers, content delivery network providers, managed service providers, managed security service providers, providers of online market places, of online search engines and of social networking services platforms, and trust service providers;350381001508;us-east-1;2026-08-01 19:04:21.788096;12.2.2.a;"cover the entire life cycle of the assets, including acquisition, use, storage, transportation and disposal;";12 ASSET MANAGEMENT (ARTICLE 21(2), POINT (I), OF DIRECTIVE (EU) 2022/2555);12.2 Handling of assets;;generic;;FAIL;S3 Bucket public-bucket-open does not have a lifecycle configuration enabled.;arn:aws:s3:::public-bucket-open;s3_bucket_lifecycle_enabled;False;public-bucket-open;NIS2;NIS2 - Network and Information Security Directive (Directive (EU) 2022/2555);
aws;ANNEX to the Commission Implementing Regulation laying down rules for the application of Directive (EU) 2022/2555 as regards technical and methodological requirements of cybersecurity risk-management measures and further specification of the cases in which an incident is considered to be significant with regard to DNS service providers, TLD name registries, cloud computing service providers, data centre service providers, content delivery network providers, managed service providers, managed security service providers, providers of online market places, of online search engines and of social networking services platforms, and trust service providers;350381001508;us-east-1;2026-08-01 19:04:21.788096;12.2.2.a;"cover the entire life cycle of the assets, including acquisition, use, storage, transportation and disposal;";12 ASSET MANAGEMENT (ARTICLE 21(2), POINT (I), OF DIRECTIVE (EU) 2022/2555);12.2 Handling of assets;;generic;;FAIL;S3 Bucket research-secure-bucket does not have a lifecycle configuration enabled.;arn:aws:s3:::research-secure-bucket;s3_bucket_lifecycle_enabled;False;research-secure-bucket;NIS2;NIS2 - Network and Information Security Directive (Directive (EU) 2022/2555);
aws;ANNEX to the Commission Implementing Regulation laying down rules for the application of Directive (EU) 2022/2555 as regards technical and methodological requirements of cybersecurity risk-management measures and further specification of the cases in which an incident is considered to be significant with regard to DNS service providers, TLD name registries, cloud computing service providers, data centre service providers, content delivery network providers, managed service providers, managed security service providers, providers of online market places, of online search engines and of social networking services platforms, and trust service providers;350381001508;us-east-1;2026-08-01 19:04:21.788096;11.7.2;The relevant entities shall ensure that the strength of authentication is appropriate for the classification of the asset to be accessed.;11 ACCESS CONTROL (ARTICLE 21(2), POINTS (I) AND (J), OF DIRECTIVE (EU) 2022/2555);11.7 Multi-factor authentication;;generic;;FAIL;S3 Bucket aws-cloudtrail-logs-350381001508-dae76776 has MFA Delete disabled.;arn:aws:s3:::aws-cloudtrail-logs-350381001508-dae76776;s3_bucket_no_mfa_delete;False;aws-cloudtrail-logs-350381001508-dae76776;NIS2;NIS2 - Network and Information Security Directive (Directive (EU) 2022/2555);
aws;ANNEX to the Commission Implementing Regulation laying down rules for the application of Directive (EU) 2022/2555 as regards technical and methodological requirements of cybersecurity risk-management measures and further specification of the cases in which an incident is considered to be significant with regard to DNS service providers, TLD name registries, cloud computing service providers, data centre service providers, content delivery network providers, managed service providers, managed security service providers, providers of online market places, of online search engines and of social networking services platforms, and trust service providers;350381001508;us-east-1;2026-08-01 19:04:21.788096;11.7.2;The relevant entities shall ensure that the strength of authentication is appropriate for the classification of the asset to be accessed.;11 ACCESS CONTROL (ARTICLE 21(2), POINTS (I) AND (J), OF DIRECTIVE (EU) 2022/2555);11.7 Multi-factor authentication;;generic;;FAIL;S3 Bucket public-bucket-open has MFA Delete disabled.;arn:aws:s3:::public-bucket-open;s3_bucket_no_mfa_delete;False;public-bucket-open;NIS2;NIS2 - Network and Information Security Directive (Directive (EU) 2022/2555);
aws;ANNEX to the Commission Implementing Regulation laying down rules for the application of Directive (EU) 2022/2555 as regards technical and methodological requirements of cybersecurity risk-management measures and further specification of the cases in which an incident is considered to be significant with regard to DNS service providers, TLD name registries, cloud computing service providers, data centre service providers, content delivery network providers, managed service providers, managed security service providers, providers of online market places, of online search engines and of social networking services platforms, and trust service providers;350381001508;us-east-1;2026-08-01 19:04:21.788096;11.7.2;The relevant entities shall ensure that the strength of authentication is appropriate for the classification of the asset to be accessed.;11 ACCESS CONTROL (ARTICLE 21(2), POINTS (I) AND (J), OF DIRECTIVE (EU) 2022/2555);11.7 Multi-factor authentication;;generic;;FAIL;S3 Bucket research-secure-bucket has MFA Delete disabled.;arn:aws:s3:::research-secure-bucket;s3_bucket_no_mfa_delete;False;research-secure-bucket;NIS2;NIS2 - Network and Information Security Directive (Directive (EU) 2022/2555);
aws;ANNEX to the Commission Implementing Regulation laying down rules for the application of Directive (EU) 2022/2555 as regards technical and methodological requirements of cybersecurity risk-management measures and further specification of the cases in which an incident is considered to be significant with regard to DNS service providers, TLD name registries, cloud computing service providers, data centre service providers, content delivery network providers, managed service providers, managed security service providers, providers of online market places, of online search engines and of social networking services platforms, and trust service providers;350381001508;us-east-1;2026-08-01 19:04:21.788096;1.1.1.h;"list the documentation to be kept and the duration of retention of the documentation;";1 POLICY ON THE SECURITY OF NETWORK AND INFORMATION SYSTEMS (ARTICLE 21(2), POINT (A) OF DIRECTIVE (EU) 2022/2555);1.1 Policy on the security of network and information systems;;generic;;FAIL;S3 Bucket aws-cloudtrail-logs-350381001508-dae76776 has server access logging disabled.;arn:aws:s3:::aws-cloudtrail-logs-350381001508-dae76776;s3_bucket_server_access_logging_enabled;False;aws-cloudtrail-logs-350381001508-dae76776;NIS2;NIS2 - Network and Information Security Directive (Directive (EU) 2022/2555);
aws;ANNEX to the Commission Implementing Regulation laying down rules for the application of Directive (EU) 2022/2555 as regards technical and methodological requirements of cybersecurity risk-management measures and further specification of the cases in which an incident is considered to be significant with regard to DNS service providers, TLD name registries, cloud computing service providers, data centre service providers, content delivery network providers, managed service providers, managed security service providers, providers of online market places, of online search engines and of social networking services platforms, and trust service providers;350381001508;us-east-1;2026-08-01 19:04:21.788096;3.2.3.c;"access to systems and applications;";3 INCIDENT HANDLING (ARTICLE 21(2), POINT (B), OF DIRECTIVE (EU) 2022/2555);3.2 Monitoring and logging;;generic;;FAIL;S3 Bucket aws-cloudtrail-logs-350381001508-dae76776 has server access logging disabled.;arn:aws:s3:::aws-cloudtrail-logs-350381001508-dae76776;s3_bucket_server_access_logging_enabled;False;aws-cloudtrail-logs-350381001508-dae76776;NIS2;NIS2 - Network and Information Security Directive (Directive (EU) 2022/2555);
aws;ANNEX to the Commission Implementing Regulation laying down rules for the application of Directive (EU) 2022/2555 as regards technical and methodological requirements of cybersecurity risk-management measures and further specification of the cases in which an incident is considered to be significant with regard to DNS service providers, TLD name registries, cloud computing service providers, data centre service providers, content delivery network providers, managed service providers, managed security service providers, providers of online market places, of online search engines and of social networking services platforms, and trust service providers;350381001508;us-east-1;2026-08-01 19:04:21.788096;11.2.2.f;apply logging to the management of access rights.;11 ACCESS CONTROL (ARTICLE 21(2), POINTS (I) AND (J), OF DIRECTIVE (EU) 2022/2555);11.2 Management of access rights;;generic;;FAIL;S3 Bucket aws-cloudtrail-logs-350381001508-dae76776 has server access logging disabled.;arn:aws:s3:::aws-cloudtrail-logs-350381001508-dae76776;s3_bucket_server_access_logging_enabled;False;aws-cloudtrail-logs-350381001508-dae76776;NIS2;NIS2 - Network and Information Security Directive (Directive (EU) 2022/2555);
aws;ANNEX to the Commission Implementing Regulation laying down rules for the application of Directive (EU) 2022/2555 as regards technical and methodological requirements of cybersecurity risk-management measures and further specification of the cases in which an incident is considered to be significant with regard to DNS service providers, TLD name registries, cloud computing service providers, data centre service providers, content delivery network providers, managed service providers, managed security service providers, providers of online market places, of online search engines and of social networking services platforms, and trust service providers;350381001508;us-east-1;2026-08-01 19:04:21.788096;1.1.1.h;"list the documentation to be kept and the duration of retention of the documentation;";1 POLICY ON THE SECURITY OF NETWORK AND INFORMATION SYSTEMS (ARTICLE 21(2), POINT (A) OF DIRECTIVE (EU) 2022/2555);1.1 Policy on the security of network and information systems;;generic;;FAIL;S3 Bucket public-bucket-open has server access logging disabled.;arn:aws:s3:::public-bucket-open;s3_bucket_server_access_logging_enabled;False;public-bucket-open;NIS2;NIS2 - Network and Information Security Directive (Directive (EU) 2022/2555);
aws;ANNEX to the Commission Implementing Regulation laying down rules for the application of Directive (EU) 2022/2555 as regards technical and methodological requirements of cybersecurity risk-management measures and further specification of the cases in which an incident is considered to be significant with regard to DNS service providers, TLD name registries, cloud computing service providers, data centre service providers, content delivery network providers, managed service providers, managed security service providers, providers of online market places, of online search engines and of social networking services platforms, and trust service providers;350381001508;us-east-1;2026-08-01 19:04:21.788096;3.2.3.c;"access to systems and applications;";3 INCIDENT HANDLING (ARTICLE 21(2), POINT (B), OF DIRECTIVE (EU) 2022/2555);3.2 Monitoring and logging;;generic;;FAIL;S3 Bucket public-bucket-open has server access logging disabled.;arn:aws:s3:::public-bucket-open;s3_bucket_server_access_logging_enabled;False;public-bucket-open;NIS2;NIS2 - Network and Information Security Directive (Directive (EU) 2022/2555);
aws;ANNEX to the Commission Implementing Regulation laying down rules for the application of Directive (EU) 2022/2555 as regards technical and methodological requirements of cybersecurity risk-management measures and further specification of the cases in which an incident is considered to be significant with regard to DNS service providers, TLD name registries, cloud computing service providers, data centre service providers, content delivery network providers, managed service providers, managed security service providers, providers of online market places, of online search engines and of social networking services platforms, and trust service providers;350381001508;us-east-1;2026-08-01 19:04:21.788096;11.2.2.f;apply logging to the management of access rights.;11 ACCESS CONTROL (ARTICLE 21(2), POINTS (I) AND (J), OF DIRECTIVE (EU) 2022/2555);11.2 Management of access rights;;generic;;FAIL;S3 Bucket public-bucket-open has server access logging disabled.;arn:aws:s3:::public-bucket-open;s3_bucket_server_access_logging_enabled;False;public-bucket-open;NIS2;NIS2 - Network and Information Security Directive (Directive (EU) 2022/2555);
aws;ANNEX to the Commission Implementing Regulation laying down rules for the application of Directive (EU) 2022/2555 as regards technical and methodological requirements of cybersecurity risk-management measures and further specification of the cases in which an incident is considered to be significant with regard to DNS service providers, TLD name registries, cloud computing service providers, data centre service providers, content delivery network providers, managed service providers, managed security service providers, providers of online market places, of online search engines and of social networking services platforms, and trust service providers;350381001508;us-east-1;2026-08-01 19:04:21.788096;1.1.1.h;"list the documentation to be kept and the duration of retention of the documentation;";1 POLICY ON THE SECURITY OF NETWORK AND INFORMATION SYSTEMS (ARTICLE 21(2), POINT (A) OF DIRECTIVE (EU) 2022/2555);1.1 Policy on the security of network and information systems;;generic;;FAIL;S3 Bucket research-secure-bucket has server access logging disabled.;arn:aws:s3:::research-secure-bucket;s3_bucket_server_access_logging_enabled;False;research-secure-bucket;NIS2;NIS2 - Network and Information Security Directive (Directive (EU) 2022/2555);
aws;ANNEX to the Commission Implementing Regulation laying down rules for the application of Directive (EU) 2022/2555 as regards technical and methodological requirements of cybersecurity risk-management measures and further specification of the cases in which an incident is considered to be significant with regard to DNS service providers, TLD name registries, cloud computing service providers, data centre service providers, content delivery network providers, managed service providers, managed security service providers, providers of online market places, of online search engines and of social networking services platforms, and trust service providers;350381001508;us-east-1;2026-08-01 19:04:21.788096;3.2.3.c;"access to systems and applications;";3 INCIDENT HANDLING (ARTICLE 21(2), POINT (B), OF DIRECTIVE (EU) 2022/2555);3.2 Monitoring and logging;;generic;;FAIL;S3 Bucket research-secure-bucket has server access logging disabled.;arn:aws:s3:::research-secure-bucket;s3_bucket_server_access_logging_enabled;False;research-secure-bucket;NIS2;NIS2 - Network and Information Security Directive (Directive (EU) 2022/2555);
aws;ANNEX to the Commission Implementing Regulation laying down rules for the application of Directive (EU) 2022/2555 as regards technical and methodological requirements of cybersecurity risk-management measures and further specification of the cases in which an incident is considered to be significant with regard to DNS service providers, TLD name registries, cloud computing service providers, data centre service providers, content delivery network providers, managed service providers, managed security service providers, providers of online market places, of online search engines and of social networking services platforms, and trust service providers;350381001508;us-east-1;2026-08-01 19:04:21.788096;11.2.2.f;apply logging to the management of access rights.;11 ACCESS CONTROL (ARTICLE 21(2), POINTS (I) AND (J), OF DIRECTIVE (EU) 2022/2555);11.2 Management of access rights;;generic;;FAIL;S3 Bucket research-secure-bucket has server access logging disabled.;arn:aws:s3:::research-secure-bucket;s3_bucket_server_access_logging_enabled;False;research-secure-bucket;NIS2;NIS2 - Network and Information Security Directive (Directive (EU) 2022/2555);
aws;ANNEX to the Commission Implementing Regulation laying down rules for the application of Directive (EU) 2022/2555 as regards technical and methodological requirements of cybersecurity risk-management measures and further specification of the cases in which an incident is considered to be significant with regard to DNS service providers, TLD name registries, cloud computing service providers, data centre service providers, content delivery network providers, managed service providers, managed security service providers, providers of online market places, of online search engines and of social networking services platforms, and trust service providers;350381001508;us-east-1;2026-08-01 19:04:21.788096;2.1.1;For the purpose of Article 21(2), point (a) of Directive (EU) 2022/2555, the relevant entities shall establish and maintain an appropriate risk management framework to identify and address the risks posed to the security of network and information systems. The relevant entities shall perform and document risk assessments and, based on the results, establish, implement and monitor a risk treatment plan. Risk assessment results and residual risks shall be accepted by management bodies or, where applicable, by persons who are accountable and have the authority to manage risks, provided that the relevant entities ensure adequate reporting to the management bodies.;1 POLICY ON THE SECURITY OF NETWORK AND INFORMATION SYSTEMS (ARTICLE 21(2), POINT (A) OF DIRECTIVE (EU) 2022/2555);1.2 Roles, responsibilities and authorities;;generic;;FAIL;No SSM Incidents replication set exists.;arn:aws:ssm-incidents:us-east-1:350381001508:replication-set;ssmincidents_enabled_with_plans;False;350381001508;NIS2;NIS2 - Network and Information Security Directive (Directive (EU) 2022/2555);
aws;ANNEX to the Commission Implementing Regulation laying down rules for the application of Directive (EU) 2022/2555 as regards technical and methodological requirements of cybersecurity risk-management measures and further specification of the cases in which an incident is considered to be significant with regard to DNS service providers, TLD name registries, cloud computing service providers, data centre service providers, content delivery network providers, managed service providers, managed security service providers, providers of online market places, of online search engines and of social networking services platforms, and trust service providers;350381001508;us-east-1;2026-08-01 19:04:21.788096;2.1.2.a;"follow a risk management methodology;";2 RISK MANAGEMENT POLICY (ARTICLE 21(2), POINT (A) OF DIRECTIVE (EU) 2022/2555);2.1 Risk management framework;;generic;;FAIL;No SSM Incidents replication set exists.;arn:aws:ssm-incidents:us-east-1:350381001508:replication-set;ssmincidents_enabled_with_plans;False;350381001508;NIS2;NIS2 - Network and Information Security Directive (Directive (EU) 2022/2555);
aws;ANNEX to the Commission Implementing Regulation laying down rules for the application of Directive (EU) 2022/2555 as regards technical and methodological requirements of cybersecurity risk-management measures and further specification of the cases in which an incident is considered to be significant with regard to DNS service providers, TLD name registries, cloud computing service providers, data centre service providers, content delivery network providers, managed service providers, managed security service providers, providers of online market places, of online search engines and of social networking services platforms, and trust service providers;350381001508;us-east-1;2026-08-01 19:04:21.788096;2.1.2.i;"identify who is responsible for implementing the risk treatment measures and when they should be implemented;";2 RISK MANAGEMENT POLICY (ARTICLE 21(2), POINT (A) OF DIRECTIVE (EU) 2022/2555);2.1 Risk management framework;;ssm;;FAIL;No SSM Incidents replication set exists.;arn:aws:ssm-incidents:us-east-1:350381001508:replication-set;ssmincidents_enabled_with_plans;False;350381001508;NIS2;NIS2 - Network and Information Security Directive (Directive (EU) 2022/2555);
aws;ANNEX to the Commission Implementing Regulation laying down rules for the application of Directive (EU) 2022/2555 as regards technical and methodological requirements of cybersecurity risk-management measures and further specification of the cases in which an incident is considered to be significant with regard to DNS service providers, TLD name registries, cloud computing service providers, data centre service providers, content delivery network providers, managed service providers, managed security service providers, providers of online market places, of online search engines and of social networking services platforms, and trust service providers;350381001508;us-east-1;2026-08-01 19:04:21.788096;3.1.1;For the purpose of Article 21(2), point (b) of Directive (EU) 2022/2555, the relevant entities shall establish and implement an incident handling policy laying down the roles, responsibilities, and procedures for detecting, analysing, containing or responding to, recovering from, documenting and reporting of incidents in a timely manner.;3 INCIDENT HANDLING (ARTICLE 21(2), POINT (B), OF DIRECTIVE (EU) 2022/2555);3.1 Incident handling policy;;ssm;;FAIL;No SSM Incidents replication set exists.;arn:aws:ssm-incidents:us-east-1:350381001508:replication-set;ssmincidents_enabled_with_plans;False;350381001508;NIS2;NIS2 - Network and Information Security Directive (Directive (EU) 2022/2555);
aws;ANNEX to the Commission Implementing Regulation laying down rules for the application of Directive (EU) 2022/2555 as regards technical and methodological requirements of cybersecurity risk-management measures and further specification of the cases in which an incident is considered to be significant with regard to DNS service providers, TLD name registries, cloud computing service providers, data centre service providers, content delivery network providers, managed service providers, managed security service providers, providers of online market places, of online search engines and of social networking services platforms, and trust service providers;350381001508;us-east-1;2026-08-01 19:04:21.788096;3.1.2.a;"a categorisation system for incidents that is consistent with the event assessment and classification carried out pursuant to point 3.4.1.;";3 INCIDENT HANDLING (ARTICLE 21(2), POINT (B), OF DIRECTIVE (EU) 2022/2555);3.1 Incident handling policy;;generic;;FAIL;No SSM Incidents replication set exists.;arn:aws:ssm-incidents:us-east-1:350381001508:replication-set;ssmincidents_enabled_with_plans;False;350381001508;NIS2;NIS2 - Network and Information Security Directive (Directive (EU) 2022/2555);
aws;ANNEX to the Commission Implementing Regulation laying down rules for the application of Directive (EU) 2022/2555 as regards technical and methodological requirements of cybersecurity risk-management measures and further specification of the cases in which an incident is considered to be significant with regard to DNS service providers, TLD name registries, cloud computing service providers, data centre service providers, content delivery network providers, managed service providers, managed security service providers, providers of online market places, of online search engines and of social networking services platforms, and trust service providers;350381001508;us-east-1;2026-08-01 19:04:21.788096;3.1.2.c;"assignment of roles to detect and appropriately respond to incidents to competent employees;";3 INCIDENT HANDLING (ARTICLE 21(2), POINT (B), OF DIRECTIVE (EU) 2022/2555);3.1 Incident handling policy;;generic;;FAIL;No SSM Incidents replication set exists.;arn:aws:ssm-incidents:us-east-1:350381001508:replication-set;ssmincidents_enabled_with_plans;False;350381001508;NIS2;NIS2 - Network and Information Security Directive (Directive (EU) 2022/2555);
aws;ANNEX to the Commission Implementing Regulation laying down rules for the application of Directive (EU) 2022/2555 as regards technical and methodological requirements of cybersecurity risk-management measures and further specification of the cases in which an incident is considered to be significant with regard to DNS service providers, TLD name registries, cloud computing service providers, data centre service providers, content delivery network providers, managed service providers, managed security service providers, providers of online market places, of online search engines and of social networking services platforms, and trust service providers;350381001508;us-east-1;2026-08-01 19:04:21.788096;3.1.2.d;documents to be used in the course of incident detection and response such as incident response manuals, escalation charts, contact lists and templates.;3 INCIDENT HANDLING (ARTICLE 21(2), POINT (B), OF DIRECTIVE (EU) 2022/2555);3.1 Incident handling policy;;generic;;FAIL;No SSM Incidents replication set exists.;arn:aws:ssm-incidents:us-east-1:350381001508:replication-set;ssmincidents_enabled_with_plans;False;350381001508;NIS2;NIS2 - Network and Information Security Directive (Directive (EU) 2022/2555);
aws;ANNEX to the Commission Implementing Regulation laying down rules for the application of Directive (EU) 2022/2555 as regards technical and methodological requirements of cybersecurity risk-management measures and further specification of the cases in which an incident is considered to be significant with regard to DNS service providers, TLD name registries, cloud computing service providers, data centre service providers, content delivery network providers, managed service providers, managed security service providers, providers of online market places, of online search engines and of social networking services platforms, and trust service providers;350381001508;us-east-1;2026-08-01 19:04:21.788096;3.5.1;The relevant entities shall respond to incidents in accordance with documented procedures and in a timely manner.;3 INCIDENT HANDLING (ARTICLE 21(2), POINT (B), OF DIRECTIVE (EU) 2022/2555);3.5 Incident response;;ssm;;FAIL;No SSM Incidents replication set exists.;arn:aws:ssm-incidents:us-east-1:350381001508:replication-set;ssmincidents_enabled_with_plans;False;350381001508;NIS2;NIS2 - Network and Information Security Directive (Directive (EU) 2022/2555);
aws;ANNEX to the Commission Implementing Regulation laying down rules for the application of Directive (EU) 2022/2555 as regards technical and methodological requirements of cybersecurity risk-management measures and further specification of the cases in which an incident is considered to be significant with regard to DNS service providers, TLD name registries, cloud computing service providers, data centre service providers, content delivery network providers, managed service providers, managed security service providers, providers of online market places, of online search engines and of social networking services platforms, and trust service providers;350381001508;us-east-1;2026-08-01 19:04:21.788096;3.6.1;Where appropriate, the relevant entities shall carry out post-incident reviews after recovery from incidents. The post-incident reviews shall identify, where possible, the root cause of the incident and result in documented lessons learned to reduce the occurrence and consequences of future incidents.;3 INCIDENT HANDLING (ARTICLE 21(2), POINT (B), OF DIRECTIVE (EU) 2022/2555);3.6 Post-incident reviews;;ssm;;FAIL;No SSM Incidents replication set exists.;arn:aws:ssm-incidents:us-east-1:350381001508:replication-set;ssmincidents_enabled_with_plans;False;350381001508;NIS2;NIS2 - Network and Information Security Directive (Directive (EU) 2022/2555);
aws;ANNEX to the Commission Implementing Regulation laying down rules for the application of Directive (EU) 2022/2555 as regards technical and methodological requirements of cybersecurity risk-management measures and further specification of the cases in which an incident is considered to be significant with regard to DNS service providers, TLD name registries, cloud computing service providers, data centre service providers, content delivery network providers, managed service providers, managed security service providers, providers of online market places, of online search engines and of social networking services platforms, and trust service providers;350381001508;us-east-1;2026-08-01 19:04:21.788096;3.6.2;The relevant entities shall ensure that post-incident reviews contribute to improving their approach to network and information security, to risk treatment measures, and to incident handling, detection and response procedures.;3 INCIDENT HANDLING (ARTICLE 21(2), POINT (B), OF DIRECTIVE (EU) 2022/2555);3.6 Post-incident reviews;;generic;;FAIL;No SSM Incidents replication set exists.;arn:aws:ssm-incidents:us-east-1:350381001508:replication-set;ssmincidents_enabled_with_plans;False;350381001508;NIS2;NIS2 - Network and Information Security Directive (Directive (EU) 2022/2555);
aws;ANNEX to the Commission Implementing Regulation laying down rules for the application of Directive (EU) 2022/2555 as regards technical and methodological requirements of cybersecurity risk-management measures and further specification of the cases in which an incident is considered to be significant with regard to DNS service providers, TLD name registries, cloud computing service providers, data centre service providers, content delivery network providers, managed service providers, managed security service providers, providers of online market places, of online search engines and of social networking services platforms, and trust service providers;350381001508;us-east-1;2026-08-01 19:04:21.788096;3.6.3;The relevant entities shall review at planned intervals if incidents led to post-incident reviews.;3 INCIDENT HANDLING (ARTICLE 21(2), POINT (B), OF DIRECTIVE (EU) 2022/2555);3.6 Post-incident reviews;;generic;;FAIL;No SSM Incidents replication set exists.;arn:aws:ssm-incidents:us-east-1:350381001508:replication-set;ssmincidents_enabled_with_plans;False;350381001508;NIS2;NIS2 - Network and Information Security Directive (Directive (EU) 2022/2555);
aws;ANNEX to the Commission Implementing Regulation laying down rules for the application of Directive (EU) 2022/2555 as regards technical and methodological requirements of cybersecurity risk-management measures and further specification of the cases in which an incident is considered to be significant with regard to DNS service providers, TLD name registries, cloud computing service providers, data centre service providers, content delivery network providers, managed service providers, managed security service providers, providers of online market places, of online search engines and of social networking services platforms, and trust service providers;350381001508;us-east-1;2026-08-01 19:04:21.788096;4.3.1;The relevant entities shall put in place a process for crisis management.;4 BUSINESS CONTINUITY AND CRISIS MANAGEMENT (ARTICLE 21(2), POINT (C), OF DIRECTIVE (EU) 2022/2555);4.3 Crisis management;;ssm;;FAIL;No SSM Incidents replication set exists.;arn:aws:ssm-incidents:us-east-1:350381001508:replication-set;ssmincidents_enabled_with_plans;False;350381001508;NIS2;NIS2 - Network and Information Security Directive (Directive (EU) 2022/2555);
aws;ANNEX to the Commission Implementing Regulation laying down rules for the application of Directive (EU) 2022/2555 as regards technical and methodological requirements of cybersecurity risk-management measures and further specification of the cases in which an incident is considered to be significant with regard to DNS service providers, TLD name registries, cloud computing service providers, data centre service providers, content delivery network providers, managed service providers, managed security service providers, providers of online market places, of online search engines and of social networking services platforms, and trust service providers;350381001508;us-east-1;2026-08-01 19:04:21.788096;5.1.7.b;"review incidents related to ICT products and ICT services from suppliers and service providers;";5 SUPPLY CHAIN SECURITY (ARTICLE 21(2), POINT (D), OF DIRECTIVE (EU) 2022/2555);5.1 Supply chain security policy;;generic;;FAIL;No SSM Incidents replication set exists.;arn:aws:ssm-incidents:us-east-1:350381001508:replication-set;ssmincidents_enabled_with_plans;False;350381001508;NIS2;NIS2 - Network and Information Security Directive (Directive (EU) 2022/2555);
aws;ANNEX to the Commission Implementing Regulation laying down rules for the application of Directive (EU) 2022/2555 as regards technical and methodological requirements of cybersecurity risk-management measures and further specification of the cases in which an incident is considered to be significant with regard to DNS service providers, TLD name registries, cloud computing service providers, data centre service providers, content delivery network providers, managed service providers, managed security service providers, providers of online market places, of online search engines and of social networking services platforms, and trust service providers;350381001508;us-east-1;2026-08-01 19:04:21.788096;12.1.2.c;align the availability requirements of the assets with the delivery and recovery objectives set out in their business continuity and disaster recovery plans.;12 ASSET MANAGEMENT (ARTICLE 21(2), POINT (I), OF DIRECTIVE (EU) 2022/2555);12.1 Asset classification;;generic;;FAIL;No SSM Incidents replication set exists.;arn:aws:ssm-incidents:us-east-1:350381001508:replication-set;ssmincidents_enabled_with_plans;False;350381001508;NIS2;NIS2 - Network and Information Security Directive (Directive (EU) 2022/2555);
aws;ANNEX to the Commission Implementing Regulation laying down rules for the application of Directive (EU) 2022/2555 as regards technical and methodological requirements of cybersecurity risk-management measures and further specification of the cases in which an incident is considered to be significant with regard to DNS service providers, TLD name registries, cloud computing service providers, data centre service providers, content delivery network providers, managed service providers, managed security service providers, providers of online market places, of online search engines and of social networking services platforms, and trust service providers;350381001508;us-east-1;2026-08-01 19:04:21.788096;12.2.2.b;"provide rules on the safe use, safe storage, safe transport, and the irretrievable deletion and destruction of the assets;";12 ASSET MANAGEMENT (ARTICLE 21(2), POINT (I), OF DIRECTIVE (EU) 2022/2555);12.2 Handling of assets;;generic;;FAIL;No SSM Incidents replication set exists.;arn:aws:ssm-incidents:us-east-1:350381001508:replication-set;ssmincidents_enabled_with_plans;False;350381001508;NIS2;NIS2 - Network and Information Security Directive (Directive (EU) 2022/2555);
aws;ANNEX to the Commission Implementing Regulation laying down rules for the application of Directive (EU) 2022/2555 as regards technical and methodological requirements of cybersecurity risk-management measures and further specification of the cases in which an incident is considered to be significant with regard to DNS service providers, TLD name registries, cloud computing service providers, data centre service providers, content delivery network providers, managed service providers, managed security service providers, providers of online market places, of online search engines and of social networking services platforms, and trust service providers;350381001508;us-east-1;2026-08-01 19:04:21.788096;3.2.3.c;"access to systems and applications;";3 INCIDENT HANDLING (ARTICLE 21(2), POINT (B), OF DIRECTIVE (EU) 2022/2555);3.2 Monitoring and logging;;generic;;FAIL;VPC research-vpc Flow logs are disabled.;arn:aws:ec2:us-east-1:350381001508:vpc/vpc-081d4be98bcc01b9b;vpc_flow_logs_enabled;False;vpc-081d4be98bcc01b9b;NIS2;NIS2 - Network and Information Security Directive (Directive (EU) 2022/2555);
