PROVIDER;DESCRIPTION;ACCOUNTID;REGION;ASSESSMENTDATE;REQUIREMENTS_ID;REQUIREMENTS_DESCRIPTION;REQUIREMENTS_ATTRIBUTES_SECTION;REQUIREMENTS_ATTRIBUTES_SUBSECTION;REQUIREMENTS_ATTRIBUTES_SUBGROUP;REQUIREMENTS_ATTRIBUTES_SERVICE;REQUIREMENTS_ATTRIBUTES_TYPE;STATUS;STATUSEXTENDED;RESOURCEID;CHECKID;MUTED;RESOURCENAME;FRAMEWORK;NAME;REQUIREMENTS_ATTRIBUTES_COMMENT
aws;The Health Insurance Portability and Accountability Act of 1996 (HIPAA) is legislation that helps US workers to retain health insurance coverage when they change or lose jobs. The legislation also seeks to encourage electronic health records to improve the efficiency and quality of the US healthcare system through improved information sharing.;350381001508;us-east-1;2026-08-01 19:04:21.788096;164_308_a_1_ii_d;Implement procedures to regularly review records of information system activity, such as audit logs, access reports, and security incident tracking reports.;164.308 Administrative Safeguards;;;aws;;PASS;Trail research-trail from home region us-east-1 has an advanced management event selector to log Amazon Bedrock control-plane API calls.;arn:aws:cloudtrail:us-east-1:350381001508:trail/research-trail;cloudtrail_bedrock_logging_enabled;False;research-trail;HIPAA;HIPAA compliance framework;
aws;The Health Insurance Portability and Accountability Act of 1996 (HIPAA) is legislation that helps US workers to retain health insurance coverage when they change or lose jobs. The legislation also seeks to encourage electronic health records to improve the efficiency and quality of the US healthcare system through improved information sharing.;350381001508;us-east-1;2026-08-01 19:04:21.788096;164_312_b;Implement hardware, software, and/or procedural mechanisms that record and examine activity in information systems that contain or use electronic protected health information.;164.312 Technical Safeguards;;;aws;;PASS;Trail research-trail from home region us-east-1 has an advanced management event selector to log Amazon Bedrock control-plane API calls.;arn:aws:cloudtrail:us-east-1:350381001508:trail/research-trail;cloudtrail_bedrock_logging_enabled;False;research-trail;HIPAA;HIPAA compliance framework;
aws;The Health Insurance Portability and Accountability Act of 1996 (HIPAA) is legislation that helps US workers to retain health insurance coverage when they change or lose jobs. The legislation also seeks to encourage electronic health records to improve the efficiency and quality of the US healthcare system through improved information sharing.;350381001508;us-east-1;2026-08-01 19:04:21.788096;164_308_a_1_ii_d;Implement procedures to regularly review records of information system activity, such as audit logs, access reports, and security incident tracking reports.;164.308 Administrative Safeguards;;;aws;;FAIL;Multiregion trail research-trail has not been logging in the last 24h or is not configured to deliver logs.;arn:aws:cloudtrail:us-east-1:350381001508:trail/research-trail;cloudtrail_cloudwatch_logging_enabled;False;research-trail;HIPAA;HIPAA compliance framework;
aws;The Health Insurance Portability and Accountability Act of 1996 (HIPAA) is legislation that helps US workers to retain health insurance coverage when they change or lose jobs. The legislation also seeks to encourage electronic health records to improve the efficiency and quality of the US healthcare system through improved information sharing.;350381001508;us-east-1;2026-08-01 19:04:21.788096;164_308_a_6_ii;"Identify and respond to suspected or known security incidents; mitigate, to the extent practicable, harmful effects of security incidents that are known to the covered entity or business associate; and document security incidents and their outcomes.";164.308 Administrative Safeguards;;;aws;;FAIL;Multiregion trail research-trail has not been logging in the last 24h or is not configured to deliver logs.;arn:aws:cloudtrail:us-east-1:350381001508:trail/research-trail;cloudtrail_cloudwatch_logging_enabled;False;research-trail;HIPAA;HIPAA compliance framework;
aws;The Health Insurance Portability and Accountability Act of 1996 (HIPAA) is legislation that helps US workers to retain health insurance coverage when they change or lose jobs. The legislation also seeks to encourage electronic health records to improve the efficiency and quality of the US healthcare system through improved information sharing.;350381001508;us-east-1;2026-08-01 19:04:21.788096;164_312_b;Implement hardware, software, and/or procedural mechanisms that record and examine activity in information systems that contain or use electronic protected health information.;164.312 Technical Safeguards;;;aws;;FAIL;Multiregion trail research-trail has not been logging in the last 24h or is not configured to deliver logs.;arn:aws:cloudtrail:us-east-1:350381001508:trail/research-trail;cloudtrail_cloudwatch_logging_enabled;False;research-trail;HIPAA;HIPAA compliance framework;
aws;The Health Insurance Portability and Accountability Act of 1996 (HIPAA) is legislation that helps US workers to retain health insurance coverage when they change or lose jobs. The legislation also seeks to encourage electronic health records to improve the efficiency and quality of the US healthcare system through improved information sharing.;350381001508;us-east-1;2026-08-01 19:04:21.788096;164_312_e_2_i;Implement security measures to ensure that electronically transmitted electronic protected health information is not improperly modified without detection until disposed of.;164.312 Technical Safeguards;;;aws;;FAIL;Multiregion trail research-trail has not been logging in the last 24h or is not configured to deliver logs.;arn:aws:cloudtrail:us-east-1:350381001508:trail/research-trail;cloudtrail_cloudwatch_logging_enabled;False;research-trail;HIPAA;HIPAA compliance framework;
aws;The Health Insurance Portability and Accountability Act of 1996 (HIPAA) is legislation that helps US workers to retain health insurance coverage when they change or lose jobs. The legislation also seeks to encourage electronic health records to improve the efficiency and quality of the US healthcare system through improved information sharing.;350381001508;us-east-1;2026-08-01 19:04:21.788096;164_308_a_1_ii_b;Implement security measures sufficient to reduce risks and vulnerabilities to a reasonable and appropriate level to comply with 164.306(a): Ensure the confidentiality, integrity, and availability of all electronic protected health information the covered entity or business associate creates, receives, maintains, or transmits.;164.308 Administrative Safeguards;;;aws;;FAIL;Multiregion trail research-trail has encryption disabled.;arn:aws:cloudtrail:us-east-1:350381001508:trail/research-trail;cloudtrail_kms_encryption_enabled;False;research-trail;HIPAA;HIPAA compliance framework;
aws;The Health Insurance Portability and Accountability Act of 1996 (HIPAA) is legislation that helps US workers to retain health insurance coverage when they change or lose jobs. The legislation also seeks to encourage electronic health records to improve the efficiency and quality of the US healthcare system through improved information sharing.;350381001508;us-east-1;2026-08-01 19:04:21.788096;164_308_a_1_ii_d;Implement procedures to regularly review records of information system activity, such as audit logs, access reports, and security incident tracking reports.;164.308 Administrative Safeguards;;;aws;;FAIL;Multiregion trail research-trail has encryption disabled.;arn:aws:cloudtrail:us-east-1:350381001508:trail/research-trail;cloudtrail_kms_encryption_enabled;False;research-trail;HIPAA;HIPAA compliance framework;
aws;The Health Insurance Portability and Accountability Act of 1996 (HIPAA) is legislation that helps US workers to retain health insurance coverage when they change or lose jobs. The legislation also seeks to encourage electronic health records to improve the efficiency and quality of the US healthcare system through improved information sharing.;350381001508;us-east-1;2026-08-01 19:04:21.788096;164_308_a_4_ii_a;If a health care clearinghouse is part of a larger organization, the clearinghouse must implement policies and procedures that protect the electronic protected health information of the clearinghouse from unauthorized access by the larger organization.;164.308 Administrative Safeguards;;;aws;;FAIL;Multiregion trail research-trail has encryption disabled.;arn:aws:cloudtrail:us-east-1:350381001508:trail/research-trail;cloudtrail_kms_encryption_enabled;False;research-trail;HIPAA;HIPAA compliance framework;
aws;The Health Insurance Portability and Accountability Act of 1996 (HIPAA) is legislation that helps US workers to retain health insurance coverage when they change or lose jobs. The legislation also seeks to encourage electronic health records to improve the efficiency and quality of the US healthcare system through improved information sharing.;350381001508;us-east-1;2026-08-01 19:04:21.788096;164_312_a_2_iv;Implement a mechanism to encrypt and decrypt electronic protected health information.;164.312 Technical Safeguards;;;aws;;FAIL;Multiregion trail research-trail has encryption disabled.;arn:aws:cloudtrail:us-east-1:350381001508:trail/research-trail;cloudtrail_kms_encryption_enabled;False;research-trail;HIPAA;HIPAA compliance framework;
aws;The Health Insurance Portability and Accountability Act of 1996 (HIPAA) is legislation that helps US workers to retain health insurance coverage when they change or lose jobs. The legislation also seeks to encourage electronic health records to improve the efficiency and quality of the US healthcare system through improved information sharing.;350381001508;us-east-1;2026-08-01 19:04:21.788096;164_312_c_1;Implement policies and procedures to protect electronic protected health information from improper alteration or destruction.;164.312 Technical Safeguards;;;aws;;FAIL;Multiregion trail research-trail has encryption disabled.;arn:aws:cloudtrail:us-east-1:350381001508:trail/research-trail;cloudtrail_kms_encryption_enabled;False;research-trail;HIPAA;HIPAA compliance framework;
aws;The Health Insurance Portability and Accountability Act of 1996 (HIPAA) is legislation that helps US workers to retain health insurance coverage when they change or lose jobs. The legislation also seeks to encourage electronic health records to improve the efficiency and quality of the US healthcare system through improved information sharing.;350381001508;us-east-1;2026-08-01 19:04:21.788096;164_312_c_2;Implement electronic mechanisms to corroborate that electronic protected health information has not been altered or destroyed in an unauthorized manner.;164.312 Technical Safeguards;;;aws;;FAIL;Multiregion trail research-trail has encryption disabled.;arn:aws:cloudtrail:us-east-1:350381001508:trail/research-trail;cloudtrail_kms_encryption_enabled;False;research-trail;HIPAA;HIPAA compliance framework;
aws;The Health Insurance Portability and Accountability Act of 1996 (HIPAA) is legislation that helps US workers to retain health insurance coverage when they change or lose jobs. The legislation also seeks to encourage electronic health records to improve the efficiency and quality of the US healthcare system through improved information sharing.;350381001508;us-east-1;2026-08-01 19:04:21.788096;164_312_e_2_ii;Implement a mechanism to encrypt electronic protected health information whenever deemed appropriate.;164.312 Technical Safeguards;;;aws;;FAIL;Multiregion trail research-trail has encryption disabled.;arn:aws:cloudtrail:us-east-1:350381001508:trail/research-trail;cloudtrail_kms_encryption_enabled;False;research-trail;HIPAA;HIPAA compliance framework;
aws;The Health Insurance Portability and Accountability Act of 1996 (HIPAA) is legislation that helps US workers to retain health insurance coverage when they change or lose jobs. The legislation also seeks to encourage electronic health records to improve the efficiency and quality of the US healthcare system through improved information sharing.;350381001508;us-east-1;2026-08-01 19:04:21.788096;164_308_a_1_ii_b;Implement security measures sufficient to reduce risks and vulnerabilities to a reasonable and appropriate level to comply with 164.306(a): Ensure the confidentiality, integrity, and availability of all electronic protected health information the covered entity or business associate creates, receives, maintains, or transmits.;164.308 Administrative Safeguards;;;aws;;FAIL;Multiregion trail research-trail has log file validation disabled.;arn:aws:cloudtrail:us-east-1:350381001508:trail/research-trail;cloudtrail_log_file_validation_enabled;False;research-trail;HIPAA;HIPAA compliance framework;
aws;The Health Insurance Portability and Accountability Act of 1996 (HIPAA) is legislation that helps US workers to retain health insurance coverage when they change or lose jobs. The legislation also seeks to encourage electronic health records to improve the efficiency and quality of the US healthcare system through improved information sharing.;350381001508;us-east-1;2026-08-01 19:04:21.788096;164_308_a_1_ii_d;Implement procedures to regularly review records of information system activity, such as audit logs, access reports, and security incident tracking reports.;164.308 Administrative Safeguards;;;aws;;FAIL;Multiregion trail research-trail has log file validation disabled.;arn:aws:cloudtrail:us-east-1:350381001508:trail/research-trail;cloudtrail_log_file_validation_enabled;False;research-trail;HIPAA;HIPAA compliance framework;
aws;The Health Insurance Portability and Accountability Act of 1996 (HIPAA) is legislation that helps US workers to retain health insurance coverage when they change or lose jobs. The legislation also seeks to encourage electronic health records to improve the efficiency and quality of the US healthcare system through improved information sharing.;350381001508;us-east-1;2026-08-01 19:04:21.788096;164_312_b;Implement hardware, software, and/or procedural mechanisms that record and examine activity in information systems that contain or use electronic protected health information.;164.312 Technical Safeguards;;;aws;;FAIL;Multiregion trail research-trail has log file validation disabled.;arn:aws:cloudtrail:us-east-1:350381001508:trail/research-trail;cloudtrail_log_file_validation_enabled;False;research-trail;HIPAA;HIPAA compliance framework;
aws;The Health Insurance Portability and Accountability Act of 1996 (HIPAA) is legislation that helps US workers to retain health insurance coverage when they change or lose jobs. The legislation also seeks to encourage electronic health records to improve the efficiency and quality of the US healthcare system through improved information sharing.;350381001508;us-east-1;2026-08-01 19:04:21.788096;164_312_c_1;Implement policies and procedures to protect electronic protected health information from improper alteration or destruction.;164.312 Technical Safeguards;;;aws;;FAIL;Multiregion trail research-trail has log file validation disabled.;arn:aws:cloudtrail:us-east-1:350381001508:trail/research-trail;cloudtrail_log_file_validation_enabled;False;research-trail;HIPAA;HIPAA compliance framework;
aws;The Health Insurance Portability and Accountability Act of 1996 (HIPAA) is legislation that helps US workers to retain health insurance coverage when they change or lose jobs. The legislation also seeks to encourage electronic health records to improve the efficiency and quality of the US healthcare system through improved information sharing.;350381001508;us-east-1;2026-08-01 19:04:21.788096;164_312_c_2;Implement electronic mechanisms to corroborate that electronic protected health information has not been altered or destroyed in an unauthorized manner.;164.312 Technical Safeguards;;;aws;;FAIL;Multiregion trail research-trail has log file validation disabled.;arn:aws:cloudtrail:us-east-1:350381001508:trail/research-trail;cloudtrail_log_file_validation_enabled;False;research-trail;HIPAA;HIPAA compliance framework;
aws;The Health Insurance Portability and Accountability Act of 1996 (HIPAA) is legislation that helps US workers to retain health insurance coverage when they change or lose jobs. The legislation also seeks to encourage electronic health records to improve the efficiency and quality of the US healthcare system through improved information sharing.;350381001508;ap-northeast-1;2026-08-01 19:04:21.788096;164_308_a_1_ii_d;Implement procedures to regularly review records of information system activity, such as audit logs, access reports, and security incident tracking reports.;164.308 Administrative Safeguards;;;aws;;PASS;Trail research-trail is multiregion and it is logging.;arn:aws:cloudtrail:us-east-1:350381001508:trail/research-trail;cloudtrail_multi_region_enabled;False;research-trail;HIPAA;HIPAA compliance framework;
aws;The Health Insurance Portability and Accountability Act of 1996 (HIPAA) is legislation that helps US workers to retain health insurance coverage when they change or lose jobs. The legislation also seeks to encourage electronic health records to improve the efficiency and quality of the US healthcare system through improved information sharing.;350381001508;ap-northeast-1;2026-08-01 19:04:21.788096;164_308_a_3_ii_a;Implement procedures for the authorization and/or supervision of workforce members who work with electronic protected health information or in locations where it might be accessed.;164.308 Administrative Safeguards;;;aws;;PASS;Trail research-trail is multiregion and it is logging.;arn:aws:cloudtrail:us-east-1:350381001508:trail/research-trail;cloudtrail_multi_region_enabled;False;research-trail;HIPAA;HIPAA compliance framework;
aws;The Health Insurance Portability and Accountability Act of 1996 (HIPAA) is legislation that helps US workers to retain health insurance coverage when they change or lose jobs. The legislation also seeks to encourage electronic health records to improve the efficiency and quality of the US healthcare system through improved information sharing.;350381001508;ap-northeast-1;2026-08-01 19:04:21.788096;164_308_a_6_ii;"Identify and respond to suspected or known security incidents; mitigate, to the extent practicable, harmful effects of security incidents that are known to the covered entity or business associate; and document security incidents and their outcomes.";164.308 Administrative Safeguards;;;aws;;PASS;Trail research-trail is multiregion and it is logging.;arn:aws:cloudtrail:us-east-1:350381001508:trail/research-trail;cloudtrail_multi_region_enabled;False;research-trail;HIPAA;HIPAA compliance framework;
aws;The Health Insurance Portability and Accountability Act of 1996 (HIPAA) is legislation that helps US workers to retain health insurance coverage when they change or lose jobs. The legislation also seeks to encourage electronic health records to improve the efficiency and quality of the US healthcare system through improved information sharing.;350381001508;ap-northeast-1;2026-08-01 19:04:21.788096;164_312_b;Implement hardware, software, and/or procedural mechanisms that record and examine activity in information systems that contain or use electronic protected health information.;164.312 Technical Safeguards;;;aws;;PASS;Trail research-trail is multiregion and it is logging.;arn:aws:cloudtrail:us-east-1:350381001508:trail/research-trail;cloudtrail_multi_region_enabled;False;research-trail;HIPAA;HIPAA compliance framework;
aws;The Health Insurance Portability and Accountability Act of 1996 (HIPAA) is legislation that helps US workers to retain health insurance coverage when they change or lose jobs. The legislation also seeks to encourage electronic health records to improve the efficiency and quality of the US healthcare system through improved information sharing.;350381001508;ap-northeast-1;2026-08-01 19:04:21.788096;164_312_e_2_i;Implement security measures to ensure that electronically transmitted electronic protected health information is not improperly modified without detection until disposed of.;164.312 Technical Safeguards;;;aws;;PASS;Trail research-trail is multiregion and it is logging.;arn:aws:cloudtrail:us-east-1:350381001508:trail/research-trail;cloudtrail_multi_region_enabled;False;research-trail;HIPAA;HIPAA compliance framework;
aws;The Health Insurance Portability and Accountability Act of 1996 (HIPAA) is legislation that helps US workers to retain health insurance coverage when they change or lose jobs. The legislation also seeks to encourage electronic health records to improve the efficiency and quality of the US healthcare system through improved information sharing.;350381001508;ap-northeast-2;2026-08-01 19:04:21.788096;164_308_a_1_ii_d;Implement procedures to regularly review records of information system activity, such as audit logs, access reports, and security incident tracking reports.;164.308 Administrative Safeguards;;;aws;;PASS;Trail research-trail is multiregion and it is logging.;arn:aws:cloudtrail:us-east-1:350381001508:trail/research-trail;cloudtrail_multi_region_enabled;False;research-trail;HIPAA;HIPAA compliance framework;
aws;The Health Insurance Portability and Accountability Act of 1996 (HIPAA) is legislation that helps US workers to retain health insurance coverage when they change or lose jobs. The legislation also seeks to encourage electronic health records to improve the efficiency and quality of the US healthcare system through improved information sharing.;350381001508;ap-northeast-2;2026-08-01 19:04:21.788096;164_308_a_3_ii_a;Implement procedures for the authorization and/or supervision of workforce members who work with electronic protected health information or in locations where it might be accessed.;164.308 Administrative Safeguards;;;aws;;PASS;Trail research-trail is multiregion and it is logging.;arn:aws:cloudtrail:us-east-1:350381001508:trail/research-trail;cloudtrail_multi_region_enabled;False;research-trail;HIPAA;HIPAA compliance framework;
aws;The Health Insurance Portability and Accountability Act of 1996 (HIPAA) is legislation that helps US workers to retain health insurance coverage when they change or lose jobs. The legislation also seeks to encourage electronic health records to improve the efficiency and quality of the US healthcare system through improved information sharing.;350381001508;ap-northeast-2;2026-08-01 19:04:21.788096;164_308_a_6_ii;"Identify and respond to suspected or known security incidents; mitigate, to the extent practicable, harmful effects of security incidents that are known to the covered entity or business associate; and document security incidents and their outcomes.";164.308 Administrative Safeguards;;;aws;;PASS;Trail research-trail is multiregion and it is logging.;arn:aws:cloudtrail:us-east-1:350381001508:trail/research-trail;cloudtrail_multi_region_enabled;False;research-trail;HIPAA;HIPAA compliance framework;
aws;The Health Insurance Portability and Accountability Act of 1996 (HIPAA) is legislation that helps US workers to retain health insurance coverage when they change or lose jobs. The legislation also seeks to encourage electronic health records to improve the efficiency and quality of the US healthcare system through improved information sharing.;350381001508;ap-northeast-2;2026-08-01 19:04:21.788096;164_312_b;Implement hardware, software, and/or procedural mechanisms that record and examine activity in information systems that contain or use electronic protected health information.;164.312 Technical Safeguards;;;aws;;PASS;Trail research-trail is multiregion and it is logging.;arn:aws:cloudtrail:us-east-1:350381001508:trail/research-trail;cloudtrail_multi_region_enabled;False;research-trail;HIPAA;HIPAA compliance framework;
aws;The Health Insurance Portability and Accountability Act of 1996 (HIPAA) is legislation that helps US workers to retain health insurance coverage when they change or lose jobs. The legislation also seeks to encourage electronic health records to improve the efficiency and quality of the US healthcare system through improved information sharing.;350381001508;ap-northeast-2;2026-08-01 19:04:21.788096;164_312_e_2_i;Implement security measures to ensure that electronically transmitted electronic protected health information is not improperly modified without detection until disposed of.;164.312 Technical Safeguards;;;aws;;PASS;Trail research-trail is multiregion and it is logging.;arn:aws:cloudtrail:us-east-1:350381001508:trail/research-trail;cloudtrail_multi_region_enabled;False;research-trail;HIPAA;HIPAA compliance framework;
aws;The Health Insurance Portability and Accountability Act of 1996 (HIPAA) is legislation that helps US workers to retain health insurance coverage when they change or lose jobs. The legislation also seeks to encourage electronic health records to improve the efficiency and quality of the US healthcare system through improved information sharing.;350381001508;ap-northeast-3;2026-08-01 19:04:21.788096;164_308_a_1_ii_d;Implement procedures to regularly review records of information system activity, such as audit logs, access reports, and security incident tracking reports.;164.308 Administrative Safeguards;;;aws;;PASS;Trail research-trail is multiregion and it is logging.;arn:aws:cloudtrail:us-east-1:350381001508:trail/research-trail;cloudtrail_multi_region_enabled;False;research-trail;HIPAA;HIPAA compliance framework;
aws;The Health Insurance Portability and Accountability Act of 1996 (HIPAA) is legislation that helps US workers to retain health insurance coverage when they change or lose jobs. The legislation also seeks to encourage electronic health records to improve the efficiency and quality of the US healthcare system through improved information sharing.;350381001508;ap-northeast-3;2026-08-01 19:04:21.788096;164_308_a_3_ii_a;Implement procedures for the authorization and/or supervision of workforce members who work with electronic protected health information or in locations where it might be accessed.;164.308 Administrative Safeguards;;;aws;;PASS;Trail research-trail is multiregion and it is logging.;arn:aws:cloudtrail:us-east-1:350381001508:trail/research-trail;cloudtrail_multi_region_enabled;False;research-trail;HIPAA;HIPAA compliance framework;
aws;The Health Insurance Portability and Accountability Act of 1996 (HIPAA) is legislation that helps US workers to retain health insurance coverage when they change or lose jobs. The legislation also seeks to encourage electronic health records to improve the efficiency and quality of the US healthcare system through improved information sharing.;350381001508;ap-northeast-3;2026-08-01 19:04:21.788096;164_308_a_6_ii;"Identify and respond to suspected or known security incidents; mitigate, to the extent practicable, harmful effects of security incidents that are known to the covered entity or business associate; and document security incidents and their outcomes.";164.308 Administrative Safeguards;;;aws;;PASS;Trail research-trail is multiregion and it is logging.;arn:aws:cloudtrail:us-east-1:350381001508:trail/research-trail;cloudtrail_multi_region_enabled;False;research-trail;HIPAA;HIPAA compliance framework;
aws;The Health Insurance Portability and Accountability Act of 1996 (HIPAA) is legislation that helps US workers to retain health insurance coverage when they change or lose jobs. The legislation also seeks to encourage electronic health records to improve the efficiency and quality of the US healthcare system through improved information sharing.;350381001508;ap-northeast-3;2026-08-01 19:04:21.788096;164_312_b;Implement hardware, software, and/or procedural mechanisms that record and examine activity in information systems that contain or use electronic protected health information.;164.312 Technical Safeguards;;;aws;;PASS;Trail research-trail is multiregion and it is logging.;arn:aws:cloudtrail:us-east-1:350381001508:trail/research-trail;cloudtrail_multi_region_enabled;False;research-trail;HIPAA;HIPAA compliance framework;
aws;The Health Insurance Portability and Accountability Act of 1996 (HIPAA) is legislation that helps US workers to retain health insurance coverage when they change or lose jobs. The legislation also seeks to encourage electronic health records to improve the efficiency and quality of the US healthcare system through improved information sharing.;350381001508;ap-northeast-3;2026-08-01 19:04:21.788096;164_312_e_2_i;Implement security measures to ensure that electronically transmitted electronic protected health information is not improperly modified without detection until disposed of.;164.312 Technical Safeguards;;;aws;;PASS;Trail research-trail is multiregion and it is logging.;arn:aws:cloudtrail:us-east-1:350381001508:trail/research-trail;cloudtrail_multi_region_enabled;False;research-trail;HIPAA;HIPAA compliance framework;
aws;The Health Insurance Portability and Accountability Act of 1996 (HIPAA) is legislation that helps US workers to retain health insurance coverage when they change or lose jobs. The legislation also seeks to encourage electronic health records to improve the efficiency and quality of the US healthcare system through improved information sharing.;350381001508;ap-south-1;2026-08-01 19:04:21.788096;164_308_a_1_ii_d;Implement procedures to regularly review records of information system activity, such as audit logs, access reports, and security incident tracking reports.;164.308 Administrative Safeguards;;;aws;;PASS;Trail research-trail is multiregion and it is logging.;arn:aws:cloudtrail:us-east-1:350381001508:trail/research-trail;cloudtrail_multi_region_enabled;False;research-trail;HIPAA;HIPAA compliance framework;
aws;The Health Insurance Portability and Accountability Act of 1996 (HIPAA) is legislation that helps US workers to retain health insurance coverage when they change or lose jobs. The legislation also seeks to encourage electronic health records to improve the efficiency and quality of the US healthcare system through improved information sharing.;350381001508;ap-south-1;2026-08-01 19:04:21.788096;164_308_a_3_ii_a;Implement procedures for the authorization and/or supervision of workforce members who work with electronic protected health information or in locations where it might be accessed.;164.308 Administrative Safeguards;;;aws;;PASS;Trail research-trail is multiregion and it is logging.;arn:aws:cloudtrail:us-east-1:350381001508:trail/research-trail;cloudtrail_multi_region_enabled;False;research-trail;HIPAA;HIPAA compliance framework;
aws;The Health Insurance Portability and Accountability Act of 1996 (HIPAA) is legislation that helps US workers to retain health insurance coverage when they change or lose jobs. The legislation also seeks to encourage electronic health records to improve the efficiency and quality of the US healthcare system through improved information sharing.;350381001508;ap-south-1;2026-08-01 19:04:21.788096;164_308_a_6_ii;"Identify and respond to suspected or known security incidents; mitigate, to the extent practicable, harmful effects of security incidents that are known to the covered entity or business associate; and document security incidents and their outcomes.";164.308 Administrative Safeguards;;;aws;;PASS;Trail research-trail is multiregion and it is logging.;arn:aws:cloudtrail:us-east-1:350381001508:trail/research-trail;cloudtrail_multi_region_enabled;False;research-trail;HIPAA;HIPAA compliance framework;
aws;The Health Insurance Portability and Accountability Act of 1996 (HIPAA) is legislation that helps US workers to retain health insurance coverage when they change or lose jobs. The legislation also seeks to encourage electronic health records to improve the efficiency and quality of the US healthcare system through improved information sharing.;350381001508;ap-south-1;2026-08-01 19:04:21.788096;164_312_b;Implement hardware, software, and/or procedural mechanisms that record and examine activity in information systems that contain or use electronic protected health information.;164.312 Technical Safeguards;;;aws;;PASS;Trail research-trail is multiregion and it is logging.;arn:aws:cloudtrail:us-east-1:350381001508:trail/research-trail;cloudtrail_multi_region_enabled;False;research-trail;HIPAA;HIPAA compliance framework;
aws;The Health Insurance Portability and Accountability Act of 1996 (HIPAA) is legislation that helps US workers to retain health insurance coverage when they change or lose jobs. The legislation also seeks to encourage electronic health records to improve the efficiency and quality of the US healthcare system through improved information sharing.;350381001508;ap-south-1;2026-08-01 19:04:21.788096;164_312_e_2_i;Implement security measures to ensure that electronically transmitted electronic protected health information is not improperly modified without detection until disposed of.;164.312 Technical Safeguards;;;aws;;PASS;Trail research-trail is multiregion and it is logging.;arn:aws:cloudtrail:us-east-1:350381001508:trail/research-trail;cloudtrail_multi_region_enabled;False;research-trail;HIPAA;HIPAA compliance framework;
aws;The Health Insurance Portability and Accountability Act of 1996 (HIPAA) is legislation that helps US workers to retain health insurance coverage when they change or lose jobs. The legislation also seeks to encourage electronic health records to improve the efficiency and quality of the US healthcare system through improved information sharing.;350381001508;ap-southeast-1;2026-08-01 19:04:21.788096;164_308_a_1_ii_d;Implement procedures to regularly review records of information system activity, such as audit logs, access reports, and security incident tracking reports.;164.308 Administrative Safeguards;;;aws;;PASS;Trail research-trail is multiregion and it is logging.;arn:aws:cloudtrail:us-east-1:350381001508:trail/research-trail;cloudtrail_multi_region_enabled;False;research-trail;HIPAA;HIPAA compliance framework;
aws;The Health Insurance Portability and Accountability Act of 1996 (HIPAA) is legislation that helps US workers to retain health insurance coverage when they change or lose jobs. The legislation also seeks to encourage electronic health records to improve the efficiency and quality of the US healthcare system through improved information sharing.;350381001508;ap-southeast-1;2026-08-01 19:04:21.788096;164_308_a_3_ii_a;Implement procedures for the authorization and/or supervision of workforce members who work with electronic protected health information or in locations where it might be accessed.;164.308 Administrative Safeguards;;;aws;;PASS;Trail research-trail is multiregion and it is logging.;arn:aws:cloudtrail:us-east-1:350381001508:trail/research-trail;cloudtrail_multi_region_enabled;False;research-trail;HIPAA;HIPAA compliance framework;
aws;The Health Insurance Portability and Accountability Act of 1996 (HIPAA) is legislation that helps US workers to retain health insurance coverage when they change or lose jobs. The legislation also seeks to encourage electronic health records to improve the efficiency and quality of the US healthcare system through improved information sharing.;350381001508;ap-southeast-1;2026-08-01 19:04:21.788096;164_308_a_6_ii;"Identify and respond to suspected or known security incidents; mitigate, to the extent practicable, harmful effects of security incidents that are known to the covered entity or business associate; and document security incidents and their outcomes.";164.308 Administrative Safeguards;;;aws;;PASS;Trail research-trail is multiregion and it is logging.;arn:aws:cloudtrail:us-east-1:350381001508:trail/research-trail;cloudtrail_multi_region_enabled;False;research-trail;HIPAA;HIPAA compliance framework;
aws;The Health Insurance Portability and Accountability Act of 1996 (HIPAA) is legislation that helps US workers to retain health insurance coverage when they change or lose jobs. The legislation also seeks to encourage electronic health records to improve the efficiency and quality of the US healthcare system through improved information sharing.;350381001508;ap-southeast-1;2026-08-01 19:04:21.788096;164_312_b;Implement hardware, software, and/or procedural mechanisms that record and examine activity in information systems that contain or use electronic protected health information.;164.312 Technical Safeguards;;;aws;;PASS;Trail research-trail is multiregion and it is logging.;arn:aws:cloudtrail:us-east-1:350381001508:trail/research-trail;cloudtrail_multi_region_enabled;False;research-trail;HIPAA;HIPAA compliance framework;
aws;The Health Insurance Portability and Accountability Act of 1996 (HIPAA) is legislation that helps US workers to retain health insurance coverage when they change or lose jobs. The legislation also seeks to encourage electronic health records to improve the efficiency and quality of the US healthcare system through improved information sharing.;350381001508;ap-southeast-1;2026-08-01 19:04:21.788096;164_312_e_2_i;Implement security measures to ensure that electronically transmitted electronic protected health information is not improperly modified without detection until disposed of.;164.312 Technical Safeguards;;;aws;;PASS;Trail research-trail is multiregion and it is logging.;arn:aws:cloudtrail:us-east-1:350381001508:trail/research-trail;cloudtrail_multi_region_enabled;False;research-trail;HIPAA;HIPAA compliance framework;
aws;The Health Insurance Portability and Accountability Act of 1996 (HIPAA) is legislation that helps US workers to retain health insurance coverage when they change or lose jobs. The legislation also seeks to encourage electronic health records to improve the efficiency and quality of the US healthcare system through improved information sharing.;350381001508;ap-southeast-2;2026-08-01 19:04:21.788096;164_308_a_1_ii_d;Implement procedures to regularly review records of information system activity, such as audit logs, access reports, and security incident tracking reports.;164.308 Administrative Safeguards;;;aws;;PASS;Trail research-trail is multiregion and it is logging.;arn:aws:cloudtrail:us-east-1:350381001508:trail/research-trail;cloudtrail_multi_region_enabled;False;research-trail;HIPAA;HIPAA compliance framework;
aws;The Health Insurance Portability and Accountability Act of 1996 (HIPAA) is legislation that helps US workers to retain health insurance coverage when they change or lose jobs. The legislation also seeks to encourage electronic health records to improve the efficiency and quality of the US healthcare system through improved information sharing.;350381001508;ap-southeast-2;2026-08-01 19:04:21.788096;164_308_a_3_ii_a;Implement procedures for the authorization and/or supervision of workforce members who work with electronic protected health information or in locations where it might be accessed.;164.308 Administrative Safeguards;;;aws;;PASS;Trail research-trail is multiregion and it is logging.;arn:aws:cloudtrail:us-east-1:350381001508:trail/research-trail;cloudtrail_multi_region_enabled;False;research-trail;HIPAA;HIPAA compliance framework;
aws;The Health Insurance Portability and Accountability Act of 1996 (HIPAA) is legislation that helps US workers to retain health insurance coverage when they change or lose jobs. The legislation also seeks to encourage electronic health records to improve the efficiency and quality of the US healthcare system through improved information sharing.;350381001508;ap-southeast-2;2026-08-01 19:04:21.788096;164_308_a_6_ii;"Identify and respond to suspected or known security incidents; mitigate, to the extent practicable, harmful effects of security incidents that are known to the covered entity or business associate; and document security incidents and their outcomes.";164.308 Administrative Safeguards;;;aws;;PASS;Trail research-trail is multiregion and it is logging.;arn:aws:cloudtrail:us-east-1:350381001508:trail/research-trail;cloudtrail_multi_region_enabled;False;research-trail;HIPAA;HIPAA compliance framework;
aws;The Health Insurance Portability and Accountability Act of 1996 (HIPAA) is legislation that helps US workers to retain health insurance coverage when they change or lose jobs. The legislation also seeks to encourage electronic health records to improve the efficiency and quality of the US healthcare system through improved information sharing.;350381001508;ap-southeast-2;2026-08-01 19:04:21.788096;164_312_b;Implement hardware, software, and/or procedural mechanisms that record and examine activity in information systems that contain or use electronic protected health information.;164.312 Technical Safeguards;;;aws;;PASS;Trail research-trail is multiregion and it is logging.;arn:aws:cloudtrail:us-east-1:350381001508:trail/research-trail;cloudtrail_multi_region_enabled;False;research-trail;HIPAA;HIPAA compliance framework;
aws;The Health Insurance Portability and Accountability Act of 1996 (HIPAA) is legislation that helps US workers to retain health insurance coverage when they change or lose jobs. The legislation also seeks to encourage electronic health records to improve the efficiency and quality of the US healthcare system through improved information sharing.;350381001508;ap-southeast-2;2026-08-01 19:04:21.788096;164_312_e_2_i;Implement security measures to ensure that electronically transmitted electronic protected health information is not improperly modified without detection until disposed of.;164.312 Technical Safeguards;;;aws;;PASS;Trail research-trail is multiregion and it is logging.;arn:aws:cloudtrail:us-east-1:350381001508:trail/research-trail;cloudtrail_multi_region_enabled;False;research-trail;HIPAA;HIPAA compliance framework;
aws;The Health Insurance Portability and Accountability Act of 1996 (HIPAA) is legislation that helps US workers to retain health insurance coverage when they change or lose jobs. The legislation also seeks to encourage electronic health records to improve the efficiency and quality of the US healthcare system through improved information sharing.;350381001508;ca-central-1;2026-08-01 19:04:21.788096;164_308_a_1_ii_d;Implement procedures to regularly review records of information system activity, such as audit logs, access reports, and security incident tracking reports.;164.308 Administrative Safeguards;;;aws;;PASS;Trail research-trail is multiregion and it is logging.;arn:aws:cloudtrail:us-east-1:350381001508:trail/research-trail;cloudtrail_multi_region_enabled;False;research-trail;HIPAA;HIPAA compliance framework;
aws;The Health Insurance Portability and Accountability Act of 1996 (HIPAA) is legislation that helps US workers to retain health insurance coverage when they change or lose jobs. The legislation also seeks to encourage electronic health records to improve the efficiency and quality of the US healthcare system through improved information sharing.;350381001508;ca-central-1;2026-08-01 19:04:21.788096;164_308_a_3_ii_a;Implement procedures for the authorization and/or supervision of workforce members who work with electronic protected health information or in locations where it might be accessed.;164.308 Administrative Safeguards;;;aws;;PASS;Trail research-trail is multiregion and it is logging.;arn:aws:cloudtrail:us-east-1:350381001508:trail/research-trail;cloudtrail_multi_region_enabled;False;research-trail;HIPAA;HIPAA compliance framework;
aws;The Health Insurance Portability and Accountability Act of 1996 (HIPAA) is legislation that helps US workers to retain health insurance coverage when they change or lose jobs. The legislation also seeks to encourage electronic health records to improve the efficiency and quality of the US healthcare system through improved information sharing.;350381001508;ca-central-1;2026-08-01 19:04:21.788096;164_308_a_6_ii;"Identify and respond to suspected or known security incidents; mitigate, to the extent practicable, harmful effects of security incidents that are known to the covered entity or business associate; and document security incidents and their outcomes.";164.308 Administrative Safeguards;;;aws;;PASS;Trail research-trail is multiregion and it is logging.;arn:aws:cloudtrail:us-east-1:350381001508:trail/research-trail;cloudtrail_multi_region_enabled;False;research-trail;HIPAA;HIPAA compliance framework;
aws;The Health Insurance Portability and Accountability Act of 1996 (HIPAA) is legislation that helps US workers to retain health insurance coverage when they change or lose jobs. The legislation also seeks to encourage electronic health records to improve the efficiency and quality of the US healthcare system through improved information sharing.;350381001508;ca-central-1;2026-08-01 19:04:21.788096;164_312_b;Implement hardware, software, and/or procedural mechanisms that record and examine activity in information systems that contain or use electronic protected health information.;164.312 Technical Safeguards;;;aws;;PASS;Trail research-trail is multiregion and it is logging.;arn:aws:cloudtrail:us-east-1:350381001508:trail/research-trail;cloudtrail_multi_region_enabled;False;research-trail;HIPAA;HIPAA compliance framework;
aws;The Health Insurance Portability and Accountability Act of 1996 (HIPAA) is legislation that helps US workers to retain health insurance coverage when they change or lose jobs. The legislation also seeks to encourage electronic health records to improve the efficiency and quality of the US healthcare system through improved information sharing.;350381001508;ca-central-1;2026-08-01 19:04:21.788096;164_312_e_2_i;Implement security measures to ensure that electronically transmitted electronic protected health information is not improperly modified without detection until disposed of.;164.312 Technical Safeguards;;;aws;;PASS;Trail research-trail is multiregion and it is logging.;arn:aws:cloudtrail:us-east-1:350381001508:trail/research-trail;cloudtrail_multi_region_enabled;False;research-trail;HIPAA;HIPAA compliance framework;
aws;The Health Insurance Portability and Accountability Act of 1996 (HIPAA) is legislation that helps US workers to retain health insurance coverage when they change or lose jobs. The legislation also seeks to encourage electronic health records to improve the efficiency and quality of the US healthcare system through improved information sharing.;350381001508;eu-central-1;2026-08-01 19:04:21.788096;164_308_a_1_ii_d;Implement procedures to regularly review records of information system activity, such as audit logs, access reports, and security incident tracking reports.;164.308 Administrative Safeguards;;;aws;;PASS;Trail research-trail is multiregion and it is logging.;arn:aws:cloudtrail:us-east-1:350381001508:trail/research-trail;cloudtrail_multi_region_enabled;False;research-trail;HIPAA;HIPAA compliance framework;
aws;The Health Insurance Portability and Accountability Act of 1996 (HIPAA) is legislation that helps US workers to retain health insurance coverage when they change or lose jobs. The legislation also seeks to encourage electronic health records to improve the efficiency and quality of the US healthcare system through improved information sharing.;350381001508;eu-central-1;2026-08-01 19:04:21.788096;164_308_a_3_ii_a;Implement procedures for the authorization and/or supervision of workforce members who work with electronic protected health information or in locations where it might be accessed.;164.308 Administrative Safeguards;;;aws;;PASS;Trail research-trail is multiregion and it is logging.;arn:aws:cloudtrail:us-east-1:350381001508:trail/research-trail;cloudtrail_multi_region_enabled;False;research-trail;HIPAA;HIPAA compliance framework;
aws;The Health Insurance Portability and Accountability Act of 1996 (HIPAA) is legislation that helps US workers to retain health insurance coverage when they change or lose jobs. The legislation also seeks to encourage electronic health records to improve the efficiency and quality of the US healthcare system through improved information sharing.;350381001508;eu-central-1;2026-08-01 19:04:21.788096;164_308_a_6_ii;"Identify and respond to suspected or known security incidents; mitigate, to the extent practicable, harmful effects of security incidents that are known to the covered entity or business associate; and document security incidents and their outcomes.";164.308 Administrative Safeguards;;;aws;;PASS;Trail research-trail is multiregion and it is logging.;arn:aws:cloudtrail:us-east-1:350381001508:trail/research-trail;cloudtrail_multi_region_enabled;False;research-trail;HIPAA;HIPAA compliance framework;
aws;The Health Insurance Portability and Accountability Act of 1996 (HIPAA) is legislation that helps US workers to retain health insurance coverage when they change or lose jobs. The legislation also seeks to encourage electronic health records to improve the efficiency and quality of the US healthcare system through improved information sharing.;350381001508;eu-central-1;2026-08-01 19:04:21.788096;164_312_b;Implement hardware, software, and/or procedural mechanisms that record and examine activity in information systems that contain or use electronic protected health information.;164.312 Technical Safeguards;;;aws;;PASS;Trail research-trail is multiregion and it is logging.;arn:aws:cloudtrail:us-east-1:350381001508:trail/research-trail;cloudtrail_multi_region_enabled;False;research-trail;HIPAA;HIPAA compliance framework;
aws;The Health Insurance Portability and Accountability Act of 1996 (HIPAA) is legislation that helps US workers to retain health insurance coverage when they change or lose jobs. The legislation also seeks to encourage electronic health records to improve the efficiency and quality of the US healthcare system through improved information sharing.;350381001508;eu-central-1;2026-08-01 19:04:21.788096;164_312_e_2_i;Implement security measures to ensure that electronically transmitted electronic protected health information is not improperly modified without detection until disposed of.;164.312 Technical Safeguards;;;aws;;PASS;Trail research-trail is multiregion and it is logging.;arn:aws:cloudtrail:us-east-1:350381001508:trail/research-trail;cloudtrail_multi_region_enabled;False;research-trail;HIPAA;HIPAA compliance framework;
aws;The Health Insurance Portability and Accountability Act of 1996 (HIPAA) is legislation that helps US workers to retain health insurance coverage when they change or lose jobs. The legislation also seeks to encourage electronic health records to improve the efficiency and quality of the US healthcare system through improved information sharing.;350381001508;eu-north-1;2026-08-01 19:04:21.788096;164_308_a_1_ii_d;Implement procedures to regularly review records of information system activity, such as audit logs, access reports, and security incident tracking reports.;164.308 Administrative Safeguards;;;aws;;PASS;Trail research-trail is multiregion and it is logging.;arn:aws:cloudtrail:us-east-1:350381001508:trail/research-trail;cloudtrail_multi_region_enabled;False;research-trail;HIPAA;HIPAA compliance framework;
aws;The Health Insurance Portability and Accountability Act of 1996 (HIPAA) is legislation that helps US workers to retain health insurance coverage when they change or lose jobs. The legislation also seeks to encourage electronic health records to improve the efficiency and quality of the US healthcare system through improved information sharing.;350381001508;eu-north-1;2026-08-01 19:04:21.788096;164_308_a_3_ii_a;Implement procedures for the authorization and/or supervision of workforce members who work with electronic protected health information or in locations where it might be accessed.;164.308 Administrative Safeguards;;;aws;;PASS;Trail research-trail is multiregion and it is logging.;arn:aws:cloudtrail:us-east-1:350381001508:trail/research-trail;cloudtrail_multi_region_enabled;False;research-trail;HIPAA;HIPAA compliance framework;
aws;The Health Insurance Portability and Accountability Act of 1996 (HIPAA) is legislation that helps US workers to retain health insurance coverage when they change or lose jobs. The legislation also seeks to encourage electronic health records to improve the efficiency and quality of the US healthcare system through improved information sharing.;350381001508;eu-north-1;2026-08-01 19:04:21.788096;164_308_a_6_ii;"Identify and respond to suspected or known security incidents; mitigate, to the extent practicable, harmful effects of security incidents that are known to the covered entity or business associate; and document security incidents and their outcomes.";164.308 Administrative Safeguards;;;aws;;PASS;Trail research-trail is multiregion and it is logging.;arn:aws:cloudtrail:us-east-1:350381001508:trail/research-trail;cloudtrail_multi_region_enabled;False;research-trail;HIPAA;HIPAA compliance framework;
aws;The Health Insurance Portability and Accountability Act of 1996 (HIPAA) is legislation that helps US workers to retain health insurance coverage when they change or lose jobs. The legislation also seeks to encourage electronic health records to improve the efficiency and quality of the US healthcare system through improved information sharing.;350381001508;eu-north-1;2026-08-01 19:04:21.788096;164_312_b;Implement hardware, software, and/or procedural mechanisms that record and examine activity in information systems that contain or use electronic protected health information.;164.312 Technical Safeguards;;;aws;;PASS;Trail research-trail is multiregion and it is logging.;arn:aws:cloudtrail:us-east-1:350381001508:trail/research-trail;cloudtrail_multi_region_enabled;False;research-trail;HIPAA;HIPAA compliance framework;
aws;The Health Insurance Portability and Accountability Act of 1996 (HIPAA) is legislation that helps US workers to retain health insurance coverage when they change or lose jobs. The legislation also seeks to encourage electronic health records to improve the efficiency and quality of the US healthcare system through improved information sharing.;350381001508;eu-north-1;2026-08-01 19:04:21.788096;164_312_e_2_i;Implement security measures to ensure that electronically transmitted electronic protected health information is not improperly modified without detection until disposed of.;164.312 Technical Safeguards;;;aws;;PASS;Trail research-trail is multiregion and it is logging.;arn:aws:cloudtrail:us-east-1:350381001508:trail/research-trail;cloudtrail_multi_region_enabled;False;research-trail;HIPAA;HIPAA compliance framework;
aws;The Health Insurance Portability and Accountability Act of 1996 (HIPAA) is legislation that helps US workers to retain health insurance coverage when they change or lose jobs. The legislation also seeks to encourage electronic health records to improve the efficiency and quality of the US healthcare system through improved information sharing.;350381001508;eu-west-1;2026-08-01 19:04:21.788096;164_308_a_1_ii_d;Implement procedures to regularly review records of information system activity, such as audit logs, access reports, and security incident tracking reports.;164.308 Administrative Safeguards;;;aws;;PASS;Trail research-trail is multiregion and it is logging.;arn:aws:cloudtrail:us-east-1:350381001508:trail/research-trail;cloudtrail_multi_region_enabled;False;research-trail;HIPAA;HIPAA compliance framework;
aws;The Health Insurance Portability and Accountability Act of 1996 (HIPAA) is legislation that helps US workers to retain health insurance coverage when they change or lose jobs. The legislation also seeks to encourage electronic health records to improve the efficiency and quality of the US healthcare system through improved information sharing.;350381001508;eu-west-1;2026-08-01 19:04:21.788096;164_308_a_3_ii_a;Implement procedures for the authorization and/or supervision of workforce members who work with electronic protected health information or in locations where it might be accessed.;164.308 Administrative Safeguards;;;aws;;PASS;Trail research-trail is multiregion and it is logging.;arn:aws:cloudtrail:us-east-1:350381001508:trail/research-trail;cloudtrail_multi_region_enabled;False;research-trail;HIPAA;HIPAA compliance framework;
aws;The Health Insurance Portability and Accountability Act of 1996 (HIPAA) is legislation that helps US workers to retain health insurance coverage when they change or lose jobs. The legislation also seeks to encourage electronic health records to improve the efficiency and quality of the US healthcare system through improved information sharing.;350381001508;eu-west-1;2026-08-01 19:04:21.788096;164_308_a_6_ii;"Identify and respond to suspected or known security incidents; mitigate, to the extent practicable, harmful effects of security incidents that are known to the covered entity or business associate; and document security incidents and their outcomes.";164.308 Administrative Safeguards;;;aws;;PASS;Trail research-trail is multiregion and it is logging.;arn:aws:cloudtrail:us-east-1:350381001508:trail/research-trail;cloudtrail_multi_region_enabled;False;research-trail;HIPAA;HIPAA compliance framework;
aws;The Health Insurance Portability and Accountability Act of 1996 (HIPAA) is legislation that helps US workers to retain health insurance coverage when they change or lose jobs. The legislation also seeks to encourage electronic health records to improve the efficiency and quality of the US healthcare system through improved information sharing.;350381001508;eu-west-1;2026-08-01 19:04:21.788096;164_312_b;Implement hardware, software, and/or procedural mechanisms that record and examine activity in information systems that contain or use electronic protected health information.;164.312 Technical Safeguards;;;aws;;PASS;Trail research-trail is multiregion and it is logging.;arn:aws:cloudtrail:us-east-1:350381001508:trail/research-trail;cloudtrail_multi_region_enabled;False;research-trail;HIPAA;HIPAA compliance framework;
aws;The Health Insurance Portability and Accountability Act of 1996 (HIPAA) is legislation that helps US workers to retain health insurance coverage when they change or lose jobs. The legislation also seeks to encourage electronic health records to improve the efficiency and quality of the US healthcare system through improved information sharing.;350381001508;eu-west-1;2026-08-01 19:04:21.788096;164_312_e_2_i;Implement security measures to ensure that electronically transmitted electronic protected health information is not improperly modified without detection until disposed of.;164.312 Technical Safeguards;;;aws;;PASS;Trail research-trail is multiregion and it is logging.;arn:aws:cloudtrail:us-east-1:350381001508:trail/research-trail;cloudtrail_multi_region_enabled;False;research-trail;HIPAA;HIPAA compliance framework;
aws;The Health Insurance Portability and Accountability Act of 1996 (HIPAA) is legislation that helps US workers to retain health insurance coverage when they change or lose jobs. The legislation also seeks to encourage electronic health records to improve the efficiency and quality of the US healthcare system through improved information sharing.;350381001508;eu-west-2;2026-08-01 19:04:21.788096;164_308_a_1_ii_d;Implement procedures to regularly review records of information system activity, such as audit logs, access reports, and security incident tracking reports.;164.308 Administrative Safeguards;;;aws;;PASS;Trail research-trail is multiregion and it is logging.;arn:aws:cloudtrail:us-east-1:350381001508:trail/research-trail;cloudtrail_multi_region_enabled;False;research-trail;HIPAA;HIPAA compliance framework;
aws;The Health Insurance Portability and Accountability Act of 1996 (HIPAA) is legislation that helps US workers to retain health insurance coverage when they change or lose jobs. The legislation also seeks to encourage electronic health records to improve the efficiency and quality of the US healthcare system through improved information sharing.;350381001508;eu-west-2;2026-08-01 19:04:21.788096;164_308_a_3_ii_a;Implement procedures for the authorization and/or supervision of workforce members who work with electronic protected health information or in locations where it might be accessed.;164.308 Administrative Safeguards;;;aws;;PASS;Trail research-trail is multiregion and it is logging.;arn:aws:cloudtrail:us-east-1:350381001508:trail/research-trail;cloudtrail_multi_region_enabled;False;research-trail;HIPAA;HIPAA compliance framework;
aws;The Health Insurance Portability and Accountability Act of 1996 (HIPAA) is legislation that helps US workers to retain health insurance coverage when they change or lose jobs. The legislation also seeks to encourage electronic health records to improve the efficiency and quality of the US healthcare system through improved information sharing.;350381001508;eu-west-2;2026-08-01 19:04:21.788096;164_308_a_6_ii;"Identify and respond to suspected or known security incidents; mitigate, to the extent practicable, harmful effects of security incidents that are known to the covered entity or business associate; and document security incidents and their outcomes.";164.308 Administrative Safeguards;;;aws;;PASS;Trail research-trail is multiregion and it is logging.;arn:aws:cloudtrail:us-east-1:350381001508:trail/research-trail;cloudtrail_multi_region_enabled;False;research-trail;HIPAA;HIPAA compliance framework;
aws;The Health Insurance Portability and Accountability Act of 1996 (HIPAA) is legislation that helps US workers to retain health insurance coverage when they change or lose jobs. The legislation also seeks to encourage electronic health records to improve the efficiency and quality of the US healthcare system through improved information sharing.;350381001508;eu-west-2;2026-08-01 19:04:21.788096;164_312_b;Implement hardware, software, and/or procedural mechanisms that record and examine activity in information systems that contain or use electronic protected health information.;164.312 Technical Safeguards;;;aws;;PASS;Trail research-trail is multiregion and it is logging.;arn:aws:cloudtrail:us-east-1:350381001508:trail/research-trail;cloudtrail_multi_region_enabled;False;research-trail;HIPAA;HIPAA compliance framework;
aws;The Health Insurance Portability and Accountability Act of 1996 (HIPAA) is legislation that helps US workers to retain health insurance coverage when they change or lose jobs. The legislation also seeks to encourage electronic health records to improve the efficiency and quality of the US healthcare system through improved information sharing.;350381001508;eu-west-2;2026-08-01 19:04:21.788096;164_312_e_2_i;Implement security measures to ensure that electronically transmitted electronic protected health information is not improperly modified without detection until disposed of.;164.312 Technical Safeguards;;;aws;;PASS;Trail research-trail is multiregion and it is logging.;arn:aws:cloudtrail:us-east-1:350381001508:trail/research-trail;cloudtrail_multi_region_enabled;False;research-trail;HIPAA;HIPAA compliance framework;
aws;The Health Insurance Portability and Accountability Act of 1996 (HIPAA) is legislation that helps US workers to retain health insurance coverage when they change or lose jobs. The legislation also seeks to encourage electronic health records to improve the efficiency and quality of the US healthcare system through improved information sharing.;350381001508;eu-west-3;2026-08-01 19:04:21.788096;164_308_a_1_ii_d;Implement procedures to regularly review records of information system activity, such as audit logs, access reports, and security incident tracking reports.;164.308 Administrative Safeguards;;;aws;;PASS;Trail research-trail is multiregion and it is logging.;arn:aws:cloudtrail:us-east-1:350381001508:trail/research-trail;cloudtrail_multi_region_enabled;False;research-trail;HIPAA;HIPAA compliance framework;
aws;The Health Insurance Portability and Accountability Act of 1996 (HIPAA) is legislation that helps US workers to retain health insurance coverage when they change or lose jobs. The legislation also seeks to encourage electronic health records to improve the efficiency and quality of the US healthcare system through improved information sharing.;350381001508;eu-west-3;2026-08-01 19:04:21.788096;164_308_a_3_ii_a;Implement procedures for the authorization and/or supervision of workforce members who work with electronic protected health information or in locations where it might be accessed.;164.308 Administrative Safeguards;;;aws;;PASS;Trail research-trail is multiregion and it is logging.;arn:aws:cloudtrail:us-east-1:350381001508:trail/research-trail;cloudtrail_multi_region_enabled;False;research-trail;HIPAA;HIPAA compliance framework;
aws;The Health Insurance Portability and Accountability Act of 1996 (HIPAA) is legislation that helps US workers to retain health insurance coverage when they change or lose jobs. The legislation also seeks to encourage electronic health records to improve the efficiency and quality of the US healthcare system through improved information sharing.;350381001508;eu-west-3;2026-08-01 19:04:21.788096;164_308_a_6_ii;"Identify and respond to suspected or known security incidents; mitigate, to the extent practicable, harmful effects of security incidents that are known to the covered entity or business associate; and document security incidents and their outcomes.";164.308 Administrative Safeguards;;;aws;;PASS;Trail research-trail is multiregion and it is logging.;arn:aws:cloudtrail:us-east-1:350381001508:trail/research-trail;cloudtrail_multi_region_enabled;False;research-trail;HIPAA;HIPAA compliance framework;
aws;The Health Insurance Portability and Accountability Act of 1996 (HIPAA) is legislation that helps US workers to retain health insurance coverage when they change or lose jobs. The legislation also seeks to encourage electronic health records to improve the efficiency and quality of the US healthcare system through improved information sharing.;350381001508;eu-west-3;2026-08-01 19:04:21.788096;164_312_b;Implement hardware, software, and/or procedural mechanisms that record and examine activity in information systems that contain or use electronic protected health information.;164.312 Technical Safeguards;;;aws;;PASS;Trail research-trail is multiregion and it is logging.;arn:aws:cloudtrail:us-east-1:350381001508:trail/research-trail;cloudtrail_multi_region_enabled;False;research-trail;HIPAA;HIPAA compliance framework;
aws;The Health Insurance Portability and Accountability Act of 1996 (HIPAA) is legislation that helps US workers to retain health insurance coverage when they change or lose jobs. The legislation also seeks to encourage electronic health records to improve the efficiency and quality of the US healthcare system through improved information sharing.;350381001508;eu-west-3;2026-08-01 19:04:21.788096;164_312_e_2_i;Implement security measures to ensure that electronically transmitted electronic protected health information is not improperly modified without detection until disposed of.;164.312 Technical Safeguards;;;aws;;PASS;Trail research-trail is multiregion and it is logging.;arn:aws:cloudtrail:us-east-1:350381001508:trail/research-trail;cloudtrail_multi_region_enabled;False;research-trail;HIPAA;HIPAA compliance framework;
aws;The Health Insurance Portability and Accountability Act of 1996 (HIPAA) is legislation that helps US workers to retain health insurance coverage when they change or lose jobs. The legislation also seeks to encourage electronic health records to improve the efficiency and quality of the US healthcare system through improved information sharing.;350381001508;sa-east-1;2026-08-01 19:04:21.788096;164_308_a_1_ii_d;Implement procedures to regularly review records of information system activity, such as audit logs, access reports, and security incident tracking reports.;164.308 Administrative Safeguards;;;aws;;PASS;Trail research-trail is multiregion and it is logging.;arn:aws:cloudtrail:us-east-1:350381001508:trail/research-trail;cloudtrail_multi_region_enabled;False;research-trail;HIPAA;HIPAA compliance framework;
aws;The Health Insurance Portability and Accountability Act of 1996 (HIPAA) is legislation that helps US workers to retain health insurance coverage when they change or lose jobs. The legislation also seeks to encourage electronic health records to improve the efficiency and quality of the US healthcare system through improved information sharing.;350381001508;sa-east-1;2026-08-01 19:04:21.788096;164_308_a_3_ii_a;Implement procedures for the authorization and/or supervision of workforce members who work with electronic protected health information or in locations where it might be accessed.;164.308 Administrative Safeguards;;;aws;;PASS;Trail research-trail is multiregion and it is logging.;arn:aws:cloudtrail:us-east-1:350381001508:trail/research-trail;cloudtrail_multi_region_enabled;False;research-trail;HIPAA;HIPAA compliance framework;
aws;The Health Insurance Portability and Accountability Act of 1996 (HIPAA) is legislation that helps US workers to retain health insurance coverage when they change or lose jobs. The legislation also seeks to encourage electronic health records to improve the efficiency and quality of the US healthcare system through improved information sharing.;350381001508;sa-east-1;2026-08-01 19:04:21.788096;164_308_a_6_ii;"Identify and respond to suspected or known security incidents; mitigate, to the extent practicable, harmful effects of security incidents that are known to the covered entity or business associate; and document security incidents and their outcomes.";164.308 Administrative Safeguards;;;aws;;PASS;Trail research-trail is multiregion and it is logging.;arn:aws:cloudtrail:us-east-1:350381001508:trail/research-trail;cloudtrail_multi_region_enabled;False;research-trail;HIPAA;HIPAA compliance framework;
aws;The Health Insurance Portability and Accountability Act of 1996 (HIPAA) is legislation that helps US workers to retain health insurance coverage when they change or lose jobs. The legislation also seeks to encourage electronic health records to improve the efficiency and quality of the US healthcare system through improved information sharing.;350381001508;sa-east-1;2026-08-01 19:04:21.788096;164_312_b;Implement hardware, software, and/or procedural mechanisms that record and examine activity in information systems that contain or use electronic protected health information.;164.312 Technical Safeguards;;;aws;;PASS;Trail research-trail is multiregion and it is logging.;arn:aws:cloudtrail:us-east-1:350381001508:trail/research-trail;cloudtrail_multi_region_enabled;False;research-trail;HIPAA;HIPAA compliance framework;
aws;The Health Insurance Portability and Accountability Act of 1996 (HIPAA) is legislation that helps US workers to retain health insurance coverage when they change or lose jobs. The legislation also seeks to encourage electronic health records to improve the efficiency and quality of the US healthcare system through improved information sharing.;350381001508;sa-east-1;2026-08-01 19:04:21.788096;164_312_e_2_i;Implement security measures to ensure that electronically transmitted electronic protected health information is not improperly modified without detection until disposed of.;164.312 Technical Safeguards;;;aws;;PASS;Trail research-trail is multiregion and it is logging.;arn:aws:cloudtrail:us-east-1:350381001508:trail/research-trail;cloudtrail_multi_region_enabled;False;research-trail;HIPAA;HIPAA compliance framework;
aws;The Health Insurance Portability and Accountability Act of 1996 (HIPAA) is legislation that helps US workers to retain health insurance coverage when they change or lose jobs. The legislation also seeks to encourage electronic health records to improve the efficiency and quality of the US healthcare system through improved information sharing.;350381001508;us-east-1;2026-08-01 19:04:21.788096;164_308_a_1_ii_d;Implement procedures to regularly review records of information system activity, such as audit logs, access reports, and security incident tracking reports.;164.308 Administrative Safeguards;;;aws;;PASS;Trail research-trail is multiregion and it is logging.;arn:aws:cloudtrail:us-east-1:350381001508:trail/research-trail;cloudtrail_multi_region_enabled;False;research-trail;HIPAA;HIPAA compliance framework;
aws;The Health Insurance Portability and Accountability Act of 1996 (HIPAA) is legislation that helps US workers to retain health insurance coverage when they change or lose jobs. The legislation also seeks to encourage electronic health records to improve the efficiency and quality of the US healthcare system through improved information sharing.;350381001508;us-east-1;2026-08-01 19:04:21.788096;164_308_a_3_ii_a;Implement procedures for the authorization and/or supervision of workforce members who work with electronic protected health information or in locations where it might be accessed.;164.308 Administrative Safeguards;;;aws;;PASS;Trail research-trail is multiregion and it is logging.;arn:aws:cloudtrail:us-east-1:350381001508:trail/research-trail;cloudtrail_multi_region_enabled;False;research-trail;HIPAA;HIPAA compliance framework;
aws;The Health Insurance Portability and Accountability Act of 1996 (HIPAA) is legislation that helps US workers to retain health insurance coverage when they change or lose jobs. The legislation also seeks to encourage electronic health records to improve the efficiency and quality of the US healthcare system through improved information sharing.;350381001508;us-east-1;2026-08-01 19:04:21.788096;164_308_a_6_ii;"Identify and respond to suspected or known security incidents; mitigate, to the extent practicable, harmful effects of security incidents that are known to the covered entity or business associate; and document security incidents and their outcomes.";164.308 Administrative Safeguards;;;aws;;PASS;Trail research-trail is multiregion and it is logging.;arn:aws:cloudtrail:us-east-1:350381001508:trail/research-trail;cloudtrail_multi_region_enabled;False;research-trail;HIPAA;HIPAA compliance framework;
aws;The Health Insurance Portability and Accountability Act of 1996 (HIPAA) is legislation that helps US workers to retain health insurance coverage when they change or lose jobs. The legislation also seeks to encourage electronic health records to improve the efficiency and quality of the US healthcare system through improved information sharing.;350381001508;us-east-1;2026-08-01 19:04:21.788096;164_312_b;Implement hardware, software, and/or procedural mechanisms that record and examine activity in information systems that contain or use electronic protected health information.;164.312 Technical Safeguards;;;aws;;PASS;Trail research-trail is multiregion and it is logging.;arn:aws:cloudtrail:us-east-1:350381001508:trail/research-trail;cloudtrail_multi_region_enabled;False;research-trail;HIPAA;HIPAA compliance framework;
aws;The Health Insurance Portability and Accountability Act of 1996 (HIPAA) is legislation that helps US workers to retain health insurance coverage when they change or lose jobs. The legislation also seeks to encourage electronic health records to improve the efficiency and quality of the US healthcare system through improved information sharing.;350381001508;us-east-1;2026-08-01 19:04:21.788096;164_312_e_2_i;Implement security measures to ensure that electronically transmitted electronic protected health information is not improperly modified without detection until disposed of.;164.312 Technical Safeguards;;;aws;;PASS;Trail research-trail is multiregion and it is logging.;arn:aws:cloudtrail:us-east-1:350381001508:trail/research-trail;cloudtrail_multi_region_enabled;False;research-trail;HIPAA;HIPAA compliance framework;
aws;The Health Insurance Portability and Accountability Act of 1996 (HIPAA) is legislation that helps US workers to retain health insurance coverage when they change or lose jobs. The legislation also seeks to encourage electronic health records to improve the efficiency and quality of the US healthcare system through improved information sharing.;350381001508;us-east-2;2026-08-01 19:04:21.788096;164_308_a_1_ii_d;Implement procedures to regularly review records of information system activity, such as audit logs, access reports, and security incident tracking reports.;164.308 Administrative Safeguards;;;aws;;PASS;Trail research-trail is multiregion and it is logging.;arn:aws:cloudtrail:us-east-1:350381001508:trail/research-trail;cloudtrail_multi_region_enabled;False;research-trail;HIPAA;HIPAA compliance framework;
aws;The Health Insurance Portability and Accountability Act of 1996 (HIPAA) is legislation that helps US workers to retain health insurance coverage when they change or lose jobs. The legislation also seeks to encourage electronic health records to improve the efficiency and quality of the US healthcare system through improved information sharing.;350381001508;us-east-2;2026-08-01 19:04:21.788096;164_308_a_3_ii_a;Implement procedures for the authorization and/or supervision of workforce members who work with electronic protected health information or in locations where it might be accessed.;164.308 Administrative Safeguards;;;aws;;PASS;Trail research-trail is multiregion and it is logging.;arn:aws:cloudtrail:us-east-1:350381001508:trail/research-trail;cloudtrail_multi_region_enabled;False;research-trail;HIPAA;HIPAA compliance framework;
aws;The Health Insurance Portability and Accountability Act of 1996 (HIPAA) is legislation that helps US workers to retain health insurance coverage when they change or lose jobs. The legislation also seeks to encourage electronic health records to improve the efficiency and quality of the US healthcare system through improved information sharing.;350381001508;us-east-2;2026-08-01 19:04:21.788096;164_308_a_6_ii;"Identify and respond to suspected or known security incidents; mitigate, to the extent practicable, harmful effects of security incidents that are known to the covered entity or business associate; and document security incidents and their outcomes.";164.308 Administrative Safeguards;;;aws;;PASS;Trail research-trail is multiregion and it is logging.;arn:aws:cloudtrail:us-east-1:350381001508:trail/research-trail;cloudtrail_multi_region_enabled;False;research-trail;HIPAA;HIPAA compliance framework;
aws;The Health Insurance Portability and Accountability Act of 1996 (HIPAA) is legislation that helps US workers to retain health insurance coverage when they change or lose jobs. The legislation also seeks to encourage electronic health records to improve the efficiency and quality of the US healthcare system through improved information sharing.;350381001508;us-east-2;2026-08-01 19:04:21.788096;164_312_b;Implement hardware, software, and/or procedural mechanisms that record and examine activity in information systems that contain or use electronic protected health information.;164.312 Technical Safeguards;;;aws;;PASS;Trail research-trail is multiregion and it is logging.;arn:aws:cloudtrail:us-east-1:350381001508:trail/research-trail;cloudtrail_multi_region_enabled;False;research-trail;HIPAA;HIPAA compliance framework;
aws;The Health Insurance Portability and Accountability Act of 1996 (HIPAA) is legislation that helps US workers to retain health insurance coverage when they change or lose jobs. The legislation also seeks to encourage electronic health records to improve the efficiency and quality of the US healthcare system through improved information sharing.;350381001508;us-east-2;2026-08-01 19:04:21.788096;164_312_e_2_i;Implement security measures to ensure that electronically transmitted electronic protected health information is not improperly modified without detection until disposed of.;164.312 Technical Safeguards;;;aws;;PASS;Trail research-trail is multiregion and it is logging.;arn:aws:cloudtrail:us-east-1:350381001508:trail/research-trail;cloudtrail_multi_region_enabled;False;research-trail;HIPAA;HIPAA compliance framework;
aws;The Health Insurance Portability and Accountability Act of 1996 (HIPAA) is legislation that helps US workers to retain health insurance coverage when they change or lose jobs. The legislation also seeks to encourage electronic health records to improve the efficiency and quality of the US healthcare system through improved information sharing.;350381001508;us-west-1;2026-08-01 19:04:21.788096;164_308_a_1_ii_d;Implement procedures to regularly review records of information system activity, such as audit logs, access reports, and security incident tracking reports.;164.308 Administrative Safeguards;;;aws;;PASS;Trail research-trail is multiregion and it is logging.;arn:aws:cloudtrail:us-east-1:350381001508:trail/research-trail;cloudtrail_multi_region_enabled;False;research-trail;HIPAA;HIPAA compliance framework;
aws;The Health Insurance Portability and Accountability Act of 1996 (HIPAA) is legislation that helps US workers to retain health insurance coverage when they change or lose jobs. The legislation also seeks to encourage electronic health records to improve the efficiency and quality of the US healthcare system through improved information sharing.;350381001508;us-west-1;2026-08-01 19:04:21.788096;164_308_a_3_ii_a;Implement procedures for the authorization and/or supervision of workforce members who work with electronic protected health information or in locations where it might be accessed.;164.308 Administrative Safeguards;;;aws;;PASS;Trail research-trail is multiregion and it is logging.;arn:aws:cloudtrail:us-east-1:350381001508:trail/research-trail;cloudtrail_multi_region_enabled;False;research-trail;HIPAA;HIPAA compliance framework;
aws;The Health Insurance Portability and Accountability Act of 1996 (HIPAA) is legislation that helps US workers to retain health insurance coverage when they change or lose jobs. The legislation also seeks to encourage electronic health records to improve the efficiency and quality of the US healthcare system through improved information sharing.;350381001508;us-west-1;2026-08-01 19:04:21.788096;164_308_a_6_ii;"Identify and respond to suspected or known security incidents; mitigate, to the extent practicable, harmful effects of security incidents that are known to the covered entity or business associate; and document security incidents and their outcomes.";164.308 Administrative Safeguards;;;aws;;PASS;Trail research-trail is multiregion and it is logging.;arn:aws:cloudtrail:us-east-1:350381001508:trail/research-trail;cloudtrail_multi_region_enabled;False;research-trail;HIPAA;HIPAA compliance framework;
aws;The Health Insurance Portability and Accountability Act of 1996 (HIPAA) is legislation that helps US workers to retain health insurance coverage when they change or lose jobs. The legislation also seeks to encourage electronic health records to improve the efficiency and quality of the US healthcare system through improved information sharing.;350381001508;us-west-1;2026-08-01 19:04:21.788096;164_312_b;Implement hardware, software, and/or procedural mechanisms that record and examine activity in information systems that contain or use electronic protected health information.;164.312 Technical Safeguards;;;aws;;PASS;Trail research-trail is multiregion and it is logging.;arn:aws:cloudtrail:us-east-1:350381001508:trail/research-trail;cloudtrail_multi_region_enabled;False;research-trail;HIPAA;HIPAA compliance framework;
aws;The Health Insurance Portability and Accountability Act of 1996 (HIPAA) is legislation that helps US workers to retain health insurance coverage when they change or lose jobs. The legislation also seeks to encourage electronic health records to improve the efficiency and quality of the US healthcare system through improved information sharing.;350381001508;us-west-1;2026-08-01 19:04:21.788096;164_312_e_2_i;Implement security measures to ensure that electronically transmitted electronic protected health information is not improperly modified without detection until disposed of.;164.312 Technical Safeguards;;;aws;;PASS;Trail research-trail is multiregion and it is logging.;arn:aws:cloudtrail:us-east-1:350381001508:trail/research-trail;cloudtrail_multi_region_enabled;False;research-trail;HIPAA;HIPAA compliance framework;
aws;The Health Insurance Portability and Accountability Act of 1996 (HIPAA) is legislation that helps US workers to retain health insurance coverage when they change or lose jobs. The legislation also seeks to encourage electronic health records to improve the efficiency and quality of the US healthcare system through improved information sharing.;350381001508;us-west-2;2026-08-01 19:04:21.788096;164_308_a_1_ii_d;Implement procedures to regularly review records of information system activity, such as audit logs, access reports, and security incident tracking reports.;164.308 Administrative Safeguards;;;aws;;PASS;Trail research-trail is multiregion and it is logging.;arn:aws:cloudtrail:us-east-1:350381001508:trail/research-trail;cloudtrail_multi_region_enabled;False;research-trail;HIPAA;HIPAA compliance framework;
aws;The Health Insurance Portability and Accountability Act of 1996 (HIPAA) is legislation that helps US workers to retain health insurance coverage when they change or lose jobs. The legislation also seeks to encourage electronic health records to improve the efficiency and quality of the US healthcare system through improved information sharing.;350381001508;us-west-2;2026-08-01 19:04:21.788096;164_308_a_3_ii_a;Implement procedures for the authorization and/or supervision of workforce members who work with electronic protected health information or in locations where it might be accessed.;164.308 Administrative Safeguards;;;aws;;PASS;Trail research-trail is multiregion and it is logging.;arn:aws:cloudtrail:us-east-1:350381001508:trail/research-trail;cloudtrail_multi_region_enabled;False;research-trail;HIPAA;HIPAA compliance framework;
aws;The Health Insurance Portability and Accountability Act of 1996 (HIPAA) is legislation that helps US workers to retain health insurance coverage when they change or lose jobs. The legislation also seeks to encourage electronic health records to improve the efficiency and quality of the US healthcare system through improved information sharing.;350381001508;us-west-2;2026-08-01 19:04:21.788096;164_308_a_6_ii;"Identify and respond to suspected or known security incidents; mitigate, to the extent practicable, harmful effects of security incidents that are known to the covered entity or business associate; and document security incidents and their outcomes.";164.308 Administrative Safeguards;;;aws;;PASS;Trail research-trail is multiregion and it is logging.;arn:aws:cloudtrail:us-east-1:350381001508:trail/research-trail;cloudtrail_multi_region_enabled;False;research-trail;HIPAA;HIPAA compliance framework;
aws;The Health Insurance Portability and Accountability Act of 1996 (HIPAA) is legislation that helps US workers to retain health insurance coverage when they change or lose jobs. The legislation also seeks to encourage electronic health records to improve the efficiency and quality of the US healthcare system through improved information sharing.;350381001508;us-west-2;2026-08-01 19:04:21.788096;164_312_b;Implement hardware, software, and/or procedural mechanisms that record and examine activity in information systems that contain or use electronic protected health information.;164.312 Technical Safeguards;;;aws;;PASS;Trail research-trail is multiregion and it is logging.;arn:aws:cloudtrail:us-east-1:350381001508:trail/research-trail;cloudtrail_multi_region_enabled;False;research-trail;HIPAA;HIPAA compliance framework;
aws;The Health Insurance Portability and Accountability Act of 1996 (HIPAA) is legislation that helps US workers to retain health insurance coverage when they change or lose jobs. The legislation also seeks to encourage electronic health records to improve the efficiency and quality of the US healthcare system through improved information sharing.;350381001508;us-west-2;2026-08-01 19:04:21.788096;164_312_e_2_i;Implement security measures to ensure that electronically transmitted electronic protected health information is not improperly modified without detection until disposed of.;164.312 Technical Safeguards;;;aws;;PASS;Trail research-trail is multiregion and it is logging.;arn:aws:cloudtrail:us-east-1:350381001508:trail/research-trail;cloudtrail_multi_region_enabled;False;research-trail;HIPAA;HIPAA compliance framework;
aws;The Health Insurance Portability and Accountability Act of 1996 (HIPAA) is legislation that helps US workers to retain health insurance coverage when they change or lose jobs. The legislation also seeks to encourage electronic health records to improve the efficiency and quality of the US healthcare system through improved information sharing.;350381001508;us-east-1;2026-08-01 19:04:21.788096;164_308_a_1_ii_d;Implement procedures to regularly review records of information system activity, such as audit logs, access reports, and security incident tracking reports.;164.308 Administrative Safeguards;;;aws;;FAIL;No CloudTrail trails have a data event to record all S3 object-level API operations.;arn:aws:cloudtrail:us-east-1:350381001508:trail;cloudtrail_s3_dataevents_read_enabled;False;350381001508;HIPAA;HIPAA compliance framework;
aws;The Health Insurance Portability and Accountability Act of 1996 (HIPAA) is legislation that helps US workers to retain health insurance coverage when they change or lose jobs. The legislation also seeks to encourage electronic health records to improve the efficiency and quality of the US healthcare system through improved information sharing.;350381001508;us-east-1;2026-08-01 19:04:21.788096;164_308_a_3_ii_a;Implement procedures for the authorization and/or supervision of workforce members who work with electronic protected health information or in locations where it might be accessed.;164.308 Administrative Safeguards;;;aws;;FAIL;No CloudTrail trails have a data event to record all S3 object-level API operations.;arn:aws:cloudtrail:us-east-1:350381001508:trail;cloudtrail_s3_dataevents_read_enabled;False;350381001508;HIPAA;HIPAA compliance framework;
aws;The Health Insurance Portability and Accountability Act of 1996 (HIPAA) is legislation that helps US workers to retain health insurance coverage when they change or lose jobs. The legislation also seeks to encourage electronic health records to improve the efficiency and quality of the US healthcare system through improved information sharing.;350381001508;us-east-1;2026-08-01 19:04:21.788096;164_308_a_6_ii;"Identify and respond to suspected or known security incidents; mitigate, to the extent practicable, harmful effects of security incidents that are known to the covered entity or business associate; and document security incidents and their outcomes.";164.308 Administrative Safeguards;;;aws;;FAIL;No CloudTrail trails have a data event to record all S3 object-level API operations.;arn:aws:cloudtrail:us-east-1:350381001508:trail;cloudtrail_s3_dataevents_read_enabled;False;350381001508;HIPAA;HIPAA compliance framework;
aws;The Health Insurance Portability and Accountability Act of 1996 (HIPAA) is legislation that helps US workers to retain health insurance coverage when they change or lose jobs. The legislation also seeks to encourage electronic health records to improve the efficiency and quality of the US healthcare system through improved information sharing.;350381001508;us-east-1;2026-08-01 19:04:21.788096;164_312_a_2_i;Assign a unique name and/or number for identifying and tracking user identity.;164.312 Technical Safeguards;;;aws;;FAIL;No CloudTrail trails have a data event to record all S3 object-level API operations.;arn:aws:cloudtrail:us-east-1:350381001508:trail;cloudtrail_s3_dataevents_read_enabled;False;350381001508;HIPAA;HIPAA compliance framework;
aws;The Health Insurance Portability and Accountability Act of 1996 (HIPAA) is legislation that helps US workers to retain health insurance coverage when they change or lose jobs. The legislation also seeks to encourage electronic health records to improve the efficiency and quality of the US healthcare system through improved information sharing.;350381001508;us-east-1;2026-08-01 19:04:21.788096;164_312_b;Implement hardware, software, and/or procedural mechanisms that record and examine activity in information systems that contain or use electronic protected health information.;164.312 Technical Safeguards;;;aws;;FAIL;No CloudTrail trails have a data event to record all S3 object-level API operations.;arn:aws:cloudtrail:us-east-1:350381001508:trail;cloudtrail_s3_dataevents_read_enabled;False;350381001508;HIPAA;HIPAA compliance framework;
aws;The Health Insurance Portability and Accountability Act of 1996 (HIPAA) is legislation that helps US workers to retain health insurance coverage when they change or lose jobs. The legislation also seeks to encourage electronic health records to improve the efficiency and quality of the US healthcare system through improved information sharing.;350381001508;us-east-1;2026-08-01 19:04:21.788096;164_312_e_2_i;Implement security measures to ensure that electronically transmitted electronic protected health information is not improperly modified without detection until disposed of.;164.312 Technical Safeguards;;;aws;;FAIL;No CloudTrail trails have a data event to record all S3 object-level API operations.;arn:aws:cloudtrail:us-east-1:350381001508:trail;cloudtrail_s3_dataevents_read_enabled;False;350381001508;HIPAA;HIPAA compliance framework;
aws;The Health Insurance Portability and Accountability Act of 1996 (HIPAA) is legislation that helps US workers to retain health insurance coverage when they change or lose jobs. The legislation also seeks to encourage electronic health records to improve the efficiency and quality of the US healthcare system through improved information sharing.;350381001508;us-east-1;2026-08-01 19:04:21.788096;164_308_a_1_ii_d;Implement procedures to regularly review records of information system activity, such as audit logs, access reports, and security incident tracking reports.;164.308 Administrative Safeguards;;;aws;;FAIL;No CloudTrail trails have a data event to record all S3 object-level API operations.;arn:aws:cloudtrail:us-east-1:350381001508:trail;cloudtrail_s3_dataevents_write_enabled;False;350381001508;HIPAA;HIPAA compliance framework;
aws;The Health Insurance Portability and Accountability Act of 1996 (HIPAA) is legislation that helps US workers to retain health insurance coverage when they change or lose jobs. The legislation also seeks to encourage electronic health records to improve the efficiency and quality of the US healthcare system through improved information sharing.;350381001508;us-east-1;2026-08-01 19:04:21.788096;164_308_a_3_ii_a;Implement procedures for the authorization and/or supervision of workforce members who work with electronic protected health information or in locations where it might be accessed.;164.308 Administrative Safeguards;;;aws;;FAIL;No CloudTrail trails have a data event to record all S3 object-level API operations.;arn:aws:cloudtrail:us-east-1:350381001508:trail;cloudtrail_s3_dataevents_write_enabled;False;350381001508;HIPAA;HIPAA compliance framework;
aws;The Health Insurance Portability and Accountability Act of 1996 (HIPAA) is legislation that helps US workers to retain health insurance coverage when they change or lose jobs. The legislation also seeks to encourage electronic health records to improve the efficiency and quality of the US healthcare system through improved information sharing.;350381001508;us-east-1;2026-08-01 19:04:21.788096;164_308_a_6_ii;"Identify and respond to suspected or known security incidents; mitigate, to the extent practicable, harmful effects of security incidents that are known to the covered entity or business associate; and document security incidents and their outcomes.";164.308 Administrative Safeguards;;;aws;;FAIL;No CloudTrail trails have a data event to record all S3 object-level API operations.;arn:aws:cloudtrail:us-east-1:350381001508:trail;cloudtrail_s3_dataevents_write_enabled;False;350381001508;HIPAA;HIPAA compliance framework;
aws;The Health Insurance Portability and Accountability Act of 1996 (HIPAA) is legislation that helps US workers to retain health insurance coverage when they change or lose jobs. The legislation also seeks to encourage electronic health records to improve the efficiency and quality of the US healthcare system through improved information sharing.;350381001508;us-east-1;2026-08-01 19:04:21.788096;164_312_a_2_i;Assign a unique name and/or number for identifying and tracking user identity.;164.312 Technical Safeguards;;;aws;;FAIL;No CloudTrail trails have a data event to record all S3 object-level API operations.;arn:aws:cloudtrail:us-east-1:350381001508:trail;cloudtrail_s3_dataevents_write_enabled;False;350381001508;HIPAA;HIPAA compliance framework;
aws;The Health Insurance Portability and Accountability Act of 1996 (HIPAA) is legislation that helps US workers to retain health insurance coverage when they change or lose jobs. The legislation also seeks to encourage electronic health records to improve the efficiency and quality of the US healthcare system through improved information sharing.;350381001508;us-east-1;2026-08-01 19:04:21.788096;164_312_b;Implement hardware, software, and/or procedural mechanisms that record and examine activity in information systems that contain or use electronic protected health information.;164.312 Technical Safeguards;;;aws;;FAIL;No CloudTrail trails have a data event to record all S3 object-level API operations.;arn:aws:cloudtrail:us-east-1:350381001508:trail;cloudtrail_s3_dataevents_write_enabled;False;350381001508;HIPAA;HIPAA compliance framework;
aws;The Health Insurance Portability and Accountability Act of 1996 (HIPAA) is legislation that helps US workers to retain health insurance coverage when they change or lose jobs. The legislation also seeks to encourage electronic health records to improve the efficiency and quality of the US healthcare system through improved information sharing.;350381001508;us-east-1;2026-08-01 19:04:21.788096;164_312_e_2_i;Implement security measures to ensure that electronically transmitted electronic protected health information is not improperly modified without detection until disposed of.;164.312 Technical Safeguards;;;aws;;FAIL;No CloudTrail trails have a data event to record all S3 object-level API operations.;arn:aws:cloudtrail:us-east-1:350381001508:trail;cloudtrail_s3_dataevents_write_enabled;False;350381001508;HIPAA;HIPAA compliance framework;
aws;The Health Insurance Portability and Accountability Act of 1996 (HIPAA) is legislation that helps US workers to retain health insurance coverage when they change or lose jobs. The legislation also seeks to encourage electronic health records to improve the efficiency and quality of the US healthcare system through improved information sharing.;350381001508;us-east-1;2026-08-01 19:04:21.788096;164_308_a_6_i;Implement policies and procedures to address security incidents.;164.308 Administrative Safeguards;;;aws;;FAIL;No CloudWatch log groups found with metric filters or alarms associated.;arn:aws:logs:us-east-1:350381001508:log-group;cloudwatch_changes_to_network_acls_alarm_configured;False;350381001508;HIPAA;HIPAA compliance framework;
aws;The Health Insurance Portability and Accountability Act of 1996 (HIPAA) is legislation that helps US workers to retain health insurance coverage when they change or lose jobs. The legislation also seeks to encourage electronic health records to improve the efficiency and quality of the US healthcare system through improved information sharing.;350381001508;us-east-1;2026-08-01 19:04:21.788096;164_308_a_6_i;Implement policies and procedures to address security incidents.;164.308 Administrative Safeguards;;;aws;;FAIL;No CloudWatch log groups found with metric filters or alarms associated.;arn:aws:logs:us-east-1:350381001508:log-group;cloudwatch_changes_to_network_gateways_alarm_configured;False;350381001508;HIPAA;HIPAA compliance framework;
aws;The Health Insurance Portability and Accountability Act of 1996 (HIPAA) is legislation that helps US workers to retain health insurance coverage when they change or lose jobs. The legislation also seeks to encourage electronic health records to improve the efficiency and quality of the US healthcare system through improved information sharing.;350381001508;us-east-1;2026-08-01 19:04:21.788096;164_308_a_6_i;Implement policies and procedures to address security incidents.;164.308 Administrative Safeguards;;;aws;;FAIL;No CloudWatch log groups found with metric filters or alarms associated.;arn:aws:logs:us-east-1:350381001508:log-group;cloudwatch_changes_to_network_route_tables_alarm_configured;False;350381001508;HIPAA;HIPAA compliance framework;
aws;The Health Insurance Portability and Accountability Act of 1996 (HIPAA) is legislation that helps US workers to retain health insurance coverage when they change or lose jobs. The legislation also seeks to encourage electronic health records to improve the efficiency and quality of the US healthcare system through improved information sharing.;350381001508;us-east-1;2026-08-01 19:04:21.788096;164_308_a_6_i;Implement policies and procedures to address security incidents.;164.308 Administrative Safeguards;;;aws;;FAIL;No CloudWatch log groups found with metric filters or alarms associated.;arn:aws:logs:us-east-1:350381001508:log-group;cloudwatch_changes_to_vpcs_alarm_configured;False;350381001508;HIPAA;HIPAA compliance framework;
aws;The Health Insurance Portability and Accountability Act of 1996 (HIPAA) is legislation that helps US workers to retain health insurance coverage when they change or lose jobs. The legislation also seeks to encourage electronic health records to improve the efficiency and quality of the US healthcare system through improved information sharing.;350381001508;us-east-1;2026-08-01 19:04:21.788096;164_308_a_5_ii_c;Procedures for monitoring log-in attempts and reporting discrepancies.;164.308 Administrative Safeguards;;;aws;;FAIL;No CloudWatch log groups found with metric filters or alarms associated.;arn:aws:logs:us-east-1:350381001508:log-group;cloudwatch_log_metric_filter_authentication_failures;False;350381001508;HIPAA;HIPAA compliance framework;
aws;The Health Insurance Portability and Accountability Act of 1996 (HIPAA) is legislation that helps US workers to retain health insurance coverage when they change or lose jobs. The legislation also seeks to encourage electronic health records to improve the efficiency and quality of the US healthcare system through improved information sharing.;350381001508;us-east-1;2026-08-01 19:04:21.788096;164_308_a_6_i;Implement policies and procedures to address security incidents.;164.308 Administrative Safeguards;;;aws;;FAIL;No CloudWatch log groups found with metric filters or alarms associated.;arn:aws:logs:us-east-1:350381001508:log-group;cloudwatch_log_metric_filter_authentication_failures;False;350381001508;HIPAA;HIPAA compliance framework;
aws;The Health Insurance Portability and Accountability Act of 1996 (HIPAA) is legislation that helps US workers to retain health insurance coverage when they change or lose jobs. The legislation also seeks to encourage electronic health records to improve the efficiency and quality of the US healthcare system through improved information sharing.;350381001508;us-east-1;2026-08-01 19:04:21.788096;164_308_a_6_ii;"Identify and respond to suspected or known security incidents; mitigate, to the extent practicable, harmful effects of security incidents that are known to the covered entity or business associate; and document security incidents and their outcomes.";164.308 Administrative Safeguards;;;aws;;FAIL;No CloudWatch log groups found with metric filters or alarms associated.;arn:aws:logs:us-east-1:350381001508:log-group;cloudwatch_log_metric_filter_authentication_failures;False;350381001508;HIPAA;HIPAA compliance framework;
aws;The Health Insurance Portability and Accountability Act of 1996 (HIPAA) is legislation that helps US workers to retain health insurance coverage when they change or lose jobs. The legislation also seeks to encourage electronic health records to improve the efficiency and quality of the US healthcare system through improved information sharing.;350381001508;us-east-1;2026-08-01 19:04:21.788096;164_308_a_6_i;Implement policies and procedures to address security incidents.;164.308 Administrative Safeguards;;;aws;;FAIL;No CloudWatch log groups found with metric filters or alarms associated.;arn:aws:logs:us-east-1:350381001508:log-group;cloudwatch_log_metric_filter_root_usage;False;350381001508;HIPAA;HIPAA compliance framework;
aws;The Health Insurance Portability and Accountability Act of 1996 (HIPAA) is legislation that helps US workers to retain health insurance coverage when they change or lose jobs. The legislation also seeks to encourage electronic health records to improve the efficiency and quality of the US healthcare system through improved information sharing.;350381001508;us-east-1;2026-08-01 19:04:21.788096;164_308_a_6_ii;"Identify and respond to suspected or known security incidents; mitigate, to the extent practicable, harmful effects of security incidents that are known to the covered entity or business associate; and document security incidents and their outcomes.";164.308 Administrative Safeguards;;;aws;;FAIL;No CloudWatch log groups found with metric filters or alarms associated.;arn:aws:logs:us-east-1:350381001508:log-group;cloudwatch_log_metric_filter_root_usage;False;350381001508;HIPAA;HIPAA compliance framework;
aws;The Health Insurance Portability and Accountability Act of 1996 (HIPAA) is legislation that helps US workers to retain health insurance coverage when they change or lose jobs. The legislation also seeks to encourage electronic health records to improve the efficiency and quality of the US healthcare system through improved information sharing.;350381001508;ap-northeast-1;2026-08-01 19:04:21.788096;164_308_a_1_ii_a;Conduct an accurate and thorough assessment of the potential risks and vulnerabilities to the confidentiality, integrity, and availability of electronic protected health information held by the covered entity or business associate.;164.308 Administrative Safeguards;;;aws;;FAIL;AWS Config recorder 350381001508 is disabled.;arn:aws:config:ap-northeast-1:350381001508:recorder;config_recorder_all_regions_enabled;False;350381001508;HIPAA;HIPAA compliance framework;
aws;The Health Insurance Portability and Accountability Act of 1996 (HIPAA) is legislation that helps US workers to retain health insurance coverage when they change or lose jobs. The legislation also seeks to encourage electronic health records to improve the efficiency and quality of the US healthcare system through improved information sharing.;350381001508;ap-northeast-2;2026-08-01 19:04:21.788096;164_308_a_1_ii_a;Conduct an accurate and thorough assessment of the potential risks and vulnerabilities to the confidentiality, integrity, and availability of electronic protected health information held by the covered entity or business associate.;164.308 Administrative Safeguards;;;aws;;FAIL;AWS Config recorder 350381001508 is disabled.;arn:aws:config:ap-northeast-2:350381001508:recorder;config_recorder_all_regions_enabled;False;350381001508;HIPAA;HIPAA compliance framework;
aws;The Health Insurance Portability and Accountability Act of 1996 (HIPAA) is legislation that helps US workers to retain health insurance coverage when they change or lose jobs. The legislation also seeks to encourage electronic health records to improve the efficiency and quality of the US healthcare system through improved information sharing.;350381001508;ap-northeast-3;2026-08-01 19:04:21.788096;164_308_a_1_ii_a;Conduct an accurate and thorough assessment of the potential risks and vulnerabilities to the confidentiality, integrity, and availability of electronic protected health information held by the covered entity or business associate.;164.308 Administrative Safeguards;;;aws;;FAIL;AWS Config recorder 350381001508 is disabled.;arn:aws:config:ap-northeast-3:350381001508:recorder;config_recorder_all_regions_enabled;False;350381001508;HIPAA;HIPAA compliance framework;
aws;The Health Insurance Portability and Accountability Act of 1996 (HIPAA) is legislation that helps US workers to retain health insurance coverage when they change or lose jobs. The legislation also seeks to encourage electronic health records to improve the efficiency and quality of the US healthcare system through improved information sharing.;350381001508;ap-south-1;2026-08-01 19:04:21.788096;164_308_a_1_ii_a;Conduct an accurate and thorough assessment of the potential risks and vulnerabilities to the confidentiality, integrity, and availability of electronic protected health information held by the covered entity or business associate.;164.308 Administrative Safeguards;;;aws;;FAIL;AWS Config recorder 350381001508 is disabled.;arn:aws:config:ap-south-1:350381001508:recorder;config_recorder_all_regions_enabled;False;350381001508;HIPAA;HIPAA compliance framework;
aws;The Health Insurance Portability and Accountability Act of 1996 (HIPAA) is legislation that helps US workers to retain health insurance coverage when they change or lose jobs. The legislation also seeks to encourage electronic health records to improve the efficiency and quality of the US healthcare system through improved information sharing.;350381001508;ap-southeast-1;2026-08-01 19:04:21.788096;164_308_a_1_ii_a;Conduct an accurate and thorough assessment of the potential risks and vulnerabilities to the confidentiality, integrity, and availability of electronic protected health information held by the covered entity or business associate.;164.308 Administrative Safeguards;;;aws;;FAIL;AWS Config recorder 350381001508 is disabled.;arn:aws:config:ap-southeast-1:350381001508:recorder;config_recorder_all_regions_enabled;False;350381001508;HIPAA;HIPAA compliance framework;
aws;The Health Insurance Portability and Accountability Act of 1996 (HIPAA) is legislation that helps US workers to retain health insurance coverage when they change or lose jobs. The legislation also seeks to encourage electronic health records to improve the efficiency and quality of the US healthcare system through improved information sharing.;350381001508;ap-southeast-2;2026-08-01 19:04:21.788096;164_308_a_1_ii_a;Conduct an accurate and thorough assessment of the potential risks and vulnerabilities to the confidentiality, integrity, and availability of electronic protected health information held by the covered entity or business associate.;164.308 Administrative Safeguards;;;aws;;FAIL;AWS Config recorder 350381001508 is disabled.;arn:aws:config:ap-southeast-2:350381001508:recorder;config_recorder_all_regions_enabled;False;350381001508;HIPAA;HIPAA compliance framework;
aws;The Health Insurance Portability and Accountability Act of 1996 (HIPAA) is legislation that helps US workers to retain health insurance coverage when they change or lose jobs. The legislation also seeks to encourage electronic health records to improve the efficiency and quality of the US healthcare system through improved information sharing.;350381001508;ca-central-1;2026-08-01 19:04:21.788096;164_308_a_1_ii_a;Conduct an accurate and thorough assessment of the potential risks and vulnerabilities to the confidentiality, integrity, and availability of electronic protected health information held by the covered entity or business associate.;164.308 Administrative Safeguards;;;aws;;FAIL;AWS Config recorder 350381001508 is disabled.;arn:aws:config:ca-central-1:350381001508:recorder;config_recorder_all_regions_enabled;False;350381001508;HIPAA;HIPAA compliance framework;
aws;The Health Insurance Portability and Accountability Act of 1996 (HIPAA) is legislation that helps US workers to retain health insurance coverage when they change or lose jobs. The legislation also seeks to encourage electronic health records to improve the efficiency and quality of the US healthcare system through improved information sharing.;350381001508;eu-central-1;2026-08-01 19:04:21.788096;164_308_a_1_ii_a;Conduct an accurate and thorough assessment of the potential risks and vulnerabilities to the confidentiality, integrity, and availability of electronic protected health information held by the covered entity or business associate.;164.308 Administrative Safeguards;;;aws;;FAIL;AWS Config recorder 350381001508 is disabled.;arn:aws:config:eu-central-1:350381001508:recorder;config_recorder_all_regions_enabled;False;350381001508;HIPAA;HIPAA compliance framework;
aws;The Health Insurance Portability and Accountability Act of 1996 (HIPAA) is legislation that helps US workers to retain health insurance coverage when they change or lose jobs. The legislation also seeks to encourage electronic health records to improve the efficiency and quality of the US healthcare system through improved information sharing.;350381001508;eu-north-1;2026-08-01 19:04:21.788096;164_308_a_1_ii_a;Conduct an accurate and thorough assessment of the potential risks and vulnerabilities to the confidentiality, integrity, and availability of electronic protected health information held by the covered entity or business associate.;164.308 Administrative Safeguards;;;aws;;FAIL;AWS Config recorder 350381001508 is disabled.;arn:aws:config:eu-north-1:350381001508:recorder;config_recorder_all_regions_enabled;False;350381001508;HIPAA;HIPAA compliance framework;
aws;The Health Insurance Portability and Accountability Act of 1996 (HIPAA) is legislation that helps US workers to retain health insurance coverage when they change or lose jobs. The legislation also seeks to encourage electronic health records to improve the efficiency and quality of the US healthcare system through improved information sharing.;350381001508;eu-west-1;2026-08-01 19:04:21.788096;164_308_a_1_ii_a;Conduct an accurate and thorough assessment of the potential risks and vulnerabilities to the confidentiality, integrity, and availability of electronic protected health information held by the covered entity or business associate.;164.308 Administrative Safeguards;;;aws;;FAIL;AWS Config recorder 350381001508 is disabled.;arn:aws:config:eu-west-1:350381001508:recorder;config_recorder_all_regions_enabled;False;350381001508;HIPAA;HIPAA compliance framework;
aws;The Health Insurance Portability and Accountability Act of 1996 (HIPAA) is legislation that helps US workers to retain health insurance coverage when they change or lose jobs. The legislation also seeks to encourage electronic health records to improve the efficiency and quality of the US healthcare system through improved information sharing.;350381001508;eu-west-2;2026-08-01 19:04:21.788096;164_308_a_1_ii_a;Conduct an accurate and thorough assessment of the potential risks and vulnerabilities to the confidentiality, integrity, and availability of electronic protected health information held by the covered entity or business associate.;164.308 Administrative Safeguards;;;aws;;FAIL;AWS Config recorder 350381001508 is disabled.;arn:aws:config:eu-west-2:350381001508:recorder;config_recorder_all_regions_enabled;False;350381001508;HIPAA;HIPAA compliance framework;
aws;The Health Insurance Portability and Accountability Act of 1996 (HIPAA) is legislation that helps US workers to retain health insurance coverage when they change or lose jobs. The legislation also seeks to encourage electronic health records to improve the efficiency and quality of the US healthcare system through improved information sharing.;350381001508;eu-west-3;2026-08-01 19:04:21.788096;164_308_a_1_ii_a;Conduct an accurate and thorough assessment of the potential risks and vulnerabilities to the confidentiality, integrity, and availability of electronic protected health information held by the covered entity or business associate.;164.308 Administrative Safeguards;;;aws;;FAIL;AWS Config recorder 350381001508 is disabled.;arn:aws:config:eu-west-3:350381001508:recorder;config_recorder_all_regions_enabled;False;350381001508;HIPAA;HIPAA compliance framework;
aws;The Health Insurance Portability and Accountability Act of 1996 (HIPAA) is legislation that helps US workers to retain health insurance coverage when they change or lose jobs. The legislation also seeks to encourage electronic health records to improve the efficiency and quality of the US healthcare system through improved information sharing.;350381001508;sa-east-1;2026-08-01 19:04:21.788096;164_308_a_1_ii_a;Conduct an accurate and thorough assessment of the potential risks and vulnerabilities to the confidentiality, integrity, and availability of electronic protected health information held by the covered entity or business associate.;164.308 Administrative Safeguards;;;aws;;FAIL;AWS Config recorder 350381001508 is disabled.;arn:aws:config:sa-east-1:350381001508:recorder;config_recorder_all_regions_enabled;False;350381001508;HIPAA;HIPAA compliance framework;
aws;The Health Insurance Portability and Accountability Act of 1996 (HIPAA) is legislation that helps US workers to retain health insurance coverage when they change or lose jobs. The legislation also seeks to encourage electronic health records to improve the efficiency and quality of the US healthcare system through improved information sharing.;350381001508;us-east-1;2026-08-01 19:04:21.788096;164_308_a_1_ii_a;Conduct an accurate and thorough assessment of the potential risks and vulnerabilities to the confidentiality, integrity, and availability of electronic protected health information held by the covered entity or business associate.;164.308 Administrative Safeguards;;;aws;;FAIL;AWS Config recorder 350381001508 is disabled.;arn:aws:config:us-east-1:350381001508:recorder;config_recorder_all_regions_enabled;False;350381001508;HIPAA;HIPAA compliance framework;
aws;The Health Insurance Portability and Accountability Act of 1996 (HIPAA) is legislation that helps US workers to retain health insurance coverage when they change or lose jobs. The legislation also seeks to encourage electronic health records to improve the efficiency and quality of the US healthcare system through improved information sharing.;350381001508;us-east-2;2026-08-01 19:04:21.788096;164_308_a_1_ii_a;Conduct an accurate and thorough assessment of the potential risks and vulnerabilities to the confidentiality, integrity, and availability of electronic protected health information held by the covered entity or business associate.;164.308 Administrative Safeguards;;;aws;;FAIL;AWS Config recorder 350381001508 is disabled.;arn:aws:config:us-east-2:350381001508:recorder;config_recorder_all_regions_enabled;False;350381001508;HIPAA;HIPAA compliance framework;
aws;The Health Insurance Portability and Accountability Act of 1996 (HIPAA) is legislation that helps US workers to retain health insurance coverage when they change or lose jobs. The legislation also seeks to encourage electronic health records to improve the efficiency and quality of the US healthcare system through improved information sharing.;350381001508;us-west-1;2026-08-01 19:04:21.788096;164_308_a_1_ii_a;Conduct an accurate and thorough assessment of the potential risks and vulnerabilities to the confidentiality, integrity, and availability of electronic protected health information held by the covered entity or business associate.;164.308 Administrative Safeguards;;;aws;;FAIL;AWS Config recorder 350381001508 is disabled.;arn:aws:config:us-west-1:350381001508:recorder;config_recorder_all_regions_enabled;False;350381001508;HIPAA;HIPAA compliance framework;
aws;The Health Insurance Portability and Accountability Act of 1996 (HIPAA) is legislation that helps US workers to retain health insurance coverage when they change or lose jobs. The legislation also seeks to encourage electronic health records to improve the efficiency and quality of the US healthcare system through improved information sharing.;350381001508;us-west-2;2026-08-01 19:04:21.788096;164_308_a_1_ii_a;Conduct an accurate and thorough assessment of the potential risks and vulnerabilities to the confidentiality, integrity, and availability of electronic protected health information held by the covered entity or business associate.;164.308 Administrative Safeguards;;;aws;;FAIL;AWS Config recorder 350381001508 is disabled.;arn:aws:config:us-west-2:350381001508:recorder;config_recorder_all_regions_enabled;False;350381001508;HIPAA;HIPAA compliance framework;
aws;The Health Insurance Portability and Accountability Act of 1996 (HIPAA) is legislation that helps US workers to retain health insurance coverage when they change or lose jobs. The legislation also seeks to encourage electronic health records to improve the efficiency and quality of the US healthcare system through improved information sharing.;350381001508;us-east-1;2026-08-01 19:04:21.788096;164_308_a_1_ii_b;Implement security measures sufficient to reduce risks and vulnerabilities to a reasonable and appropriate level to comply with 164.306(a): Ensure the confidentiality, integrity, and availability of all electronic protected health information the covered entity or business associate creates, receives, maintains, or transmits.;164.308 Administrative Safeguards;;;aws;;FAIL;EBS Default Encryption is not activated.;arn:aws:ec2:us-east-1:350381001508:volume;ec2_ebs_default_encryption;False;350381001508;HIPAA;HIPAA compliance framework;
aws;The Health Insurance Portability and Accountability Act of 1996 (HIPAA) is legislation that helps US workers to retain health insurance coverage when they change or lose jobs. The legislation also seeks to encourage electronic health records to improve the efficiency and quality of the US healthcare system through improved information sharing.;350381001508;us-east-1;2026-08-01 19:04:21.788096;164_308_a_4_ii_a;If a health care clearinghouse is part of a larger organization, the clearinghouse must implement policies and procedures that protect the electronic protected health information of the clearinghouse from unauthorized access by the larger organization.;164.308 Administrative Safeguards;;;aws;;FAIL;EBS Default Encryption is not activated.;arn:aws:ec2:us-east-1:350381001508:volume;ec2_ebs_default_encryption;False;350381001508;HIPAA;HIPAA compliance framework;
aws;The Health Insurance Portability and Accountability Act of 1996 (HIPAA) is legislation that helps US workers to retain health insurance coverage when they change or lose jobs. The legislation also seeks to encourage electronic health records to improve the efficiency and quality of the US healthcare system through improved information sharing.;350381001508;us-east-1;2026-08-01 19:04:21.788096;164_312_a_2_iv;Implement a mechanism to encrypt and decrypt electronic protected health information.;164.312 Technical Safeguards;;;aws;;FAIL;EBS Default Encryption is not activated.;arn:aws:ec2:us-east-1:350381001508:volume;ec2_ebs_default_encryption;False;350381001508;HIPAA;HIPAA compliance framework;
aws;The Health Insurance Portability and Accountability Act of 1996 (HIPAA) is legislation that helps US workers to retain health insurance coverage when they change or lose jobs. The legislation also seeks to encourage electronic health records to improve the efficiency and quality of the US healthcare system through improved information sharing.;350381001508;us-east-1;2026-08-01 19:04:21.788096;164_312_e_2_ii;Implement a mechanism to encrypt electronic protected health information whenever deemed appropriate.;164.312 Technical Safeguards;;;aws;;FAIL;EBS Default Encryption is not activated.;arn:aws:ec2:us-east-1:350381001508:volume;ec2_ebs_default_encryption;False;350381001508;HIPAA;HIPAA compliance framework;
aws;The Health Insurance Portability and Accountability Act of 1996 (HIPAA) is legislation that helps US workers to retain health insurance coverage when they change or lose jobs. The legislation also seeks to encourage electronic health records to improve the efficiency and quality of the US healthcare system through improved information sharing.;350381001508;us-east-1;2026-08-01 19:04:21.788096;164_308_a_1_ii_b;Implement security measures sufficient to reduce risks and vulnerabilities to a reasonable and appropriate level to comply with 164.306(a): Ensure the confidentiality, integrity, and availability of all electronic protected health information the covered entity or business associate creates, receives, maintains, or transmits.;164.308 Administrative Safeguards;;;aws;;FAIL;EBS Snapshot vol-06f58dc8b8493e9f8 is unencrypted.;arn:aws:ec2:us-east-1:350381001508:volume/vol-06f58dc8b8493e9f8;ec2_ebs_volume_encryption;False;vol-06f58dc8b8493e9f8;HIPAA;HIPAA compliance framework;
aws;The Health Insurance Portability and Accountability Act of 1996 (HIPAA) is legislation that helps US workers to retain health insurance coverage when they change or lose jobs. The legislation also seeks to encourage electronic health records to improve the efficiency and quality of the US healthcare system through improved information sharing.;350381001508;us-east-1;2026-08-01 19:04:21.788096;164_308_a_4_ii_a;If a health care clearinghouse is part of a larger organization, the clearinghouse must implement policies and procedures that protect the electronic protected health information of the clearinghouse from unauthorized access by the larger organization.;164.308 Administrative Safeguards;;;aws;;FAIL;EBS Snapshot vol-06f58dc8b8493e9f8 is unencrypted.;arn:aws:ec2:us-east-1:350381001508:volume/vol-06f58dc8b8493e9f8;ec2_ebs_volume_encryption;False;vol-06f58dc8b8493e9f8;HIPAA;HIPAA compliance framework;
aws;The Health Insurance Portability and Accountability Act of 1996 (HIPAA) is legislation that helps US workers to retain health insurance coverage when they change or lose jobs. The legislation also seeks to encourage electronic health records to improve the efficiency and quality of the US healthcare system through improved information sharing.;350381001508;us-east-1;2026-08-01 19:04:21.788096;164_312_a_2_iv;Implement a mechanism to encrypt and decrypt electronic protected health information.;164.312 Technical Safeguards;;;aws;;FAIL;EBS Snapshot vol-06f58dc8b8493e9f8 is unencrypted.;arn:aws:ec2:us-east-1:350381001508:volume/vol-06f58dc8b8493e9f8;ec2_ebs_volume_encryption;False;vol-06f58dc8b8493e9f8;HIPAA;HIPAA compliance framework;
aws;The Health Insurance Portability and Accountability Act of 1996 (HIPAA) is legislation that helps US workers to retain health insurance coverage when they change or lose jobs. The legislation also seeks to encourage electronic health records to improve the efficiency and quality of the US healthcare system through improved information sharing.;350381001508;us-east-1;2026-08-01 19:04:21.788096;164_312_c_1;Implement policies and procedures to protect electronic protected health information from improper alteration or destruction.;164.312 Technical Safeguards;;;aws;;FAIL;EBS Snapshot vol-06f58dc8b8493e9f8 is unencrypted.;arn:aws:ec2:us-east-1:350381001508:volume/vol-06f58dc8b8493e9f8;ec2_ebs_volume_encryption;False;vol-06f58dc8b8493e9f8;HIPAA;HIPAA compliance framework;
aws;The Health Insurance Portability and Accountability Act of 1996 (HIPAA) is legislation that helps US workers to retain health insurance coverage when they change or lose jobs. The legislation also seeks to encourage electronic health records to improve the efficiency and quality of the US healthcare system through improved information sharing.;350381001508;us-east-1;2026-08-01 19:04:21.788096;164_312_c_2;Implement electronic mechanisms to corroborate that electronic protected health information has not been altered or destroyed in an unauthorized manner.;164.312 Technical Safeguards;;;aws;;FAIL;EBS Snapshot vol-06f58dc8b8493e9f8 is unencrypted.;arn:aws:ec2:us-east-1:350381001508:volume/vol-06f58dc8b8493e9f8;ec2_ebs_volume_encryption;False;vol-06f58dc8b8493e9f8;HIPAA;HIPAA compliance framework;
aws;The Health Insurance Portability and Accountability Act of 1996 (HIPAA) is legislation that helps US workers to retain health insurance coverage when they change or lose jobs. The legislation also seeks to encourage electronic health records to improve the efficiency and quality of the US healthcare system through improved information sharing.;350381001508;us-east-1;2026-08-01 19:04:21.788096;164_312_e_2_ii;Implement a mechanism to encrypt electronic protected health information whenever deemed appropriate.;164.312 Technical Safeguards;;;aws;;FAIL;EBS Snapshot vol-06f58dc8b8493e9f8 is unencrypted.;arn:aws:ec2:us-east-1:350381001508:volume/vol-06f58dc8b8493e9f8;ec2_ebs_volume_encryption;False;vol-06f58dc8b8493e9f8;HIPAA;HIPAA compliance framework;
aws;The Health Insurance Portability and Accountability Act of 1996 (HIPAA) is legislation that helps US workers to retain health insurance coverage when they change or lose jobs. The legislation also seeks to encourage electronic health records to improve the efficiency and quality of the US healthcare system through improved information sharing.;350381001508;us-east-1;2026-08-01 19:04:21.788096;164_308_a_5_ii_b;Procedures for guarding against, detecting, and reporting malicious software.;164.308 Administrative Safeguards;;;aws;;FAIL;EC2 Instance i-0eefd2ddc65f26f85 is not managed by Systems Manager.;arn:aws:ec2:us-east-1:350381001508:instance/i-0eefd2ddc65f26f85;ec2_instance_managed_by_ssm;False;i-0eefd2ddc65f26f85;HIPAA;HIPAA compliance framework;
aws;The Health Insurance Portability and Accountability Act of 1996 (HIPAA) is legislation that helps US workers to retain health insurance coverage when they change or lose jobs. The legislation also seeks to encourage electronic health records to improve the efficiency and quality of the US healthcare system through improved information sharing.;350381001508;us-east-1;2026-08-01 19:04:21.788096;164_308_a_1_ii_b;Implement security measures sufficient to reduce risks and vulnerabilities to a reasonable and appropriate level to comply with 164.306(a): Ensure the confidentiality, integrity, and availability of all electronic protected health information the covered entity or business associate creates, receives, maintains, or transmits.;164.308 Administrative Safeguards;;;aws;;PASS;EC2 Instance i-0eefd2ddc65f26f85 is not older than 180 days (3 days).;arn:aws:ec2:us-east-1:350381001508:instance/i-0eefd2ddc65f26f85;ec2_instance_older_than_specific_days;False;i-0eefd2ddc65f26f85;HIPAA;HIPAA compliance framework;
aws;The Health Insurance Portability and Accountability Act of 1996 (HIPAA) is legislation that helps US workers to retain health insurance coverage when they change or lose jobs. The legislation also seeks to encourage electronic health records to improve the efficiency and quality of the US healthcare system through improved information sharing.;350381001508;us-east-1;2026-08-01 19:04:21.788096;164_308_a_1_ii_b;Implement security measures sufficient to reduce risks and vulnerabilities to a reasonable and appropriate level to comply with 164.306(a): Ensure the confidentiality, integrity, and availability of all electronic protected health information the covered entity or business associate creates, receives, maintains, or transmits.;164.308 Administrative Safeguards;;;aws;;FAIL;EC2 Instance i-0eefd2ddc65f26f85 has a Public IP: 18.209.245.118 (ec2-18-209-245-118.compute-1.amazonaws.com).;arn:aws:ec2:us-east-1:350381001508:instance/i-0eefd2ddc65f26f85;ec2_instance_public_ip;False;i-0eefd2ddc65f26f85;HIPAA;HIPAA compliance framework;
aws;The Health Insurance Portability and Accountability Act of 1996 (HIPAA) is legislation that helps US workers to retain health insurance coverage when they change or lose jobs. The legislation also seeks to encourage electronic health records to improve the efficiency and quality of the US healthcare system through improved information sharing.;350381001508;us-east-1;2026-08-01 19:04:21.788096;164_308_a_3_i;Implement policies and procedures to ensure that all members of its workforce have appropriate access to electronic protected health information, as provided under paragraph (a)(4) of this section, and to prevent those workforce members who do not have access under paragraph (a)(4) of this section from obtaining access to electronic protected health information.;164.308 Administrative Safeguards;;;aws;;FAIL;EC2 Instance i-0eefd2ddc65f26f85 has a Public IP: 18.209.245.118 (ec2-18-209-245-118.compute-1.amazonaws.com).;arn:aws:ec2:us-east-1:350381001508:instance/i-0eefd2ddc65f26f85;ec2_instance_public_ip;False;i-0eefd2ddc65f26f85;HIPAA;HIPAA compliance framework;
aws;The Health Insurance Portability and Accountability Act of 1996 (HIPAA) is legislation that helps US workers to retain health insurance coverage when they change or lose jobs. The legislation also seeks to encourage electronic health records to improve the efficiency and quality of the US healthcare system through improved information sharing.;350381001508;us-east-1;2026-08-01 19:04:21.788096;164_312_a_1;Implement technical policies and procedures for electronic information systems that maintain electronic protected health information to allow access only to those persons or software programs that have been granted access rights as specified in 164.308(a)(4).;164.312 Technical Safeguards;;;aws;;FAIL;EC2 Instance i-0eefd2ddc65f26f85 has a Public IP: 18.209.245.118 (ec2-18-209-245-118.compute-1.amazonaws.com).;arn:aws:ec2:us-east-1:350381001508:instance/i-0eefd2ddc65f26f85;ec2_instance_public_ip;False;i-0eefd2ddc65f26f85;HIPAA;HIPAA compliance framework;
aws;The Health Insurance Portability and Accountability Act of 1996 (HIPAA) is legislation that helps US workers to retain health insurance coverage when they change or lose jobs. The legislation also seeks to encourage electronic health records to improve the efficiency and quality of the US healthcare system through improved information sharing.;350381001508;us-east-1;2026-08-01 19:04:21.788096;164_308_a_1_ii_b;Implement security measures sufficient to reduce risks and vulnerabilities to a reasonable and appropriate level to comply with 164.306(a): Ensure the confidentiality, integrity, and availability of all electronic protected health information the covered entity or business associate creates, receives, maintains, or transmits.;164.308 Administrative Safeguards;;;aws;;FAIL;Network ACL acl-014e51ba0fad383a2 has every port open to the Internet.;arn:aws:ec2:us-east-1:350381001508:network-acl/acl-014e51ba0fad383a2;ec2_networkacl_allow_ingress_any_port;False;acl-014e51ba0fad383a2;HIPAA;HIPAA compliance framework;
aws;The Health Insurance Portability and Accountability Act of 1996 (HIPAA) is legislation that helps US workers to retain health insurance coverage when they change or lose jobs. The legislation also seeks to encourage electronic health records to improve the efficiency and quality of the US healthcare system through improved information sharing.;350381001508;us-east-1;2026-08-01 19:04:21.788096;164_312_e_1;Implement technical security measures to guard against unauthorized access to electronic protected health information that is being transmitted over an electronic communications network.;164.312 Technical Safeguards;;;aws;;FAIL;Network ACL acl-014e51ba0fad383a2 has every port open to the Internet.;arn:aws:ec2:us-east-1:350381001508:network-acl/acl-014e51ba0fad383a2;ec2_networkacl_allow_ingress_any_port;False;acl-014e51ba0fad383a2;HIPAA;HIPAA compliance framework;
aws;The Health Insurance Portability and Accountability Act of 1996 (HIPAA) is legislation that helps US workers to retain health insurance coverage when they change or lose jobs. The legislation also seeks to encourage electronic health records to improve the efficiency and quality of the US healthcare system through improved information sharing.;350381001508;us-east-1;2026-08-01 19:04:21.788096;164_308_a_1_ii_b;Implement security measures sufficient to reduce risks and vulnerabilities to a reasonable and appropriate level to comply with 164.306(a): Ensure the confidentiality, integrity, and availability of all electronic protected health information the covered entity or business associate creates, receives, maintains, or transmits.;164.308 Administrative Safeguards;;;aws;;FAIL;Network ACL acl-0202bf3ad7768fe92 has every port open to the Internet.;arn:aws:ec2:us-east-1:350381001508:network-acl/acl-0202bf3ad7768fe92;ec2_networkacl_allow_ingress_any_port;False;acl-0202bf3ad7768fe92;HIPAA;HIPAA compliance framework;
aws;The Health Insurance Portability and Accountability Act of 1996 (HIPAA) is legislation that helps US workers to retain health insurance coverage when they change or lose jobs. The legislation also seeks to encourage electronic health records to improve the efficiency and quality of the US healthcare system through improved information sharing.;350381001508;us-east-1;2026-08-01 19:04:21.788096;164_312_e_1;Implement technical security measures to guard against unauthorized access to electronic protected health information that is being transmitted over an electronic communications network.;164.312 Technical Safeguards;;;aws;;FAIL;Network ACL acl-0202bf3ad7768fe92 has every port open to the Internet.;arn:aws:ec2:us-east-1:350381001508:network-acl/acl-0202bf3ad7768fe92;ec2_networkacl_allow_ingress_any_port;False;acl-0202bf3ad7768fe92;HIPAA;HIPAA compliance framework;
aws;The Health Insurance Portability and Accountability Act of 1996 (HIPAA) is legislation that helps US workers to retain health insurance coverage when they change or lose jobs. The legislation also seeks to encourage electronic health records to improve the efficiency and quality of the US healthcare system through improved information sharing.;350381001508;us-east-1;2026-08-01 19:04:21.788096;164_308_a_1_ii_b;Implement security measures sufficient to reduce risks and vulnerabilities to a reasonable and appropriate level to comply with 164.306(a): Ensure the confidentiality, integrity, and availability of all electronic protected health information the covered entity or business associate creates, receives, maintains, or transmits.;164.308 Administrative Safeguards;;;aws;;FAIL;Security group research-sg (sg-0ffe5cbdcf88d22b5) has SSH port 22 open to the Internet.;arn:aws:ec2:us-east-1:350381001508:security-group/sg-0ffe5cbdcf88d22b5;ec2_securitygroup_allow_ingress_from_internet_to_tcp_port_22;False;sg-0ffe5cbdcf88d22b5;HIPAA;HIPAA compliance framework;
aws;The Health Insurance Portability and Accountability Act of 1996 (HIPAA) is legislation that helps US workers to retain health insurance coverage when they change or lose jobs. The legislation also seeks to encourage electronic health records to improve the efficiency and quality of the US healthcare system through improved information sharing.;350381001508;us-east-1;2026-08-01 19:04:21.788096;164_312_e_1;Implement technical security measures to guard against unauthorized access to electronic protected health information that is being transmitted over an electronic communications network.;164.312 Technical Safeguards;;;aws;;FAIL;Security group research-sg (sg-0ffe5cbdcf88d22b5) has SSH port 22 open to the Internet.;arn:aws:ec2:us-east-1:350381001508:security-group/sg-0ffe5cbdcf88d22b5;ec2_securitygroup_allow_ingress_from_internet_to_tcp_port_22;False;sg-0ffe5cbdcf88d22b5;HIPAA;HIPAA compliance framework;
aws;The Health Insurance Portability and Accountability Act of 1996 (HIPAA) is legislation that helps US workers to retain health insurance coverage when they change or lose jobs. The legislation also seeks to encourage electronic health records to improve the efficiency and quality of the US healthcare system through improved information sharing.;350381001508;us-east-1;2026-08-01 19:04:21.788096;164_308_a_1_ii_b;Implement security measures sufficient to reduce risks and vulnerabilities to a reasonable and appropriate level to comply with 164.306(a): Ensure the confidentiality, integrity, and availability of all electronic protected health information the covered entity or business associate creates, receives, maintains, or transmits.;164.308 Administrative Safeguards;;;aws;;PASS;AWS policy AWSTrustedAdvisorServiceRolePolicy is attached but does not allow '*:*' administrative privileges.;arn:aws:iam::aws:policy/aws-service-role/AWSTrustedAdvisorServiceRolePolicy;iam_aws_attached_policy_no_administrative_privileges;False;AWSTrustedAdvisorServiceRolePolicy;HIPAA;HIPAA compliance framework;
aws;The Health Insurance Portability and Accountability Act of 1996 (HIPAA) is legislation that helps US workers to retain health insurance coverage when they change or lose jobs. The legislation also seeks to encourage electronic health records to improve the efficiency and quality of the US healthcare system through improved information sharing.;350381001508;us-east-1;2026-08-01 19:04:21.788096;164_308_a_3_i;Implement policies and procedures to ensure that all members of its workforce have appropriate access to electronic protected health information, as provided under paragraph (a)(4) of this section, and to prevent those workforce members who do not have access under paragraph (a)(4) of this section from obtaining access to electronic protected health information.;164.308 Administrative Safeguards;;;aws;;PASS;AWS policy AWSTrustedAdvisorServiceRolePolicy is attached but does not allow '*:*' administrative privileges.;arn:aws:iam::aws:policy/aws-service-role/AWSTrustedAdvisorServiceRolePolicy;iam_aws_attached_policy_no_administrative_privileges;False;AWSTrustedAdvisorServiceRolePolicy;HIPAA;HIPAA compliance framework;
aws;The Health Insurance Portability and Accountability Act of 1996 (HIPAA) is legislation that helps US workers to retain health insurance coverage when they change or lose jobs. The legislation also seeks to encourage electronic health records to improve the efficiency and quality of the US healthcare system through improved information sharing.;350381001508;us-east-1;2026-08-01 19:04:21.788096;164_308_a_3_ii_b;Implement procedures to determine that the access of a workforce member to electronic protected health information is appropriate.;164.308 Administrative Safeguards;;;iam;;PASS;AWS policy AWSTrustedAdvisorServiceRolePolicy is attached but does not allow '*:*' administrative privileges.;arn:aws:iam::aws:policy/aws-service-role/AWSTrustedAdvisorServiceRolePolicy;iam_aws_attached_policy_no_administrative_privileges;False;AWSTrustedAdvisorServiceRolePolicy;HIPAA;HIPAA compliance framework;
aws;The Health Insurance Portability and Accountability Act of 1996 (HIPAA) is legislation that helps US workers to retain health insurance coverage when they change or lose jobs. The legislation also seeks to encourage electronic health records to improve the efficiency and quality of the US healthcare system through improved information sharing.;350381001508;us-east-1;2026-08-01 19:04:21.788096;164_308_a_4_i;Implement policies and procedures for authorizing access to electronic protected health information that are consistent with the applicable requirements of subpart E of this part.;164.308 Administrative Safeguards;;;iam;;PASS;AWS policy AWSTrustedAdvisorServiceRolePolicy is attached but does not allow '*:*' administrative privileges.;arn:aws:iam::aws:policy/aws-service-role/AWSTrustedAdvisorServiceRolePolicy;iam_aws_attached_policy_no_administrative_privileges;False;AWSTrustedAdvisorServiceRolePolicy;HIPAA;HIPAA compliance framework;
aws;The Health Insurance Portability and Accountability Act of 1996 (HIPAA) is legislation that helps US workers to retain health insurance coverage when they change or lose jobs. The legislation also seeks to encourage electronic health records to improve the efficiency and quality of the US healthcare system through improved information sharing.;350381001508;us-east-1;2026-08-01 19:04:21.788096;164_308_a_4_ii_b;Implement policies and procedures for granting access to electronic protected health information, As one illustrative example, through access to a workstation, transaction, program, process, or other mechanism.;164.308 Administrative Safeguards;;;iam;;PASS;AWS policy AWSTrustedAdvisorServiceRolePolicy is attached but does not allow '*:*' administrative privileges.;arn:aws:iam::aws:policy/aws-service-role/AWSTrustedAdvisorServiceRolePolicy;iam_aws_attached_policy_no_administrative_privileges;False;AWSTrustedAdvisorServiceRolePolicy;HIPAA;HIPAA compliance framework;
aws;The Health Insurance Portability and Accountability Act of 1996 (HIPAA) is legislation that helps US workers to retain health insurance coverage when they change or lose jobs. The legislation also seeks to encourage electronic health records to improve the efficiency and quality of the US healthcare system through improved information sharing.;350381001508;us-east-1;2026-08-01 19:04:21.788096;164_308_a_4_ii_c;Implement policies and procedures that, based upon the covered entity's or the business associate's access authorization policies, establish, document, review, and modify a user's right of access to a workstation, transaction, program, or process.;164.308 Administrative Safeguards;;;aws;;PASS;AWS policy AWSTrustedAdvisorServiceRolePolicy is attached but does not allow '*:*' administrative privileges.;arn:aws:iam::aws:policy/aws-service-role/AWSTrustedAdvisorServiceRolePolicy;iam_aws_attached_policy_no_administrative_privileges;False;AWSTrustedAdvisorServiceRolePolicy;HIPAA;HIPAA compliance framework;
aws;The Health Insurance Portability and Accountability Act of 1996 (HIPAA) is legislation that helps US workers to retain health insurance coverage when they change or lose jobs. The legislation also seeks to encourage electronic health records to improve the efficiency and quality of the US healthcare system through improved information sharing.;350381001508;us-east-1;2026-08-01 19:04:21.788096;164_312_a_1;Implement technical policies and procedures for electronic information systems that maintain electronic protected health information to allow access only to those persons or software programs that have been granted access rights as specified in 164.308(a)(4).;164.312 Technical Safeguards;;;aws;;PASS;AWS policy AWSTrustedAdvisorServiceRolePolicy is attached but does not allow '*:*' administrative privileges.;arn:aws:iam::aws:policy/aws-service-role/AWSTrustedAdvisorServiceRolePolicy;iam_aws_attached_policy_no_administrative_privileges;False;AWSTrustedAdvisorServiceRolePolicy;HIPAA;HIPAA compliance framework;
aws;The Health Insurance Portability and Accountability Act of 1996 (HIPAA) is legislation that helps US workers to retain health insurance coverage when they change or lose jobs. The legislation also seeks to encourage electronic health records to improve the efficiency and quality of the US healthcare system through improved information sharing.;350381001508;us-east-1;2026-08-01 19:04:21.788096;164_308_a_1_ii_b;Implement security measures sufficient to reduce risks and vulnerabilities to a reasonable and appropriate level to comply with 164.306(a): Ensure the confidentiality, integrity, and availability of all electronic protected health information the covered entity or business associate creates, receives, maintains, or transmits.;164.308 Administrative Safeguards;;;aws;;FAIL;AWS policy AdministratorAccess is attached and allows '*:*' administrative privileges.;arn:aws:iam::aws:policy/AdministratorAccess;iam_aws_attached_policy_no_administrative_privileges;False;AdministratorAccess;HIPAA;HIPAA compliance framework;
aws;The Health Insurance Portability and Accountability Act of 1996 (HIPAA) is legislation that helps US workers to retain health insurance coverage when they change or lose jobs. The legislation also seeks to encourage electronic health records to improve the efficiency and quality of the US healthcare system through improved information sharing.;350381001508;us-east-1;2026-08-01 19:04:21.788096;164_308_a_3_i;Implement policies and procedures to ensure that all members of its workforce have appropriate access to electronic protected health information, as provided under paragraph (a)(4) of this section, and to prevent those workforce members who do not have access under paragraph (a)(4) of this section from obtaining access to electronic protected health information.;164.308 Administrative Safeguards;;;aws;;FAIL;AWS policy AdministratorAccess is attached and allows '*:*' administrative privileges.;arn:aws:iam::aws:policy/AdministratorAccess;iam_aws_attached_policy_no_administrative_privileges;False;AdministratorAccess;HIPAA;HIPAA compliance framework;
aws;The Health Insurance Portability and Accountability Act of 1996 (HIPAA) is legislation that helps US workers to retain health insurance coverage when they change or lose jobs. The legislation also seeks to encourage electronic health records to improve the efficiency and quality of the US healthcare system through improved information sharing.;350381001508;us-east-1;2026-08-01 19:04:21.788096;164_308_a_3_ii_b;Implement procedures to determine that the access of a workforce member to electronic protected health information is appropriate.;164.308 Administrative Safeguards;;;iam;;FAIL;AWS policy AdministratorAccess is attached and allows '*:*' administrative privileges.;arn:aws:iam::aws:policy/AdministratorAccess;iam_aws_attached_policy_no_administrative_privileges;False;AdministratorAccess;HIPAA;HIPAA compliance framework;
aws;The Health Insurance Portability and Accountability Act of 1996 (HIPAA) is legislation that helps US workers to retain health insurance coverage when they change or lose jobs. The legislation also seeks to encourage electronic health records to improve the efficiency and quality of the US healthcare system through improved information sharing.;350381001508;us-east-1;2026-08-01 19:04:21.788096;164_308_a_4_i;Implement policies and procedures for authorizing access to electronic protected health information that are consistent with the applicable requirements of subpart E of this part.;164.308 Administrative Safeguards;;;iam;;FAIL;AWS policy AdministratorAccess is attached and allows '*:*' administrative privileges.;arn:aws:iam::aws:policy/AdministratorAccess;iam_aws_attached_policy_no_administrative_privileges;False;AdministratorAccess;HIPAA;HIPAA compliance framework;
aws;The Health Insurance Portability and Accountability Act of 1996 (HIPAA) is legislation that helps US workers to retain health insurance coverage when they change or lose jobs. The legislation also seeks to encourage electronic health records to improve the efficiency and quality of the US healthcare system through improved information sharing.;350381001508;us-east-1;2026-08-01 19:04:21.788096;164_308_a_4_ii_b;Implement policies and procedures for granting access to electronic protected health information, As one illustrative example, through access to a workstation, transaction, program, process, or other mechanism.;164.308 Administrative Safeguards;;;iam;;FAIL;AWS policy AdministratorAccess is attached and allows '*:*' administrative privileges.;arn:aws:iam::aws:policy/AdministratorAccess;iam_aws_attached_policy_no_administrative_privileges;False;AdministratorAccess;HIPAA;HIPAA compliance framework;
aws;The Health Insurance Portability and Accountability Act of 1996 (HIPAA) is legislation that helps US workers to retain health insurance coverage when they change or lose jobs. The legislation also seeks to encourage electronic health records to improve the efficiency and quality of the US healthcare system through improved information sharing.;350381001508;us-east-1;2026-08-01 19:04:21.788096;164_308_a_4_ii_c;Implement policies and procedures that, based upon the covered entity's or the business associate's access authorization policies, establish, document, review, and modify a user's right of access to a workstation, transaction, program, or process.;164.308 Administrative Safeguards;;;aws;;FAIL;AWS policy AdministratorAccess is attached and allows '*:*' administrative privileges.;arn:aws:iam::aws:policy/AdministratorAccess;iam_aws_attached_policy_no_administrative_privileges;False;AdministratorAccess;HIPAA;HIPAA compliance framework;
aws;The Health Insurance Portability and Accountability Act of 1996 (HIPAA) is legislation that helps US workers to retain health insurance coverage when they change or lose jobs. The legislation also seeks to encourage electronic health records to improve the efficiency and quality of the US healthcare system through improved information sharing.;350381001508;us-east-1;2026-08-01 19:04:21.788096;164_312_a_1;Implement technical policies and procedures for electronic information systems that maintain electronic protected health information to allow access only to those persons or software programs that have been granted access rights as specified in 164.308(a)(4).;164.312 Technical Safeguards;;;aws;;FAIL;AWS policy AdministratorAccess is attached and allows '*:*' administrative privileges.;arn:aws:iam::aws:policy/AdministratorAccess;iam_aws_attached_policy_no_administrative_privileges;False;AdministratorAccess;HIPAA;HIPAA compliance framework;
aws;The Health Insurance Portability and Accountability Act of 1996 (HIPAA) is legislation that helps US workers to retain health insurance coverage when they change or lose jobs. The legislation also seeks to encourage electronic health records to improve the efficiency and quality of the US healthcare system through improved information sharing.;350381001508;us-east-1;2026-08-01 19:04:21.788096;164_308_a_1_ii_b;Implement security measures sufficient to reduce risks and vulnerabilities to a reasonable and appropriate level to comply with 164.306(a): Ensure the confidentiality, integrity, and availability of all electronic protected health information the covered entity or business associate creates, receives, maintains, or transmits.;164.308 Administrative Safeguards;;;aws;;PASS;AWS policy AWSSupportServiceRolePolicy is attached but does not allow '*:*' administrative privileges.;arn:aws:iam::aws:policy/aws-service-role/AWSSupportServiceRolePolicy;iam_aws_attached_policy_no_administrative_privileges;False;AWSSupportServiceRolePolicy;HIPAA;HIPAA compliance framework;
aws;The Health Insurance Portability and Accountability Act of 1996 (HIPAA) is legislation that helps US workers to retain health insurance coverage when they change or lose jobs. The legislation also seeks to encourage electronic health records to improve the efficiency and quality of the US healthcare system through improved information sharing.;350381001508;us-east-1;2026-08-01 19:04:21.788096;164_308_a_3_i;Implement policies and procedures to ensure that all members of its workforce have appropriate access to electronic protected health information, as provided under paragraph (a)(4) of this section, and to prevent those workforce members who do not have access under paragraph (a)(4) of this section from obtaining access to electronic protected health information.;164.308 Administrative Safeguards;;;aws;;PASS;AWS policy AWSSupportServiceRolePolicy is attached but does not allow '*:*' administrative privileges.;arn:aws:iam::aws:policy/aws-service-role/AWSSupportServiceRolePolicy;iam_aws_attached_policy_no_administrative_privileges;False;AWSSupportServiceRolePolicy;HIPAA;HIPAA compliance framework;
aws;The Health Insurance Portability and Accountability Act of 1996 (HIPAA) is legislation that helps US workers to retain health insurance coverage when they change or lose jobs. The legislation also seeks to encourage electronic health records to improve the efficiency and quality of the US healthcare system through improved information sharing.;350381001508;us-east-1;2026-08-01 19:04:21.788096;164_308_a_3_ii_b;Implement procedures to determine that the access of a workforce member to electronic protected health information is appropriate.;164.308 Administrative Safeguards;;;iam;;PASS;AWS policy AWSSupportServiceRolePolicy is attached but does not allow '*:*' administrative privileges.;arn:aws:iam::aws:policy/aws-service-role/AWSSupportServiceRolePolicy;iam_aws_attached_policy_no_administrative_privileges;False;AWSSupportServiceRolePolicy;HIPAA;HIPAA compliance framework;
aws;The Health Insurance Portability and Accountability Act of 1996 (HIPAA) is legislation that helps US workers to retain health insurance coverage when they change or lose jobs. The legislation also seeks to encourage electronic health records to improve the efficiency and quality of the US healthcare system through improved information sharing.;350381001508;us-east-1;2026-08-01 19:04:21.788096;164_308_a_4_i;Implement policies and procedures for authorizing access to electronic protected health information that are consistent with the applicable requirements of subpart E of this part.;164.308 Administrative Safeguards;;;iam;;PASS;AWS policy AWSSupportServiceRolePolicy is attached but does not allow '*:*' administrative privileges.;arn:aws:iam::aws:policy/aws-service-role/AWSSupportServiceRolePolicy;iam_aws_attached_policy_no_administrative_privileges;False;AWSSupportServiceRolePolicy;HIPAA;HIPAA compliance framework;
aws;The Health Insurance Portability and Accountability Act of 1996 (HIPAA) is legislation that helps US workers to retain health insurance coverage when they change or lose jobs. The legislation also seeks to encourage electronic health records to improve the efficiency and quality of the US healthcare system through improved information sharing.;350381001508;us-east-1;2026-08-01 19:04:21.788096;164_308_a_4_ii_b;Implement policies and procedures for granting access to electronic protected health information, As one illustrative example, through access to a workstation, transaction, program, process, or other mechanism.;164.308 Administrative Safeguards;;;iam;;PASS;AWS policy AWSSupportServiceRolePolicy is attached but does not allow '*:*' administrative privileges.;arn:aws:iam::aws:policy/aws-service-role/AWSSupportServiceRolePolicy;iam_aws_attached_policy_no_administrative_privileges;False;AWSSupportServiceRolePolicy;HIPAA;HIPAA compliance framework;
aws;The Health Insurance Portability and Accountability Act of 1996 (HIPAA) is legislation that helps US workers to retain health insurance coverage when they change or lose jobs. The legislation also seeks to encourage electronic health records to improve the efficiency and quality of the US healthcare system through improved information sharing.;350381001508;us-east-1;2026-08-01 19:04:21.788096;164_308_a_4_ii_c;Implement policies and procedures that, based upon the covered entity's or the business associate's access authorization policies, establish, document, review, and modify a user's right of access to a workstation, transaction, program, or process.;164.308 Administrative Safeguards;;;aws;;PASS;AWS policy AWSSupportServiceRolePolicy is attached but does not allow '*:*' administrative privileges.;arn:aws:iam::aws:policy/aws-service-role/AWSSupportServiceRolePolicy;iam_aws_attached_policy_no_administrative_privileges;False;AWSSupportServiceRolePolicy;HIPAA;HIPAA compliance framework;
aws;The Health Insurance Portability and Accountability Act of 1996 (HIPAA) is legislation that helps US workers to retain health insurance coverage when they change or lose jobs. The legislation also seeks to encourage electronic health records to improve the efficiency and quality of the US healthcare system through improved information sharing.;350381001508;us-east-1;2026-08-01 19:04:21.788096;164_312_a_1;Implement technical policies and procedures for electronic information systems that maintain electronic protected health information to allow access only to those persons or software programs that have been granted access rights as specified in 164.308(a)(4).;164.312 Technical Safeguards;;;aws;;PASS;AWS policy AWSSupportServiceRolePolicy is attached but does not allow '*:*' administrative privileges.;arn:aws:iam::aws:policy/aws-service-role/AWSSupportServiceRolePolicy;iam_aws_attached_policy_no_administrative_privileges;False;AWSSupportServiceRolePolicy;HIPAA;HIPAA compliance framework;
aws;The Health Insurance Portability and Accountability Act of 1996 (HIPAA) is legislation that helps US workers to retain health insurance coverage when they change or lose jobs. The legislation also seeks to encourage electronic health records to improve the efficiency and quality of the US healthcare system through improved information sharing.;350381001508;us-east-1;2026-08-01 19:04:21.788096;164_308_a_1_ii_b;Implement security measures sufficient to reduce risks and vulnerabilities to a reasonable and appropriate level to comply with 164.306(a): Ensure the confidentiality, integrity, and availability of all electronic protected health information the covered entity or business associate creates, receives, maintains, or transmits.;164.308 Administrative Safeguards;;;aws;;PASS;AWS policy ReadOnlyAccess is attached but does not allow '*:*' administrative privileges.;arn:aws:iam::aws:policy/ReadOnlyAccess;iam_aws_attached_policy_no_administrative_privileges;False;ReadOnlyAccess;HIPAA;HIPAA compliance framework;
aws;The Health Insurance Portability and Accountability Act of 1996 (HIPAA) is legislation that helps US workers to retain health insurance coverage when they change or lose jobs. The legislation also seeks to encourage electronic health records to improve the efficiency and quality of the US healthcare system through improved information sharing.;350381001508;us-east-1;2026-08-01 19:04:21.788096;164_308_a_3_i;Implement policies and procedures to ensure that all members of its workforce have appropriate access to electronic protected health information, as provided under paragraph (a)(4) of this section, and to prevent those workforce members who do not have access under paragraph (a)(4) of this section from obtaining access to electronic protected health information.;164.308 Administrative Safeguards;;;aws;;PASS;AWS policy ReadOnlyAccess is attached but does not allow '*:*' administrative privileges.;arn:aws:iam::aws:policy/ReadOnlyAccess;iam_aws_attached_policy_no_administrative_privileges;False;ReadOnlyAccess;HIPAA;HIPAA compliance framework;
aws;The Health Insurance Portability and Accountability Act of 1996 (HIPAA) is legislation that helps US workers to retain health insurance coverage when they change or lose jobs. The legislation also seeks to encourage electronic health records to improve the efficiency and quality of the US healthcare system through improved information sharing.;350381001508;us-east-1;2026-08-01 19:04:21.788096;164_308_a_3_ii_b;Implement procedures to determine that the access of a workforce member to electronic protected health information is appropriate.;164.308 Administrative Safeguards;;;iam;;PASS;AWS policy ReadOnlyAccess is attached but does not allow '*:*' administrative privileges.;arn:aws:iam::aws:policy/ReadOnlyAccess;iam_aws_attached_policy_no_administrative_privileges;False;ReadOnlyAccess;HIPAA;HIPAA compliance framework;
aws;The Health Insurance Portability and Accountability Act of 1996 (HIPAA) is legislation that helps US workers to retain health insurance coverage when they change or lose jobs. The legislation also seeks to encourage electronic health records to improve the efficiency and quality of the US healthcare system through improved information sharing.;350381001508;us-east-1;2026-08-01 19:04:21.788096;164_308_a_4_i;Implement policies and procedures for authorizing access to electronic protected health information that are consistent with the applicable requirements of subpart E of this part.;164.308 Administrative Safeguards;;;iam;;PASS;AWS policy ReadOnlyAccess is attached but does not allow '*:*' administrative privileges.;arn:aws:iam::aws:policy/ReadOnlyAccess;iam_aws_attached_policy_no_administrative_privileges;False;ReadOnlyAccess;HIPAA;HIPAA compliance framework;
aws;The Health Insurance Portability and Accountability Act of 1996 (HIPAA) is legislation that helps US workers to retain health insurance coverage when they change or lose jobs. The legislation also seeks to encourage electronic health records to improve the efficiency and quality of the US healthcare system through improved information sharing.;350381001508;us-east-1;2026-08-01 19:04:21.788096;164_308_a_4_ii_b;Implement policies and procedures for granting access to electronic protected health information, As one illustrative example, through access to a workstation, transaction, program, process, or other mechanism.;164.308 Administrative Safeguards;;;iam;;PASS;AWS policy ReadOnlyAccess is attached but does not allow '*:*' administrative privileges.;arn:aws:iam::aws:policy/ReadOnlyAccess;iam_aws_attached_policy_no_administrative_privileges;False;ReadOnlyAccess;HIPAA;HIPAA compliance framework;
aws;The Health Insurance Portability and Accountability Act of 1996 (HIPAA) is legislation that helps US workers to retain health insurance coverage when they change or lose jobs. The legislation also seeks to encourage electronic health records to improve the efficiency and quality of the US healthcare system through improved information sharing.;350381001508;us-east-1;2026-08-01 19:04:21.788096;164_308_a_4_ii_c;Implement policies and procedures that, based upon the covered entity's or the business associate's access authorization policies, establish, document, review, and modify a user's right of access to a workstation, transaction, program, or process.;164.308 Administrative Safeguards;;;aws;;PASS;AWS policy ReadOnlyAccess is attached but does not allow '*:*' administrative privileges.;arn:aws:iam::aws:policy/ReadOnlyAccess;iam_aws_attached_policy_no_administrative_privileges;False;ReadOnlyAccess;HIPAA;HIPAA compliance framework;
aws;The Health Insurance Portability and Accountability Act of 1996 (HIPAA) is legislation that helps US workers to retain health insurance coverage when they change or lose jobs. The legislation also seeks to encourage electronic health records to improve the efficiency and quality of the US healthcare system through improved information sharing.;350381001508;us-east-1;2026-08-01 19:04:21.788096;164_312_a_1;Implement technical policies and procedures for electronic information systems that maintain electronic protected health information to allow access only to those persons or software programs that have been granted access rights as specified in 164.308(a)(4).;164.312 Technical Safeguards;;;aws;;PASS;AWS policy ReadOnlyAccess is attached but does not allow '*:*' administrative privileges.;arn:aws:iam::aws:policy/ReadOnlyAccess;iam_aws_attached_policy_no_administrative_privileges;False;ReadOnlyAccess;HIPAA;HIPAA compliance framework;
aws;The Health Insurance Portability and Accountability Act of 1996 (HIPAA) is legislation that helps US workers to retain health insurance coverage when they change or lose jobs. The legislation also seeks to encourage electronic health records to improve the efficiency and quality of the US healthcare system through improved information sharing.;350381001508;us-east-1;2026-08-01 19:04:21.788096;164_308_a_1_ii_b;Implement security measures sufficient to reduce risks and vulnerabilities to a reasonable and appropriate level to comply with 164.306(a): Ensure the confidentiality, integrity, and availability of all electronic protected health information the covered entity or business associate creates, receives, maintains, or transmits.;164.308 Administrative Safeguards;;;aws;;PASS;AWS policy IAMUserChangePassword is attached but does not allow '*:*' administrative privileges.;arn:aws:iam::aws:policy/IAMUserChangePassword;iam_aws_attached_policy_no_administrative_privileges;False;IAMUserChangePassword;HIPAA;HIPAA compliance framework;
aws;The Health Insurance Portability and Accountability Act of 1996 (HIPAA) is legislation that helps US workers to retain health insurance coverage when they change or lose jobs. The legislation also seeks to encourage electronic health records to improve the efficiency and quality of the US healthcare system through improved information sharing.;350381001508;us-east-1;2026-08-01 19:04:21.788096;164_308_a_3_i;Implement policies and procedures to ensure that all members of its workforce have appropriate access to electronic protected health information, as provided under paragraph (a)(4) of this section, and to prevent those workforce members who do not have access under paragraph (a)(4) of this section from obtaining access to electronic protected health information.;164.308 Administrative Safeguards;;;aws;;PASS;AWS policy IAMUserChangePassword is attached but does not allow '*:*' administrative privileges.;arn:aws:iam::aws:policy/IAMUserChangePassword;iam_aws_attached_policy_no_administrative_privileges;False;IAMUserChangePassword;HIPAA;HIPAA compliance framework;
aws;The Health Insurance Portability and Accountability Act of 1996 (HIPAA) is legislation that helps US workers to retain health insurance coverage when they change or lose jobs. The legislation also seeks to encourage electronic health records to improve the efficiency and quality of the US healthcare system through improved information sharing.;350381001508;us-east-1;2026-08-01 19:04:21.788096;164_308_a_3_ii_b;Implement procedures to determine that the access of a workforce member to electronic protected health information is appropriate.;164.308 Administrative Safeguards;;;iam;;PASS;AWS policy IAMUserChangePassword is attached but does not allow '*:*' administrative privileges.;arn:aws:iam::aws:policy/IAMUserChangePassword;iam_aws_attached_policy_no_administrative_privileges;False;IAMUserChangePassword;HIPAA;HIPAA compliance framework;
aws;The Health Insurance Portability and Accountability Act of 1996 (HIPAA) is legislation that helps US workers to retain health insurance coverage when they change or lose jobs. The legislation also seeks to encourage electronic health records to improve the efficiency and quality of the US healthcare system through improved information sharing.;350381001508;us-east-1;2026-08-01 19:04:21.788096;164_308_a_4_i;Implement policies and procedures for authorizing access to electronic protected health information that are consistent with the applicable requirements of subpart E of this part.;164.308 Administrative Safeguards;;;iam;;PASS;AWS policy IAMUserChangePassword is attached but does not allow '*:*' administrative privileges.;arn:aws:iam::aws:policy/IAMUserChangePassword;iam_aws_attached_policy_no_administrative_privileges;False;IAMUserChangePassword;HIPAA;HIPAA compliance framework;
aws;The Health Insurance Portability and Accountability Act of 1996 (HIPAA) is legislation that helps US workers to retain health insurance coverage when they change or lose jobs. The legislation also seeks to encourage electronic health records to improve the efficiency and quality of the US healthcare system through improved information sharing.;350381001508;us-east-1;2026-08-01 19:04:21.788096;164_308_a_4_ii_b;Implement policies and procedures for granting access to electronic protected health information, As one illustrative example, through access to a workstation, transaction, program, process, or other mechanism.;164.308 Administrative Safeguards;;;iam;;PASS;AWS policy IAMUserChangePassword is attached but does not allow '*:*' administrative privileges.;arn:aws:iam::aws:policy/IAMUserChangePassword;iam_aws_attached_policy_no_administrative_privileges;False;IAMUserChangePassword;HIPAA;HIPAA compliance framework;
aws;The Health Insurance Portability and Accountability Act of 1996 (HIPAA) is legislation that helps US workers to retain health insurance coverage when they change or lose jobs. The legislation also seeks to encourage electronic health records to improve the efficiency and quality of the US healthcare system through improved information sharing.;350381001508;us-east-1;2026-08-01 19:04:21.788096;164_308_a_4_ii_c;Implement policies and procedures that, based upon the covered entity's or the business associate's access authorization policies, establish, document, review, and modify a user's right of access to a workstation, transaction, program, or process.;164.308 Administrative Safeguards;;;aws;;PASS;AWS policy IAMUserChangePassword is attached but does not allow '*:*' administrative privileges.;arn:aws:iam::aws:policy/IAMUserChangePassword;iam_aws_attached_policy_no_administrative_privileges;False;IAMUserChangePassword;HIPAA;HIPAA compliance framework;
aws;The Health Insurance Portability and Accountability Act of 1996 (HIPAA) is legislation that helps US workers to retain health insurance coverage when they change or lose jobs. The legislation also seeks to encourage electronic health records to improve the efficiency and quality of the US healthcare system through improved information sharing.;350381001508;us-east-1;2026-08-01 19:04:21.788096;164_312_a_1;Implement technical policies and procedures for electronic information systems that maintain electronic protected health information to allow access only to those persons or software programs that have been granted access rights as specified in 164.308(a)(4).;164.312 Technical Safeguards;;;aws;;PASS;AWS policy IAMUserChangePassword is attached but does not allow '*:*' administrative privileges.;arn:aws:iam::aws:policy/IAMUserChangePassword;iam_aws_attached_policy_no_administrative_privileges;False;IAMUserChangePassword;HIPAA;HIPAA compliance framework;
aws;The Health Insurance Portability and Accountability Act of 1996 (HIPAA) is legislation that helps US workers to retain health insurance coverage when they change or lose jobs. The legislation also seeks to encourage electronic health records to improve the efficiency and quality of the US healthcare system through improved information sharing.;350381001508;us-east-1;2026-08-01 19:04:21.788096;164_308_a_1_ii_b;Implement security measures sufficient to reduce risks and vulnerabilities to a reasonable and appropriate level to comply with 164.306(a): Ensure the confidentiality, integrity, and availability of all electronic protected health information the covered entity or business associate creates, receives, maintains, or transmits.;164.308 Administrative Safeguards;;;aws;;PASS;AWS policy AWSResourceExplorerServiceRolePolicy is attached but does not allow '*:*' administrative privileges.;arn:aws:iam::aws:policy/aws-service-role/AWSResourceExplorerServiceRolePolicy;iam_aws_attached_policy_no_administrative_privileges;False;AWSResourceExplorerServiceRolePolicy;HIPAA;HIPAA compliance framework;
aws;The Health Insurance Portability and Accountability Act of 1996 (HIPAA) is legislation that helps US workers to retain health insurance coverage when they change or lose jobs. The legislation also seeks to encourage electronic health records to improve the efficiency and quality of the US healthcare system through improved information sharing.;350381001508;us-east-1;2026-08-01 19:04:21.788096;164_308_a_3_i;Implement policies and procedures to ensure that all members of its workforce have appropriate access to electronic protected health information, as provided under paragraph (a)(4) of this section, and to prevent those workforce members who do not have access under paragraph (a)(4) of this section from obtaining access to electronic protected health information.;164.308 Administrative Safeguards;;;aws;;PASS;AWS policy AWSResourceExplorerServiceRolePolicy is attached but does not allow '*:*' administrative privileges.;arn:aws:iam::aws:policy/aws-service-role/AWSResourceExplorerServiceRolePolicy;iam_aws_attached_policy_no_administrative_privileges;False;AWSResourceExplorerServiceRolePolicy;HIPAA;HIPAA compliance framework;
aws;The Health Insurance Portability and Accountability Act of 1996 (HIPAA) is legislation that helps US workers to retain health insurance coverage when they change or lose jobs. The legislation also seeks to encourage electronic health records to improve the efficiency and quality of the US healthcare system through improved information sharing.;350381001508;us-east-1;2026-08-01 19:04:21.788096;164_308_a_3_ii_b;Implement procedures to determine that the access of a workforce member to electronic protected health information is appropriate.;164.308 Administrative Safeguards;;;iam;;PASS;AWS policy AWSResourceExplorerServiceRolePolicy is attached but does not allow '*:*' administrative privileges.;arn:aws:iam::aws:policy/aws-service-role/AWSResourceExplorerServiceRolePolicy;iam_aws_attached_policy_no_administrative_privileges;False;AWSResourceExplorerServiceRolePolicy;HIPAA;HIPAA compliance framework;
aws;The Health Insurance Portability and Accountability Act of 1996 (HIPAA) is legislation that helps US workers to retain health insurance coverage when they change or lose jobs. The legislation also seeks to encourage electronic health records to improve the efficiency and quality of the US healthcare system through improved information sharing.;350381001508;us-east-1;2026-08-01 19:04:21.788096;164_308_a_4_i;Implement policies and procedures for authorizing access to electronic protected health information that are consistent with the applicable requirements of subpart E of this part.;164.308 Administrative Safeguards;;;iam;;PASS;AWS policy AWSResourceExplorerServiceRolePolicy is attached but does not allow '*:*' administrative privileges.;arn:aws:iam::aws:policy/aws-service-role/AWSResourceExplorerServiceRolePolicy;iam_aws_attached_policy_no_administrative_privileges;False;AWSResourceExplorerServiceRolePolicy;HIPAA;HIPAA compliance framework;
aws;The Health Insurance Portability and Accountability Act of 1996 (HIPAA) is legislation that helps US workers to retain health insurance coverage when they change or lose jobs. The legislation also seeks to encourage electronic health records to improve the efficiency and quality of the US healthcare system through improved information sharing.;350381001508;us-east-1;2026-08-01 19:04:21.788096;164_308_a_4_ii_b;Implement policies and procedures for granting access to electronic protected health information, As one illustrative example, through access to a workstation, transaction, program, process, or other mechanism.;164.308 Administrative Safeguards;;;iam;;PASS;AWS policy AWSResourceExplorerServiceRolePolicy is attached but does not allow '*:*' administrative privileges.;arn:aws:iam::aws:policy/aws-service-role/AWSResourceExplorerServiceRolePolicy;iam_aws_attached_policy_no_administrative_privileges;False;AWSResourceExplorerServiceRolePolicy;HIPAA;HIPAA compliance framework;
aws;The Health Insurance Portability and Accountability Act of 1996 (HIPAA) is legislation that helps US workers to retain health insurance coverage when they change or lose jobs. The legislation also seeks to encourage electronic health records to improve the efficiency and quality of the US healthcare system through improved information sharing.;350381001508;us-east-1;2026-08-01 19:04:21.788096;164_308_a_4_ii_c;Implement policies and procedures that, based upon the covered entity's or the business associate's access authorization policies, establish, document, review, and modify a user's right of access to a workstation, transaction, program, or process.;164.308 Administrative Safeguards;;;aws;;PASS;AWS policy AWSResourceExplorerServiceRolePolicy is attached but does not allow '*:*' administrative privileges.;arn:aws:iam::aws:policy/aws-service-role/AWSResourceExplorerServiceRolePolicy;iam_aws_attached_policy_no_administrative_privileges;False;AWSResourceExplorerServiceRolePolicy;HIPAA;HIPAA compliance framework;
aws;The Health Insurance Portability and Accountability Act of 1996 (HIPAA) is legislation that helps US workers to retain health insurance coverage when they change or lose jobs. The legislation also seeks to encourage electronic health records to improve the efficiency and quality of the US healthcare system through improved information sharing.;350381001508;us-east-1;2026-08-01 19:04:21.788096;164_312_a_1;Implement technical policies and procedures for electronic information systems that maintain electronic protected health information to allow access only to those persons or software programs that have been granted access rights as specified in 164.308(a)(4).;164.312 Technical Safeguards;;;aws;;PASS;AWS policy AWSResourceExplorerServiceRolePolicy is attached but does not allow '*:*' administrative privileges.;arn:aws:iam::aws:policy/aws-service-role/AWSResourceExplorerServiceRolePolicy;iam_aws_attached_policy_no_administrative_privileges;False;AWSResourceExplorerServiceRolePolicy;HIPAA;HIPAA compliance framework;
aws;The Health Insurance Portability and Accountability Act of 1996 (HIPAA) is legislation that helps US workers to retain health insurance coverage when they change or lose jobs. The legislation also seeks to encourage electronic health records to improve the efficiency and quality of the US healthcare system through improved information sharing.;350381001508;us-east-1;2026-08-01 19:04:21.788096;164_308_a_1_ii_b;Implement security measures sufficient to reduce risks and vulnerabilities to a reasonable and appropriate level to comply with 164.306(a): Ensure the confidentiality, integrity, and availability of all electronic protected health information the covered entity or business associate creates, receives, maintains, or transmits.;164.308 Administrative Safeguards;;;aws;;PASS;Root account does not have access keys.;arn:aws:iam::350381001508:root;iam_no_root_access_key;False;<root_account>;HIPAA;HIPAA compliance framework;
aws;The Health Insurance Portability and Accountability Act of 1996 (HIPAA) is legislation that helps US workers to retain health insurance coverage when they change or lose jobs. The legislation also seeks to encourage electronic health records to improve the efficiency and quality of the US healthcare system through improved information sharing.;350381001508;us-east-1;2026-08-01 19:04:21.788096;164_308_a_3_i;Implement policies and procedures to ensure that all members of its workforce have appropriate access to electronic protected health information, as provided under paragraph (a)(4) of this section, and to prevent those workforce members who do not have access under paragraph (a)(4) of this section from obtaining access to electronic protected health information.;164.308 Administrative Safeguards;;;aws;;PASS;Root account does not have access keys.;arn:aws:iam::350381001508:root;iam_no_root_access_key;False;<root_account>;HIPAA;HIPAA compliance framework;
aws;The Health Insurance Portability and Accountability Act of 1996 (HIPAA) is legislation that helps US workers to retain health insurance coverage when they change or lose jobs. The legislation also seeks to encourage electronic health records to improve the efficiency and quality of the US healthcare system through improved information sharing.;350381001508;us-east-1;2026-08-01 19:04:21.788096;164_308_a_3_ii_b;Implement procedures to determine that the access of a workforce member to electronic protected health information is appropriate.;164.308 Administrative Safeguards;;;iam;;PASS;Root account does not have access keys.;arn:aws:iam::350381001508:root;iam_no_root_access_key;False;<root_account>;HIPAA;HIPAA compliance framework;
aws;The Health Insurance Portability and Accountability Act of 1996 (HIPAA) is legislation that helps US workers to retain health insurance coverage when they change or lose jobs. The legislation also seeks to encourage electronic health records to improve the efficiency and quality of the US healthcare system through improved information sharing.;350381001508;us-east-1;2026-08-01 19:04:21.788096;164_308_a_4_ii_c;Implement policies and procedures that, based upon the covered entity's or the business associate's access authorization policies, establish, document, review, and modify a user's right of access to a workstation, transaction, program, or process.;164.308 Administrative Safeguards;;;aws;;PASS;Root account does not have access keys.;arn:aws:iam::350381001508:root;iam_no_root_access_key;False;<root_account>;HIPAA;HIPAA compliance framework;
aws;The Health Insurance Portability and Accountability Act of 1996 (HIPAA) is legislation that helps US workers to retain health insurance coverage when they change or lose jobs. The legislation also seeks to encourage electronic health records to improve the efficiency and quality of the US healthcare system through improved information sharing.;350381001508;us-east-1;2026-08-01 19:04:21.788096;164_312_a_2_i;Assign a unique name and/or number for identifying and tracking user identity.;164.312 Technical Safeguards;;;aws;;PASS;Root account does not have access keys.;arn:aws:iam::350381001508:root;iam_no_root_access_key;False;<root_account>;HIPAA;HIPAA compliance framework;
aws;The Health Insurance Portability and Accountability Act of 1996 (HIPAA) is legislation that helps US workers to retain health insurance coverage when they change or lose jobs. The legislation also seeks to encourage electronic health records to improve the efficiency and quality of the US healthcare system through improved information sharing.;350381001508;us-east-1;2026-08-01 19:04:21.788096;164_308_a_5_ii_d;Procedures for creating, changing, and safeguarding passwords.;164.308 Administrative Safeguards;;;iam;;FAIL;IAM password policy does not require at least one lowercase letter.;arn:aws:iam:us-east-1:350381001508:password-policy;iam_password_policy_lowercase;False;350381001508;HIPAA;HIPAA compliance framework;
aws;The Health Insurance Portability and Accountability Act of 1996 (HIPAA) is legislation that helps US workers to retain health insurance coverage when they change or lose jobs. The legislation also seeks to encourage electronic health records to improve the efficiency and quality of the US healthcare system through improved information sharing.;350381001508;us-east-1;2026-08-01 19:04:21.788096;164_308_a_5_ii_d;Procedures for creating, changing, and safeguarding passwords.;164.308 Administrative Safeguards;;;iam;;FAIL;IAM password policy does not require minimum length of 14 characters.;arn:aws:iam:us-east-1:350381001508:password-policy;iam_password_policy_minimum_length_14;False;350381001508;HIPAA;HIPAA compliance framework;
aws;The Health Insurance Portability and Accountability Act of 1996 (HIPAA) is legislation that helps US workers to retain health insurance coverage when they change or lose jobs. The legislation also seeks to encourage electronic health records to improve the efficiency and quality of the US healthcare system through improved information sharing.;350381001508;us-east-1;2026-08-01 19:04:21.788096;164_308_a_5_ii_d;Procedures for creating, changing, and safeguarding passwords.;164.308 Administrative Safeguards;;;iam;;FAIL;IAM password policy does not require at least one number.;arn:aws:iam:us-east-1:350381001508:password-policy;iam_password_policy_number;False;350381001508;HIPAA;HIPAA compliance framework;
aws;The Health Insurance Portability and Accountability Act of 1996 (HIPAA) is legislation that helps US workers to retain health insurance coverage when they change or lose jobs. The legislation also seeks to encourage electronic health records to improve the efficiency and quality of the US healthcare system through improved information sharing.;350381001508;us-east-1;2026-08-01 19:04:21.788096;164_308_a_4_ii_c;Implement policies and procedures that, based upon the covered entity's or the business associate's access authorization policies, establish, document, review, and modify a user's right of access to a workstation, transaction, program, or process.;164.308 Administrative Safeguards;;;aws;;FAIL;IAM password policy reuse prevention is less than 24 or not set.;arn:aws:iam:us-east-1:350381001508:password-policy;iam_password_policy_reuse_24;False;350381001508;HIPAA;HIPAA compliance framework;
aws;The Health Insurance Portability and Accountability Act of 1996 (HIPAA) is legislation that helps US workers to retain health insurance coverage when they change or lose jobs. The legislation also seeks to encourage electronic health records to improve the efficiency and quality of the US healthcare system through improved information sharing.;350381001508;us-east-1;2026-08-01 19:04:21.788096;164_308_a_5_ii_d;Procedures for creating, changing, and safeguarding passwords.;164.308 Administrative Safeguards;;;iam;;FAIL;IAM password policy reuse prevention is less than 24 or not set.;arn:aws:iam:us-east-1:350381001508:password-policy;iam_password_policy_reuse_24;False;350381001508;HIPAA;HIPAA compliance framework;
aws;The Health Insurance Portability and Accountability Act of 1996 (HIPAA) is legislation that helps US workers to retain health insurance coverage when they change or lose jobs. The legislation also seeks to encourage electronic health records to improve the efficiency and quality of the US healthcare system through improved information sharing.;350381001508;us-east-1;2026-08-01 19:04:21.788096;164_312_d;Implement procedures to verify that a person or entity seeking access to electronic protected health information is the one claimed.;164.312 Technical Safeguards;;;iam;;FAIL;IAM password policy reuse prevention is less than 24 or not set.;arn:aws:iam:us-east-1:350381001508:password-policy;iam_password_policy_reuse_24;False;350381001508;HIPAA;HIPAA compliance framework;
aws;The Health Insurance Portability and Accountability Act of 1996 (HIPAA) is legislation that helps US workers to retain health insurance coverage when they change or lose jobs. The legislation also seeks to encourage electronic health records to improve the efficiency and quality of the US healthcare system through improved information sharing.;350381001508;us-east-1;2026-08-01 19:04:21.788096;164_308_a_5_ii_d;Procedures for creating, changing, and safeguarding passwords.;164.308 Administrative Safeguards;;;iam;;FAIL;IAM password policy does not require at least one symbol.;arn:aws:iam:us-east-1:350381001508:password-policy;iam_password_policy_symbol;False;350381001508;HIPAA;HIPAA compliance framework;
aws;The Health Insurance Portability and Accountability Act of 1996 (HIPAA) is legislation that helps US workers to retain health insurance coverage when they change or lose jobs. The legislation also seeks to encourage electronic health records to improve the efficiency and quality of the US healthcare system through improved information sharing.;350381001508;us-east-1;2026-08-01 19:04:21.788096;164_308_a_5_ii_d;Procedures for creating, changing, and safeguarding passwords.;164.308 Administrative Safeguards;;;iam;;FAIL;IAM password policy does not require at least one uppercase letter.;arn:aws:iam:us-east-1:350381001508:password-policy;iam_password_policy_uppercase;False;350381001508;HIPAA;HIPAA compliance framework;
aws;The Health Insurance Portability and Accountability Act of 1996 (HIPAA) is legislation that helps US workers to retain health insurance coverage when they change or lose jobs. The legislation also seeks to encourage electronic health records to improve the efficiency and quality of the US healthcare system through improved information sharing.;350381001508;us-east-1;2026-08-01 19:04:21.788096;164_308_a_3_ii_a;Implement procedures for the authorization and/or supervision of workforce members who work with electronic protected health information or in locations where it might be accessed.;164.308 Administrative Safeguards;;;aws;;FAIL;Root account has a virtual MFA instead of a hardware MFA device enabled.;arn:aws:iam::350381001508:mfa;iam_root_hardware_mfa_enabled;False;<root_account>;HIPAA;HIPAA compliance framework;
aws;The Health Insurance Portability and Accountability Act of 1996 (HIPAA) is legislation that helps US workers to retain health insurance coverage when they change or lose jobs. The legislation also seeks to encourage electronic health records to improve the efficiency and quality of the US healthcare system through improved information sharing.;350381001508;us-east-1;2026-08-01 19:04:21.788096;164_312_d;Implement procedures to verify that a person or entity seeking access to electronic protected health information is the one claimed.;164.312 Technical Safeguards;;;iam;;FAIL;Root account has a virtual MFA instead of a hardware MFA device enabled.;arn:aws:iam::350381001508:mfa;iam_root_hardware_mfa_enabled;False;<root_account>;HIPAA;HIPAA compliance framework;
aws;The Health Insurance Portability and Accountability Act of 1996 (HIPAA) is legislation that helps US workers to retain health insurance coverage when they change or lose jobs. The legislation also seeks to encourage electronic health records to improve the efficiency and quality of the US healthcare system through improved information sharing.;350381001508;us-east-1;2026-08-01 19:04:21.788096;164_308_a_3_ii_a;Implement procedures for the authorization and/or supervision of workforce members who work with electronic protected health information or in locations where it might be accessed.;164.308 Administrative Safeguards;;;aws;;PASS;MFA is enabled for root account.;arn:aws:iam::350381001508:root;iam_root_mfa_enabled;False;<root_account>;HIPAA;HIPAA compliance framework;
aws;The Health Insurance Portability and Accountability Act of 1996 (HIPAA) is legislation that helps US workers to retain health insurance coverage when they change or lose jobs. The legislation also seeks to encourage electronic health records to improve the efficiency and quality of the US healthcare system through improved information sharing.;350381001508;us-east-1;2026-08-01 19:04:21.788096;164_312_d;Implement procedures to verify that a person or entity seeking access to electronic protected health information is the one claimed.;164.312 Technical Safeguards;;;iam;;PASS;MFA is enabled for root account.;arn:aws:iam::350381001508:root;iam_root_mfa_enabled;False;<root_account>;HIPAA;HIPAA compliance framework;
aws;The Health Insurance Portability and Accountability Act of 1996 (HIPAA) is legislation that helps US workers to retain health insurance coverage when they change or lose jobs. The legislation also seeks to encourage electronic health records to improve the efficiency and quality of the US healthcare system through improved information sharing.;350381001508;us-east-1;2026-08-01 19:04:21.788096;164_308_a_3_ii_c;Implement procedures for terminating access to electronic protected health information when the employment of, or other arrangement with, a workforce member ends or as required by determinations made as specified in paragraph (a)(3)(ii)(b).;164.308 Administrative Safeguards;;;iam;;PASS;User <root_account> does not have access keys.;arn:aws:iam::350381001508:root;iam_rotate_access_key_90_days;False;<root_account>;HIPAA;HIPAA compliance framework;
aws;The Health Insurance Portability and Accountability Act of 1996 (HIPAA) is legislation that helps US workers to retain health insurance coverage when they change or lose jobs. The legislation also seeks to encourage electronic health records to improve the efficiency and quality of the US healthcare system through improved information sharing.;350381001508;us-east-1;2026-08-01 19:04:21.788096;164_308_a_4_ii_c;Implement policies and procedures that, based upon the covered entity's or the business associate's access authorization policies, establish, document, review, and modify a user's right of access to a workstation, transaction, program, or process.;164.308 Administrative Safeguards;;;aws;;PASS;User <root_account> does not have access keys.;arn:aws:iam::350381001508:root;iam_rotate_access_key_90_days;False;<root_account>;HIPAA;HIPAA compliance framework;
aws;The Health Insurance Portability and Accountability Act of 1996 (HIPAA) is legislation that helps US workers to retain health insurance coverage when they change or lose jobs. The legislation also seeks to encourage electronic health records to improve the efficiency and quality of the US healthcare system through improved information sharing.;350381001508;us-east-1;2026-08-01 19:04:21.788096;164_308_a_5_ii_d;Procedures for creating, changing, and safeguarding passwords.;164.308 Administrative Safeguards;;;iam;;PASS;User <root_account> does not have access keys.;arn:aws:iam::350381001508:root;iam_rotate_access_key_90_days;False;<root_account>;HIPAA;HIPAA compliance framework;
aws;The Health Insurance Portability and Accountability Act of 1996 (HIPAA) is legislation that helps US workers to retain health insurance coverage when they change or lose jobs. The legislation also seeks to encourage electronic health records to improve the efficiency and quality of the US healthcare system through improved information sharing.;350381001508;us-east-1;2026-08-01 19:04:21.788096;164_308_a_3_ii_c;Implement procedures for terminating access to electronic protected health information when the employment of, or other arrangement with, a workforce member ends or as required by determinations made as specified in paragraph (a)(3)(ii)(b).;164.308 Administrative Safeguards;;;iam;;PASS;User research-admin does not have access keys.;arn:aws:iam::350381001508:user/research-admin;iam_rotate_access_key_90_days;False;research-admin;HIPAA;HIPAA compliance framework;
aws;The Health Insurance Portability and Accountability Act of 1996 (HIPAA) is legislation that helps US workers to retain health insurance coverage when they change or lose jobs. The legislation also seeks to encourage electronic health records to improve the efficiency and quality of the US healthcare system through improved information sharing.;350381001508;us-east-1;2026-08-01 19:04:21.788096;164_308_a_4_ii_c;Implement policies and procedures that, based upon the covered entity's or the business associate's access authorization policies, establish, document, review, and modify a user's right of access to a workstation, transaction, program, or process.;164.308 Administrative Safeguards;;;aws;;PASS;User research-admin does not have access keys.;arn:aws:iam::350381001508:user/research-admin;iam_rotate_access_key_90_days;False;research-admin;HIPAA;HIPAA compliance framework;
aws;The Health Insurance Portability and Accountability Act of 1996 (HIPAA) is legislation that helps US workers to retain health insurance coverage when they change or lose jobs. The legislation also seeks to encourage electronic health records to improve the efficiency and quality of the US healthcare system through improved information sharing.;350381001508;us-east-1;2026-08-01 19:04:21.788096;164_308_a_5_ii_d;Procedures for creating, changing, and safeguarding passwords.;164.308 Administrative Safeguards;;;iam;;PASS;User research-admin does not have access keys.;arn:aws:iam::350381001508:user/research-admin;iam_rotate_access_key_90_days;False;research-admin;HIPAA;HIPAA compliance framework;
aws;The Health Insurance Portability and Accountability Act of 1996 (HIPAA) is legislation that helps US workers to retain health insurance coverage when they change or lose jobs. The legislation also seeks to encourage electronic health records to improve the efficiency and quality of the US healthcare system through improved information sharing.;350381001508;us-east-1;2026-08-01 19:04:21.788096;164_308_a_3_ii_c;Implement procedures for terminating access to electronic protected health information when the employment of, or other arrangement with, a workforce member ends or as required by determinations made as specified in paragraph (a)(3)(ii)(b).;164.308 Administrative Safeguards;;;iam;;PASS;User scanner-user does not have access keys older than 90 days.;arn:aws:iam::350381001508:user/scanner-user;iam_rotate_access_key_90_days;False;scanner-user;HIPAA;HIPAA compliance framework;
aws;The Health Insurance Portability and Accountability Act of 1996 (HIPAA) is legislation that helps US workers to retain health insurance coverage when they change or lose jobs. The legislation also seeks to encourage electronic health records to improve the efficiency and quality of the US healthcare system through improved information sharing.;350381001508;us-east-1;2026-08-01 19:04:21.788096;164_308_a_4_ii_c;Implement policies and procedures that, based upon the covered entity's or the business associate's access authorization policies, establish, document, review, and modify a user's right of access to a workstation, transaction, program, or process.;164.308 Administrative Safeguards;;;aws;;PASS;User scanner-user does not have access keys older than 90 days.;arn:aws:iam::350381001508:user/scanner-user;iam_rotate_access_key_90_days;False;scanner-user;HIPAA;HIPAA compliance framework;
aws;The Health Insurance Portability and Accountability Act of 1996 (HIPAA) is legislation that helps US workers to retain health insurance coverage when they change or lose jobs. The legislation also seeks to encourage electronic health records to improve the efficiency and quality of the US healthcare system through improved information sharing.;350381001508;us-east-1;2026-08-01 19:04:21.788096;164_308_a_5_ii_d;Procedures for creating, changing, and safeguarding passwords.;164.308 Administrative Safeguards;;;iam;;PASS;User scanner-user does not have access keys older than 90 days.;arn:aws:iam::350381001508:user/scanner-user;iam_rotate_access_key_90_days;False;scanner-user;HIPAA;HIPAA compliance framework;
aws;The Health Insurance Portability and Accountability Act of 1996 (HIPAA) is legislation that helps US workers to retain health insurance coverage when they change or lose jobs. The legislation also seeks to encourage electronic health records to improve the efficiency and quality of the US healthcare system through improved information sharing.;350381001508;us-east-1;2026-08-01 19:04:21.788096;164_308_a_3_ii_c;Implement procedures for terminating access to electronic protected health information when the employment of, or other arrangement with, a workforce member ends or as required by determinations made as specified in paragraph (a)(3)(ii)(b).;164.308 Administrative Safeguards;;;iam;;PASS;User test-user does not have access keys older than 90 days.;arn:aws:iam::350381001508:user/test-user;iam_rotate_access_key_90_days;False;test-user;HIPAA;HIPAA compliance framework;
aws;The Health Insurance Portability and Accountability Act of 1996 (HIPAA) is legislation that helps US workers to retain health insurance coverage when they change or lose jobs. The legislation also seeks to encourage electronic health records to improve the efficiency and quality of the US healthcare system through improved information sharing.;350381001508;us-east-1;2026-08-01 19:04:21.788096;164_308_a_4_ii_c;Implement policies and procedures that, based upon the covered entity's or the business associate's access authorization policies, establish, document, review, and modify a user's right of access to a workstation, transaction, program, or process.;164.308 Administrative Safeguards;;;aws;;PASS;User test-user does not have access keys older than 90 days.;arn:aws:iam::350381001508:user/test-user;iam_rotate_access_key_90_days;False;test-user;HIPAA;HIPAA compliance framework;
aws;The Health Insurance Portability and Accountability Act of 1996 (HIPAA) is legislation that helps US workers to retain health insurance coverage when they change or lose jobs. The legislation also seeks to encourage electronic health records to improve the efficiency and quality of the US healthcare system through improved information sharing.;350381001508;us-east-1;2026-08-01 19:04:21.788096;164_308_a_5_ii_d;Procedures for creating, changing, and safeguarding passwords.;164.308 Administrative Safeguards;;;iam;;PASS;User test-user does not have access keys older than 90 days.;arn:aws:iam::350381001508:user/test-user;iam_rotate_access_key_90_days;False;test-user;HIPAA;HIPAA compliance framework;
aws;The Health Insurance Portability and Accountability Act of 1996 (HIPAA) is legislation that helps US workers to retain health insurance coverage when they change or lose jobs. The legislation also seeks to encourage electronic health records to improve the efficiency and quality of the US healthcare system through improved information sharing.;350381001508;us-east-1;2026-08-01 19:04:21.788096;164_308_a_3_ii_b;Implement procedures to determine that the access of a workforce member to electronic protected health information is appropriate.;164.308 Administrative Safeguards;;;iam;;PASS;User <root_account> does not have access keys.;arn:aws:iam::350381001508:root;iam_user_accesskey_unused;False;<root_account>;HIPAA;HIPAA compliance framework;
aws;The Health Insurance Portability and Accountability Act of 1996 (HIPAA) is legislation that helps US workers to retain health insurance coverage when they change or lose jobs. The legislation also seeks to encourage electronic health records to improve the efficiency and quality of the US healthcare system through improved information sharing.;350381001508;us-east-1;2026-08-01 19:04:21.788096;164_308_a_4_ii_c;Implement policies and procedures that, based upon the covered entity's or the business associate's access authorization policies, establish, document, review, and modify a user's right of access to a workstation, transaction, program, or process.;164.308 Administrative Safeguards;;;aws;;PASS;User <root_account> does not have access keys.;arn:aws:iam::350381001508:root;iam_user_accesskey_unused;False;<root_account>;HIPAA;HIPAA compliance framework;
aws;The Health Insurance Portability and Accountability Act of 1996 (HIPAA) is legislation that helps US workers to retain health insurance coverage when they change or lose jobs. The legislation also seeks to encourage electronic health records to improve the efficiency and quality of the US healthcare system through improved information sharing.;350381001508;us-east-1;2026-08-01 19:04:21.788096;164_308_a_5_ii_d;Procedures for creating, changing, and safeguarding passwords.;164.308 Administrative Safeguards;;;iam;;PASS;User <root_account> does not have access keys.;arn:aws:iam::350381001508:root;iam_user_accesskey_unused;False;<root_account>;HIPAA;HIPAA compliance framework;
aws;The Health Insurance Portability and Accountability Act of 1996 (HIPAA) is legislation that helps US workers to retain health insurance coverage when they change or lose jobs. The legislation also seeks to encourage electronic health records to improve the efficiency and quality of the US healthcare system through improved information sharing.;350381001508;us-east-1;2026-08-01 19:04:21.788096;164_308_a_3_ii_b;Implement procedures to determine that the access of a workforce member to electronic protected health information is appropriate.;164.308 Administrative Safeguards;;;iam;;PASS;User research-admin does not have access keys.;arn:aws:iam::350381001508:user/research-admin;iam_user_accesskey_unused;False;research-admin;HIPAA;HIPAA compliance framework;
aws;The Health Insurance Portability and Accountability Act of 1996 (HIPAA) is legislation that helps US workers to retain health insurance coverage when they change or lose jobs. The legislation also seeks to encourage electronic health records to improve the efficiency and quality of the US healthcare system through improved information sharing.;350381001508;us-east-1;2026-08-01 19:04:21.788096;164_308_a_4_ii_c;Implement policies and procedures that, based upon the covered entity's or the business associate's access authorization policies, establish, document, review, and modify a user's right of access to a workstation, transaction, program, or process.;164.308 Administrative Safeguards;;;aws;;PASS;User research-admin does not have access keys.;arn:aws:iam::350381001508:user/research-admin;iam_user_accesskey_unused;False;research-admin;HIPAA;HIPAA compliance framework;
aws;The Health Insurance Portability and Accountability Act of 1996 (HIPAA) is legislation that helps US workers to retain health insurance coverage when they change or lose jobs. The legislation also seeks to encourage electronic health records to improve the efficiency and quality of the US healthcare system through improved information sharing.;350381001508;us-east-1;2026-08-01 19:04:21.788096;164_308_a_5_ii_d;Procedures for creating, changing, and safeguarding passwords.;164.308 Administrative Safeguards;;;iam;;PASS;User research-admin does not have access keys.;arn:aws:iam::350381001508:user/research-admin;iam_user_accesskey_unused;False;research-admin;HIPAA;HIPAA compliance framework;
aws;The Health Insurance Portability and Accountability Act of 1996 (HIPAA) is legislation that helps US workers to retain health insurance coverage when they change or lose jobs. The legislation also seeks to encourage electronic health records to improve the efficiency and quality of the US healthcare system through improved information sharing.;350381001508;us-east-1;2026-08-01 19:04:21.788096;164_308_a_3_ii_b;Implement procedures to determine that the access of a workforce member to electronic protected health information is appropriate.;164.308 Administrative Safeguards;;;iam;;PASS;User scanner-user does not have unused access keys for 45 days.;arn:aws:iam::350381001508:user/scanner-user;iam_user_accesskey_unused;False;scanner-user;HIPAA;HIPAA compliance framework;
aws;The Health Insurance Portability and Accountability Act of 1996 (HIPAA) is legislation that helps US workers to retain health insurance coverage when they change or lose jobs. The legislation also seeks to encourage electronic health records to improve the efficiency and quality of the US healthcare system through improved information sharing.;350381001508;us-east-1;2026-08-01 19:04:21.788096;164_308_a_4_ii_c;Implement policies and procedures that, based upon the covered entity's or the business associate's access authorization policies, establish, document, review, and modify a user's right of access to a workstation, transaction, program, or process.;164.308 Administrative Safeguards;;;aws;;PASS;User scanner-user does not have unused access keys for 45 days.;arn:aws:iam::350381001508:user/scanner-user;iam_user_accesskey_unused;False;scanner-user;HIPAA;HIPAA compliance framework;
aws;The Health Insurance Portability and Accountability Act of 1996 (HIPAA) is legislation that helps US workers to retain health insurance coverage when they change or lose jobs. The legislation also seeks to encourage electronic health records to improve the efficiency and quality of the US healthcare system through improved information sharing.;350381001508;us-east-1;2026-08-01 19:04:21.788096;164_308_a_5_ii_d;Procedures for creating, changing, and safeguarding passwords.;164.308 Administrative Safeguards;;;iam;;PASS;User scanner-user does not have unused access keys for 45 days.;arn:aws:iam::350381001508:user/scanner-user;iam_user_accesskey_unused;False;scanner-user;HIPAA;HIPAA compliance framework;
aws;The Health Insurance Portability and Accountability Act of 1996 (HIPAA) is legislation that helps US workers to retain health insurance coverage when they change or lose jobs. The legislation also seeks to encourage electronic health records to improve the efficiency and quality of the US healthcare system through improved information sharing.;350381001508;us-east-1;2026-08-01 19:04:21.788096;164_308_a_3_ii_b;Implement procedures to determine that the access of a workforce member to electronic protected health information is appropriate.;164.308 Administrative Safeguards;;;iam;;PASS;User test-user does not have unused access keys for 45 days.;arn:aws:iam::350381001508:user/test-user;iam_user_accesskey_unused;False;test-user;HIPAA;HIPAA compliance framework;
aws;The Health Insurance Portability and Accountability Act of 1996 (HIPAA) is legislation that helps US workers to retain health insurance coverage when they change or lose jobs. The legislation also seeks to encourage electronic health records to improve the efficiency and quality of the US healthcare system through improved information sharing.;350381001508;us-east-1;2026-08-01 19:04:21.788096;164_308_a_4_ii_c;Implement policies and procedures that, based upon the covered entity's or the business associate's access authorization policies, establish, document, review, and modify a user's right of access to a workstation, transaction, program, or process.;164.308 Administrative Safeguards;;;aws;;PASS;User test-user does not have unused access keys for 45 days.;arn:aws:iam::350381001508:user/test-user;iam_user_accesskey_unused;False;test-user;HIPAA;HIPAA compliance framework;
aws;The Health Insurance Portability and Accountability Act of 1996 (HIPAA) is legislation that helps US workers to retain health insurance coverage when they change or lose jobs. The legislation also seeks to encourage electronic health records to improve the efficiency and quality of the US healthcare system through improved information sharing.;350381001508;us-east-1;2026-08-01 19:04:21.788096;164_308_a_5_ii_d;Procedures for creating, changing, and safeguarding passwords.;164.308 Administrative Safeguards;;;iam;;PASS;User test-user does not have unused access keys for 45 days.;arn:aws:iam::350381001508:user/test-user;iam_user_accesskey_unused;False;test-user;HIPAA;HIPAA compliance framework;
aws;The Health Insurance Portability and Accountability Act of 1996 (HIPAA) is legislation that helps US workers to retain health insurance coverage when they change or lose jobs. The legislation also seeks to encourage electronic health records to improve the efficiency and quality of the US healthcare system through improved information sharing.;350381001508;us-east-1;2026-08-01 19:04:21.788096;164_308_a_3_ii_b;Implement procedures to determine that the access of a workforce member to electronic protected health information is appropriate.;164.308 Administrative Safeguards;;;iam;;PASS;User research-admin does not have console access enabled or is unused.;arn:aws:iam::350381001508:user/research-admin;iam_user_console_access_unused;False;research-admin;HIPAA;HIPAA compliance framework;
aws;The Health Insurance Portability and Accountability Act of 1996 (HIPAA) is legislation that helps US workers to retain health insurance coverage when they change or lose jobs. The legislation also seeks to encourage electronic health records to improve the efficiency and quality of the US healthcare system through improved information sharing.;350381001508;us-east-1;2026-08-01 19:04:21.788096;164_308_a_4_ii_c;Implement policies and procedures that, based upon the covered entity's or the business associate's access authorization policies, establish, document, review, and modify a user's right of access to a workstation, transaction, program, or process.;164.308 Administrative Safeguards;;;aws;;PASS;User research-admin does not have console access enabled or is unused.;arn:aws:iam::350381001508:user/research-admin;iam_user_console_access_unused;False;research-admin;HIPAA;HIPAA compliance framework;
aws;The Health Insurance Portability and Accountability Act of 1996 (HIPAA) is legislation that helps US workers to retain health insurance coverage when they change or lose jobs. The legislation also seeks to encourage electronic health records to improve the efficiency and quality of the US healthcare system through improved information sharing.;350381001508;us-east-1;2026-08-01 19:04:21.788096;164_308_a_5_ii_d;Procedures for creating, changing, and safeguarding passwords.;164.308 Administrative Safeguards;;;iam;;PASS;User research-admin does not have console access enabled or is unused.;arn:aws:iam::350381001508:user/research-admin;iam_user_console_access_unused;False;research-admin;HIPAA;HIPAA compliance framework;
aws;The Health Insurance Portability and Accountability Act of 1996 (HIPAA) is legislation that helps US workers to retain health insurance coverage when they change or lose jobs. The legislation also seeks to encourage electronic health records to improve the efficiency and quality of the US healthcare system through improved information sharing.;350381001508;us-east-1;2026-08-01 19:04:21.788096;164_308_a_3_ii_b;Implement procedures to determine that the access of a workforce member to electronic protected health information is appropriate.;164.308 Administrative Safeguards;;;iam;;PASS;User scanner-user does not have console access enabled or is unused.;arn:aws:iam::350381001508:user/scanner-user;iam_user_console_access_unused;False;scanner-user;HIPAA;HIPAA compliance framework;
aws;The Health Insurance Portability and Accountability Act of 1996 (HIPAA) is legislation that helps US workers to retain health insurance coverage when they change or lose jobs. The legislation also seeks to encourage electronic health records to improve the efficiency and quality of the US healthcare system through improved information sharing.;350381001508;us-east-1;2026-08-01 19:04:21.788096;164_308_a_4_ii_c;Implement policies and procedures that, based upon the covered entity's or the business associate's access authorization policies, establish, document, review, and modify a user's right of access to a workstation, transaction, program, or process.;164.308 Administrative Safeguards;;;aws;;PASS;User scanner-user does not have console access enabled or is unused.;arn:aws:iam::350381001508:user/scanner-user;iam_user_console_access_unused;False;scanner-user;HIPAA;HIPAA compliance framework;
aws;The Health Insurance Portability and Accountability Act of 1996 (HIPAA) is legislation that helps US workers to retain health insurance coverage when they change or lose jobs. The legislation also seeks to encourage electronic health records to improve the efficiency and quality of the US healthcare system through improved information sharing.;350381001508;us-east-1;2026-08-01 19:04:21.788096;164_308_a_5_ii_d;Procedures for creating, changing, and safeguarding passwords.;164.308 Administrative Safeguards;;;iam;;PASS;User scanner-user does not have console access enabled or is unused.;arn:aws:iam::350381001508:user/scanner-user;iam_user_console_access_unused;False;scanner-user;HIPAA;HIPAA compliance framework;
aws;The Health Insurance Portability and Accountability Act of 1996 (HIPAA) is legislation that helps US workers to retain health insurance coverage when they change or lose jobs. The legislation also seeks to encourage electronic health records to improve the efficiency and quality of the US healthcare system through improved information sharing.;350381001508;us-east-1;2026-08-01 19:04:21.788096;164_308_a_3_ii_b;Implement procedures to determine that the access of a workforce member to electronic protected health information is appropriate.;164.308 Administrative Safeguards;;;iam;;PASS;User test-user does not have console access enabled or is unused.;arn:aws:iam::350381001508:user/test-user;iam_user_console_access_unused;False;test-user;HIPAA;HIPAA compliance framework;
aws;The Health Insurance Portability and Accountability Act of 1996 (HIPAA) is legislation that helps US workers to retain health insurance coverage when they change or lose jobs. The legislation also seeks to encourage electronic health records to improve the efficiency and quality of the US healthcare system through improved information sharing.;350381001508;us-east-1;2026-08-01 19:04:21.788096;164_308_a_4_ii_c;Implement policies and procedures that, based upon the covered entity's or the business associate's access authorization policies, establish, document, review, and modify a user's right of access to a workstation, transaction, program, or process.;164.308 Administrative Safeguards;;;aws;;PASS;User test-user does not have console access enabled or is unused.;arn:aws:iam::350381001508:user/test-user;iam_user_console_access_unused;False;test-user;HIPAA;HIPAA compliance framework;
aws;The Health Insurance Portability and Accountability Act of 1996 (HIPAA) is legislation that helps US workers to retain health insurance coverage when they change or lose jobs. The legislation also seeks to encourage electronic health records to improve the efficiency and quality of the US healthcare system through improved information sharing.;350381001508;us-east-1;2026-08-01 19:04:21.788096;164_308_a_5_ii_d;Procedures for creating, changing, and safeguarding passwords.;164.308 Administrative Safeguards;;;iam;;PASS;User test-user does not have console access enabled or is unused.;arn:aws:iam::350381001508:user/test-user;iam_user_console_access_unused;False;test-user;HIPAA;HIPAA compliance framework;
aws;The Health Insurance Portability and Accountability Act of 1996 (HIPAA) is legislation that helps US workers to retain health insurance coverage when they change or lose jobs. The legislation also seeks to encourage electronic health records to improve the efficiency and quality of the US healthcare system through improved information sharing.;350381001508;us-east-1;2026-08-01 19:04:21.788096;164_308_a_3_ii_a;Implement procedures for the authorization and/or supervision of workforce members who work with electronic protected health information or in locations where it might be accessed.;164.308 Administrative Safeguards;;;aws;;PASS;User research-admin has Console Password enabled and MFA enabled.;arn:aws:iam::350381001508:user/research-admin;iam_user_mfa_enabled_console_access;False;research-admin;HIPAA;HIPAA compliance framework;
aws;The Health Insurance Portability and Accountability Act of 1996 (HIPAA) is legislation that helps US workers to retain health insurance coverage when they change or lose jobs. The legislation also seeks to encourage electronic health records to improve the efficiency and quality of the US healthcare system through improved information sharing.;350381001508;us-east-1;2026-08-01 19:04:21.788096;164_312_a_1;Implement technical policies and procedures for electronic information systems that maintain electronic protected health information to allow access only to those persons or software programs that have been granted access rights as specified in 164.308(a)(4).;164.312 Technical Safeguards;;;aws;;PASS;User research-admin has Console Password enabled and MFA enabled.;arn:aws:iam::350381001508:user/research-admin;iam_user_mfa_enabled_console_access;False;research-admin;HIPAA;HIPAA compliance framework;
aws;The Health Insurance Portability and Accountability Act of 1996 (HIPAA) is legislation that helps US workers to retain health insurance coverage when they change or lose jobs. The legislation also seeks to encourage electronic health records to improve the efficiency and quality of the US healthcare system through improved information sharing.;350381001508;us-east-1;2026-08-01 19:04:21.788096;164_312_d;Implement procedures to verify that a person or entity seeking access to electronic protected health information is the one claimed.;164.312 Technical Safeguards;;;iam;;PASS;User research-admin has Console Password enabled and MFA enabled.;arn:aws:iam::350381001508:user/research-admin;iam_user_mfa_enabled_console_access;False;research-admin;HIPAA;HIPAA compliance framework;
aws;The Health Insurance Portability and Accountability Act of 1996 (HIPAA) is legislation that helps US workers to retain health insurance coverage when they change or lose jobs. The legislation also seeks to encourage electronic health records to improve the efficiency and quality of the US healthcare system through improved information sharing.;350381001508;us-east-1;2026-08-01 19:04:21.788096;164_308_a_3_ii_a;Implement procedures for the authorization and/or supervision of workforce members who work with electronic protected health information or in locations where it might be accessed.;164.308 Administrative Safeguards;;;aws;;PASS;User scanner-user has Console Password enabled and MFA enabled.;arn:aws:iam::350381001508:user/scanner-user;iam_user_mfa_enabled_console_access;False;scanner-user;HIPAA;HIPAA compliance framework;
aws;The Health Insurance Portability and Accountability Act of 1996 (HIPAA) is legislation that helps US workers to retain health insurance coverage when they change or lose jobs. The legislation also seeks to encourage electronic health records to improve the efficiency and quality of the US healthcare system through improved information sharing.;350381001508;us-east-1;2026-08-01 19:04:21.788096;164_312_a_1;Implement technical policies and procedures for electronic information systems that maintain electronic protected health information to allow access only to those persons or software programs that have been granted access rights as specified in 164.308(a)(4).;164.312 Technical Safeguards;;;aws;;PASS;User scanner-user has Console Password enabled and MFA enabled.;arn:aws:iam::350381001508:user/scanner-user;iam_user_mfa_enabled_console_access;False;scanner-user;HIPAA;HIPAA compliance framework;
aws;The Health Insurance Portability and Accountability Act of 1996 (HIPAA) is legislation that helps US workers to retain health insurance coverage when they change or lose jobs. The legislation also seeks to encourage electronic health records to improve the efficiency and quality of the US healthcare system through improved information sharing.;350381001508;us-east-1;2026-08-01 19:04:21.788096;164_312_d;Implement procedures to verify that a person or entity seeking access to electronic protected health information is the one claimed.;164.312 Technical Safeguards;;;iam;;PASS;User scanner-user has Console Password enabled and MFA enabled.;arn:aws:iam::350381001508:user/scanner-user;iam_user_mfa_enabled_console_access;False;scanner-user;HIPAA;HIPAA compliance framework;
aws;The Health Insurance Portability and Accountability Act of 1996 (HIPAA) is legislation that helps US workers to retain health insurance coverage when they change or lose jobs. The legislation also seeks to encourage electronic health records to improve the efficiency and quality of the US healthcare system through improved information sharing.;350381001508;us-east-1;2026-08-01 19:04:21.788096;164_308_a_3_ii_a;Implement procedures for the authorization and/or supervision of workforce members who work with electronic protected health information or in locations where it might be accessed.;164.308 Administrative Safeguards;;;aws;;FAIL;User test-user has Console Password enabled but MFA disabled.;arn:aws:iam::350381001508:user/test-user;iam_user_mfa_enabled_console_access;False;test-user;HIPAA;HIPAA compliance framework;
aws;The Health Insurance Portability and Accountability Act of 1996 (HIPAA) is legislation that helps US workers to retain health insurance coverage when they change or lose jobs. The legislation also seeks to encourage electronic health records to improve the efficiency and quality of the US healthcare system through improved information sharing.;350381001508;us-east-1;2026-08-01 19:04:21.788096;164_312_a_1;Implement technical policies and procedures for electronic information systems that maintain electronic protected health information to allow access only to those persons or software programs that have been granted access rights as specified in 164.308(a)(4).;164.312 Technical Safeguards;;;aws;;FAIL;User test-user has Console Password enabled but MFA disabled.;arn:aws:iam::350381001508:user/test-user;iam_user_mfa_enabled_console_access;False;test-user;HIPAA;HIPAA compliance framework;
aws;The Health Insurance Portability and Accountability Act of 1996 (HIPAA) is legislation that helps US workers to retain health insurance coverage when they change or lose jobs. The legislation also seeks to encourage electronic health records to improve the efficiency and quality of the US healthcare system through improved information sharing.;350381001508;us-east-1;2026-08-01 19:04:21.788096;164_312_d;Implement procedures to verify that a person or entity seeking access to electronic protected health information is the one claimed.;164.312 Technical Safeguards;;;iam;;FAIL;User test-user has Console Password enabled but MFA disabled.;arn:aws:iam::350381001508:user/test-user;iam_user_mfa_enabled_console_access;False;test-user;HIPAA;HIPAA compliance framework;
aws;The Health Insurance Portability and Accountability Act of 1996 (HIPAA) is legislation that helps US workers to retain health insurance coverage when they change or lose jobs. The legislation also seeks to encourage electronic health records to improve the efficiency and quality of the US healthcare system through improved information sharing.;350381001508;us-east-1;2026-08-01 19:04:21.788096;164_308_a_1_ii_b;Implement security measures sufficient to reduce risks and vulnerabilities to a reasonable and appropriate level to comply with 164.306(a): Ensure the confidentiality, integrity, and availability of all electronic protected health information the covered entity or business associate creates, receives, maintains, or transmits.;164.308 Administrative Safeguards;;;aws;;FAIL;Block Public Access is not configured for the account 350381001508.;arn:aws:s3:us-east-1:350381001508:account;s3_account_level_public_access_blocks;False;350381001508;HIPAA;HIPAA compliance framework;
aws;The Health Insurance Portability and Accountability Act of 1996 (HIPAA) is legislation that helps US workers to retain health insurance coverage when they change or lose jobs. The legislation also seeks to encourage electronic health records to improve the efficiency and quality of the US healthcare system through improved information sharing.;350381001508;us-east-1;2026-08-01 19:04:21.788096;164_308_a_3_i;Implement policies and procedures to ensure that all members of its workforce have appropriate access to electronic protected health information, as provided under paragraph (a)(4) of this section, and to prevent those workforce members who do not have access under paragraph (a)(4) of this section from obtaining access to electronic protected health information.;164.308 Administrative Safeguards;;;aws;;FAIL;Block Public Access is not configured for the account 350381001508.;arn:aws:s3:us-east-1:350381001508:account;s3_account_level_public_access_blocks;False;350381001508;HIPAA;HIPAA compliance framework;
aws;The Health Insurance Portability and Accountability Act of 1996 (HIPAA) is legislation that helps US workers to retain health insurance coverage when they change or lose jobs. The legislation also seeks to encourage electronic health records to improve the efficiency and quality of the US healthcare system through improved information sharing.;350381001508;us-east-1;2026-08-01 19:04:21.788096;164_308_a_1_ii_b;Implement security measures sufficient to reduce risks and vulnerabilities to a reasonable and appropriate level to comply with 164.306(a): Ensure the confidentiality, integrity, and availability of all electronic protected health information the covered entity or business associate creates, receives, maintains, or transmits.;164.308 Administrative Safeguards;;;aws;;PASS;S3 Bucket aws-cloudtrail-logs-350381001508-dae76776 has Server Side Encryption with AES256.;arn:aws:s3:::aws-cloudtrail-logs-350381001508-dae76776;s3_bucket_default_encryption;False;aws-cloudtrail-logs-350381001508-dae76776;HIPAA;HIPAA compliance framework;
aws;The Health Insurance Portability and Accountability Act of 1996 (HIPAA) is legislation that helps US workers to retain health insurance coverage when they change or lose jobs. The legislation also seeks to encourage electronic health records to improve the efficiency and quality of the US healthcare system through improved information sharing.;350381001508;us-east-1;2026-08-01 19:04:21.788096;164_308_a_4_ii_a;If a health care clearinghouse is part of a larger organization, the clearinghouse must implement policies and procedures that protect the electronic protected health information of the clearinghouse from unauthorized access by the larger organization.;164.308 Administrative Safeguards;;;aws;;PASS;S3 Bucket aws-cloudtrail-logs-350381001508-dae76776 has Server Side Encryption with AES256.;arn:aws:s3:::aws-cloudtrail-logs-350381001508-dae76776;s3_bucket_default_encryption;False;aws-cloudtrail-logs-350381001508-dae76776;HIPAA;HIPAA compliance framework;
aws;The Health Insurance Portability and Accountability Act of 1996 (HIPAA) is legislation that helps US workers to retain health insurance coverage when they change or lose jobs. The legislation also seeks to encourage electronic health records to improve the efficiency and quality of the US healthcare system through improved information sharing.;350381001508;us-east-1;2026-08-01 19:04:21.788096;164_312_a_2_iv;Implement a mechanism to encrypt and decrypt electronic protected health information.;164.312 Technical Safeguards;;;aws;;PASS;S3 Bucket aws-cloudtrail-logs-350381001508-dae76776 has Server Side Encryption with AES256.;arn:aws:s3:::aws-cloudtrail-logs-350381001508-dae76776;s3_bucket_default_encryption;False;aws-cloudtrail-logs-350381001508-dae76776;HIPAA;HIPAA compliance framework;
aws;The Health Insurance Portability and Accountability Act of 1996 (HIPAA) is legislation that helps US workers to retain health insurance coverage when they change or lose jobs. The legislation also seeks to encourage electronic health records to improve the efficiency and quality of the US healthcare system through improved information sharing.;350381001508;us-east-1;2026-08-01 19:04:21.788096;164_312_c_1;Implement policies and procedures to protect electronic protected health information from improper alteration or destruction.;164.312 Technical Safeguards;;;aws;;PASS;S3 Bucket aws-cloudtrail-logs-350381001508-dae76776 has Server Side Encryption with AES256.;arn:aws:s3:::aws-cloudtrail-logs-350381001508-dae76776;s3_bucket_default_encryption;False;aws-cloudtrail-logs-350381001508-dae76776;HIPAA;HIPAA compliance framework;
aws;The Health Insurance Portability and Accountability Act of 1996 (HIPAA) is legislation that helps US workers to retain health insurance coverage when they change or lose jobs. The legislation also seeks to encourage electronic health records to improve the efficiency and quality of the US healthcare system through improved information sharing.;350381001508;us-east-1;2026-08-01 19:04:21.788096;164_312_c_2;Implement electronic mechanisms to corroborate that electronic protected health information has not been altered or destroyed in an unauthorized manner.;164.312 Technical Safeguards;;;aws;;PASS;S3 Bucket aws-cloudtrail-logs-350381001508-dae76776 has Server Side Encryption with AES256.;arn:aws:s3:::aws-cloudtrail-logs-350381001508-dae76776;s3_bucket_default_encryption;False;aws-cloudtrail-logs-350381001508-dae76776;HIPAA;HIPAA compliance framework;
aws;The Health Insurance Portability and Accountability Act of 1996 (HIPAA) is legislation that helps US workers to retain health insurance coverage when they change or lose jobs. The legislation also seeks to encourage electronic health records to improve the efficiency and quality of the US healthcare system through improved information sharing.;350381001508;us-east-1;2026-08-01 19:04:21.788096;164_312_e_2_ii;Implement a mechanism to encrypt electronic protected health information whenever deemed appropriate.;164.312 Technical Safeguards;;;aws;;PASS;S3 Bucket aws-cloudtrail-logs-350381001508-dae76776 has Server Side Encryption with AES256.;arn:aws:s3:::aws-cloudtrail-logs-350381001508-dae76776;s3_bucket_default_encryption;False;aws-cloudtrail-logs-350381001508-dae76776;HIPAA;HIPAA compliance framework;
aws;The Health Insurance Portability and Accountability Act of 1996 (HIPAA) is legislation that helps US workers to retain health insurance coverage when they change or lose jobs. The legislation also seeks to encourage electronic health records to improve the efficiency and quality of the US healthcare system through improved information sharing.;350381001508;us-east-1;2026-08-01 19:04:21.788096;164_308_a_1_ii_b;Implement security measures sufficient to reduce risks and vulnerabilities to a reasonable and appropriate level to comply with 164.306(a): Ensure the confidentiality, integrity, and availability of all electronic protected health information the covered entity or business associate creates, receives, maintains, or transmits.;164.308 Administrative Safeguards;;;aws;;PASS;S3 Bucket public-bucket-open has Server Side Encryption with AES256.;arn:aws:s3:::public-bucket-open;s3_bucket_default_encryption;False;public-bucket-open;HIPAA;HIPAA compliance framework;
aws;The Health Insurance Portability and Accountability Act of 1996 (HIPAA) is legislation that helps US workers to retain health insurance coverage when they change or lose jobs. The legislation also seeks to encourage electronic health records to improve the efficiency and quality of the US healthcare system through improved information sharing.;350381001508;us-east-1;2026-08-01 19:04:21.788096;164_308_a_4_ii_a;If a health care clearinghouse is part of a larger organization, the clearinghouse must implement policies and procedures that protect the electronic protected health information of the clearinghouse from unauthorized access by the larger organization.;164.308 Administrative Safeguards;;;aws;;PASS;S3 Bucket public-bucket-open has Server Side Encryption with AES256.;arn:aws:s3:::public-bucket-open;s3_bucket_default_encryption;False;public-bucket-open;HIPAA;HIPAA compliance framework;
aws;The Health Insurance Portability and Accountability Act of 1996 (HIPAA) is legislation that helps US workers to retain health insurance coverage when they change or lose jobs. The legislation also seeks to encourage electronic health records to improve the efficiency and quality of the US healthcare system through improved information sharing.;350381001508;us-east-1;2026-08-01 19:04:21.788096;164_312_a_2_iv;Implement a mechanism to encrypt and decrypt electronic protected health information.;164.312 Technical Safeguards;;;aws;;PASS;S3 Bucket public-bucket-open has Server Side Encryption with AES256.;arn:aws:s3:::public-bucket-open;s3_bucket_default_encryption;False;public-bucket-open;HIPAA;HIPAA compliance framework;
aws;The Health Insurance Portability and Accountability Act of 1996 (HIPAA) is legislation that helps US workers to retain health insurance coverage when they change or lose jobs. The legislation also seeks to encourage electronic health records to improve the efficiency and quality of the US healthcare system through improved information sharing.;350381001508;us-east-1;2026-08-01 19:04:21.788096;164_312_c_1;Implement policies and procedures to protect electronic protected health information from improper alteration or destruction.;164.312 Technical Safeguards;;;aws;;PASS;S3 Bucket public-bucket-open has Server Side Encryption with AES256.;arn:aws:s3:::public-bucket-open;s3_bucket_default_encryption;False;public-bucket-open;HIPAA;HIPAA compliance framework;
aws;The Health Insurance Portability and Accountability Act of 1996 (HIPAA) is legislation that helps US workers to retain health insurance coverage when they change or lose jobs. The legislation also seeks to encourage electronic health records to improve the efficiency and quality of the US healthcare system through improved information sharing.;350381001508;us-east-1;2026-08-01 19:04:21.788096;164_312_c_2;Implement electronic mechanisms to corroborate that electronic protected health information has not been altered or destroyed in an unauthorized manner.;164.312 Technical Safeguards;;;aws;;PASS;S3 Bucket public-bucket-open has Server Side Encryption with AES256.;arn:aws:s3:::public-bucket-open;s3_bucket_default_encryption;False;public-bucket-open;HIPAA;HIPAA compliance framework;
aws;The Health Insurance Portability and Accountability Act of 1996 (HIPAA) is legislation that helps US workers to retain health insurance coverage when they change or lose jobs. The legislation also seeks to encourage electronic health records to improve the efficiency and quality of the US healthcare system through improved information sharing.;350381001508;us-east-1;2026-08-01 19:04:21.788096;164_312_e_2_ii;Implement a mechanism to encrypt electronic protected health information whenever deemed appropriate.;164.312 Technical Safeguards;;;aws;;PASS;S3 Bucket public-bucket-open has Server Side Encryption with AES256.;arn:aws:s3:::public-bucket-open;s3_bucket_default_encryption;False;public-bucket-open;HIPAA;HIPAA compliance framework;
aws;The Health Insurance Portability and Accountability Act of 1996 (HIPAA) is legislation that helps US workers to retain health insurance coverage when they change or lose jobs. The legislation also seeks to encourage electronic health records to improve the efficiency and quality of the US healthcare system through improved information sharing.;350381001508;us-east-1;2026-08-01 19:04:21.788096;164_308_a_1_ii_b;Implement security measures sufficient to reduce risks and vulnerabilities to a reasonable and appropriate level to comply with 164.306(a): Ensure the confidentiality, integrity, and availability of all electronic protected health information the covered entity or business associate creates, receives, maintains, or transmits.;164.308 Administrative Safeguards;;;aws;;PASS;S3 Bucket research-secure-bucket has Server Side Encryption with AES256.;arn:aws:s3:::research-secure-bucket;s3_bucket_default_encryption;False;research-secure-bucket;HIPAA;HIPAA compliance framework;
aws;The Health Insurance Portability and Accountability Act of 1996 (HIPAA) is legislation that helps US workers to retain health insurance coverage when they change or lose jobs. The legislation also seeks to encourage electronic health records to improve the efficiency and quality of the US healthcare system through improved information sharing.;350381001508;us-east-1;2026-08-01 19:04:21.788096;164_308_a_4_ii_a;If a health care clearinghouse is part of a larger organization, the clearinghouse must implement policies and procedures that protect the electronic protected health information of the clearinghouse from unauthorized access by the larger organization.;164.308 Administrative Safeguards;;;aws;;PASS;S3 Bucket research-secure-bucket has Server Side Encryption with AES256.;arn:aws:s3:::research-secure-bucket;s3_bucket_default_encryption;False;research-secure-bucket;HIPAA;HIPAA compliance framework;
aws;The Health Insurance Portability and Accountability Act of 1996 (HIPAA) is legislation that helps US workers to retain health insurance coverage when they change or lose jobs. The legislation also seeks to encourage electronic health records to improve the efficiency and quality of the US healthcare system through improved information sharing.;350381001508;us-east-1;2026-08-01 19:04:21.788096;164_312_a_2_iv;Implement a mechanism to encrypt and decrypt electronic protected health information.;164.312 Technical Safeguards;;;aws;;PASS;S3 Bucket research-secure-bucket has Server Side Encryption with AES256.;arn:aws:s3:::research-secure-bucket;s3_bucket_default_encryption;False;research-secure-bucket;HIPAA;HIPAA compliance framework;
aws;The Health Insurance Portability and Accountability Act of 1996 (HIPAA) is legislation that helps US workers to retain health insurance coverage when they change or lose jobs. The legislation also seeks to encourage electronic health records to improve the efficiency and quality of the US healthcare system through improved information sharing.;350381001508;us-east-1;2026-08-01 19:04:21.788096;164_312_c_1;Implement policies and procedures to protect electronic protected health information from improper alteration or destruction.;164.312 Technical Safeguards;;;aws;;PASS;S3 Bucket research-secure-bucket has Server Side Encryption with AES256.;arn:aws:s3:::research-secure-bucket;s3_bucket_default_encryption;False;research-secure-bucket;HIPAA;HIPAA compliance framework;
aws;The Health Insurance Portability and Accountability Act of 1996 (HIPAA) is legislation that helps US workers to retain health insurance coverage when they change or lose jobs. The legislation also seeks to encourage electronic health records to improve the efficiency and quality of the US healthcare system through improved information sharing.;350381001508;us-east-1;2026-08-01 19:04:21.788096;164_312_c_2;Implement electronic mechanisms to corroborate that electronic protected health information has not been altered or destroyed in an unauthorized manner.;164.312 Technical Safeguards;;;aws;;PASS;S3 Bucket research-secure-bucket has Server Side Encryption with AES256.;arn:aws:s3:::research-secure-bucket;s3_bucket_default_encryption;False;research-secure-bucket;HIPAA;HIPAA compliance framework;
aws;The Health Insurance Portability and Accountability Act of 1996 (HIPAA) is legislation that helps US workers to retain health insurance coverage when they change or lose jobs. The legislation also seeks to encourage electronic health records to improve the efficiency and quality of the US healthcare system through improved information sharing.;350381001508;us-east-1;2026-08-01 19:04:21.788096;164_312_e_2_ii;Implement a mechanism to encrypt electronic protected health information whenever deemed appropriate.;164.312 Technical Safeguards;;;aws;;PASS;S3 Bucket research-secure-bucket has Server Side Encryption with AES256.;arn:aws:s3:::research-secure-bucket;s3_bucket_default_encryption;False;research-secure-bucket;HIPAA;HIPAA compliance framework;
aws;The Health Insurance Portability and Accountability Act of 1996 (HIPAA) is legislation that helps US workers to retain health insurance coverage when they change or lose jobs. The legislation also seeks to encourage electronic health records to improve the efficiency and quality of the US healthcare system through improved information sharing.;350381001508;us-east-1;2026-08-01 19:04:21.788096;164_308_a_1_ii_b;Implement security measures sufficient to reduce risks and vulnerabilities to a reasonable and appropriate level to comply with 164.306(a): Ensure the confidentiality, integrity, and availability of all electronic protected health information the covered entity or business associate creates, receives, maintains, or transmits.;164.308 Administrative Safeguards;;;aws;;FAIL;S3 Bucket aws-cloudtrail-logs-350381001508-dae76776 has versioning disabled.;arn:aws:s3:::aws-cloudtrail-logs-350381001508-dae76776;s3_bucket_object_versioning;False;aws-cloudtrail-logs-350381001508-dae76776;HIPAA;HIPAA compliance framework;
aws;The Health Insurance Portability and Accountability Act of 1996 (HIPAA) is legislation that helps US workers to retain health insurance coverage when they change or lose jobs. The legislation also seeks to encourage electronic health records to improve the efficiency and quality of the US healthcare system through improved information sharing.;350381001508;us-east-1;2026-08-01 19:04:21.788096;164_308_a_7_i;Establish (and implement as needed) policies and procedures for responding to an emergency or other occurrence (for example, fire, vandalism, system failure, and natural disaster) that damages systems that contain electronic protected health information.;164.308 Administrative Safeguards;;;aws;;FAIL;S3 Bucket aws-cloudtrail-logs-350381001508-dae76776 has versioning disabled.;arn:aws:s3:::aws-cloudtrail-logs-350381001508-dae76776;s3_bucket_object_versioning;False;aws-cloudtrail-logs-350381001508-dae76776;HIPAA;HIPAA compliance framework;
aws;The Health Insurance Portability and Accountability Act of 1996 (HIPAA) is legislation that helps US workers to retain health insurance coverage when they change or lose jobs. The legislation also seeks to encourage electronic health records to improve the efficiency and quality of the US healthcare system through improved information sharing.;350381001508;us-east-1;2026-08-01 19:04:21.788096;164_308_a_7_ii_a;Establish and implement procedures to create and maintain retrievable exact copies of electronic protected health information.;164.308 Administrative Safeguards;;;aws;;FAIL;S3 Bucket aws-cloudtrail-logs-350381001508-dae76776 has versioning disabled.;arn:aws:s3:::aws-cloudtrail-logs-350381001508-dae76776;s3_bucket_object_versioning;False;aws-cloudtrail-logs-350381001508-dae76776;HIPAA;HIPAA compliance framework;
aws;The Health Insurance Portability and Accountability Act of 1996 (HIPAA) is legislation that helps US workers to retain health insurance coverage when they change or lose jobs. The legislation also seeks to encourage electronic health records to improve the efficiency and quality of the US healthcare system through improved information sharing.;350381001508;us-east-1;2026-08-01 19:04:21.788096;164_308_a_7_ii_b;Establish (and implement as needed) procedures to restore any loss of data.;164.308 Administrative Safeguards;;;aws;;FAIL;S3 Bucket aws-cloudtrail-logs-350381001508-dae76776 has versioning disabled.;arn:aws:s3:::aws-cloudtrail-logs-350381001508-dae76776;s3_bucket_object_versioning;False;aws-cloudtrail-logs-350381001508-dae76776;HIPAA;HIPAA compliance framework;
aws;The Health Insurance Portability and Accountability Act of 1996 (HIPAA) is legislation that helps US workers to retain health insurance coverage when they change or lose jobs. The legislation also seeks to encourage electronic health records to improve the efficiency and quality of the US healthcare system through improved information sharing.;350381001508;us-east-1;2026-08-01 19:04:21.788096;164_308_a_7_ii_c;Establish (and implement as needed) procedures to enable continuation of critical business processes for protection of the security of electronic protected health information while operating in emergency mode.;164.308 Administrative Safeguards;;;aws;;FAIL;S3 Bucket aws-cloudtrail-logs-350381001508-dae76776 has versioning disabled.;arn:aws:s3:::aws-cloudtrail-logs-350381001508-dae76776;s3_bucket_object_versioning;False;aws-cloudtrail-logs-350381001508-dae76776;HIPAA;HIPAA compliance framework;
aws;The Health Insurance Portability and Accountability Act of 1996 (HIPAA) is legislation that helps US workers to retain health insurance coverage when they change or lose jobs. The legislation also seeks to encourage electronic health records to improve the efficiency and quality of the US healthcare system through improved information sharing.;350381001508;us-east-1;2026-08-01 19:04:21.788096;164_312_a_2_ii;Establish (and implement as needed) procedures for obtaining necessary electronic protected health information during an emergency.;164.312 Technical Safeguards;;;aws;;FAIL;S3 Bucket aws-cloudtrail-logs-350381001508-dae76776 has versioning disabled.;arn:aws:s3:::aws-cloudtrail-logs-350381001508-dae76776;s3_bucket_object_versioning;False;aws-cloudtrail-logs-350381001508-dae76776;HIPAA;HIPAA compliance framework;
aws;The Health Insurance Portability and Accountability Act of 1996 (HIPAA) is legislation that helps US workers to retain health insurance coverage when they change or lose jobs. The legislation also seeks to encourage electronic health records to improve the efficiency and quality of the US healthcare system through improved information sharing.;350381001508;us-east-1;2026-08-01 19:04:21.788096;164_312_c_1;Implement policies and procedures to protect electronic protected health information from improper alteration or destruction.;164.312 Technical Safeguards;;;aws;;FAIL;S3 Bucket aws-cloudtrail-logs-350381001508-dae76776 has versioning disabled.;arn:aws:s3:::aws-cloudtrail-logs-350381001508-dae76776;s3_bucket_object_versioning;False;aws-cloudtrail-logs-350381001508-dae76776;HIPAA;HIPAA compliance framework;
aws;The Health Insurance Portability and Accountability Act of 1996 (HIPAA) is legislation that helps US workers to retain health insurance coverage when they change or lose jobs. The legislation also seeks to encourage electronic health records to improve the efficiency and quality of the US healthcare system through improved information sharing.;350381001508;us-east-1;2026-08-01 19:04:21.788096;164_312_c_2;Implement electronic mechanisms to corroborate that electronic protected health information has not been altered or destroyed in an unauthorized manner.;164.312 Technical Safeguards;;;aws;;FAIL;S3 Bucket aws-cloudtrail-logs-350381001508-dae76776 has versioning disabled.;arn:aws:s3:::aws-cloudtrail-logs-350381001508-dae76776;s3_bucket_object_versioning;False;aws-cloudtrail-logs-350381001508-dae76776;HIPAA;HIPAA compliance framework;
aws;The Health Insurance Portability and Accountability Act of 1996 (HIPAA) is legislation that helps US workers to retain health insurance coverage when they change or lose jobs. The legislation also seeks to encourage electronic health records to improve the efficiency and quality of the US healthcare system through improved information sharing.;350381001508;us-east-1;2026-08-01 19:04:21.788096;164_308_a_1_ii_b;Implement security measures sufficient to reduce risks and vulnerabilities to a reasonable and appropriate level to comply with 164.306(a): Ensure the confidentiality, integrity, and availability of all electronic protected health information the covered entity or business associate creates, receives, maintains, or transmits.;164.308 Administrative Safeguards;;;aws;;FAIL;S3 Bucket public-bucket-open has versioning disabled.;arn:aws:s3:::public-bucket-open;s3_bucket_object_versioning;False;public-bucket-open;HIPAA;HIPAA compliance framework;
aws;The Health Insurance Portability and Accountability Act of 1996 (HIPAA) is legislation that helps US workers to retain health insurance coverage when they change or lose jobs. The legislation also seeks to encourage electronic health records to improve the efficiency and quality of the US healthcare system through improved information sharing.;350381001508;us-east-1;2026-08-01 19:04:21.788096;164_308_a_7_i;Establish (and implement as needed) policies and procedures for responding to an emergency or other occurrence (for example, fire, vandalism, system failure, and natural disaster) that damages systems that contain electronic protected health information.;164.308 Administrative Safeguards;;;aws;;FAIL;S3 Bucket public-bucket-open has versioning disabled.;arn:aws:s3:::public-bucket-open;s3_bucket_object_versioning;False;public-bucket-open;HIPAA;HIPAA compliance framework;
aws;The Health Insurance Portability and Accountability Act of 1996 (HIPAA) is legislation that helps US workers to retain health insurance coverage when they change or lose jobs. The legislation also seeks to encourage electronic health records to improve the efficiency and quality of the US healthcare system through improved information sharing.;350381001508;us-east-1;2026-08-01 19:04:21.788096;164_308_a_7_ii_a;Establish and implement procedures to create and maintain retrievable exact copies of electronic protected health information.;164.308 Administrative Safeguards;;;aws;;FAIL;S3 Bucket public-bucket-open has versioning disabled.;arn:aws:s3:::public-bucket-open;s3_bucket_object_versioning;False;public-bucket-open;HIPAA;HIPAA compliance framework;
aws;The Health Insurance Portability and Accountability Act of 1996 (HIPAA) is legislation that helps US workers to retain health insurance coverage when they change or lose jobs. The legislation also seeks to encourage electronic health records to improve the efficiency and quality of the US healthcare system through improved information sharing.;350381001508;us-east-1;2026-08-01 19:04:21.788096;164_308_a_7_ii_b;Establish (and implement as needed) procedures to restore any loss of data.;164.308 Administrative Safeguards;;;aws;;FAIL;S3 Bucket public-bucket-open has versioning disabled.;arn:aws:s3:::public-bucket-open;s3_bucket_object_versioning;False;public-bucket-open;HIPAA;HIPAA compliance framework;
aws;The Health Insurance Portability and Accountability Act of 1996 (HIPAA) is legislation that helps US workers to retain health insurance coverage when they change or lose jobs. The legislation also seeks to encourage electronic health records to improve the efficiency and quality of the US healthcare system through improved information sharing.;350381001508;us-east-1;2026-08-01 19:04:21.788096;164_308_a_7_ii_c;Establish (and implement as needed) procedures to enable continuation of critical business processes for protection of the security of electronic protected health information while operating in emergency mode.;164.308 Administrative Safeguards;;;aws;;FAIL;S3 Bucket public-bucket-open has versioning disabled.;arn:aws:s3:::public-bucket-open;s3_bucket_object_versioning;False;public-bucket-open;HIPAA;HIPAA compliance framework;
aws;The Health Insurance Portability and Accountability Act of 1996 (HIPAA) is legislation that helps US workers to retain health insurance coverage when they change or lose jobs. The legislation also seeks to encourage electronic health records to improve the efficiency and quality of the US healthcare system through improved information sharing.;350381001508;us-east-1;2026-08-01 19:04:21.788096;164_312_a_2_ii;Establish (and implement as needed) procedures for obtaining necessary electronic protected health information during an emergency.;164.312 Technical Safeguards;;;aws;;FAIL;S3 Bucket public-bucket-open has versioning disabled.;arn:aws:s3:::public-bucket-open;s3_bucket_object_versioning;False;public-bucket-open;HIPAA;HIPAA compliance framework;
aws;The Health Insurance Portability and Accountability Act of 1996 (HIPAA) is legislation that helps US workers to retain health insurance coverage when they change or lose jobs. The legislation also seeks to encourage electronic health records to improve the efficiency and quality of the US healthcare system through improved information sharing.;350381001508;us-east-1;2026-08-01 19:04:21.788096;164_312_c_1;Implement policies and procedures to protect electronic protected health information from improper alteration or destruction.;164.312 Technical Safeguards;;;aws;;FAIL;S3 Bucket public-bucket-open has versioning disabled.;arn:aws:s3:::public-bucket-open;s3_bucket_object_versioning;False;public-bucket-open;HIPAA;HIPAA compliance framework;
aws;The Health Insurance Portability and Accountability Act of 1996 (HIPAA) is legislation that helps US workers to retain health insurance coverage when they change or lose jobs. The legislation also seeks to encourage electronic health records to improve the efficiency and quality of the US healthcare system through improved information sharing.;350381001508;us-east-1;2026-08-01 19:04:21.788096;164_312_c_2;Implement electronic mechanisms to corroborate that electronic protected health information has not been altered or destroyed in an unauthorized manner.;164.312 Technical Safeguards;;;aws;;FAIL;S3 Bucket public-bucket-open has versioning disabled.;arn:aws:s3:::public-bucket-open;s3_bucket_object_versioning;False;public-bucket-open;HIPAA;HIPAA compliance framework;
aws;The Health Insurance Portability and Accountability Act of 1996 (HIPAA) is legislation that helps US workers to retain health insurance coverage when they change or lose jobs. The legislation also seeks to encourage electronic health records to improve the efficiency and quality of the US healthcare system through improved information sharing.;350381001508;us-east-1;2026-08-01 19:04:21.788096;164_308_a_1_ii_b;Implement security measures sufficient to reduce risks and vulnerabilities to a reasonable and appropriate level to comply with 164.306(a): Ensure the confidentiality, integrity, and availability of all electronic protected health information the covered entity or business associate creates, receives, maintains, or transmits.;164.308 Administrative Safeguards;;;aws;;PASS;S3 Bucket research-secure-bucket has versioning enabled.;arn:aws:s3:::research-secure-bucket;s3_bucket_object_versioning;False;research-secure-bucket;HIPAA;HIPAA compliance framework;
aws;The Health Insurance Portability and Accountability Act of 1996 (HIPAA) is legislation that helps US workers to retain health insurance coverage when they change or lose jobs. The legislation also seeks to encourage electronic health records to improve the efficiency and quality of the US healthcare system through improved information sharing.;350381001508;us-east-1;2026-08-01 19:04:21.788096;164_308_a_7_i;Establish (and implement as needed) policies and procedures for responding to an emergency or other occurrence (for example, fire, vandalism, system failure, and natural disaster) that damages systems that contain electronic protected health information.;164.308 Administrative Safeguards;;;aws;;PASS;S3 Bucket research-secure-bucket has versioning enabled.;arn:aws:s3:::research-secure-bucket;s3_bucket_object_versioning;False;research-secure-bucket;HIPAA;HIPAA compliance framework;
aws;The Health Insurance Portability and Accountability Act of 1996 (HIPAA) is legislation that helps US workers to retain health insurance coverage when they change or lose jobs. The legislation also seeks to encourage electronic health records to improve the efficiency and quality of the US healthcare system through improved information sharing.;350381001508;us-east-1;2026-08-01 19:04:21.788096;164_308_a_7_ii_a;Establish and implement procedures to create and maintain retrievable exact copies of electronic protected health information.;164.308 Administrative Safeguards;;;aws;;PASS;S3 Bucket research-secure-bucket has versioning enabled.;arn:aws:s3:::research-secure-bucket;s3_bucket_object_versioning;False;research-secure-bucket;HIPAA;HIPAA compliance framework;
aws;The Health Insurance Portability and Accountability Act of 1996 (HIPAA) is legislation that helps US workers to retain health insurance coverage when they change or lose jobs. The legislation also seeks to encourage electronic health records to improve the efficiency and quality of the US healthcare system through improved information sharing.;350381001508;us-east-1;2026-08-01 19:04:21.788096;164_308_a_7_ii_b;Establish (and implement as needed) procedures to restore any loss of data.;164.308 Administrative Safeguards;;;aws;;PASS;S3 Bucket research-secure-bucket has versioning enabled.;arn:aws:s3:::research-secure-bucket;s3_bucket_object_versioning;False;research-secure-bucket;HIPAA;HIPAA compliance framework;
aws;The Health Insurance Portability and Accountability Act of 1996 (HIPAA) is legislation that helps US workers to retain health insurance coverage when they change or lose jobs. The legislation also seeks to encourage electronic health records to improve the efficiency and quality of the US healthcare system through improved information sharing.;350381001508;us-east-1;2026-08-01 19:04:21.788096;164_308_a_7_ii_c;Establish (and implement as needed) procedures to enable continuation of critical business processes for protection of the security of electronic protected health information while operating in emergency mode.;164.308 Administrative Safeguards;;;aws;;PASS;S3 Bucket research-secure-bucket has versioning enabled.;arn:aws:s3:::research-secure-bucket;s3_bucket_object_versioning;False;research-secure-bucket;HIPAA;HIPAA compliance framework;
aws;The Health Insurance Portability and Accountability Act of 1996 (HIPAA) is legislation that helps US workers to retain health insurance coverage when they change or lose jobs. The legislation also seeks to encourage electronic health records to improve the efficiency and quality of the US healthcare system through improved information sharing.;350381001508;us-east-1;2026-08-01 19:04:21.788096;164_312_a_2_ii;Establish (and implement as needed) procedures for obtaining necessary electronic protected health information during an emergency.;164.312 Technical Safeguards;;;aws;;PASS;S3 Bucket research-secure-bucket has versioning enabled.;arn:aws:s3:::research-secure-bucket;s3_bucket_object_versioning;False;research-secure-bucket;HIPAA;HIPAA compliance framework;
aws;The Health Insurance Portability and Accountability Act of 1996 (HIPAA) is legislation that helps US workers to retain health insurance coverage when they change or lose jobs. The legislation also seeks to encourage electronic health records to improve the efficiency and quality of the US healthcare system through improved information sharing.;350381001508;us-east-1;2026-08-01 19:04:21.788096;164_312_c_1;Implement policies and procedures to protect electronic protected health information from improper alteration or destruction.;164.312 Technical Safeguards;;;aws;;PASS;S3 Bucket research-secure-bucket has versioning enabled.;arn:aws:s3:::research-secure-bucket;s3_bucket_object_versioning;False;research-secure-bucket;HIPAA;HIPAA compliance framework;
aws;The Health Insurance Portability and Accountability Act of 1996 (HIPAA) is legislation that helps US workers to retain health insurance coverage when they change or lose jobs. The legislation also seeks to encourage electronic health records to improve the efficiency and quality of the US healthcare system through improved information sharing.;350381001508;us-east-1;2026-08-01 19:04:21.788096;164_312_c_2;Implement electronic mechanisms to corroborate that electronic protected health information has not been altered or destroyed in an unauthorized manner.;164.312 Technical Safeguards;;;aws;;PASS;S3 Bucket research-secure-bucket has versioning enabled.;arn:aws:s3:::research-secure-bucket;s3_bucket_object_versioning;False;research-secure-bucket;HIPAA;HIPAA compliance framework;
aws;The Health Insurance Portability and Accountability Act of 1996 (HIPAA) is legislation that helps US workers to retain health insurance coverage when they change or lose jobs. The legislation also seeks to encourage electronic health records to improve the efficiency and quality of the US healthcare system through improved information sharing.;350381001508;us-east-1;2026-08-01 19:04:21.788096;164_308_a_1_ii_b;Implement security measures sufficient to reduce risks and vulnerabilities to a reasonable and appropriate level to comply with 164.306(a): Ensure the confidentiality, integrity, and availability of all electronic protected health information the covered entity or business associate creates, receives, maintains, or transmits.;164.308 Administrative Safeguards;;;aws;;PASS;S3 public access blocked at bucket level for aws-cloudtrail-logs-350381001508-dae76776.;arn:aws:s3:::aws-cloudtrail-logs-350381001508-dae76776;s3_bucket_policy_public_write_access;False;aws-cloudtrail-logs-350381001508-dae76776;HIPAA;HIPAA compliance framework;
aws;The Health Insurance Portability and Accountability Act of 1996 (HIPAA) is legislation that helps US workers to retain health insurance coverage when they change or lose jobs. The legislation also seeks to encourage electronic health records to improve the efficiency and quality of the US healthcare system through improved information sharing.;350381001508;us-east-1;2026-08-01 19:04:21.788096;164_308_a_3_i;Implement policies and procedures to ensure that all members of its workforce have appropriate access to electronic protected health information, as provided under paragraph (a)(4) of this section, and to prevent those workforce members who do not have access under paragraph (a)(4) of this section from obtaining access to electronic protected health information.;164.308 Administrative Safeguards;;;aws;;PASS;S3 public access blocked at bucket level for aws-cloudtrail-logs-350381001508-dae76776.;arn:aws:s3:::aws-cloudtrail-logs-350381001508-dae76776;s3_bucket_policy_public_write_access;False;aws-cloudtrail-logs-350381001508-dae76776;HIPAA;HIPAA compliance framework;
aws;The Health Insurance Portability and Accountability Act of 1996 (HIPAA) is legislation that helps US workers to retain health insurance coverage when they change or lose jobs. The legislation also seeks to encourage electronic health records to improve the efficiency and quality of the US healthcare system through improved information sharing.;350381001508;us-east-1;2026-08-01 19:04:21.788096;164_312_a_1;Implement technical policies and procedures for electronic information systems that maintain electronic protected health information to allow access only to those persons or software programs that have been granted access rights as specified in 164.308(a)(4).;164.312 Technical Safeguards;;;aws;;PASS;S3 public access blocked at bucket level for aws-cloudtrail-logs-350381001508-dae76776.;arn:aws:s3:::aws-cloudtrail-logs-350381001508-dae76776;s3_bucket_policy_public_write_access;False;aws-cloudtrail-logs-350381001508-dae76776;HIPAA;HIPAA compliance framework;
aws;The Health Insurance Portability and Accountability Act of 1996 (HIPAA) is legislation that helps US workers to retain health insurance coverage when they change or lose jobs. The legislation also seeks to encourage electronic health records to improve the efficiency and quality of the US healthcare system through improved information sharing.;350381001508;us-east-1;2026-08-01 19:04:21.788096;164_308_a_1_ii_b;Implement security measures sufficient to reduce risks and vulnerabilities to a reasonable and appropriate level to comply with 164.306(a): Ensure the confidentiality, integrity, and availability of all electronic protected health information the covered entity or business associate creates, receives, maintains, or transmits.;164.308 Administrative Safeguards;;;aws;;PASS;S3 Bucket public-bucket-open does not allow public write access in the bucket policy.;arn:aws:s3:::public-bucket-open;s3_bucket_policy_public_write_access;False;public-bucket-open;HIPAA;HIPAA compliance framework;
aws;The Health Insurance Portability and Accountability Act of 1996 (HIPAA) is legislation that helps US workers to retain health insurance coverage when they change or lose jobs. The legislation also seeks to encourage electronic health records to improve the efficiency and quality of the US healthcare system through improved information sharing.;350381001508;us-east-1;2026-08-01 19:04:21.788096;164_308_a_3_i;Implement policies and procedures to ensure that all members of its workforce have appropriate access to electronic protected health information, as provided under paragraph (a)(4) of this section, and to prevent those workforce members who do not have access under paragraph (a)(4) of this section from obtaining access to electronic protected health information.;164.308 Administrative Safeguards;;;aws;;PASS;S3 Bucket public-bucket-open does not allow public write access in the bucket policy.;arn:aws:s3:::public-bucket-open;s3_bucket_policy_public_write_access;False;public-bucket-open;HIPAA;HIPAA compliance framework;
aws;The Health Insurance Portability and Accountability Act of 1996 (HIPAA) is legislation that helps US workers to retain health insurance coverage when they change or lose jobs. The legislation also seeks to encourage electronic health records to improve the efficiency and quality of the US healthcare system through improved information sharing.;350381001508;us-east-1;2026-08-01 19:04:21.788096;164_312_a_1;Implement technical policies and procedures for electronic information systems that maintain electronic protected health information to allow access only to those persons or software programs that have been granted access rights as specified in 164.308(a)(4).;164.312 Technical Safeguards;;;aws;;PASS;S3 Bucket public-bucket-open does not allow public write access in the bucket policy.;arn:aws:s3:::public-bucket-open;s3_bucket_policy_public_write_access;False;public-bucket-open;HIPAA;HIPAA compliance framework;
aws;The Health Insurance Portability and Accountability Act of 1996 (HIPAA) is legislation that helps US workers to retain health insurance coverage when they change or lose jobs. The legislation also seeks to encourage electronic health records to improve the efficiency and quality of the US healthcare system through improved information sharing.;350381001508;us-east-1;2026-08-01 19:04:21.788096;164_308_a_1_ii_b;Implement security measures sufficient to reduce risks and vulnerabilities to a reasonable and appropriate level to comply with 164.306(a): Ensure the confidentiality, integrity, and availability of all electronic protected health information the covered entity or business associate creates, receives, maintains, or transmits.;164.308 Administrative Safeguards;;;aws;;PASS;S3 Bucket research-secure-bucket does not have a bucket policy.;arn:aws:s3:::research-secure-bucket;s3_bucket_policy_public_write_access;False;research-secure-bucket;HIPAA;HIPAA compliance framework;
aws;The Health Insurance Portability and Accountability Act of 1996 (HIPAA) is legislation that helps US workers to retain health insurance coverage when they change or lose jobs. The legislation also seeks to encourage electronic health records to improve the efficiency and quality of the US healthcare system through improved information sharing.;350381001508;us-east-1;2026-08-01 19:04:21.788096;164_308_a_3_i;Implement policies and procedures to ensure that all members of its workforce have appropriate access to electronic protected health information, as provided under paragraph (a)(4) of this section, and to prevent those workforce members who do not have access under paragraph (a)(4) of this section from obtaining access to electronic protected health information.;164.308 Administrative Safeguards;;;aws;;PASS;S3 Bucket research-secure-bucket does not have a bucket policy.;arn:aws:s3:::research-secure-bucket;s3_bucket_policy_public_write_access;False;research-secure-bucket;HIPAA;HIPAA compliance framework;
aws;The Health Insurance Portability and Accountability Act of 1996 (HIPAA) is legislation that helps US workers to retain health insurance coverage when they change or lose jobs. The legislation also seeks to encourage electronic health records to improve the efficiency and quality of the US healthcare system through improved information sharing.;350381001508;us-east-1;2026-08-01 19:04:21.788096;164_312_a_1;Implement technical policies and procedures for electronic information systems that maintain electronic protected health information to allow access only to those persons or software programs that have been granted access rights as specified in 164.308(a)(4).;164.312 Technical Safeguards;;;aws;;PASS;S3 Bucket research-secure-bucket does not have a bucket policy.;arn:aws:s3:::research-secure-bucket;s3_bucket_policy_public_write_access;False;research-secure-bucket;HIPAA;HIPAA compliance framework;
aws;The Health Insurance Portability and Accountability Act of 1996 (HIPAA) is legislation that helps US workers to retain health insurance coverage when they change or lose jobs. The legislation also seeks to encourage electronic health records to improve the efficiency and quality of the US healthcare system through improved information sharing.;350381001508;us-east-1;2026-08-01 19:04:21.788096;164_308_a_1_ii_b;Implement security measures sufficient to reduce risks and vulnerabilities to a reasonable and appropriate level to comply with 164.306(a): Ensure the confidentiality, integrity, and availability of all electronic protected health information the covered entity or business associate creates, receives, maintains, or transmits.;164.308 Administrative Safeguards;;;aws;;PASS;S3 Bucket aws-cloudtrail-logs-350381001508-dae76776 is not public.;arn:aws:s3:::aws-cloudtrail-logs-350381001508-dae76776;s3_bucket_public_access;False;aws-cloudtrail-logs-350381001508-dae76776;HIPAA;HIPAA compliance framework;
aws;The Health Insurance Portability and Accountability Act of 1996 (HIPAA) is legislation that helps US workers to retain health insurance coverage when they change or lose jobs. The legislation also seeks to encourage electronic health records to improve the efficiency and quality of the US healthcare system through improved information sharing.;350381001508;us-east-1;2026-08-01 19:04:21.788096;164_308_a_3_i;Implement policies and procedures to ensure that all members of its workforce have appropriate access to electronic protected health information, as provided under paragraph (a)(4) of this section, and to prevent those workforce members who do not have access under paragraph (a)(4) of this section from obtaining access to electronic protected health information.;164.308 Administrative Safeguards;;;aws;;PASS;S3 Bucket aws-cloudtrail-logs-350381001508-dae76776 is not public.;arn:aws:s3:::aws-cloudtrail-logs-350381001508-dae76776;s3_bucket_public_access;False;aws-cloudtrail-logs-350381001508-dae76776;HIPAA;HIPAA compliance framework;
aws;The Health Insurance Portability and Accountability Act of 1996 (HIPAA) is legislation that helps US workers to retain health insurance coverage when they change or lose jobs. The legislation also seeks to encourage electronic health records to improve the efficiency and quality of the US healthcare system through improved information sharing.;350381001508;us-east-1;2026-08-01 19:04:21.788096;164_312_a_1;Implement technical policies and procedures for electronic information systems that maintain electronic protected health information to allow access only to those persons or software programs that have been granted access rights as specified in 164.308(a)(4).;164.312 Technical Safeguards;;;aws;;PASS;S3 Bucket aws-cloudtrail-logs-350381001508-dae76776 is not public.;arn:aws:s3:::aws-cloudtrail-logs-350381001508-dae76776;s3_bucket_public_access;False;aws-cloudtrail-logs-350381001508-dae76776;HIPAA;HIPAA compliance framework;
aws;The Health Insurance Portability and Accountability Act of 1996 (HIPAA) is legislation that helps US workers to retain health insurance coverage when they change or lose jobs. The legislation also seeks to encourage electronic health records to improve the efficiency and quality of the US healthcare system through improved information sharing.;350381001508;us-east-1;2026-08-01 19:04:21.788096;164_312_a_2_i;Assign a unique name and/or number for identifying and tracking user identity.;164.312 Technical Safeguards;;;aws;;PASS;S3 Bucket aws-cloudtrail-logs-350381001508-dae76776 is not public.;arn:aws:s3:::aws-cloudtrail-logs-350381001508-dae76776;s3_bucket_public_access;False;aws-cloudtrail-logs-350381001508-dae76776;HIPAA;HIPAA compliance framework;
aws;The Health Insurance Portability and Accountability Act of 1996 (HIPAA) is legislation that helps US workers to retain health insurance coverage when they change or lose jobs. The legislation also seeks to encourage electronic health records to improve the efficiency and quality of the US healthcare system through improved information sharing.;350381001508;us-east-1;2026-08-01 19:04:21.788096;164_308_a_1_ii_b;Implement security measures sufficient to reduce risks and vulnerabilities to a reasonable and appropriate level to comply with 164.306(a): Ensure the confidentiality, integrity, and availability of all electronic protected health information the covered entity or business associate creates, receives, maintains, or transmits.;164.308 Administrative Safeguards;;;aws;;FAIL;S3 Bucket public-bucket-open has public access due to bucket policy.;arn:aws:s3:::public-bucket-open;s3_bucket_public_access;False;public-bucket-open;HIPAA;HIPAA compliance framework;
aws;The Health Insurance Portability and Accountability Act of 1996 (HIPAA) is legislation that helps US workers to retain health insurance coverage when they change or lose jobs. The legislation also seeks to encourage electronic health records to improve the efficiency and quality of the US healthcare system through improved information sharing.;350381001508;us-east-1;2026-08-01 19:04:21.788096;164_308_a_3_i;Implement policies and procedures to ensure that all members of its workforce have appropriate access to electronic protected health information, as provided under paragraph (a)(4) of this section, and to prevent those workforce members who do not have access under paragraph (a)(4) of this section from obtaining access to electronic protected health information.;164.308 Administrative Safeguards;;;aws;;FAIL;S3 Bucket public-bucket-open has public access due to bucket policy.;arn:aws:s3:::public-bucket-open;s3_bucket_public_access;False;public-bucket-open;HIPAA;HIPAA compliance framework;
aws;The Health Insurance Portability and Accountability Act of 1996 (HIPAA) is legislation that helps US workers to retain health insurance coverage when they change or lose jobs. The legislation also seeks to encourage electronic health records to improve the efficiency and quality of the US healthcare system through improved information sharing.;350381001508;us-east-1;2026-08-01 19:04:21.788096;164_312_a_1;Implement technical policies and procedures for electronic information systems that maintain electronic protected health information to allow access only to those persons or software programs that have been granted access rights as specified in 164.308(a)(4).;164.312 Technical Safeguards;;;aws;;FAIL;S3 Bucket public-bucket-open has public access due to bucket policy.;arn:aws:s3:::public-bucket-open;s3_bucket_public_access;False;public-bucket-open;HIPAA;HIPAA compliance framework;
aws;The Health Insurance Portability and Accountability Act of 1996 (HIPAA) is legislation that helps US workers to retain health insurance coverage when they change or lose jobs. The legislation also seeks to encourage electronic health records to improve the efficiency and quality of the US healthcare system through improved information sharing.;350381001508;us-east-1;2026-08-01 19:04:21.788096;164_312_a_2_i;Assign a unique name and/or number for identifying and tracking user identity.;164.312 Technical Safeguards;;;aws;;FAIL;S3 Bucket public-bucket-open has public access due to bucket policy.;arn:aws:s3:::public-bucket-open;s3_bucket_public_access;False;public-bucket-open;HIPAA;HIPAA compliance framework;
aws;The Health Insurance Portability and Accountability Act of 1996 (HIPAA) is legislation that helps US workers to retain health insurance coverage when they change or lose jobs. The legislation also seeks to encourage electronic health records to improve the efficiency and quality of the US healthcare system through improved information sharing.;350381001508;us-east-1;2026-08-01 19:04:21.788096;164_308_a_1_ii_b;Implement security measures sufficient to reduce risks and vulnerabilities to a reasonable and appropriate level to comply with 164.306(a): Ensure the confidentiality, integrity, and availability of all electronic protected health information the covered entity or business associate creates, receives, maintains, or transmits.;164.308 Administrative Safeguards;;;aws;;PASS;S3 Bucket research-secure-bucket is not public.;arn:aws:s3:::research-secure-bucket;s3_bucket_public_access;False;research-secure-bucket;HIPAA;HIPAA compliance framework;
aws;The Health Insurance Portability and Accountability Act of 1996 (HIPAA) is legislation that helps US workers to retain health insurance coverage when they change or lose jobs. The legislation also seeks to encourage electronic health records to improve the efficiency and quality of the US healthcare system through improved information sharing.;350381001508;us-east-1;2026-08-01 19:04:21.788096;164_308_a_3_i;Implement policies and procedures to ensure that all members of its workforce have appropriate access to electronic protected health information, as provided under paragraph (a)(4) of this section, and to prevent those workforce members who do not have access under paragraph (a)(4) of this section from obtaining access to electronic protected health information.;164.308 Administrative Safeguards;;;aws;;PASS;S3 Bucket research-secure-bucket is not public.;arn:aws:s3:::research-secure-bucket;s3_bucket_public_access;False;research-secure-bucket;HIPAA;HIPAA compliance framework;
aws;The Health Insurance Portability and Accountability Act of 1996 (HIPAA) is legislation that helps US workers to retain health insurance coverage when they change or lose jobs. The legislation also seeks to encourage electronic health records to improve the efficiency and quality of the US healthcare system through improved information sharing.;350381001508;us-east-1;2026-08-01 19:04:21.788096;164_312_a_1;Implement technical policies and procedures for electronic information systems that maintain electronic protected health information to allow access only to those persons or software programs that have been granted access rights as specified in 164.308(a)(4).;164.312 Technical Safeguards;;;aws;;PASS;S3 Bucket research-secure-bucket is not public.;arn:aws:s3:::research-secure-bucket;s3_bucket_public_access;False;research-secure-bucket;HIPAA;HIPAA compliance framework;
aws;The Health Insurance Portability and Accountability Act of 1996 (HIPAA) is legislation that helps US workers to retain health insurance coverage when they change or lose jobs. The legislation also seeks to encourage electronic health records to improve the efficiency and quality of the US healthcare system through improved information sharing.;350381001508;us-east-1;2026-08-01 19:04:21.788096;164_312_a_2_i;Assign a unique name and/or number for identifying and tracking user identity.;164.312 Technical Safeguards;;;aws;;PASS;S3 Bucket research-secure-bucket is not public.;arn:aws:s3:::research-secure-bucket;s3_bucket_public_access;False;research-secure-bucket;HIPAA;HIPAA compliance framework;
aws;The Health Insurance Portability and Accountability Act of 1996 (HIPAA) is legislation that helps US workers to retain health insurance coverage when they change or lose jobs. The legislation also seeks to encourage electronic health records to improve the efficiency and quality of the US healthcare system through improved information sharing.;350381001508;us-east-1;2026-08-01 19:04:21.788096;164_308_a_1_ii_b;Implement security measures sufficient to reduce risks and vulnerabilities to a reasonable and appropriate level to comply with 164.306(a): Ensure the confidentiality, integrity, and availability of all electronic protected health information the covered entity or business associate creates, receives, maintains, or transmits.;164.308 Administrative Safeguards;;;aws;;FAIL;S3 Bucket aws-cloudtrail-logs-350381001508-dae76776 allows requests over insecure transport in the bucket policy.;arn:aws:s3:::aws-cloudtrail-logs-350381001508-dae76776;s3_bucket_secure_transport_policy;False;aws-cloudtrail-logs-350381001508-dae76776;HIPAA;HIPAA compliance framework;
aws;The Health Insurance Portability and Accountability Act of 1996 (HIPAA) is legislation that helps US workers to retain health insurance coverage when they change or lose jobs. The legislation also seeks to encourage electronic health records to improve the efficiency and quality of the US healthcare system through improved information sharing.;350381001508;us-east-1;2026-08-01 19:04:21.788096;164_312_a_2_iv;Implement a mechanism to encrypt and decrypt electronic protected health information.;164.312 Technical Safeguards;;;aws;;FAIL;S3 Bucket aws-cloudtrail-logs-350381001508-dae76776 allows requests over insecure transport in the bucket policy.;arn:aws:s3:::aws-cloudtrail-logs-350381001508-dae76776;s3_bucket_secure_transport_policy;False;aws-cloudtrail-logs-350381001508-dae76776;HIPAA;HIPAA compliance framework;
aws;The Health Insurance Portability and Accountability Act of 1996 (HIPAA) is legislation that helps US workers to retain health insurance coverage when they change or lose jobs. The legislation also seeks to encourage electronic health records to improve the efficiency and quality of the US healthcare system through improved information sharing.;350381001508;us-east-1;2026-08-01 19:04:21.788096;164_312_c_1;Implement policies and procedures to protect electronic protected health information from improper alteration or destruction.;164.312 Technical Safeguards;;;aws;;FAIL;S3 Bucket aws-cloudtrail-logs-350381001508-dae76776 allows requests over insecure transport in the bucket policy.;arn:aws:s3:::aws-cloudtrail-logs-350381001508-dae76776;s3_bucket_secure_transport_policy;False;aws-cloudtrail-logs-350381001508-dae76776;HIPAA;HIPAA compliance framework;
aws;The Health Insurance Portability and Accountability Act of 1996 (HIPAA) is legislation that helps US workers to retain health insurance coverage when they change or lose jobs. The legislation also seeks to encourage electronic health records to improve the efficiency and quality of the US healthcare system through improved information sharing.;350381001508;us-east-1;2026-08-01 19:04:21.788096;164_312_c_2;Implement electronic mechanisms to corroborate that electronic protected health information has not been altered or destroyed in an unauthorized manner.;164.312 Technical Safeguards;;;aws;;FAIL;S3 Bucket aws-cloudtrail-logs-350381001508-dae76776 allows requests over insecure transport in the bucket policy.;arn:aws:s3:::aws-cloudtrail-logs-350381001508-dae76776;s3_bucket_secure_transport_policy;False;aws-cloudtrail-logs-350381001508-dae76776;HIPAA;HIPAA compliance framework;
aws;The Health Insurance Portability and Accountability Act of 1996 (HIPAA) is legislation that helps US workers to retain health insurance coverage when they change or lose jobs. The legislation also seeks to encourage electronic health records to improve the efficiency and quality of the US healthcare system through improved information sharing.;350381001508;us-east-1;2026-08-01 19:04:21.788096;164_312_e_1;Implement technical security measures to guard against unauthorized access to electronic protected health information that is being transmitted over an electronic communications network.;164.312 Technical Safeguards;;;aws;;FAIL;S3 Bucket aws-cloudtrail-logs-350381001508-dae76776 allows requests over insecure transport in the bucket policy.;arn:aws:s3:::aws-cloudtrail-logs-350381001508-dae76776;s3_bucket_secure_transport_policy;False;aws-cloudtrail-logs-350381001508-dae76776;HIPAA;HIPAA compliance framework;
aws;The Health Insurance Portability and Accountability Act of 1996 (HIPAA) is legislation that helps US workers to retain health insurance coverage when they change or lose jobs. The legislation also seeks to encourage electronic health records to improve the efficiency and quality of the US healthcare system through improved information sharing.;350381001508;us-east-1;2026-08-01 19:04:21.788096;164_312_e_2_i;Implement security measures to ensure that electronically transmitted electronic protected health information is not improperly modified without detection until disposed of.;164.312 Technical Safeguards;;;aws;;FAIL;S3 Bucket aws-cloudtrail-logs-350381001508-dae76776 allows requests over insecure transport in the bucket policy.;arn:aws:s3:::aws-cloudtrail-logs-350381001508-dae76776;s3_bucket_secure_transport_policy;False;aws-cloudtrail-logs-350381001508-dae76776;HIPAA;HIPAA compliance framework;
aws;The Health Insurance Portability and Accountability Act of 1996 (HIPAA) is legislation that helps US workers to retain health insurance coverage when they change or lose jobs. The legislation also seeks to encourage electronic health records to improve the efficiency and quality of the US healthcare system through improved information sharing.;350381001508;us-east-1;2026-08-01 19:04:21.788096;164_312_e_2_ii;Implement a mechanism to encrypt electronic protected health information whenever deemed appropriate.;164.312 Technical Safeguards;;;aws;;FAIL;S3 Bucket aws-cloudtrail-logs-350381001508-dae76776 allows requests over insecure transport in the bucket policy.;arn:aws:s3:::aws-cloudtrail-logs-350381001508-dae76776;s3_bucket_secure_transport_policy;False;aws-cloudtrail-logs-350381001508-dae76776;HIPAA;HIPAA compliance framework;
aws;The Health Insurance Portability and Accountability Act of 1996 (HIPAA) is legislation that helps US workers to retain health insurance coverage when they change or lose jobs. The legislation also seeks to encourage electronic health records to improve the efficiency and quality of the US healthcare system through improved information sharing.;350381001508;us-east-1;2026-08-01 19:04:21.788096;164_308_a_1_ii_b;Implement security measures sufficient to reduce risks and vulnerabilities to a reasonable and appropriate level to comply with 164.306(a): Ensure the confidentiality, integrity, and availability of all electronic protected health information the covered entity or business associate creates, receives, maintains, or transmits.;164.308 Administrative Safeguards;;;aws;;FAIL;S3 Bucket public-bucket-open allows requests over insecure transport in the bucket policy.;arn:aws:s3:::public-bucket-open;s3_bucket_secure_transport_policy;False;public-bucket-open;HIPAA;HIPAA compliance framework;
aws;The Health Insurance Portability and Accountability Act of 1996 (HIPAA) is legislation that helps US workers to retain health insurance coverage when they change or lose jobs. The legislation also seeks to encourage electronic health records to improve the efficiency and quality of the US healthcare system through improved information sharing.;350381001508;us-east-1;2026-08-01 19:04:21.788096;164_312_a_2_iv;Implement a mechanism to encrypt and decrypt electronic protected health information.;164.312 Technical Safeguards;;;aws;;FAIL;S3 Bucket public-bucket-open allows requests over insecure transport in the bucket policy.;arn:aws:s3:::public-bucket-open;s3_bucket_secure_transport_policy;False;public-bucket-open;HIPAA;HIPAA compliance framework;
aws;The Health Insurance Portability and Accountability Act of 1996 (HIPAA) is legislation that helps US workers to retain health insurance coverage when they change or lose jobs. The legislation also seeks to encourage electronic health records to improve the efficiency and quality of the US healthcare system through improved information sharing.;350381001508;us-east-1;2026-08-01 19:04:21.788096;164_312_c_1;Implement policies and procedures to protect electronic protected health information from improper alteration or destruction.;164.312 Technical Safeguards;;;aws;;FAIL;S3 Bucket public-bucket-open allows requests over insecure transport in the bucket policy.;arn:aws:s3:::public-bucket-open;s3_bucket_secure_transport_policy;False;public-bucket-open;HIPAA;HIPAA compliance framework;
aws;The Health Insurance Portability and Accountability Act of 1996 (HIPAA) is legislation that helps US workers to retain health insurance coverage when they change or lose jobs. The legislation also seeks to encourage electronic health records to improve the efficiency and quality of the US healthcare system through improved information sharing.;350381001508;us-east-1;2026-08-01 19:04:21.788096;164_312_c_2;Implement electronic mechanisms to corroborate that electronic protected health information has not been altered or destroyed in an unauthorized manner.;164.312 Technical Safeguards;;;aws;;FAIL;S3 Bucket public-bucket-open allows requests over insecure transport in the bucket policy.;arn:aws:s3:::public-bucket-open;s3_bucket_secure_transport_policy;False;public-bucket-open;HIPAA;HIPAA compliance framework;
aws;The Health Insurance Portability and Accountability Act of 1996 (HIPAA) is legislation that helps US workers to retain health insurance coverage when they change or lose jobs. The legislation also seeks to encourage electronic health records to improve the efficiency and quality of the US healthcare system through improved information sharing.;350381001508;us-east-1;2026-08-01 19:04:21.788096;164_312_e_1;Implement technical security measures to guard against unauthorized access to electronic protected health information that is being transmitted over an electronic communications network.;164.312 Technical Safeguards;;;aws;;FAIL;S3 Bucket public-bucket-open allows requests over insecure transport in the bucket policy.;arn:aws:s3:::public-bucket-open;s3_bucket_secure_transport_policy;False;public-bucket-open;HIPAA;HIPAA compliance framework;
aws;The Health Insurance Portability and Accountability Act of 1996 (HIPAA) is legislation that helps US workers to retain health insurance coverage when they change or lose jobs. The legislation also seeks to encourage electronic health records to improve the efficiency and quality of the US healthcare system through improved information sharing.;350381001508;us-east-1;2026-08-01 19:04:21.788096;164_312_e_2_i;Implement security measures to ensure that electronically transmitted electronic protected health information is not improperly modified without detection until disposed of.;164.312 Technical Safeguards;;;aws;;FAIL;S3 Bucket public-bucket-open allows requests over insecure transport in the bucket policy.;arn:aws:s3:::public-bucket-open;s3_bucket_secure_transport_policy;False;public-bucket-open;HIPAA;HIPAA compliance framework;
aws;The Health Insurance Portability and Accountability Act of 1996 (HIPAA) is legislation that helps US workers to retain health insurance coverage when they change or lose jobs. The legislation also seeks to encourage electronic health records to improve the efficiency and quality of the US healthcare system through improved information sharing.;350381001508;us-east-1;2026-08-01 19:04:21.788096;164_312_e_2_ii;Implement a mechanism to encrypt electronic protected health information whenever deemed appropriate.;164.312 Technical Safeguards;;;aws;;FAIL;S3 Bucket public-bucket-open allows requests over insecure transport in the bucket policy.;arn:aws:s3:::public-bucket-open;s3_bucket_secure_transport_policy;False;public-bucket-open;HIPAA;HIPAA compliance framework;
aws;The Health Insurance Portability and Accountability Act of 1996 (HIPAA) is legislation that helps US workers to retain health insurance coverage when they change or lose jobs. The legislation also seeks to encourage electronic health records to improve the efficiency and quality of the US healthcare system through improved information sharing.;350381001508;us-east-1;2026-08-01 19:04:21.788096;164_308_a_1_ii_b;Implement security measures sufficient to reduce risks and vulnerabilities to a reasonable and appropriate level to comply with 164.306(a): Ensure the confidentiality, integrity, and availability of all electronic protected health information the covered entity or business associate creates, receives, maintains, or transmits.;164.308 Administrative Safeguards;;;aws;;FAIL;S3 Bucket research-secure-bucket does not have a bucket policy, thus it allows HTTP requests.;arn:aws:s3:::research-secure-bucket;s3_bucket_secure_transport_policy;False;research-secure-bucket;HIPAA;HIPAA compliance framework;
aws;The Health Insurance Portability and Accountability Act of 1996 (HIPAA) is legislation that helps US workers to retain health insurance coverage when they change or lose jobs. The legislation also seeks to encourage electronic health records to improve the efficiency and quality of the US healthcare system through improved information sharing.;350381001508;us-east-1;2026-08-01 19:04:21.788096;164_312_a_2_iv;Implement a mechanism to encrypt and decrypt electronic protected health information.;164.312 Technical Safeguards;;;aws;;FAIL;S3 Bucket research-secure-bucket does not have a bucket policy, thus it allows HTTP requests.;arn:aws:s3:::research-secure-bucket;s3_bucket_secure_transport_policy;False;research-secure-bucket;HIPAA;HIPAA compliance framework;
aws;The Health Insurance Portability and Accountability Act of 1996 (HIPAA) is legislation that helps US workers to retain health insurance coverage when they change or lose jobs. The legislation also seeks to encourage electronic health records to improve the efficiency and quality of the US healthcare system through improved information sharing.;350381001508;us-east-1;2026-08-01 19:04:21.788096;164_312_c_1;Implement policies and procedures to protect electronic protected health information from improper alteration or destruction.;164.312 Technical Safeguards;;;aws;;FAIL;S3 Bucket research-secure-bucket does not have a bucket policy, thus it allows HTTP requests.;arn:aws:s3:::research-secure-bucket;s3_bucket_secure_transport_policy;False;research-secure-bucket;HIPAA;HIPAA compliance framework;
aws;The Health Insurance Portability and Accountability Act of 1996 (HIPAA) is legislation that helps US workers to retain health insurance coverage when they change or lose jobs. The legislation also seeks to encourage electronic health records to improve the efficiency and quality of the US healthcare system through improved information sharing.;350381001508;us-east-1;2026-08-01 19:04:21.788096;164_312_c_2;Implement electronic mechanisms to corroborate that electronic protected health information has not been altered or destroyed in an unauthorized manner.;164.312 Technical Safeguards;;;aws;;FAIL;S3 Bucket research-secure-bucket does not have a bucket policy, thus it allows HTTP requests.;arn:aws:s3:::research-secure-bucket;s3_bucket_secure_transport_policy;False;research-secure-bucket;HIPAA;HIPAA compliance framework;
aws;The Health Insurance Portability and Accountability Act of 1996 (HIPAA) is legislation that helps US workers to retain health insurance coverage when they change or lose jobs. The legislation also seeks to encourage electronic health records to improve the efficiency and quality of the US healthcare system through improved information sharing.;350381001508;us-east-1;2026-08-01 19:04:21.788096;164_312_e_1;Implement technical security measures to guard against unauthorized access to electronic protected health information that is being transmitted over an electronic communications network.;164.312 Technical Safeguards;;;aws;;FAIL;S3 Bucket research-secure-bucket does not have a bucket policy, thus it allows HTTP requests.;arn:aws:s3:::research-secure-bucket;s3_bucket_secure_transport_policy;False;research-secure-bucket;HIPAA;HIPAA compliance framework;
aws;The Health Insurance Portability and Accountability Act of 1996 (HIPAA) is legislation that helps US workers to retain health insurance coverage when they change or lose jobs. The legislation also seeks to encourage electronic health records to improve the efficiency and quality of the US healthcare system through improved information sharing.;350381001508;us-east-1;2026-08-01 19:04:21.788096;164_312_e_2_i;Implement security measures to ensure that electronically transmitted electronic protected health information is not improperly modified without detection until disposed of.;164.312 Technical Safeguards;;;aws;;FAIL;S3 Bucket research-secure-bucket does not have a bucket policy, thus it allows HTTP requests.;arn:aws:s3:::research-secure-bucket;s3_bucket_secure_transport_policy;False;research-secure-bucket;HIPAA;HIPAA compliance framework;
aws;The Health Insurance Portability and Accountability Act of 1996 (HIPAA) is legislation that helps US workers to retain health insurance coverage when they change or lose jobs. The legislation also seeks to encourage electronic health records to improve the efficiency and quality of the US healthcare system through improved information sharing.;350381001508;us-east-1;2026-08-01 19:04:21.788096;164_312_e_2_ii;Implement a mechanism to encrypt electronic protected health information whenever deemed appropriate.;164.312 Technical Safeguards;;;aws;;FAIL;S3 Bucket research-secure-bucket does not have a bucket policy, thus it allows HTTP requests.;arn:aws:s3:::research-secure-bucket;s3_bucket_secure_transport_policy;False;research-secure-bucket;HIPAA;HIPAA compliance framework;
aws;The Health Insurance Portability and Accountability Act of 1996 (HIPAA) is legislation that helps US workers to retain health insurance coverage when they change or lose jobs. The legislation also seeks to encourage electronic health records to improve the efficiency and quality of the US healthcare system through improved information sharing.;350381001508;us-east-1;2026-08-01 19:04:21.788096;164_308_a_1_ii_d;Implement procedures to regularly review records of information system activity, such as audit logs, access reports, and security incident tracking reports.;164.308 Administrative Safeguards;;;aws;;FAIL;S3 Bucket aws-cloudtrail-logs-350381001508-dae76776 has server access logging disabled.;arn:aws:s3:::aws-cloudtrail-logs-350381001508-dae76776;s3_bucket_server_access_logging_enabled;False;aws-cloudtrail-logs-350381001508-dae76776;HIPAA;HIPAA compliance framework;
aws;The Health Insurance Portability and Accountability Act of 1996 (HIPAA) is legislation that helps US workers to retain health insurance coverage when they change or lose jobs. The legislation also seeks to encourage electronic health records to improve the efficiency and quality of the US healthcare system through improved information sharing.;350381001508;us-east-1;2026-08-01 19:04:21.788096;164_308_a_3_ii_a;Implement procedures for the authorization and/or supervision of workforce members who work with electronic protected health information or in locations where it might be accessed.;164.308 Administrative Safeguards;;;aws;;FAIL;S3 Bucket aws-cloudtrail-logs-350381001508-dae76776 has server access logging disabled.;arn:aws:s3:::aws-cloudtrail-logs-350381001508-dae76776;s3_bucket_server_access_logging_enabled;False;aws-cloudtrail-logs-350381001508-dae76776;HIPAA;HIPAA compliance framework;
aws;The Health Insurance Portability and Accountability Act of 1996 (HIPAA) is legislation that helps US workers to retain health insurance coverage when they change or lose jobs. The legislation also seeks to encourage electronic health records to improve the efficiency and quality of the US healthcare system through improved information sharing.;350381001508;us-east-1;2026-08-01 19:04:21.788096;164_308_a_6_ii;"Identify and respond to suspected or known security incidents; mitigate, to the extent practicable, harmful effects of security incidents that are known to the covered entity or business associate; and document security incidents and their outcomes.";164.308 Administrative Safeguards;;;aws;;FAIL;S3 Bucket aws-cloudtrail-logs-350381001508-dae76776 has server access logging disabled.;arn:aws:s3:::aws-cloudtrail-logs-350381001508-dae76776;s3_bucket_server_access_logging_enabled;False;aws-cloudtrail-logs-350381001508-dae76776;HIPAA;HIPAA compliance framework;
aws;The Health Insurance Portability and Accountability Act of 1996 (HIPAA) is legislation that helps US workers to retain health insurance coverage when they change or lose jobs. The legislation also seeks to encourage electronic health records to improve the efficiency and quality of the US healthcare system through improved information sharing.;350381001508;us-east-1;2026-08-01 19:04:21.788096;164_312_b;Implement hardware, software, and/or procedural mechanisms that record and examine activity in information systems that contain or use electronic protected health information.;164.312 Technical Safeguards;;;aws;;FAIL;S3 Bucket aws-cloudtrail-logs-350381001508-dae76776 has server access logging disabled.;arn:aws:s3:::aws-cloudtrail-logs-350381001508-dae76776;s3_bucket_server_access_logging_enabled;False;aws-cloudtrail-logs-350381001508-dae76776;HIPAA;HIPAA compliance framework;
aws;The Health Insurance Portability and Accountability Act of 1996 (HIPAA) is legislation that helps US workers to retain health insurance coverage when they change or lose jobs. The legislation also seeks to encourage electronic health records to improve the efficiency and quality of the US healthcare system through improved information sharing.;350381001508;us-east-1;2026-08-01 19:04:21.788096;164_312_e_2_i;Implement security measures to ensure that electronically transmitted electronic protected health information is not improperly modified without detection until disposed of.;164.312 Technical Safeguards;;;aws;;FAIL;S3 Bucket aws-cloudtrail-logs-350381001508-dae76776 has server access logging disabled.;arn:aws:s3:::aws-cloudtrail-logs-350381001508-dae76776;s3_bucket_server_access_logging_enabled;False;aws-cloudtrail-logs-350381001508-dae76776;HIPAA;HIPAA compliance framework;
aws;The Health Insurance Portability and Accountability Act of 1996 (HIPAA) is legislation that helps US workers to retain health insurance coverage when they change or lose jobs. The legislation also seeks to encourage electronic health records to improve the efficiency and quality of the US healthcare system through improved information sharing.;350381001508;us-east-1;2026-08-01 19:04:21.788096;164_308_a_1_ii_d;Implement procedures to regularly review records of information system activity, such as audit logs, access reports, and security incident tracking reports.;164.308 Administrative Safeguards;;;aws;;FAIL;S3 Bucket public-bucket-open has server access logging disabled.;arn:aws:s3:::public-bucket-open;s3_bucket_server_access_logging_enabled;False;public-bucket-open;HIPAA;HIPAA compliance framework;
aws;The Health Insurance Portability and Accountability Act of 1996 (HIPAA) is legislation that helps US workers to retain health insurance coverage when they change or lose jobs. The legislation also seeks to encourage electronic health records to improve the efficiency and quality of the US healthcare system through improved information sharing.;350381001508;us-east-1;2026-08-01 19:04:21.788096;164_308_a_3_ii_a;Implement procedures for the authorization and/or supervision of workforce members who work with electronic protected health information or in locations where it might be accessed.;164.308 Administrative Safeguards;;;aws;;FAIL;S3 Bucket public-bucket-open has server access logging disabled.;arn:aws:s3:::public-bucket-open;s3_bucket_server_access_logging_enabled;False;public-bucket-open;HIPAA;HIPAA compliance framework;
aws;The Health Insurance Portability and Accountability Act of 1996 (HIPAA) is legislation that helps US workers to retain health insurance coverage when they change or lose jobs. The legislation also seeks to encourage electronic health records to improve the efficiency and quality of the US healthcare system through improved information sharing.;350381001508;us-east-1;2026-08-01 19:04:21.788096;164_308_a_6_ii;"Identify and respond to suspected or known security incidents; mitigate, to the extent practicable, harmful effects of security incidents that are known to the covered entity or business associate; and document security incidents and their outcomes.";164.308 Administrative Safeguards;;;aws;;FAIL;S3 Bucket public-bucket-open has server access logging disabled.;arn:aws:s3:::public-bucket-open;s3_bucket_server_access_logging_enabled;False;public-bucket-open;HIPAA;HIPAA compliance framework;
aws;The Health Insurance Portability and Accountability Act of 1996 (HIPAA) is legislation that helps US workers to retain health insurance coverage when they change or lose jobs. The legislation also seeks to encourage electronic health records to improve the efficiency and quality of the US healthcare system through improved information sharing.;350381001508;us-east-1;2026-08-01 19:04:21.788096;164_312_b;Implement hardware, software, and/or procedural mechanisms that record and examine activity in information systems that contain or use electronic protected health information.;164.312 Technical Safeguards;;;aws;;FAIL;S3 Bucket public-bucket-open has server access logging disabled.;arn:aws:s3:::public-bucket-open;s3_bucket_server_access_logging_enabled;False;public-bucket-open;HIPAA;HIPAA compliance framework;
aws;The Health Insurance Portability and Accountability Act of 1996 (HIPAA) is legislation that helps US workers to retain health insurance coverage when they change or lose jobs. The legislation also seeks to encourage electronic health records to improve the efficiency and quality of the US healthcare system through improved information sharing.;350381001508;us-east-1;2026-08-01 19:04:21.788096;164_312_e_2_i;Implement security measures to ensure that electronically transmitted electronic protected health information is not improperly modified without detection until disposed of.;164.312 Technical Safeguards;;;aws;;FAIL;S3 Bucket public-bucket-open has server access logging disabled.;arn:aws:s3:::public-bucket-open;s3_bucket_server_access_logging_enabled;False;public-bucket-open;HIPAA;HIPAA compliance framework;
aws;The Health Insurance Portability and Accountability Act of 1996 (HIPAA) is legislation that helps US workers to retain health insurance coverage when they change or lose jobs. The legislation also seeks to encourage electronic health records to improve the efficiency and quality of the US healthcare system through improved information sharing.;350381001508;us-east-1;2026-08-01 19:04:21.788096;164_308_a_1_ii_d;Implement procedures to regularly review records of information system activity, such as audit logs, access reports, and security incident tracking reports.;164.308 Administrative Safeguards;;;aws;;FAIL;S3 Bucket research-secure-bucket has server access logging disabled.;arn:aws:s3:::research-secure-bucket;s3_bucket_server_access_logging_enabled;False;research-secure-bucket;HIPAA;HIPAA compliance framework;
aws;The Health Insurance Portability and Accountability Act of 1996 (HIPAA) is legislation that helps US workers to retain health insurance coverage when they change or lose jobs. The legislation also seeks to encourage electronic health records to improve the efficiency and quality of the US healthcare system through improved information sharing.;350381001508;us-east-1;2026-08-01 19:04:21.788096;164_308_a_3_ii_a;Implement procedures for the authorization and/or supervision of workforce members who work with electronic protected health information or in locations where it might be accessed.;164.308 Administrative Safeguards;;;aws;;FAIL;S3 Bucket research-secure-bucket has server access logging disabled.;arn:aws:s3:::research-secure-bucket;s3_bucket_server_access_logging_enabled;False;research-secure-bucket;HIPAA;HIPAA compliance framework;
aws;The Health Insurance Portability and Accountability Act of 1996 (HIPAA) is legislation that helps US workers to retain health insurance coverage when they change or lose jobs. The legislation also seeks to encourage electronic health records to improve the efficiency and quality of the US healthcare system through improved information sharing.;350381001508;us-east-1;2026-08-01 19:04:21.788096;164_308_a_6_ii;"Identify and respond to suspected or known security incidents; mitigate, to the extent practicable, harmful effects of security incidents that are known to the covered entity or business associate; and document security incidents and their outcomes.";164.308 Administrative Safeguards;;;aws;;FAIL;S3 Bucket research-secure-bucket has server access logging disabled.;arn:aws:s3:::research-secure-bucket;s3_bucket_server_access_logging_enabled;False;research-secure-bucket;HIPAA;HIPAA compliance framework;
aws;The Health Insurance Portability and Accountability Act of 1996 (HIPAA) is legislation that helps US workers to retain health insurance coverage when they change or lose jobs. The legislation also seeks to encourage electronic health records to improve the efficiency and quality of the US healthcare system through improved information sharing.;350381001508;us-east-1;2026-08-01 19:04:21.788096;164_312_b;Implement hardware, software, and/or procedural mechanisms that record and examine activity in information systems that contain or use electronic protected health information.;164.312 Technical Safeguards;;;aws;;FAIL;S3 Bucket research-secure-bucket has server access logging disabled.;arn:aws:s3:::research-secure-bucket;s3_bucket_server_access_logging_enabled;False;research-secure-bucket;HIPAA;HIPAA compliance framework;
aws;The Health Insurance Portability and Accountability Act of 1996 (HIPAA) is legislation that helps US workers to retain health insurance coverage when they change or lose jobs. The legislation also seeks to encourage electronic health records to improve the efficiency and quality of the US healthcare system through improved information sharing.;350381001508;us-east-1;2026-08-01 19:04:21.788096;164_312_e_2_i;Implement security measures to ensure that electronically transmitted electronic protected health information is not improperly modified without detection until disposed of.;164.312 Technical Safeguards;;;aws;;FAIL;S3 Bucket research-secure-bucket has server access logging disabled.;arn:aws:s3:::research-secure-bucket;s3_bucket_server_access_logging_enabled;False;research-secure-bucket;HIPAA;HIPAA compliance framework;
aws;The Health Insurance Portability and Accountability Act of 1996 (HIPAA) is legislation that helps US workers to retain health insurance coverage when they change or lose jobs. The legislation also seeks to encourage electronic health records to improve the efficiency and quality of the US healthcare system through improved information sharing.;350381001508;us-east-1;2026-08-01 19:04:21.788096;164_308_a_1_ii_d;Implement procedures to regularly review records of information system activity, such as audit logs, access reports, and security incident tracking reports.;164.308 Administrative Safeguards;;;aws;;FAIL;VPC research-vpc Flow logs are disabled.;arn:aws:ec2:us-east-1:350381001508:vpc/vpc-081d4be98bcc01b9b;vpc_flow_logs_enabled;False;vpc-081d4be98bcc01b9b;HIPAA;HIPAA compliance framework;
aws;The Health Insurance Portability and Accountability Act of 1996 (HIPAA) is legislation that helps US workers to retain health insurance coverage when they change or lose jobs. The legislation also seeks to encourage electronic health records to improve the efficiency and quality of the US healthcare system through improved information sharing.;350381001508;us-east-1;2026-08-01 19:04:21.788096;164_308_a_3_ii_a;Implement procedures for the authorization and/or supervision of workforce members who work with electronic protected health information or in locations where it might be accessed.;164.308 Administrative Safeguards;;;aws;;FAIL;VPC research-vpc Flow logs are disabled.;arn:aws:ec2:us-east-1:350381001508:vpc/vpc-081d4be98bcc01b9b;vpc_flow_logs_enabled;False;vpc-081d4be98bcc01b9b;HIPAA;HIPAA compliance framework;
aws;The Health Insurance Portability and Accountability Act of 1996 (HIPAA) is legislation that helps US workers to retain health insurance coverage when they change or lose jobs. The legislation also seeks to encourage electronic health records to improve the efficiency and quality of the US healthcare system through improved information sharing.;350381001508;us-east-1;2026-08-01 19:04:21.788096;164_308_a_6_ii;"Identify and respond to suspected or known security incidents; mitigate, to the extent practicable, harmful effects of security incidents that are known to the covered entity or business associate; and document security incidents and their outcomes.";164.308 Administrative Safeguards;;;aws;;FAIL;VPC research-vpc Flow logs are disabled.;arn:aws:ec2:us-east-1:350381001508:vpc/vpc-081d4be98bcc01b9b;vpc_flow_logs_enabled;False;vpc-081d4be98bcc01b9b;HIPAA;HIPAA compliance framework;
aws;The Health Insurance Portability and Accountability Act of 1996 (HIPAA) is legislation that helps US workers to retain health insurance coverage when they change or lose jobs. The legislation also seeks to encourage electronic health records to improve the efficiency and quality of the US healthcare system through improved information sharing.;350381001508;us-east-1;2026-08-01 19:04:21.788096;164_312_b;Implement hardware, software, and/or procedural mechanisms that record and examine activity in information systems that contain or use electronic protected health information.;164.312 Technical Safeguards;;;aws;;FAIL;VPC research-vpc Flow logs are disabled.;arn:aws:ec2:us-east-1:350381001508:vpc/vpc-081d4be98bcc01b9b;vpc_flow_logs_enabled;False;vpc-081d4be98bcc01b9b;HIPAA;HIPAA compliance framework;
aws;The Health Insurance Portability and Accountability Act of 1996 (HIPAA) is legislation that helps US workers to retain health insurance coverage when they change or lose jobs. The legislation also seeks to encourage electronic health records to improve the efficiency and quality of the US healthcare system through improved information sharing.;350381001508;us-east-1;2026-08-01 19:04:21.788096;164_312_c_2;Implement electronic mechanisms to corroborate that electronic protected health information has not been altered or destroyed in an unauthorized manner.;164.312 Technical Safeguards;;;aws;;FAIL;VPC research-vpc Flow logs are disabled.;arn:aws:ec2:us-east-1:350381001508:vpc/vpc-081d4be98bcc01b9b;vpc_flow_logs_enabled;False;vpc-081d4be98bcc01b9b;HIPAA;HIPAA compliance framework;
