PROVIDER;DESCRIPTION;ACCOUNTID;REGION;ASSESSMENTDATE;REQUIREMENTS_ID;REQUIREMENTS_DESCRIPTION;REQUIREMENTS_ATTRIBUTES_SECTION;REQUIREMENTS_ATTRIBUTES_SUBSECTION;REQUIREMENTS_ATTRIBUTES_SUBGROUP;REQUIREMENTS_ATTRIBUTES_SERVICE;REQUIREMENTS_ATTRIBUTES_TYPE;STATUS;STATUSEXTENDED;RESOURCEID;CHECKID;MUTED;RESOURCENAME;FRAMEWORK;NAME;REQUIREMENTS_ATTRIBUTES_COMMENT
aws;In light of the increasing volume and sophistication of cyber threats, the Federal Financial Institutions Examination Council (FFIEC) developed the Cybersecurity Assessment Tool (Assessment), on behalf of its members, to help institutions identify their risks and determine their cybersecurity maturity.;350381001508;us-east-1;2026-08-01 19:04:21.788096;d2-ma-ma-b-2;Computer event logs are used for investigations once an event has occurred.;Threat Intelligence and Collaboration (Domain 2);Monitoring and Analyzing (MA);;aws;;PASS;Trail research-trail from home region us-east-1 has an advanced management event selector to log Amazon Bedrock control-plane API calls.;arn:aws:cloudtrail:us-east-1:350381001508:trail/research-trail;cloudtrail_bedrock_logging_enabled;False;research-trail;FFIEC;FFIEC Cybersecurity Assessment Tool framework;
aws;In light of the increasing volume and sophistication of cyber threats, the Federal Financial Institutions Examination Council (FFIEC) developed the Cybersecurity Assessment Tool (Assessment), on behalf of its members, to help institutions identify their risks and determine their cybersecurity maturity.;350381001508;us-east-1;2026-08-01 19:04:21.788096;d2-is-is-b-1;Information security threats are gathered and shared with applicable internal employees.;Threat Intelligence and Collaboration (Domain 2);Information Sharing (IS);;aws;;FAIL;Multiregion trail research-trail has not been logging in the last 24h or is not configured to deliver logs.;arn:aws:cloudtrail:us-east-1:350381001508:trail/research-trail;cloudtrail_cloudwatch_logging_enabled;False;research-trail;FFIEC;FFIEC Cybersecurity Assessment Tool framework;
aws;In light of the increasing volume and sophistication of cyber threats, the Federal Financial Institutions Examination Council (FFIEC) developed the Cybersecurity Assessment Tool (Assessment), on behalf of its members, to help institutions identify their risks and determine their cybersecurity maturity.;350381001508;us-east-1;2026-08-01 19:04:21.788096;d2-ma-ma-b-1;Information security threats are gathered and shared with applicable internal employees.;Threat Intelligence and Collaboration (Domain 2);Monitoring and Analyzing (MA);;aws;;FAIL;Multiregion trail research-trail has not been logging in the last 24h or is not configured to deliver logs.;arn:aws:cloudtrail:us-east-1:350381001508:trail/research-trail;cloudtrail_cloudwatch_logging_enabled;False;research-trail;FFIEC;FFIEC Cybersecurity Assessment Tool framework;
aws;In light of the increasing volume and sophistication of cyber threats, the Federal Financial Institutions Examination Council (FFIEC) developed the Cybersecurity Assessment Tool (Assessment), on behalf of its members, to help institutions identify their risks and determine their cybersecurity maturity.;350381001508;us-east-1;2026-08-01 19:04:21.788096;d2-ma-ma-b-2;Computer event logs are used for investigations once an event has occurred.;Threat Intelligence and Collaboration (Domain 2);Monitoring and Analyzing (MA);;aws;;FAIL;Multiregion trail research-trail has not been logging in the last 24h or is not configured to deliver logs.;arn:aws:cloudtrail:us-east-1:350381001508:trail/research-trail;cloudtrail_cloudwatch_logging_enabled;False;research-trail;FFIEC;FFIEC Cybersecurity Assessment Tool framework;
aws;In light of the increasing volume and sophistication of cyber threats, the Federal Financial Institutions Examination Council (FFIEC) developed the Cybersecurity Assessment Tool (Assessment), on behalf of its members, to help institutions identify their risks and determine their cybersecurity maturity.;350381001508;us-east-1;2026-08-01 19:04:21.788096;d3-dc-an-b-3;Logs of physical and/or logical access are reviewed following events.;Cybersecurity Controls (Domain 3);Detective Controls (DC);;aws;;FAIL;Multiregion trail research-trail has not been logging in the last 24h or is not configured to deliver logs.;arn:aws:cloudtrail:us-east-1:350381001508:trail/research-trail;cloudtrail_cloudwatch_logging_enabled;False;research-trail;FFIEC;FFIEC Cybersecurity Assessment Tool framework;
aws;In light of the increasing volume and sophistication of cyber threats, the Federal Financial Institutions Examination Council (FFIEC) developed the Cybersecurity Assessment Tool (Assessment), on behalf of its members, to help institutions identify their risks and determine their cybersecurity maturity.;350381001508;us-east-1;2026-08-01 19:04:21.788096;d3-dc-an-b-4;Access to critical systems by third parties is monitored for unauthorized or unusual activity.;Cybersecurity Controls (Domain 3);Detective Controls (DC);;aws;;FAIL;Multiregion trail research-trail has not been logging in the last 24h or is not configured to deliver logs.;arn:aws:cloudtrail:us-east-1:350381001508:trail/research-trail;cloudtrail_cloudwatch_logging_enabled;False;research-trail;FFIEC;FFIEC Cybersecurity Assessment Tool framework;
aws;In light of the increasing volume and sophistication of cyber threats, the Federal Financial Institutions Examination Council (FFIEC) developed the Cybersecurity Assessment Tool (Assessment), on behalf of its members, to help institutions identify their risks and determine their cybersecurity maturity.;350381001508;us-east-1;2026-08-01 19:04:21.788096;d3-dc-an-b-5;Elevated privileges are monitored.;Cybersecurity Controls (Domain 3);Detective Controls (DC);;aws;;FAIL;Multiregion trail research-trail has not been logging in the last 24h or is not configured to deliver logs.;arn:aws:cloudtrail:us-east-1:350381001508:trail/research-trail;cloudtrail_cloudwatch_logging_enabled;False;research-trail;FFIEC;FFIEC Cybersecurity Assessment Tool framework;
aws;In light of the increasing volume and sophistication of cyber threats, the Federal Financial Institutions Examination Council (FFIEC) developed the Cybersecurity Assessment Tool (Assessment), on behalf of its members, to help institutions identify their risks and determine their cybersecurity maturity.;350381001508;us-east-1;2026-08-01 19:04:21.788096;d3-dc-ev-b-1;A normal network activity baseline is established.;Cybersecurity Controls (Domain 3);Detective Controls (DC);;aws;;FAIL;Multiregion trail research-trail has not been logging in the last 24h or is not configured to deliver logs.;arn:aws:cloudtrail:us-east-1:350381001508:trail/research-trail;cloudtrail_cloudwatch_logging_enabled;False;research-trail;FFIEC;FFIEC Cybersecurity Assessment Tool framework;
aws;In light of the increasing volume and sophistication of cyber threats, the Federal Financial Institutions Examination Council (FFIEC) developed the Cybersecurity Assessment Tool (Assessment), on behalf of its members, to help institutions identify their risks and determine their cybersecurity maturity.;350381001508;us-east-1;2026-08-01 19:04:21.788096;d3-pc-im-b-3;All ports are monitored.;Cybersecurity Controls (Domain 3);Preventative Controls (PC);;aws;;FAIL;Multiregion trail research-trail has not been logging in the last 24h or is not configured to deliver logs.;arn:aws:cloudtrail:us-east-1:350381001508:trail/research-trail;cloudtrail_cloudwatch_logging_enabled;False;research-trail;FFIEC;FFIEC Cybersecurity Assessment Tool framework;
aws;In light of the increasing volume and sophistication of cyber threats, the Federal Financial Institutions Examination Council (FFIEC) developed the Cybersecurity Assessment Tool (Assessment), on behalf of its members, to help institutions identify their risks and determine their cybersecurity maturity.;350381001508;us-east-1;2026-08-01 19:04:21.788096;d3-pc-im-b-7;Access to make changes to systems configurations (including virtual machines and hypervisors) is controlled and monitored.;Cybersecurity Controls (Domain 3);Preventative Controls (PC);;aws;;FAIL;Multiregion trail research-trail has not been logging in the last 24h or is not configured to deliver logs.;arn:aws:cloudtrail:us-east-1:350381001508:trail/research-trail;cloudtrail_cloudwatch_logging_enabled;False;research-trail;FFIEC;FFIEC Cybersecurity Assessment Tool framework;
aws;In light of the increasing volume and sophistication of cyber threats, the Federal Financial Institutions Examination Council (FFIEC) developed the Cybersecurity Assessment Tool (Assessment), on behalf of its members, to help institutions identify their risks and determine their cybersecurity maturity.;350381001508;us-east-1;2026-08-01 19:04:21.788096;d5-dr-de-b-3;Tools and processes are in place to detect, alert, and trigger the incident response program.;Cyber Incident Management and Resilience (Domain 5);Detection, Response, & Mitigation (DR);;aws;;FAIL;Multiregion trail research-trail has not been logging in the last 24h or is not configured to deliver logs.;arn:aws:cloudtrail:us-east-1:350381001508:trail/research-trail;cloudtrail_cloudwatch_logging_enabled;False;research-trail;FFIEC;FFIEC Cybersecurity Assessment Tool framework;
aws;In light of the increasing volume and sophistication of cyber threats, the Federal Financial Institutions Examination Council (FFIEC) developed the Cybersecurity Assessment Tool (Assessment), on behalf of its members, to help institutions identify their risks and determine their cybersecurity maturity.;350381001508;ap-northeast-1;2026-08-01 19:04:21.788096;d2-ma-ma-b-1;Information security threats are gathered and shared with applicable internal employees.;Threat Intelligence and Collaboration (Domain 2);Monitoring and Analyzing (MA);;aws;;PASS;Trail research-trail is multiregion and it is logging.;arn:aws:cloudtrail:us-east-1:350381001508:trail/research-trail;cloudtrail_multi_region_enabled;False;research-trail;FFIEC;FFIEC Cybersecurity Assessment Tool framework;
aws;In light of the increasing volume and sophistication of cyber threats, the Federal Financial Institutions Examination Council (FFIEC) developed the Cybersecurity Assessment Tool (Assessment), on behalf of its members, to help institutions identify their risks and determine their cybersecurity maturity.;350381001508;ap-northeast-1;2026-08-01 19:04:21.788096;d2-ma-ma-b-2;Computer event logs are used for investigations once an event has occurred.;Threat Intelligence and Collaboration (Domain 2);Monitoring and Analyzing (MA);;aws;;PASS;Trail research-trail is multiregion and it is logging.;arn:aws:cloudtrail:us-east-1:350381001508:trail/research-trail;cloudtrail_multi_region_enabled;False;research-trail;FFIEC;FFIEC Cybersecurity Assessment Tool framework;
aws;In light of the increasing volume and sophistication of cyber threats, the Federal Financial Institutions Examination Council (FFIEC) developed the Cybersecurity Assessment Tool (Assessment), on behalf of its members, to help institutions identify their risks and determine their cybersecurity maturity.;350381001508;ap-northeast-1;2026-08-01 19:04:21.788096;d3-dc-an-b-3;Logs of physical and/or logical access are reviewed following events.;Cybersecurity Controls (Domain 3);Detective Controls (DC);;aws;;PASS;Trail research-trail is multiregion and it is logging.;arn:aws:cloudtrail:us-east-1:350381001508:trail/research-trail;cloudtrail_multi_region_enabled;False;research-trail;FFIEC;FFIEC Cybersecurity Assessment Tool framework;
aws;In light of the increasing volume and sophistication of cyber threats, the Federal Financial Institutions Examination Council (FFIEC) developed the Cybersecurity Assessment Tool (Assessment), on behalf of its members, to help institutions identify their risks and determine their cybersecurity maturity.;350381001508;ap-northeast-1;2026-08-01 19:04:21.788096;d3-dc-an-b-4;Access to critical systems by third parties is monitored for unauthorized or unusual activity.;Cybersecurity Controls (Domain 3);Detective Controls (DC);;aws;;PASS;Trail research-trail is multiregion and it is logging.;arn:aws:cloudtrail:us-east-1:350381001508:trail/research-trail;cloudtrail_multi_region_enabled;False;research-trail;FFIEC;FFIEC Cybersecurity Assessment Tool framework;
aws;In light of the increasing volume and sophistication of cyber threats, the Federal Financial Institutions Examination Council (FFIEC) developed the Cybersecurity Assessment Tool (Assessment), on behalf of its members, to help institutions identify their risks and determine their cybersecurity maturity.;350381001508;ap-northeast-1;2026-08-01 19:04:21.788096;d3-dc-an-b-5;Elevated privileges are monitored.;Cybersecurity Controls (Domain 3);Detective Controls (DC);;aws;;PASS;Trail research-trail is multiregion and it is logging.;arn:aws:cloudtrail:us-east-1:350381001508:trail/research-trail;cloudtrail_multi_region_enabled;False;research-trail;FFIEC;FFIEC Cybersecurity Assessment Tool framework;
aws;In light of the increasing volume and sophistication of cyber threats, the Federal Financial Institutions Examination Council (FFIEC) developed the Cybersecurity Assessment Tool (Assessment), on behalf of its members, to help institutions identify their risks and determine their cybersecurity maturity.;350381001508;ap-northeast-1;2026-08-01 19:04:21.788096;d3-dc-ev-b-1;A normal network activity baseline is established.;Cybersecurity Controls (Domain 3);Detective Controls (DC);;aws;;PASS;Trail research-trail is multiregion and it is logging.;arn:aws:cloudtrail:us-east-1:350381001508:trail/research-trail;cloudtrail_multi_region_enabled;False;research-trail;FFIEC;FFIEC Cybersecurity Assessment Tool framework;
aws;In light of the increasing volume and sophistication of cyber threats, the Federal Financial Institutions Examination Council (FFIEC) developed the Cybersecurity Assessment Tool (Assessment), on behalf of its members, to help institutions identify their risks and determine their cybersecurity maturity.;350381001508;ap-northeast-1;2026-08-01 19:04:21.788096;d3-dc-ev-b-3;Processes are in place to monitor for the presence of unauthorized users, devices, connections, and software.;Cybersecurity Controls (Domain 3);Detective Controls (DC);;aws;;PASS;Trail research-trail is multiregion and it is logging.;arn:aws:cloudtrail:us-east-1:350381001508:trail/research-trail;cloudtrail_multi_region_enabled;False;research-trail;FFIEC;FFIEC Cybersecurity Assessment Tool framework;
aws;In light of the increasing volume and sophistication of cyber threats, the Federal Financial Institutions Examination Council (FFIEC) developed the Cybersecurity Assessment Tool (Assessment), on behalf of its members, to help institutions identify their risks and determine their cybersecurity maturity.;350381001508;ap-northeast-1;2026-08-01 19:04:21.788096;d3-pc-im-b-3;All ports are monitored.;Cybersecurity Controls (Domain 3);Preventative Controls (PC);;aws;;PASS;Trail research-trail is multiregion and it is logging.;arn:aws:cloudtrail:us-east-1:350381001508:trail/research-trail;cloudtrail_multi_region_enabled;False;research-trail;FFIEC;FFIEC Cybersecurity Assessment Tool framework;
aws;In light of the increasing volume and sophistication of cyber threats, the Federal Financial Institutions Examination Council (FFIEC) developed the Cybersecurity Assessment Tool (Assessment), on behalf of its members, to help institutions identify their risks and determine their cybersecurity maturity.;350381001508;ap-northeast-1;2026-08-01 19:04:21.788096;d3-pc-im-b-7;Access to make changes to systems configurations (including virtual machines and hypervisors) is controlled and monitored.;Cybersecurity Controls (Domain 3);Preventative Controls (PC);;aws;;PASS;Trail research-trail is multiregion and it is logging.;arn:aws:cloudtrail:us-east-1:350381001508:trail/research-trail;cloudtrail_multi_region_enabled;False;research-trail;FFIEC;FFIEC Cybersecurity Assessment Tool framework;
aws;In light of the increasing volume and sophistication of cyber threats, the Federal Financial Institutions Examination Council (FFIEC) developed the Cybersecurity Assessment Tool (Assessment), on behalf of its members, to help institutions identify their risks and determine their cybersecurity maturity.;350381001508;ap-northeast-1;2026-08-01 19:04:21.788096;d5-dr-de-b-3;Tools and processes are in place to detect, alert, and trigger the incident response program.;Cyber Incident Management and Resilience (Domain 5);Detection, Response, & Mitigation (DR);;aws;;PASS;Trail research-trail is multiregion and it is logging.;arn:aws:cloudtrail:us-east-1:350381001508:trail/research-trail;cloudtrail_multi_region_enabled;False;research-trail;FFIEC;FFIEC Cybersecurity Assessment Tool framework;
aws;In light of the increasing volume and sophistication of cyber threats, the Federal Financial Institutions Examination Council (FFIEC) developed the Cybersecurity Assessment Tool (Assessment), on behalf of its members, to help institutions identify their risks and determine their cybersecurity maturity.;350381001508;ap-northeast-2;2026-08-01 19:04:21.788096;d2-ma-ma-b-1;Information security threats are gathered and shared with applicable internal employees.;Threat Intelligence and Collaboration (Domain 2);Monitoring and Analyzing (MA);;aws;;PASS;Trail research-trail is multiregion and it is logging.;arn:aws:cloudtrail:us-east-1:350381001508:trail/research-trail;cloudtrail_multi_region_enabled;False;research-trail;FFIEC;FFIEC Cybersecurity Assessment Tool framework;
aws;In light of the increasing volume and sophistication of cyber threats, the Federal Financial Institutions Examination Council (FFIEC) developed the Cybersecurity Assessment Tool (Assessment), on behalf of its members, to help institutions identify their risks and determine their cybersecurity maturity.;350381001508;ap-northeast-2;2026-08-01 19:04:21.788096;d2-ma-ma-b-2;Computer event logs are used for investigations once an event has occurred.;Threat Intelligence and Collaboration (Domain 2);Monitoring and Analyzing (MA);;aws;;PASS;Trail research-trail is multiregion and it is logging.;arn:aws:cloudtrail:us-east-1:350381001508:trail/research-trail;cloudtrail_multi_region_enabled;False;research-trail;FFIEC;FFIEC Cybersecurity Assessment Tool framework;
aws;In light of the increasing volume and sophistication of cyber threats, the Federal Financial Institutions Examination Council (FFIEC) developed the Cybersecurity Assessment Tool (Assessment), on behalf of its members, to help institutions identify their risks and determine their cybersecurity maturity.;350381001508;ap-northeast-2;2026-08-01 19:04:21.788096;d3-dc-an-b-3;Logs of physical and/or logical access are reviewed following events.;Cybersecurity Controls (Domain 3);Detective Controls (DC);;aws;;PASS;Trail research-trail is multiregion and it is logging.;arn:aws:cloudtrail:us-east-1:350381001508:trail/research-trail;cloudtrail_multi_region_enabled;False;research-trail;FFIEC;FFIEC Cybersecurity Assessment Tool framework;
aws;In light of the increasing volume and sophistication of cyber threats, the Federal Financial Institutions Examination Council (FFIEC) developed the Cybersecurity Assessment Tool (Assessment), on behalf of its members, to help institutions identify their risks and determine their cybersecurity maturity.;350381001508;ap-northeast-2;2026-08-01 19:04:21.788096;d3-dc-an-b-4;Access to critical systems by third parties is monitored for unauthorized or unusual activity.;Cybersecurity Controls (Domain 3);Detective Controls (DC);;aws;;PASS;Trail research-trail is multiregion and it is logging.;arn:aws:cloudtrail:us-east-1:350381001508:trail/research-trail;cloudtrail_multi_region_enabled;False;research-trail;FFIEC;FFIEC Cybersecurity Assessment Tool framework;
aws;In light of the increasing volume and sophistication of cyber threats, the Federal Financial Institutions Examination Council (FFIEC) developed the Cybersecurity Assessment Tool (Assessment), on behalf of its members, to help institutions identify their risks and determine their cybersecurity maturity.;350381001508;ap-northeast-2;2026-08-01 19:04:21.788096;d3-dc-an-b-5;Elevated privileges are monitored.;Cybersecurity Controls (Domain 3);Detective Controls (DC);;aws;;PASS;Trail research-trail is multiregion and it is logging.;arn:aws:cloudtrail:us-east-1:350381001508:trail/research-trail;cloudtrail_multi_region_enabled;False;research-trail;FFIEC;FFIEC Cybersecurity Assessment Tool framework;
aws;In light of the increasing volume and sophistication of cyber threats, the Federal Financial Institutions Examination Council (FFIEC) developed the Cybersecurity Assessment Tool (Assessment), on behalf of its members, to help institutions identify their risks and determine their cybersecurity maturity.;350381001508;ap-northeast-2;2026-08-01 19:04:21.788096;d3-dc-ev-b-1;A normal network activity baseline is established.;Cybersecurity Controls (Domain 3);Detective Controls (DC);;aws;;PASS;Trail research-trail is multiregion and it is logging.;arn:aws:cloudtrail:us-east-1:350381001508:trail/research-trail;cloudtrail_multi_region_enabled;False;research-trail;FFIEC;FFIEC Cybersecurity Assessment Tool framework;
aws;In light of the increasing volume and sophistication of cyber threats, the Federal Financial Institutions Examination Council (FFIEC) developed the Cybersecurity Assessment Tool (Assessment), on behalf of its members, to help institutions identify their risks and determine their cybersecurity maturity.;350381001508;ap-northeast-2;2026-08-01 19:04:21.788096;d3-dc-ev-b-3;Processes are in place to monitor for the presence of unauthorized users, devices, connections, and software.;Cybersecurity Controls (Domain 3);Detective Controls (DC);;aws;;PASS;Trail research-trail is multiregion and it is logging.;arn:aws:cloudtrail:us-east-1:350381001508:trail/research-trail;cloudtrail_multi_region_enabled;False;research-trail;FFIEC;FFIEC Cybersecurity Assessment Tool framework;
aws;In light of the increasing volume and sophistication of cyber threats, the Federal Financial Institutions Examination Council (FFIEC) developed the Cybersecurity Assessment Tool (Assessment), on behalf of its members, to help institutions identify their risks and determine their cybersecurity maturity.;350381001508;ap-northeast-2;2026-08-01 19:04:21.788096;d3-pc-im-b-3;All ports are monitored.;Cybersecurity Controls (Domain 3);Preventative Controls (PC);;aws;;PASS;Trail research-trail is multiregion and it is logging.;arn:aws:cloudtrail:us-east-1:350381001508:trail/research-trail;cloudtrail_multi_region_enabled;False;research-trail;FFIEC;FFIEC Cybersecurity Assessment Tool framework;
aws;In light of the increasing volume and sophistication of cyber threats, the Federal Financial Institutions Examination Council (FFIEC) developed the Cybersecurity Assessment Tool (Assessment), on behalf of its members, to help institutions identify their risks and determine their cybersecurity maturity.;350381001508;ap-northeast-2;2026-08-01 19:04:21.788096;d3-pc-im-b-7;Access to make changes to systems configurations (including virtual machines and hypervisors) is controlled and monitored.;Cybersecurity Controls (Domain 3);Preventative Controls (PC);;aws;;PASS;Trail research-trail is multiregion and it is logging.;arn:aws:cloudtrail:us-east-1:350381001508:trail/research-trail;cloudtrail_multi_region_enabled;False;research-trail;FFIEC;FFIEC Cybersecurity Assessment Tool framework;
aws;In light of the increasing volume and sophistication of cyber threats, the Federal Financial Institutions Examination Council (FFIEC) developed the Cybersecurity Assessment Tool (Assessment), on behalf of its members, to help institutions identify their risks and determine their cybersecurity maturity.;350381001508;ap-northeast-2;2026-08-01 19:04:21.788096;d5-dr-de-b-3;Tools and processes are in place to detect, alert, and trigger the incident response program.;Cyber Incident Management and Resilience (Domain 5);Detection, Response, & Mitigation (DR);;aws;;PASS;Trail research-trail is multiregion and it is logging.;arn:aws:cloudtrail:us-east-1:350381001508:trail/research-trail;cloudtrail_multi_region_enabled;False;research-trail;FFIEC;FFIEC Cybersecurity Assessment Tool framework;
aws;In light of the increasing volume and sophistication of cyber threats, the Federal Financial Institutions Examination Council (FFIEC) developed the Cybersecurity Assessment Tool (Assessment), on behalf of its members, to help institutions identify their risks and determine their cybersecurity maturity.;350381001508;ap-northeast-3;2026-08-01 19:04:21.788096;d2-ma-ma-b-1;Information security threats are gathered and shared with applicable internal employees.;Threat Intelligence and Collaboration (Domain 2);Monitoring and Analyzing (MA);;aws;;PASS;Trail research-trail is multiregion and it is logging.;arn:aws:cloudtrail:us-east-1:350381001508:trail/research-trail;cloudtrail_multi_region_enabled;False;research-trail;FFIEC;FFIEC Cybersecurity Assessment Tool framework;
aws;In light of the increasing volume and sophistication of cyber threats, the Federal Financial Institutions Examination Council (FFIEC) developed the Cybersecurity Assessment Tool (Assessment), on behalf of its members, to help institutions identify their risks and determine their cybersecurity maturity.;350381001508;ap-northeast-3;2026-08-01 19:04:21.788096;d2-ma-ma-b-2;Computer event logs are used for investigations once an event has occurred.;Threat Intelligence and Collaboration (Domain 2);Monitoring and Analyzing (MA);;aws;;PASS;Trail research-trail is multiregion and it is logging.;arn:aws:cloudtrail:us-east-1:350381001508:trail/research-trail;cloudtrail_multi_region_enabled;False;research-trail;FFIEC;FFIEC Cybersecurity Assessment Tool framework;
aws;In light of the increasing volume and sophistication of cyber threats, the Federal Financial Institutions Examination Council (FFIEC) developed the Cybersecurity Assessment Tool (Assessment), on behalf of its members, to help institutions identify their risks and determine their cybersecurity maturity.;350381001508;ap-northeast-3;2026-08-01 19:04:21.788096;d3-dc-an-b-3;Logs of physical and/or logical access are reviewed following events.;Cybersecurity Controls (Domain 3);Detective Controls (DC);;aws;;PASS;Trail research-trail is multiregion and it is logging.;arn:aws:cloudtrail:us-east-1:350381001508:trail/research-trail;cloudtrail_multi_region_enabled;False;research-trail;FFIEC;FFIEC Cybersecurity Assessment Tool framework;
aws;In light of the increasing volume and sophistication of cyber threats, the Federal Financial Institutions Examination Council (FFIEC) developed the Cybersecurity Assessment Tool (Assessment), on behalf of its members, to help institutions identify their risks and determine their cybersecurity maturity.;350381001508;ap-northeast-3;2026-08-01 19:04:21.788096;d3-dc-an-b-4;Access to critical systems by third parties is monitored for unauthorized or unusual activity.;Cybersecurity Controls (Domain 3);Detective Controls (DC);;aws;;PASS;Trail research-trail is multiregion and it is logging.;arn:aws:cloudtrail:us-east-1:350381001508:trail/research-trail;cloudtrail_multi_region_enabled;False;research-trail;FFIEC;FFIEC Cybersecurity Assessment Tool framework;
aws;In light of the increasing volume and sophistication of cyber threats, the Federal Financial Institutions Examination Council (FFIEC) developed the Cybersecurity Assessment Tool (Assessment), on behalf of its members, to help institutions identify their risks and determine their cybersecurity maturity.;350381001508;ap-northeast-3;2026-08-01 19:04:21.788096;d3-dc-an-b-5;Elevated privileges are monitored.;Cybersecurity Controls (Domain 3);Detective Controls (DC);;aws;;PASS;Trail research-trail is multiregion and it is logging.;arn:aws:cloudtrail:us-east-1:350381001508:trail/research-trail;cloudtrail_multi_region_enabled;False;research-trail;FFIEC;FFIEC Cybersecurity Assessment Tool framework;
aws;In light of the increasing volume and sophistication of cyber threats, the Federal Financial Institutions Examination Council (FFIEC) developed the Cybersecurity Assessment Tool (Assessment), on behalf of its members, to help institutions identify their risks and determine their cybersecurity maturity.;350381001508;ap-northeast-3;2026-08-01 19:04:21.788096;d3-dc-ev-b-1;A normal network activity baseline is established.;Cybersecurity Controls (Domain 3);Detective Controls (DC);;aws;;PASS;Trail research-trail is multiregion and it is logging.;arn:aws:cloudtrail:us-east-1:350381001508:trail/research-trail;cloudtrail_multi_region_enabled;False;research-trail;FFIEC;FFIEC Cybersecurity Assessment Tool framework;
aws;In light of the increasing volume and sophistication of cyber threats, the Federal Financial Institutions Examination Council (FFIEC) developed the Cybersecurity Assessment Tool (Assessment), on behalf of its members, to help institutions identify their risks and determine their cybersecurity maturity.;350381001508;ap-northeast-3;2026-08-01 19:04:21.788096;d3-dc-ev-b-3;Processes are in place to monitor for the presence of unauthorized users, devices, connections, and software.;Cybersecurity Controls (Domain 3);Detective Controls (DC);;aws;;PASS;Trail research-trail is multiregion and it is logging.;arn:aws:cloudtrail:us-east-1:350381001508:trail/research-trail;cloudtrail_multi_region_enabled;False;research-trail;FFIEC;FFIEC Cybersecurity Assessment Tool framework;
aws;In light of the increasing volume and sophistication of cyber threats, the Federal Financial Institutions Examination Council (FFIEC) developed the Cybersecurity Assessment Tool (Assessment), on behalf of its members, to help institutions identify their risks and determine their cybersecurity maturity.;350381001508;ap-northeast-3;2026-08-01 19:04:21.788096;d3-pc-im-b-3;All ports are monitored.;Cybersecurity Controls (Domain 3);Preventative Controls (PC);;aws;;PASS;Trail research-trail is multiregion and it is logging.;arn:aws:cloudtrail:us-east-1:350381001508:trail/research-trail;cloudtrail_multi_region_enabled;False;research-trail;FFIEC;FFIEC Cybersecurity Assessment Tool framework;
aws;In light of the increasing volume and sophistication of cyber threats, the Federal Financial Institutions Examination Council (FFIEC) developed the Cybersecurity Assessment Tool (Assessment), on behalf of its members, to help institutions identify their risks and determine their cybersecurity maturity.;350381001508;ap-northeast-3;2026-08-01 19:04:21.788096;d3-pc-im-b-7;Access to make changes to systems configurations (including virtual machines and hypervisors) is controlled and monitored.;Cybersecurity Controls (Domain 3);Preventative Controls (PC);;aws;;PASS;Trail research-trail is multiregion and it is logging.;arn:aws:cloudtrail:us-east-1:350381001508:trail/research-trail;cloudtrail_multi_region_enabled;False;research-trail;FFIEC;FFIEC Cybersecurity Assessment Tool framework;
aws;In light of the increasing volume and sophistication of cyber threats, the Federal Financial Institutions Examination Council (FFIEC) developed the Cybersecurity Assessment Tool (Assessment), on behalf of its members, to help institutions identify their risks and determine their cybersecurity maturity.;350381001508;ap-northeast-3;2026-08-01 19:04:21.788096;d5-dr-de-b-3;Tools and processes are in place to detect, alert, and trigger the incident response program.;Cyber Incident Management and Resilience (Domain 5);Detection, Response, & Mitigation (DR);;aws;;PASS;Trail research-trail is multiregion and it is logging.;arn:aws:cloudtrail:us-east-1:350381001508:trail/research-trail;cloudtrail_multi_region_enabled;False;research-trail;FFIEC;FFIEC Cybersecurity Assessment Tool framework;
aws;In light of the increasing volume and sophistication of cyber threats, the Federal Financial Institutions Examination Council (FFIEC) developed the Cybersecurity Assessment Tool (Assessment), on behalf of its members, to help institutions identify their risks and determine their cybersecurity maturity.;350381001508;ap-south-1;2026-08-01 19:04:21.788096;d2-ma-ma-b-1;Information security threats are gathered and shared with applicable internal employees.;Threat Intelligence and Collaboration (Domain 2);Monitoring and Analyzing (MA);;aws;;PASS;Trail research-trail is multiregion and it is logging.;arn:aws:cloudtrail:us-east-1:350381001508:trail/research-trail;cloudtrail_multi_region_enabled;False;research-trail;FFIEC;FFIEC Cybersecurity Assessment Tool framework;
aws;In light of the increasing volume and sophistication of cyber threats, the Federal Financial Institutions Examination Council (FFIEC) developed the Cybersecurity Assessment Tool (Assessment), on behalf of its members, to help institutions identify their risks and determine their cybersecurity maturity.;350381001508;ap-south-1;2026-08-01 19:04:21.788096;d2-ma-ma-b-2;Computer event logs are used for investigations once an event has occurred.;Threat Intelligence and Collaboration (Domain 2);Monitoring and Analyzing (MA);;aws;;PASS;Trail research-trail is multiregion and it is logging.;arn:aws:cloudtrail:us-east-1:350381001508:trail/research-trail;cloudtrail_multi_region_enabled;False;research-trail;FFIEC;FFIEC Cybersecurity Assessment Tool framework;
aws;In light of the increasing volume and sophistication of cyber threats, the Federal Financial Institutions Examination Council (FFIEC) developed the Cybersecurity Assessment Tool (Assessment), on behalf of its members, to help institutions identify their risks and determine their cybersecurity maturity.;350381001508;ap-south-1;2026-08-01 19:04:21.788096;d3-dc-an-b-3;Logs of physical and/or logical access are reviewed following events.;Cybersecurity Controls (Domain 3);Detective Controls (DC);;aws;;PASS;Trail research-trail is multiregion and it is logging.;arn:aws:cloudtrail:us-east-1:350381001508:trail/research-trail;cloudtrail_multi_region_enabled;False;research-trail;FFIEC;FFIEC Cybersecurity Assessment Tool framework;
aws;In light of the increasing volume and sophistication of cyber threats, the Federal Financial Institutions Examination Council (FFIEC) developed the Cybersecurity Assessment Tool (Assessment), on behalf of its members, to help institutions identify their risks and determine their cybersecurity maturity.;350381001508;ap-south-1;2026-08-01 19:04:21.788096;d3-dc-an-b-4;Access to critical systems by third parties is monitored for unauthorized or unusual activity.;Cybersecurity Controls (Domain 3);Detective Controls (DC);;aws;;PASS;Trail research-trail is multiregion and it is logging.;arn:aws:cloudtrail:us-east-1:350381001508:trail/research-trail;cloudtrail_multi_region_enabled;False;research-trail;FFIEC;FFIEC Cybersecurity Assessment Tool framework;
aws;In light of the increasing volume and sophistication of cyber threats, the Federal Financial Institutions Examination Council (FFIEC) developed the Cybersecurity Assessment Tool (Assessment), on behalf of its members, to help institutions identify their risks and determine their cybersecurity maturity.;350381001508;ap-south-1;2026-08-01 19:04:21.788096;d3-dc-an-b-5;Elevated privileges are monitored.;Cybersecurity Controls (Domain 3);Detective Controls (DC);;aws;;PASS;Trail research-trail is multiregion and it is logging.;arn:aws:cloudtrail:us-east-1:350381001508:trail/research-trail;cloudtrail_multi_region_enabled;False;research-trail;FFIEC;FFIEC Cybersecurity Assessment Tool framework;
aws;In light of the increasing volume and sophistication of cyber threats, the Federal Financial Institutions Examination Council (FFIEC) developed the Cybersecurity Assessment Tool (Assessment), on behalf of its members, to help institutions identify their risks and determine their cybersecurity maturity.;350381001508;ap-south-1;2026-08-01 19:04:21.788096;d3-dc-ev-b-1;A normal network activity baseline is established.;Cybersecurity Controls (Domain 3);Detective Controls (DC);;aws;;PASS;Trail research-trail is multiregion and it is logging.;arn:aws:cloudtrail:us-east-1:350381001508:trail/research-trail;cloudtrail_multi_region_enabled;False;research-trail;FFIEC;FFIEC Cybersecurity Assessment Tool framework;
aws;In light of the increasing volume and sophistication of cyber threats, the Federal Financial Institutions Examination Council (FFIEC) developed the Cybersecurity Assessment Tool (Assessment), on behalf of its members, to help institutions identify their risks and determine their cybersecurity maturity.;350381001508;ap-south-1;2026-08-01 19:04:21.788096;d3-dc-ev-b-3;Processes are in place to monitor for the presence of unauthorized users, devices, connections, and software.;Cybersecurity Controls (Domain 3);Detective Controls (DC);;aws;;PASS;Trail research-trail is multiregion and it is logging.;arn:aws:cloudtrail:us-east-1:350381001508:trail/research-trail;cloudtrail_multi_region_enabled;False;research-trail;FFIEC;FFIEC Cybersecurity Assessment Tool framework;
aws;In light of the increasing volume and sophistication of cyber threats, the Federal Financial Institutions Examination Council (FFIEC) developed the Cybersecurity Assessment Tool (Assessment), on behalf of its members, to help institutions identify their risks and determine their cybersecurity maturity.;350381001508;ap-south-1;2026-08-01 19:04:21.788096;d3-pc-im-b-3;All ports are monitored.;Cybersecurity Controls (Domain 3);Preventative Controls (PC);;aws;;PASS;Trail research-trail is multiregion and it is logging.;arn:aws:cloudtrail:us-east-1:350381001508:trail/research-trail;cloudtrail_multi_region_enabled;False;research-trail;FFIEC;FFIEC Cybersecurity Assessment Tool framework;
aws;In light of the increasing volume and sophistication of cyber threats, the Federal Financial Institutions Examination Council (FFIEC) developed the Cybersecurity Assessment Tool (Assessment), on behalf of its members, to help institutions identify their risks and determine their cybersecurity maturity.;350381001508;ap-south-1;2026-08-01 19:04:21.788096;d3-pc-im-b-7;Access to make changes to systems configurations (including virtual machines and hypervisors) is controlled and monitored.;Cybersecurity Controls (Domain 3);Preventative Controls (PC);;aws;;PASS;Trail research-trail is multiregion and it is logging.;arn:aws:cloudtrail:us-east-1:350381001508:trail/research-trail;cloudtrail_multi_region_enabled;False;research-trail;FFIEC;FFIEC Cybersecurity Assessment Tool framework;
aws;In light of the increasing volume and sophistication of cyber threats, the Federal Financial Institutions Examination Council (FFIEC) developed the Cybersecurity Assessment Tool (Assessment), on behalf of its members, to help institutions identify their risks and determine their cybersecurity maturity.;350381001508;ap-south-1;2026-08-01 19:04:21.788096;d5-dr-de-b-3;Tools and processes are in place to detect, alert, and trigger the incident response program.;Cyber Incident Management and Resilience (Domain 5);Detection, Response, & Mitigation (DR);;aws;;PASS;Trail research-trail is multiregion and it is logging.;arn:aws:cloudtrail:us-east-1:350381001508:trail/research-trail;cloudtrail_multi_region_enabled;False;research-trail;FFIEC;FFIEC Cybersecurity Assessment Tool framework;
aws;In light of the increasing volume and sophistication of cyber threats, the Federal Financial Institutions Examination Council (FFIEC) developed the Cybersecurity Assessment Tool (Assessment), on behalf of its members, to help institutions identify their risks and determine their cybersecurity maturity.;350381001508;ap-southeast-1;2026-08-01 19:04:21.788096;d2-ma-ma-b-1;Information security threats are gathered and shared with applicable internal employees.;Threat Intelligence and Collaboration (Domain 2);Monitoring and Analyzing (MA);;aws;;PASS;Trail research-trail is multiregion and it is logging.;arn:aws:cloudtrail:us-east-1:350381001508:trail/research-trail;cloudtrail_multi_region_enabled;False;research-trail;FFIEC;FFIEC Cybersecurity Assessment Tool framework;
aws;In light of the increasing volume and sophistication of cyber threats, the Federal Financial Institutions Examination Council (FFIEC) developed the Cybersecurity Assessment Tool (Assessment), on behalf of its members, to help institutions identify their risks and determine their cybersecurity maturity.;350381001508;ap-southeast-1;2026-08-01 19:04:21.788096;d2-ma-ma-b-2;Computer event logs are used for investigations once an event has occurred.;Threat Intelligence and Collaboration (Domain 2);Monitoring and Analyzing (MA);;aws;;PASS;Trail research-trail is multiregion and it is logging.;arn:aws:cloudtrail:us-east-1:350381001508:trail/research-trail;cloudtrail_multi_region_enabled;False;research-trail;FFIEC;FFIEC Cybersecurity Assessment Tool framework;
aws;In light of the increasing volume and sophistication of cyber threats, the Federal Financial Institutions Examination Council (FFIEC) developed the Cybersecurity Assessment Tool (Assessment), on behalf of its members, to help institutions identify their risks and determine their cybersecurity maturity.;350381001508;ap-southeast-1;2026-08-01 19:04:21.788096;d3-dc-an-b-3;Logs of physical and/or logical access are reviewed following events.;Cybersecurity Controls (Domain 3);Detective Controls (DC);;aws;;PASS;Trail research-trail is multiregion and it is logging.;arn:aws:cloudtrail:us-east-1:350381001508:trail/research-trail;cloudtrail_multi_region_enabled;False;research-trail;FFIEC;FFIEC Cybersecurity Assessment Tool framework;
aws;In light of the increasing volume and sophistication of cyber threats, the Federal Financial Institutions Examination Council (FFIEC) developed the Cybersecurity Assessment Tool (Assessment), on behalf of its members, to help institutions identify their risks and determine their cybersecurity maturity.;350381001508;ap-southeast-1;2026-08-01 19:04:21.788096;d3-dc-an-b-4;Access to critical systems by third parties is monitored for unauthorized or unusual activity.;Cybersecurity Controls (Domain 3);Detective Controls (DC);;aws;;PASS;Trail research-trail is multiregion and it is logging.;arn:aws:cloudtrail:us-east-1:350381001508:trail/research-trail;cloudtrail_multi_region_enabled;False;research-trail;FFIEC;FFIEC Cybersecurity Assessment Tool framework;
aws;In light of the increasing volume and sophistication of cyber threats, the Federal Financial Institutions Examination Council (FFIEC) developed the Cybersecurity Assessment Tool (Assessment), on behalf of its members, to help institutions identify their risks and determine their cybersecurity maturity.;350381001508;ap-southeast-1;2026-08-01 19:04:21.788096;d3-dc-an-b-5;Elevated privileges are monitored.;Cybersecurity Controls (Domain 3);Detective Controls (DC);;aws;;PASS;Trail research-trail is multiregion and it is logging.;arn:aws:cloudtrail:us-east-1:350381001508:trail/research-trail;cloudtrail_multi_region_enabled;False;research-trail;FFIEC;FFIEC Cybersecurity Assessment Tool framework;
aws;In light of the increasing volume and sophistication of cyber threats, the Federal Financial Institutions Examination Council (FFIEC) developed the Cybersecurity Assessment Tool (Assessment), on behalf of its members, to help institutions identify their risks and determine their cybersecurity maturity.;350381001508;ap-southeast-1;2026-08-01 19:04:21.788096;d3-dc-ev-b-1;A normal network activity baseline is established.;Cybersecurity Controls (Domain 3);Detective Controls (DC);;aws;;PASS;Trail research-trail is multiregion and it is logging.;arn:aws:cloudtrail:us-east-1:350381001508:trail/research-trail;cloudtrail_multi_region_enabled;False;research-trail;FFIEC;FFIEC Cybersecurity Assessment Tool framework;
aws;In light of the increasing volume and sophistication of cyber threats, the Federal Financial Institutions Examination Council (FFIEC) developed the Cybersecurity Assessment Tool (Assessment), on behalf of its members, to help institutions identify their risks and determine their cybersecurity maturity.;350381001508;ap-southeast-1;2026-08-01 19:04:21.788096;d3-dc-ev-b-3;Processes are in place to monitor for the presence of unauthorized users, devices, connections, and software.;Cybersecurity Controls (Domain 3);Detective Controls (DC);;aws;;PASS;Trail research-trail is multiregion and it is logging.;arn:aws:cloudtrail:us-east-1:350381001508:trail/research-trail;cloudtrail_multi_region_enabled;False;research-trail;FFIEC;FFIEC Cybersecurity Assessment Tool framework;
aws;In light of the increasing volume and sophistication of cyber threats, the Federal Financial Institutions Examination Council (FFIEC) developed the Cybersecurity Assessment Tool (Assessment), on behalf of its members, to help institutions identify their risks and determine their cybersecurity maturity.;350381001508;ap-southeast-1;2026-08-01 19:04:21.788096;d3-pc-im-b-3;All ports are monitored.;Cybersecurity Controls (Domain 3);Preventative Controls (PC);;aws;;PASS;Trail research-trail is multiregion and it is logging.;arn:aws:cloudtrail:us-east-1:350381001508:trail/research-trail;cloudtrail_multi_region_enabled;False;research-trail;FFIEC;FFIEC Cybersecurity Assessment Tool framework;
aws;In light of the increasing volume and sophistication of cyber threats, the Federal Financial Institutions Examination Council (FFIEC) developed the Cybersecurity Assessment Tool (Assessment), on behalf of its members, to help institutions identify their risks and determine their cybersecurity maturity.;350381001508;ap-southeast-1;2026-08-01 19:04:21.788096;d3-pc-im-b-7;Access to make changes to systems configurations (including virtual machines and hypervisors) is controlled and monitored.;Cybersecurity Controls (Domain 3);Preventative Controls (PC);;aws;;PASS;Trail research-trail is multiregion and it is logging.;arn:aws:cloudtrail:us-east-1:350381001508:trail/research-trail;cloudtrail_multi_region_enabled;False;research-trail;FFIEC;FFIEC Cybersecurity Assessment Tool framework;
aws;In light of the increasing volume and sophistication of cyber threats, the Federal Financial Institutions Examination Council (FFIEC) developed the Cybersecurity Assessment Tool (Assessment), on behalf of its members, to help institutions identify their risks and determine their cybersecurity maturity.;350381001508;ap-southeast-1;2026-08-01 19:04:21.788096;d5-dr-de-b-3;Tools and processes are in place to detect, alert, and trigger the incident response program.;Cyber Incident Management and Resilience (Domain 5);Detection, Response, & Mitigation (DR);;aws;;PASS;Trail research-trail is multiregion and it is logging.;arn:aws:cloudtrail:us-east-1:350381001508:trail/research-trail;cloudtrail_multi_region_enabled;False;research-trail;FFIEC;FFIEC Cybersecurity Assessment Tool framework;
aws;In light of the increasing volume and sophistication of cyber threats, the Federal Financial Institutions Examination Council (FFIEC) developed the Cybersecurity Assessment Tool (Assessment), on behalf of its members, to help institutions identify their risks and determine their cybersecurity maturity.;350381001508;ap-southeast-2;2026-08-01 19:04:21.788096;d2-ma-ma-b-1;Information security threats are gathered and shared with applicable internal employees.;Threat Intelligence and Collaboration (Domain 2);Monitoring and Analyzing (MA);;aws;;PASS;Trail research-trail is multiregion and it is logging.;arn:aws:cloudtrail:us-east-1:350381001508:trail/research-trail;cloudtrail_multi_region_enabled;False;research-trail;FFIEC;FFIEC Cybersecurity Assessment Tool framework;
aws;In light of the increasing volume and sophistication of cyber threats, the Federal Financial Institutions Examination Council (FFIEC) developed the Cybersecurity Assessment Tool (Assessment), on behalf of its members, to help institutions identify their risks and determine their cybersecurity maturity.;350381001508;ap-southeast-2;2026-08-01 19:04:21.788096;d2-ma-ma-b-2;Computer event logs are used for investigations once an event has occurred.;Threat Intelligence and Collaboration (Domain 2);Monitoring and Analyzing (MA);;aws;;PASS;Trail research-trail is multiregion and it is logging.;arn:aws:cloudtrail:us-east-1:350381001508:trail/research-trail;cloudtrail_multi_region_enabled;False;research-trail;FFIEC;FFIEC Cybersecurity Assessment Tool framework;
aws;In light of the increasing volume and sophistication of cyber threats, the Federal Financial Institutions Examination Council (FFIEC) developed the Cybersecurity Assessment Tool (Assessment), on behalf of its members, to help institutions identify their risks and determine their cybersecurity maturity.;350381001508;ap-southeast-2;2026-08-01 19:04:21.788096;d3-dc-an-b-3;Logs of physical and/or logical access are reviewed following events.;Cybersecurity Controls (Domain 3);Detective Controls (DC);;aws;;PASS;Trail research-trail is multiregion and it is logging.;arn:aws:cloudtrail:us-east-1:350381001508:trail/research-trail;cloudtrail_multi_region_enabled;False;research-trail;FFIEC;FFIEC Cybersecurity Assessment Tool framework;
aws;In light of the increasing volume and sophistication of cyber threats, the Federal Financial Institutions Examination Council (FFIEC) developed the Cybersecurity Assessment Tool (Assessment), on behalf of its members, to help institutions identify their risks and determine their cybersecurity maturity.;350381001508;ap-southeast-2;2026-08-01 19:04:21.788096;d3-dc-an-b-4;Access to critical systems by third parties is monitored for unauthorized or unusual activity.;Cybersecurity Controls (Domain 3);Detective Controls (DC);;aws;;PASS;Trail research-trail is multiregion and it is logging.;arn:aws:cloudtrail:us-east-1:350381001508:trail/research-trail;cloudtrail_multi_region_enabled;False;research-trail;FFIEC;FFIEC Cybersecurity Assessment Tool framework;
aws;In light of the increasing volume and sophistication of cyber threats, the Federal Financial Institutions Examination Council (FFIEC) developed the Cybersecurity Assessment Tool (Assessment), on behalf of its members, to help institutions identify their risks and determine their cybersecurity maturity.;350381001508;ap-southeast-2;2026-08-01 19:04:21.788096;d3-dc-an-b-5;Elevated privileges are monitored.;Cybersecurity Controls (Domain 3);Detective Controls (DC);;aws;;PASS;Trail research-trail is multiregion and it is logging.;arn:aws:cloudtrail:us-east-1:350381001508:trail/research-trail;cloudtrail_multi_region_enabled;False;research-trail;FFIEC;FFIEC Cybersecurity Assessment Tool framework;
aws;In light of the increasing volume and sophistication of cyber threats, the Federal Financial Institutions Examination Council (FFIEC) developed the Cybersecurity Assessment Tool (Assessment), on behalf of its members, to help institutions identify their risks and determine their cybersecurity maturity.;350381001508;ap-southeast-2;2026-08-01 19:04:21.788096;d3-dc-ev-b-1;A normal network activity baseline is established.;Cybersecurity Controls (Domain 3);Detective Controls (DC);;aws;;PASS;Trail research-trail is multiregion and it is logging.;arn:aws:cloudtrail:us-east-1:350381001508:trail/research-trail;cloudtrail_multi_region_enabled;False;research-trail;FFIEC;FFIEC Cybersecurity Assessment Tool framework;
aws;In light of the increasing volume and sophistication of cyber threats, the Federal Financial Institutions Examination Council (FFIEC) developed the Cybersecurity Assessment Tool (Assessment), on behalf of its members, to help institutions identify their risks and determine their cybersecurity maturity.;350381001508;ap-southeast-2;2026-08-01 19:04:21.788096;d3-dc-ev-b-3;Processes are in place to monitor for the presence of unauthorized users, devices, connections, and software.;Cybersecurity Controls (Domain 3);Detective Controls (DC);;aws;;PASS;Trail research-trail is multiregion and it is logging.;arn:aws:cloudtrail:us-east-1:350381001508:trail/research-trail;cloudtrail_multi_region_enabled;False;research-trail;FFIEC;FFIEC Cybersecurity Assessment Tool framework;
aws;In light of the increasing volume and sophistication of cyber threats, the Federal Financial Institutions Examination Council (FFIEC) developed the Cybersecurity Assessment Tool (Assessment), on behalf of its members, to help institutions identify their risks and determine their cybersecurity maturity.;350381001508;ap-southeast-2;2026-08-01 19:04:21.788096;d3-pc-im-b-3;All ports are monitored.;Cybersecurity Controls (Domain 3);Preventative Controls (PC);;aws;;PASS;Trail research-trail is multiregion and it is logging.;arn:aws:cloudtrail:us-east-1:350381001508:trail/research-trail;cloudtrail_multi_region_enabled;False;research-trail;FFIEC;FFIEC Cybersecurity Assessment Tool framework;
aws;In light of the increasing volume and sophistication of cyber threats, the Federal Financial Institutions Examination Council (FFIEC) developed the Cybersecurity Assessment Tool (Assessment), on behalf of its members, to help institutions identify their risks and determine their cybersecurity maturity.;350381001508;ap-southeast-2;2026-08-01 19:04:21.788096;d3-pc-im-b-7;Access to make changes to systems configurations (including virtual machines and hypervisors) is controlled and monitored.;Cybersecurity Controls (Domain 3);Preventative Controls (PC);;aws;;PASS;Trail research-trail is multiregion and it is logging.;arn:aws:cloudtrail:us-east-1:350381001508:trail/research-trail;cloudtrail_multi_region_enabled;False;research-trail;FFIEC;FFIEC Cybersecurity Assessment Tool framework;
aws;In light of the increasing volume and sophistication of cyber threats, the Federal Financial Institutions Examination Council (FFIEC) developed the Cybersecurity Assessment Tool (Assessment), on behalf of its members, to help institutions identify their risks and determine their cybersecurity maturity.;350381001508;ap-southeast-2;2026-08-01 19:04:21.788096;d5-dr-de-b-3;Tools and processes are in place to detect, alert, and trigger the incident response program.;Cyber Incident Management and Resilience (Domain 5);Detection, Response, & Mitigation (DR);;aws;;PASS;Trail research-trail is multiregion and it is logging.;arn:aws:cloudtrail:us-east-1:350381001508:trail/research-trail;cloudtrail_multi_region_enabled;False;research-trail;FFIEC;FFIEC Cybersecurity Assessment Tool framework;
aws;In light of the increasing volume and sophistication of cyber threats, the Federal Financial Institutions Examination Council (FFIEC) developed the Cybersecurity Assessment Tool (Assessment), on behalf of its members, to help institutions identify their risks and determine their cybersecurity maturity.;350381001508;ca-central-1;2026-08-01 19:04:21.788096;d2-ma-ma-b-1;Information security threats are gathered and shared with applicable internal employees.;Threat Intelligence and Collaboration (Domain 2);Monitoring and Analyzing (MA);;aws;;PASS;Trail research-trail is multiregion and it is logging.;arn:aws:cloudtrail:us-east-1:350381001508:trail/research-trail;cloudtrail_multi_region_enabled;False;research-trail;FFIEC;FFIEC Cybersecurity Assessment Tool framework;
aws;In light of the increasing volume and sophistication of cyber threats, the Federal Financial Institutions Examination Council (FFIEC) developed the Cybersecurity Assessment Tool (Assessment), on behalf of its members, to help institutions identify their risks and determine their cybersecurity maturity.;350381001508;ca-central-1;2026-08-01 19:04:21.788096;d2-ma-ma-b-2;Computer event logs are used for investigations once an event has occurred.;Threat Intelligence and Collaboration (Domain 2);Monitoring and Analyzing (MA);;aws;;PASS;Trail research-trail is multiregion and it is logging.;arn:aws:cloudtrail:us-east-1:350381001508:trail/research-trail;cloudtrail_multi_region_enabled;False;research-trail;FFIEC;FFIEC Cybersecurity Assessment Tool framework;
aws;In light of the increasing volume and sophistication of cyber threats, the Federal Financial Institutions Examination Council (FFIEC) developed the Cybersecurity Assessment Tool (Assessment), on behalf of its members, to help institutions identify their risks and determine their cybersecurity maturity.;350381001508;ca-central-1;2026-08-01 19:04:21.788096;d3-dc-an-b-3;Logs of physical and/or logical access are reviewed following events.;Cybersecurity Controls (Domain 3);Detective Controls (DC);;aws;;PASS;Trail research-trail is multiregion and it is logging.;arn:aws:cloudtrail:us-east-1:350381001508:trail/research-trail;cloudtrail_multi_region_enabled;False;research-trail;FFIEC;FFIEC Cybersecurity Assessment Tool framework;
aws;In light of the increasing volume and sophistication of cyber threats, the Federal Financial Institutions Examination Council (FFIEC) developed the Cybersecurity Assessment Tool (Assessment), on behalf of its members, to help institutions identify their risks and determine their cybersecurity maturity.;350381001508;ca-central-1;2026-08-01 19:04:21.788096;d3-dc-an-b-4;Access to critical systems by third parties is monitored for unauthorized or unusual activity.;Cybersecurity Controls (Domain 3);Detective Controls (DC);;aws;;PASS;Trail research-trail is multiregion and it is logging.;arn:aws:cloudtrail:us-east-1:350381001508:trail/research-trail;cloudtrail_multi_region_enabled;False;research-trail;FFIEC;FFIEC Cybersecurity Assessment Tool framework;
aws;In light of the increasing volume and sophistication of cyber threats, the Federal Financial Institutions Examination Council (FFIEC) developed the Cybersecurity Assessment Tool (Assessment), on behalf of its members, to help institutions identify their risks and determine their cybersecurity maturity.;350381001508;ca-central-1;2026-08-01 19:04:21.788096;d3-dc-an-b-5;Elevated privileges are monitored.;Cybersecurity Controls (Domain 3);Detective Controls (DC);;aws;;PASS;Trail research-trail is multiregion and it is logging.;arn:aws:cloudtrail:us-east-1:350381001508:trail/research-trail;cloudtrail_multi_region_enabled;False;research-trail;FFIEC;FFIEC Cybersecurity Assessment Tool framework;
aws;In light of the increasing volume and sophistication of cyber threats, the Federal Financial Institutions Examination Council (FFIEC) developed the Cybersecurity Assessment Tool (Assessment), on behalf of its members, to help institutions identify their risks and determine their cybersecurity maturity.;350381001508;ca-central-1;2026-08-01 19:04:21.788096;d3-dc-ev-b-1;A normal network activity baseline is established.;Cybersecurity Controls (Domain 3);Detective Controls (DC);;aws;;PASS;Trail research-trail is multiregion and it is logging.;arn:aws:cloudtrail:us-east-1:350381001508:trail/research-trail;cloudtrail_multi_region_enabled;False;research-trail;FFIEC;FFIEC Cybersecurity Assessment Tool framework;
aws;In light of the increasing volume and sophistication of cyber threats, the Federal Financial Institutions Examination Council (FFIEC) developed the Cybersecurity Assessment Tool (Assessment), on behalf of its members, to help institutions identify their risks and determine their cybersecurity maturity.;350381001508;ca-central-1;2026-08-01 19:04:21.788096;d3-dc-ev-b-3;Processes are in place to monitor for the presence of unauthorized users, devices, connections, and software.;Cybersecurity Controls (Domain 3);Detective Controls (DC);;aws;;PASS;Trail research-trail is multiregion and it is logging.;arn:aws:cloudtrail:us-east-1:350381001508:trail/research-trail;cloudtrail_multi_region_enabled;False;research-trail;FFIEC;FFIEC Cybersecurity Assessment Tool framework;
aws;In light of the increasing volume and sophistication of cyber threats, the Federal Financial Institutions Examination Council (FFIEC) developed the Cybersecurity Assessment Tool (Assessment), on behalf of its members, to help institutions identify their risks and determine their cybersecurity maturity.;350381001508;ca-central-1;2026-08-01 19:04:21.788096;d3-pc-im-b-3;All ports are monitored.;Cybersecurity Controls (Domain 3);Preventative Controls (PC);;aws;;PASS;Trail research-trail is multiregion and it is logging.;arn:aws:cloudtrail:us-east-1:350381001508:trail/research-trail;cloudtrail_multi_region_enabled;False;research-trail;FFIEC;FFIEC Cybersecurity Assessment Tool framework;
aws;In light of the increasing volume and sophistication of cyber threats, the Federal Financial Institutions Examination Council (FFIEC) developed the Cybersecurity Assessment Tool (Assessment), on behalf of its members, to help institutions identify their risks and determine their cybersecurity maturity.;350381001508;ca-central-1;2026-08-01 19:04:21.788096;d3-pc-im-b-7;Access to make changes to systems configurations (including virtual machines and hypervisors) is controlled and monitored.;Cybersecurity Controls (Domain 3);Preventative Controls (PC);;aws;;PASS;Trail research-trail is multiregion and it is logging.;arn:aws:cloudtrail:us-east-1:350381001508:trail/research-trail;cloudtrail_multi_region_enabled;False;research-trail;FFIEC;FFIEC Cybersecurity Assessment Tool framework;
aws;In light of the increasing volume and sophistication of cyber threats, the Federal Financial Institutions Examination Council (FFIEC) developed the Cybersecurity Assessment Tool (Assessment), on behalf of its members, to help institutions identify their risks and determine their cybersecurity maturity.;350381001508;ca-central-1;2026-08-01 19:04:21.788096;d5-dr-de-b-3;Tools and processes are in place to detect, alert, and trigger the incident response program.;Cyber Incident Management and Resilience (Domain 5);Detection, Response, & Mitigation (DR);;aws;;PASS;Trail research-trail is multiregion and it is logging.;arn:aws:cloudtrail:us-east-1:350381001508:trail/research-trail;cloudtrail_multi_region_enabled;False;research-trail;FFIEC;FFIEC Cybersecurity Assessment Tool framework;
aws;In light of the increasing volume and sophistication of cyber threats, the Federal Financial Institutions Examination Council (FFIEC) developed the Cybersecurity Assessment Tool (Assessment), on behalf of its members, to help institutions identify their risks and determine their cybersecurity maturity.;350381001508;eu-central-1;2026-08-01 19:04:21.788096;d2-ma-ma-b-1;Information security threats are gathered and shared with applicable internal employees.;Threat Intelligence and Collaboration (Domain 2);Monitoring and Analyzing (MA);;aws;;PASS;Trail research-trail is multiregion and it is logging.;arn:aws:cloudtrail:us-east-1:350381001508:trail/research-trail;cloudtrail_multi_region_enabled;False;research-trail;FFIEC;FFIEC Cybersecurity Assessment Tool framework;
aws;In light of the increasing volume and sophistication of cyber threats, the Federal Financial Institutions Examination Council (FFIEC) developed the Cybersecurity Assessment Tool (Assessment), on behalf of its members, to help institutions identify their risks and determine their cybersecurity maturity.;350381001508;eu-central-1;2026-08-01 19:04:21.788096;d2-ma-ma-b-2;Computer event logs are used for investigations once an event has occurred.;Threat Intelligence and Collaboration (Domain 2);Monitoring and Analyzing (MA);;aws;;PASS;Trail research-trail is multiregion and it is logging.;arn:aws:cloudtrail:us-east-1:350381001508:trail/research-trail;cloudtrail_multi_region_enabled;False;research-trail;FFIEC;FFIEC Cybersecurity Assessment Tool framework;
aws;In light of the increasing volume and sophistication of cyber threats, the Federal Financial Institutions Examination Council (FFIEC) developed the Cybersecurity Assessment Tool (Assessment), on behalf of its members, to help institutions identify their risks and determine their cybersecurity maturity.;350381001508;eu-central-1;2026-08-01 19:04:21.788096;d3-dc-an-b-3;Logs of physical and/or logical access are reviewed following events.;Cybersecurity Controls (Domain 3);Detective Controls (DC);;aws;;PASS;Trail research-trail is multiregion and it is logging.;arn:aws:cloudtrail:us-east-1:350381001508:trail/research-trail;cloudtrail_multi_region_enabled;False;research-trail;FFIEC;FFIEC Cybersecurity Assessment Tool framework;
aws;In light of the increasing volume and sophistication of cyber threats, the Federal Financial Institutions Examination Council (FFIEC) developed the Cybersecurity Assessment Tool (Assessment), on behalf of its members, to help institutions identify their risks and determine their cybersecurity maturity.;350381001508;eu-central-1;2026-08-01 19:04:21.788096;d3-dc-an-b-4;Access to critical systems by third parties is monitored for unauthorized or unusual activity.;Cybersecurity Controls (Domain 3);Detective Controls (DC);;aws;;PASS;Trail research-trail is multiregion and it is logging.;arn:aws:cloudtrail:us-east-1:350381001508:trail/research-trail;cloudtrail_multi_region_enabled;False;research-trail;FFIEC;FFIEC Cybersecurity Assessment Tool framework;
aws;In light of the increasing volume and sophistication of cyber threats, the Federal Financial Institutions Examination Council (FFIEC) developed the Cybersecurity Assessment Tool (Assessment), on behalf of its members, to help institutions identify their risks and determine their cybersecurity maturity.;350381001508;eu-central-1;2026-08-01 19:04:21.788096;d3-dc-an-b-5;Elevated privileges are monitored.;Cybersecurity Controls (Domain 3);Detective Controls (DC);;aws;;PASS;Trail research-trail is multiregion and it is logging.;arn:aws:cloudtrail:us-east-1:350381001508:trail/research-trail;cloudtrail_multi_region_enabled;False;research-trail;FFIEC;FFIEC Cybersecurity Assessment Tool framework;
aws;In light of the increasing volume and sophistication of cyber threats, the Federal Financial Institutions Examination Council (FFIEC) developed the Cybersecurity Assessment Tool (Assessment), on behalf of its members, to help institutions identify their risks and determine their cybersecurity maturity.;350381001508;eu-central-1;2026-08-01 19:04:21.788096;d3-dc-ev-b-1;A normal network activity baseline is established.;Cybersecurity Controls (Domain 3);Detective Controls (DC);;aws;;PASS;Trail research-trail is multiregion and it is logging.;arn:aws:cloudtrail:us-east-1:350381001508:trail/research-trail;cloudtrail_multi_region_enabled;False;research-trail;FFIEC;FFIEC Cybersecurity Assessment Tool framework;
aws;In light of the increasing volume and sophistication of cyber threats, the Federal Financial Institutions Examination Council (FFIEC) developed the Cybersecurity Assessment Tool (Assessment), on behalf of its members, to help institutions identify their risks and determine their cybersecurity maturity.;350381001508;eu-central-1;2026-08-01 19:04:21.788096;d3-dc-ev-b-3;Processes are in place to monitor for the presence of unauthorized users, devices, connections, and software.;Cybersecurity Controls (Domain 3);Detective Controls (DC);;aws;;PASS;Trail research-trail is multiregion and it is logging.;arn:aws:cloudtrail:us-east-1:350381001508:trail/research-trail;cloudtrail_multi_region_enabled;False;research-trail;FFIEC;FFIEC Cybersecurity Assessment Tool framework;
aws;In light of the increasing volume and sophistication of cyber threats, the Federal Financial Institutions Examination Council (FFIEC) developed the Cybersecurity Assessment Tool (Assessment), on behalf of its members, to help institutions identify their risks and determine their cybersecurity maturity.;350381001508;eu-central-1;2026-08-01 19:04:21.788096;d3-pc-im-b-3;All ports are monitored.;Cybersecurity Controls (Domain 3);Preventative Controls (PC);;aws;;PASS;Trail research-trail is multiregion and it is logging.;arn:aws:cloudtrail:us-east-1:350381001508:trail/research-trail;cloudtrail_multi_region_enabled;False;research-trail;FFIEC;FFIEC Cybersecurity Assessment Tool framework;
aws;In light of the increasing volume and sophistication of cyber threats, the Federal Financial Institutions Examination Council (FFIEC) developed the Cybersecurity Assessment Tool (Assessment), on behalf of its members, to help institutions identify their risks and determine their cybersecurity maturity.;350381001508;eu-central-1;2026-08-01 19:04:21.788096;d3-pc-im-b-7;Access to make changes to systems configurations (including virtual machines and hypervisors) is controlled and monitored.;Cybersecurity Controls (Domain 3);Preventative Controls (PC);;aws;;PASS;Trail research-trail is multiregion and it is logging.;arn:aws:cloudtrail:us-east-1:350381001508:trail/research-trail;cloudtrail_multi_region_enabled;False;research-trail;FFIEC;FFIEC Cybersecurity Assessment Tool framework;
aws;In light of the increasing volume and sophistication of cyber threats, the Federal Financial Institutions Examination Council (FFIEC) developed the Cybersecurity Assessment Tool (Assessment), on behalf of its members, to help institutions identify their risks and determine their cybersecurity maturity.;350381001508;eu-central-1;2026-08-01 19:04:21.788096;d5-dr-de-b-3;Tools and processes are in place to detect, alert, and trigger the incident response program.;Cyber Incident Management and Resilience (Domain 5);Detection, Response, & Mitigation (DR);;aws;;PASS;Trail research-trail is multiregion and it is logging.;arn:aws:cloudtrail:us-east-1:350381001508:trail/research-trail;cloudtrail_multi_region_enabled;False;research-trail;FFIEC;FFIEC Cybersecurity Assessment Tool framework;
aws;In light of the increasing volume and sophistication of cyber threats, the Federal Financial Institutions Examination Council (FFIEC) developed the Cybersecurity Assessment Tool (Assessment), on behalf of its members, to help institutions identify their risks and determine their cybersecurity maturity.;350381001508;eu-north-1;2026-08-01 19:04:21.788096;d2-ma-ma-b-1;Information security threats are gathered and shared with applicable internal employees.;Threat Intelligence and Collaboration (Domain 2);Monitoring and Analyzing (MA);;aws;;PASS;Trail research-trail is multiregion and it is logging.;arn:aws:cloudtrail:us-east-1:350381001508:trail/research-trail;cloudtrail_multi_region_enabled;False;research-trail;FFIEC;FFIEC Cybersecurity Assessment Tool framework;
aws;In light of the increasing volume and sophistication of cyber threats, the Federal Financial Institutions Examination Council (FFIEC) developed the Cybersecurity Assessment Tool (Assessment), on behalf of its members, to help institutions identify their risks and determine their cybersecurity maturity.;350381001508;eu-north-1;2026-08-01 19:04:21.788096;d2-ma-ma-b-2;Computer event logs are used for investigations once an event has occurred.;Threat Intelligence and Collaboration (Domain 2);Monitoring and Analyzing (MA);;aws;;PASS;Trail research-trail is multiregion and it is logging.;arn:aws:cloudtrail:us-east-1:350381001508:trail/research-trail;cloudtrail_multi_region_enabled;False;research-trail;FFIEC;FFIEC Cybersecurity Assessment Tool framework;
aws;In light of the increasing volume and sophistication of cyber threats, the Federal Financial Institutions Examination Council (FFIEC) developed the Cybersecurity Assessment Tool (Assessment), on behalf of its members, to help institutions identify their risks and determine their cybersecurity maturity.;350381001508;eu-north-1;2026-08-01 19:04:21.788096;d3-dc-an-b-3;Logs of physical and/or logical access are reviewed following events.;Cybersecurity Controls (Domain 3);Detective Controls (DC);;aws;;PASS;Trail research-trail is multiregion and it is logging.;arn:aws:cloudtrail:us-east-1:350381001508:trail/research-trail;cloudtrail_multi_region_enabled;False;research-trail;FFIEC;FFIEC Cybersecurity Assessment Tool framework;
aws;In light of the increasing volume and sophistication of cyber threats, the Federal Financial Institutions Examination Council (FFIEC) developed the Cybersecurity Assessment Tool (Assessment), on behalf of its members, to help institutions identify their risks and determine their cybersecurity maturity.;350381001508;eu-north-1;2026-08-01 19:04:21.788096;d3-dc-an-b-4;Access to critical systems by third parties is monitored for unauthorized or unusual activity.;Cybersecurity Controls (Domain 3);Detective Controls (DC);;aws;;PASS;Trail research-trail is multiregion and it is logging.;arn:aws:cloudtrail:us-east-1:350381001508:trail/research-trail;cloudtrail_multi_region_enabled;False;research-trail;FFIEC;FFIEC Cybersecurity Assessment Tool framework;
aws;In light of the increasing volume and sophistication of cyber threats, the Federal Financial Institutions Examination Council (FFIEC) developed the Cybersecurity Assessment Tool (Assessment), on behalf of its members, to help institutions identify their risks and determine their cybersecurity maturity.;350381001508;eu-north-1;2026-08-01 19:04:21.788096;d3-dc-an-b-5;Elevated privileges are monitored.;Cybersecurity Controls (Domain 3);Detective Controls (DC);;aws;;PASS;Trail research-trail is multiregion and it is logging.;arn:aws:cloudtrail:us-east-1:350381001508:trail/research-trail;cloudtrail_multi_region_enabled;False;research-trail;FFIEC;FFIEC Cybersecurity Assessment Tool framework;
aws;In light of the increasing volume and sophistication of cyber threats, the Federal Financial Institutions Examination Council (FFIEC) developed the Cybersecurity Assessment Tool (Assessment), on behalf of its members, to help institutions identify their risks and determine their cybersecurity maturity.;350381001508;eu-north-1;2026-08-01 19:04:21.788096;d3-dc-ev-b-1;A normal network activity baseline is established.;Cybersecurity Controls (Domain 3);Detective Controls (DC);;aws;;PASS;Trail research-trail is multiregion and it is logging.;arn:aws:cloudtrail:us-east-1:350381001508:trail/research-trail;cloudtrail_multi_region_enabled;False;research-trail;FFIEC;FFIEC Cybersecurity Assessment Tool framework;
aws;In light of the increasing volume and sophistication of cyber threats, the Federal Financial Institutions Examination Council (FFIEC) developed the Cybersecurity Assessment Tool (Assessment), on behalf of its members, to help institutions identify their risks and determine their cybersecurity maturity.;350381001508;eu-north-1;2026-08-01 19:04:21.788096;d3-dc-ev-b-3;Processes are in place to monitor for the presence of unauthorized users, devices, connections, and software.;Cybersecurity Controls (Domain 3);Detective Controls (DC);;aws;;PASS;Trail research-trail is multiregion and it is logging.;arn:aws:cloudtrail:us-east-1:350381001508:trail/research-trail;cloudtrail_multi_region_enabled;False;research-trail;FFIEC;FFIEC Cybersecurity Assessment Tool framework;
aws;In light of the increasing volume and sophistication of cyber threats, the Federal Financial Institutions Examination Council (FFIEC) developed the Cybersecurity Assessment Tool (Assessment), on behalf of its members, to help institutions identify their risks and determine their cybersecurity maturity.;350381001508;eu-north-1;2026-08-01 19:04:21.788096;d3-pc-im-b-3;All ports are monitored.;Cybersecurity Controls (Domain 3);Preventative Controls (PC);;aws;;PASS;Trail research-trail is multiregion and it is logging.;arn:aws:cloudtrail:us-east-1:350381001508:trail/research-trail;cloudtrail_multi_region_enabled;False;research-trail;FFIEC;FFIEC Cybersecurity Assessment Tool framework;
aws;In light of the increasing volume and sophistication of cyber threats, the Federal Financial Institutions Examination Council (FFIEC) developed the Cybersecurity Assessment Tool (Assessment), on behalf of its members, to help institutions identify their risks and determine their cybersecurity maturity.;350381001508;eu-north-1;2026-08-01 19:04:21.788096;d3-pc-im-b-7;Access to make changes to systems configurations (including virtual machines and hypervisors) is controlled and monitored.;Cybersecurity Controls (Domain 3);Preventative Controls (PC);;aws;;PASS;Trail research-trail is multiregion and it is logging.;arn:aws:cloudtrail:us-east-1:350381001508:trail/research-trail;cloudtrail_multi_region_enabled;False;research-trail;FFIEC;FFIEC Cybersecurity Assessment Tool framework;
aws;In light of the increasing volume and sophistication of cyber threats, the Federal Financial Institutions Examination Council (FFIEC) developed the Cybersecurity Assessment Tool (Assessment), on behalf of its members, to help institutions identify their risks and determine their cybersecurity maturity.;350381001508;eu-north-1;2026-08-01 19:04:21.788096;d5-dr-de-b-3;Tools and processes are in place to detect, alert, and trigger the incident response program.;Cyber Incident Management and Resilience (Domain 5);Detection, Response, & Mitigation (DR);;aws;;PASS;Trail research-trail is multiregion and it is logging.;arn:aws:cloudtrail:us-east-1:350381001508:trail/research-trail;cloudtrail_multi_region_enabled;False;research-trail;FFIEC;FFIEC Cybersecurity Assessment Tool framework;
aws;In light of the increasing volume and sophistication of cyber threats, the Federal Financial Institutions Examination Council (FFIEC) developed the Cybersecurity Assessment Tool (Assessment), on behalf of its members, to help institutions identify their risks and determine their cybersecurity maturity.;350381001508;eu-west-1;2026-08-01 19:04:21.788096;d2-ma-ma-b-1;Information security threats are gathered and shared with applicable internal employees.;Threat Intelligence and Collaboration (Domain 2);Monitoring and Analyzing (MA);;aws;;PASS;Trail research-trail is multiregion and it is logging.;arn:aws:cloudtrail:us-east-1:350381001508:trail/research-trail;cloudtrail_multi_region_enabled;False;research-trail;FFIEC;FFIEC Cybersecurity Assessment Tool framework;
aws;In light of the increasing volume and sophistication of cyber threats, the Federal Financial Institutions Examination Council (FFIEC) developed the Cybersecurity Assessment Tool (Assessment), on behalf of its members, to help institutions identify their risks and determine their cybersecurity maturity.;350381001508;eu-west-1;2026-08-01 19:04:21.788096;d2-ma-ma-b-2;Computer event logs are used for investigations once an event has occurred.;Threat Intelligence and Collaboration (Domain 2);Monitoring and Analyzing (MA);;aws;;PASS;Trail research-trail is multiregion and it is logging.;arn:aws:cloudtrail:us-east-1:350381001508:trail/research-trail;cloudtrail_multi_region_enabled;False;research-trail;FFIEC;FFIEC Cybersecurity Assessment Tool framework;
aws;In light of the increasing volume and sophistication of cyber threats, the Federal Financial Institutions Examination Council (FFIEC) developed the Cybersecurity Assessment Tool (Assessment), on behalf of its members, to help institutions identify their risks and determine their cybersecurity maturity.;350381001508;eu-west-1;2026-08-01 19:04:21.788096;d3-dc-an-b-3;Logs of physical and/or logical access are reviewed following events.;Cybersecurity Controls (Domain 3);Detective Controls (DC);;aws;;PASS;Trail research-trail is multiregion and it is logging.;arn:aws:cloudtrail:us-east-1:350381001508:trail/research-trail;cloudtrail_multi_region_enabled;False;research-trail;FFIEC;FFIEC Cybersecurity Assessment Tool framework;
aws;In light of the increasing volume and sophistication of cyber threats, the Federal Financial Institutions Examination Council (FFIEC) developed the Cybersecurity Assessment Tool (Assessment), on behalf of its members, to help institutions identify their risks and determine their cybersecurity maturity.;350381001508;eu-west-1;2026-08-01 19:04:21.788096;d3-dc-an-b-4;Access to critical systems by third parties is monitored for unauthorized or unusual activity.;Cybersecurity Controls (Domain 3);Detective Controls (DC);;aws;;PASS;Trail research-trail is multiregion and it is logging.;arn:aws:cloudtrail:us-east-1:350381001508:trail/research-trail;cloudtrail_multi_region_enabled;False;research-trail;FFIEC;FFIEC Cybersecurity Assessment Tool framework;
aws;In light of the increasing volume and sophistication of cyber threats, the Federal Financial Institutions Examination Council (FFIEC) developed the Cybersecurity Assessment Tool (Assessment), on behalf of its members, to help institutions identify their risks and determine their cybersecurity maturity.;350381001508;eu-west-1;2026-08-01 19:04:21.788096;d3-dc-an-b-5;Elevated privileges are monitored.;Cybersecurity Controls (Domain 3);Detective Controls (DC);;aws;;PASS;Trail research-trail is multiregion and it is logging.;arn:aws:cloudtrail:us-east-1:350381001508:trail/research-trail;cloudtrail_multi_region_enabled;False;research-trail;FFIEC;FFIEC Cybersecurity Assessment Tool framework;
aws;In light of the increasing volume and sophistication of cyber threats, the Federal Financial Institutions Examination Council (FFIEC) developed the Cybersecurity Assessment Tool (Assessment), on behalf of its members, to help institutions identify their risks and determine their cybersecurity maturity.;350381001508;eu-west-1;2026-08-01 19:04:21.788096;d3-dc-ev-b-1;A normal network activity baseline is established.;Cybersecurity Controls (Domain 3);Detective Controls (DC);;aws;;PASS;Trail research-trail is multiregion and it is logging.;arn:aws:cloudtrail:us-east-1:350381001508:trail/research-trail;cloudtrail_multi_region_enabled;False;research-trail;FFIEC;FFIEC Cybersecurity Assessment Tool framework;
aws;In light of the increasing volume and sophistication of cyber threats, the Federal Financial Institutions Examination Council (FFIEC) developed the Cybersecurity Assessment Tool (Assessment), on behalf of its members, to help institutions identify their risks and determine their cybersecurity maturity.;350381001508;eu-west-1;2026-08-01 19:04:21.788096;d3-dc-ev-b-3;Processes are in place to monitor for the presence of unauthorized users, devices, connections, and software.;Cybersecurity Controls (Domain 3);Detective Controls (DC);;aws;;PASS;Trail research-trail is multiregion and it is logging.;arn:aws:cloudtrail:us-east-1:350381001508:trail/research-trail;cloudtrail_multi_region_enabled;False;research-trail;FFIEC;FFIEC Cybersecurity Assessment Tool framework;
aws;In light of the increasing volume and sophistication of cyber threats, the Federal Financial Institutions Examination Council (FFIEC) developed the Cybersecurity Assessment Tool (Assessment), on behalf of its members, to help institutions identify their risks and determine their cybersecurity maturity.;350381001508;eu-west-1;2026-08-01 19:04:21.788096;d3-pc-im-b-3;All ports are monitored.;Cybersecurity Controls (Domain 3);Preventative Controls (PC);;aws;;PASS;Trail research-trail is multiregion and it is logging.;arn:aws:cloudtrail:us-east-1:350381001508:trail/research-trail;cloudtrail_multi_region_enabled;False;research-trail;FFIEC;FFIEC Cybersecurity Assessment Tool framework;
aws;In light of the increasing volume and sophistication of cyber threats, the Federal Financial Institutions Examination Council (FFIEC) developed the Cybersecurity Assessment Tool (Assessment), on behalf of its members, to help institutions identify their risks and determine their cybersecurity maturity.;350381001508;eu-west-1;2026-08-01 19:04:21.788096;d3-pc-im-b-7;Access to make changes to systems configurations (including virtual machines and hypervisors) is controlled and monitored.;Cybersecurity Controls (Domain 3);Preventative Controls (PC);;aws;;PASS;Trail research-trail is multiregion and it is logging.;arn:aws:cloudtrail:us-east-1:350381001508:trail/research-trail;cloudtrail_multi_region_enabled;False;research-trail;FFIEC;FFIEC Cybersecurity Assessment Tool framework;
aws;In light of the increasing volume and sophistication of cyber threats, the Federal Financial Institutions Examination Council (FFIEC) developed the Cybersecurity Assessment Tool (Assessment), on behalf of its members, to help institutions identify their risks and determine their cybersecurity maturity.;350381001508;eu-west-1;2026-08-01 19:04:21.788096;d5-dr-de-b-3;Tools and processes are in place to detect, alert, and trigger the incident response program.;Cyber Incident Management and Resilience (Domain 5);Detection, Response, & Mitigation (DR);;aws;;PASS;Trail research-trail is multiregion and it is logging.;arn:aws:cloudtrail:us-east-1:350381001508:trail/research-trail;cloudtrail_multi_region_enabled;False;research-trail;FFIEC;FFIEC Cybersecurity Assessment Tool framework;
aws;In light of the increasing volume and sophistication of cyber threats, the Federal Financial Institutions Examination Council (FFIEC) developed the Cybersecurity Assessment Tool (Assessment), on behalf of its members, to help institutions identify their risks and determine their cybersecurity maturity.;350381001508;eu-west-2;2026-08-01 19:04:21.788096;d2-ma-ma-b-1;Information security threats are gathered and shared with applicable internal employees.;Threat Intelligence and Collaboration (Domain 2);Monitoring and Analyzing (MA);;aws;;PASS;Trail research-trail is multiregion and it is logging.;arn:aws:cloudtrail:us-east-1:350381001508:trail/research-trail;cloudtrail_multi_region_enabled;False;research-trail;FFIEC;FFIEC Cybersecurity Assessment Tool framework;
aws;In light of the increasing volume and sophistication of cyber threats, the Federal Financial Institutions Examination Council (FFIEC) developed the Cybersecurity Assessment Tool (Assessment), on behalf of its members, to help institutions identify their risks and determine their cybersecurity maturity.;350381001508;eu-west-2;2026-08-01 19:04:21.788096;d2-ma-ma-b-2;Computer event logs are used for investigations once an event has occurred.;Threat Intelligence and Collaboration (Domain 2);Monitoring and Analyzing (MA);;aws;;PASS;Trail research-trail is multiregion and it is logging.;arn:aws:cloudtrail:us-east-1:350381001508:trail/research-trail;cloudtrail_multi_region_enabled;False;research-trail;FFIEC;FFIEC Cybersecurity Assessment Tool framework;
aws;In light of the increasing volume and sophistication of cyber threats, the Federal Financial Institutions Examination Council (FFIEC) developed the Cybersecurity Assessment Tool (Assessment), on behalf of its members, to help institutions identify their risks and determine their cybersecurity maturity.;350381001508;eu-west-2;2026-08-01 19:04:21.788096;d3-dc-an-b-3;Logs of physical and/or logical access are reviewed following events.;Cybersecurity Controls (Domain 3);Detective Controls (DC);;aws;;PASS;Trail research-trail is multiregion and it is logging.;arn:aws:cloudtrail:us-east-1:350381001508:trail/research-trail;cloudtrail_multi_region_enabled;False;research-trail;FFIEC;FFIEC Cybersecurity Assessment Tool framework;
aws;In light of the increasing volume and sophistication of cyber threats, the Federal Financial Institutions Examination Council (FFIEC) developed the Cybersecurity Assessment Tool (Assessment), on behalf of its members, to help institutions identify their risks and determine their cybersecurity maturity.;350381001508;eu-west-2;2026-08-01 19:04:21.788096;d3-dc-an-b-4;Access to critical systems by third parties is monitored for unauthorized or unusual activity.;Cybersecurity Controls (Domain 3);Detective Controls (DC);;aws;;PASS;Trail research-trail is multiregion and it is logging.;arn:aws:cloudtrail:us-east-1:350381001508:trail/research-trail;cloudtrail_multi_region_enabled;False;research-trail;FFIEC;FFIEC Cybersecurity Assessment Tool framework;
aws;In light of the increasing volume and sophistication of cyber threats, the Federal Financial Institutions Examination Council (FFIEC) developed the Cybersecurity Assessment Tool (Assessment), on behalf of its members, to help institutions identify their risks and determine their cybersecurity maturity.;350381001508;eu-west-2;2026-08-01 19:04:21.788096;d3-dc-an-b-5;Elevated privileges are monitored.;Cybersecurity Controls (Domain 3);Detective Controls (DC);;aws;;PASS;Trail research-trail is multiregion and it is logging.;arn:aws:cloudtrail:us-east-1:350381001508:trail/research-trail;cloudtrail_multi_region_enabled;False;research-trail;FFIEC;FFIEC Cybersecurity Assessment Tool framework;
aws;In light of the increasing volume and sophistication of cyber threats, the Federal Financial Institutions Examination Council (FFIEC) developed the Cybersecurity Assessment Tool (Assessment), on behalf of its members, to help institutions identify their risks and determine their cybersecurity maturity.;350381001508;eu-west-2;2026-08-01 19:04:21.788096;d3-dc-ev-b-1;A normal network activity baseline is established.;Cybersecurity Controls (Domain 3);Detective Controls (DC);;aws;;PASS;Trail research-trail is multiregion and it is logging.;arn:aws:cloudtrail:us-east-1:350381001508:trail/research-trail;cloudtrail_multi_region_enabled;False;research-trail;FFIEC;FFIEC Cybersecurity Assessment Tool framework;
aws;In light of the increasing volume and sophistication of cyber threats, the Federal Financial Institutions Examination Council (FFIEC) developed the Cybersecurity Assessment Tool (Assessment), on behalf of its members, to help institutions identify their risks and determine their cybersecurity maturity.;350381001508;eu-west-2;2026-08-01 19:04:21.788096;d3-dc-ev-b-3;Processes are in place to monitor for the presence of unauthorized users, devices, connections, and software.;Cybersecurity Controls (Domain 3);Detective Controls (DC);;aws;;PASS;Trail research-trail is multiregion and it is logging.;arn:aws:cloudtrail:us-east-1:350381001508:trail/research-trail;cloudtrail_multi_region_enabled;False;research-trail;FFIEC;FFIEC Cybersecurity Assessment Tool framework;
aws;In light of the increasing volume and sophistication of cyber threats, the Federal Financial Institutions Examination Council (FFIEC) developed the Cybersecurity Assessment Tool (Assessment), on behalf of its members, to help institutions identify their risks and determine their cybersecurity maturity.;350381001508;eu-west-2;2026-08-01 19:04:21.788096;d3-pc-im-b-3;All ports are monitored.;Cybersecurity Controls (Domain 3);Preventative Controls (PC);;aws;;PASS;Trail research-trail is multiregion and it is logging.;arn:aws:cloudtrail:us-east-1:350381001508:trail/research-trail;cloudtrail_multi_region_enabled;False;research-trail;FFIEC;FFIEC Cybersecurity Assessment Tool framework;
aws;In light of the increasing volume and sophistication of cyber threats, the Federal Financial Institutions Examination Council (FFIEC) developed the Cybersecurity Assessment Tool (Assessment), on behalf of its members, to help institutions identify their risks and determine their cybersecurity maturity.;350381001508;eu-west-2;2026-08-01 19:04:21.788096;d3-pc-im-b-7;Access to make changes to systems configurations (including virtual machines and hypervisors) is controlled and monitored.;Cybersecurity Controls (Domain 3);Preventative Controls (PC);;aws;;PASS;Trail research-trail is multiregion and it is logging.;arn:aws:cloudtrail:us-east-1:350381001508:trail/research-trail;cloudtrail_multi_region_enabled;False;research-trail;FFIEC;FFIEC Cybersecurity Assessment Tool framework;
aws;In light of the increasing volume and sophistication of cyber threats, the Federal Financial Institutions Examination Council (FFIEC) developed the Cybersecurity Assessment Tool (Assessment), on behalf of its members, to help institutions identify their risks and determine their cybersecurity maturity.;350381001508;eu-west-2;2026-08-01 19:04:21.788096;d5-dr-de-b-3;Tools and processes are in place to detect, alert, and trigger the incident response program.;Cyber Incident Management and Resilience (Domain 5);Detection, Response, & Mitigation (DR);;aws;;PASS;Trail research-trail is multiregion and it is logging.;arn:aws:cloudtrail:us-east-1:350381001508:trail/research-trail;cloudtrail_multi_region_enabled;False;research-trail;FFIEC;FFIEC Cybersecurity Assessment Tool framework;
aws;In light of the increasing volume and sophistication of cyber threats, the Federal Financial Institutions Examination Council (FFIEC) developed the Cybersecurity Assessment Tool (Assessment), on behalf of its members, to help institutions identify their risks and determine their cybersecurity maturity.;350381001508;eu-west-3;2026-08-01 19:04:21.788096;d2-ma-ma-b-1;Information security threats are gathered and shared with applicable internal employees.;Threat Intelligence and Collaboration (Domain 2);Monitoring and Analyzing (MA);;aws;;PASS;Trail research-trail is multiregion and it is logging.;arn:aws:cloudtrail:us-east-1:350381001508:trail/research-trail;cloudtrail_multi_region_enabled;False;research-trail;FFIEC;FFIEC Cybersecurity Assessment Tool framework;
aws;In light of the increasing volume and sophistication of cyber threats, the Federal Financial Institutions Examination Council (FFIEC) developed the Cybersecurity Assessment Tool (Assessment), on behalf of its members, to help institutions identify their risks and determine their cybersecurity maturity.;350381001508;eu-west-3;2026-08-01 19:04:21.788096;d2-ma-ma-b-2;Computer event logs are used for investigations once an event has occurred.;Threat Intelligence and Collaboration (Domain 2);Monitoring and Analyzing (MA);;aws;;PASS;Trail research-trail is multiregion and it is logging.;arn:aws:cloudtrail:us-east-1:350381001508:trail/research-trail;cloudtrail_multi_region_enabled;False;research-trail;FFIEC;FFIEC Cybersecurity Assessment Tool framework;
aws;In light of the increasing volume and sophistication of cyber threats, the Federal Financial Institutions Examination Council (FFIEC) developed the Cybersecurity Assessment Tool (Assessment), on behalf of its members, to help institutions identify their risks and determine their cybersecurity maturity.;350381001508;eu-west-3;2026-08-01 19:04:21.788096;d3-dc-an-b-3;Logs of physical and/or logical access are reviewed following events.;Cybersecurity Controls (Domain 3);Detective Controls (DC);;aws;;PASS;Trail research-trail is multiregion and it is logging.;arn:aws:cloudtrail:us-east-1:350381001508:trail/research-trail;cloudtrail_multi_region_enabled;False;research-trail;FFIEC;FFIEC Cybersecurity Assessment Tool framework;
aws;In light of the increasing volume and sophistication of cyber threats, the Federal Financial Institutions Examination Council (FFIEC) developed the Cybersecurity Assessment Tool (Assessment), on behalf of its members, to help institutions identify their risks and determine their cybersecurity maturity.;350381001508;eu-west-3;2026-08-01 19:04:21.788096;d3-dc-an-b-4;Access to critical systems by third parties is monitored for unauthorized or unusual activity.;Cybersecurity Controls (Domain 3);Detective Controls (DC);;aws;;PASS;Trail research-trail is multiregion and it is logging.;arn:aws:cloudtrail:us-east-1:350381001508:trail/research-trail;cloudtrail_multi_region_enabled;False;research-trail;FFIEC;FFIEC Cybersecurity Assessment Tool framework;
aws;In light of the increasing volume and sophistication of cyber threats, the Federal Financial Institutions Examination Council (FFIEC) developed the Cybersecurity Assessment Tool (Assessment), on behalf of its members, to help institutions identify their risks and determine their cybersecurity maturity.;350381001508;eu-west-3;2026-08-01 19:04:21.788096;d3-dc-an-b-5;Elevated privileges are monitored.;Cybersecurity Controls (Domain 3);Detective Controls (DC);;aws;;PASS;Trail research-trail is multiregion and it is logging.;arn:aws:cloudtrail:us-east-1:350381001508:trail/research-trail;cloudtrail_multi_region_enabled;False;research-trail;FFIEC;FFIEC Cybersecurity Assessment Tool framework;
aws;In light of the increasing volume and sophistication of cyber threats, the Federal Financial Institutions Examination Council (FFIEC) developed the Cybersecurity Assessment Tool (Assessment), on behalf of its members, to help institutions identify their risks and determine their cybersecurity maturity.;350381001508;eu-west-3;2026-08-01 19:04:21.788096;d3-dc-ev-b-1;A normal network activity baseline is established.;Cybersecurity Controls (Domain 3);Detective Controls (DC);;aws;;PASS;Trail research-trail is multiregion and it is logging.;arn:aws:cloudtrail:us-east-1:350381001508:trail/research-trail;cloudtrail_multi_region_enabled;False;research-trail;FFIEC;FFIEC Cybersecurity Assessment Tool framework;
aws;In light of the increasing volume and sophistication of cyber threats, the Federal Financial Institutions Examination Council (FFIEC) developed the Cybersecurity Assessment Tool (Assessment), on behalf of its members, to help institutions identify their risks and determine their cybersecurity maturity.;350381001508;eu-west-3;2026-08-01 19:04:21.788096;d3-dc-ev-b-3;Processes are in place to monitor for the presence of unauthorized users, devices, connections, and software.;Cybersecurity Controls (Domain 3);Detective Controls (DC);;aws;;PASS;Trail research-trail is multiregion and it is logging.;arn:aws:cloudtrail:us-east-1:350381001508:trail/research-trail;cloudtrail_multi_region_enabled;False;research-trail;FFIEC;FFIEC Cybersecurity Assessment Tool framework;
aws;In light of the increasing volume and sophistication of cyber threats, the Federal Financial Institutions Examination Council (FFIEC) developed the Cybersecurity Assessment Tool (Assessment), on behalf of its members, to help institutions identify their risks and determine their cybersecurity maturity.;350381001508;eu-west-3;2026-08-01 19:04:21.788096;d3-pc-im-b-3;All ports are monitored.;Cybersecurity Controls (Domain 3);Preventative Controls (PC);;aws;;PASS;Trail research-trail is multiregion and it is logging.;arn:aws:cloudtrail:us-east-1:350381001508:trail/research-trail;cloudtrail_multi_region_enabled;False;research-trail;FFIEC;FFIEC Cybersecurity Assessment Tool framework;
aws;In light of the increasing volume and sophistication of cyber threats, the Federal Financial Institutions Examination Council (FFIEC) developed the Cybersecurity Assessment Tool (Assessment), on behalf of its members, to help institutions identify their risks and determine their cybersecurity maturity.;350381001508;eu-west-3;2026-08-01 19:04:21.788096;d3-pc-im-b-7;Access to make changes to systems configurations (including virtual machines and hypervisors) is controlled and monitored.;Cybersecurity Controls (Domain 3);Preventative Controls (PC);;aws;;PASS;Trail research-trail is multiregion and it is logging.;arn:aws:cloudtrail:us-east-1:350381001508:trail/research-trail;cloudtrail_multi_region_enabled;False;research-trail;FFIEC;FFIEC Cybersecurity Assessment Tool framework;
aws;In light of the increasing volume and sophistication of cyber threats, the Federal Financial Institutions Examination Council (FFIEC) developed the Cybersecurity Assessment Tool (Assessment), on behalf of its members, to help institutions identify their risks and determine their cybersecurity maturity.;350381001508;eu-west-3;2026-08-01 19:04:21.788096;d5-dr-de-b-3;Tools and processes are in place to detect, alert, and trigger the incident response program.;Cyber Incident Management and Resilience (Domain 5);Detection, Response, & Mitigation (DR);;aws;;PASS;Trail research-trail is multiregion and it is logging.;arn:aws:cloudtrail:us-east-1:350381001508:trail/research-trail;cloudtrail_multi_region_enabled;False;research-trail;FFIEC;FFIEC Cybersecurity Assessment Tool framework;
aws;In light of the increasing volume and sophistication of cyber threats, the Federal Financial Institutions Examination Council (FFIEC) developed the Cybersecurity Assessment Tool (Assessment), on behalf of its members, to help institutions identify their risks and determine their cybersecurity maturity.;350381001508;sa-east-1;2026-08-01 19:04:21.788096;d2-ma-ma-b-1;Information security threats are gathered and shared with applicable internal employees.;Threat Intelligence and Collaboration (Domain 2);Monitoring and Analyzing (MA);;aws;;PASS;Trail research-trail is multiregion and it is logging.;arn:aws:cloudtrail:us-east-1:350381001508:trail/research-trail;cloudtrail_multi_region_enabled;False;research-trail;FFIEC;FFIEC Cybersecurity Assessment Tool framework;
aws;In light of the increasing volume and sophistication of cyber threats, the Federal Financial Institutions Examination Council (FFIEC) developed the Cybersecurity Assessment Tool (Assessment), on behalf of its members, to help institutions identify their risks and determine their cybersecurity maturity.;350381001508;sa-east-1;2026-08-01 19:04:21.788096;d2-ma-ma-b-2;Computer event logs are used for investigations once an event has occurred.;Threat Intelligence and Collaboration (Domain 2);Monitoring and Analyzing (MA);;aws;;PASS;Trail research-trail is multiregion and it is logging.;arn:aws:cloudtrail:us-east-1:350381001508:trail/research-trail;cloudtrail_multi_region_enabled;False;research-trail;FFIEC;FFIEC Cybersecurity Assessment Tool framework;
aws;In light of the increasing volume and sophistication of cyber threats, the Federal Financial Institutions Examination Council (FFIEC) developed the Cybersecurity Assessment Tool (Assessment), on behalf of its members, to help institutions identify their risks and determine their cybersecurity maturity.;350381001508;sa-east-1;2026-08-01 19:04:21.788096;d3-dc-an-b-3;Logs of physical and/or logical access are reviewed following events.;Cybersecurity Controls (Domain 3);Detective Controls (DC);;aws;;PASS;Trail research-trail is multiregion and it is logging.;arn:aws:cloudtrail:us-east-1:350381001508:trail/research-trail;cloudtrail_multi_region_enabled;False;research-trail;FFIEC;FFIEC Cybersecurity Assessment Tool framework;
aws;In light of the increasing volume and sophistication of cyber threats, the Federal Financial Institutions Examination Council (FFIEC) developed the Cybersecurity Assessment Tool (Assessment), on behalf of its members, to help institutions identify their risks and determine their cybersecurity maturity.;350381001508;sa-east-1;2026-08-01 19:04:21.788096;d3-dc-an-b-4;Access to critical systems by third parties is monitored for unauthorized or unusual activity.;Cybersecurity Controls (Domain 3);Detective Controls (DC);;aws;;PASS;Trail research-trail is multiregion and it is logging.;arn:aws:cloudtrail:us-east-1:350381001508:trail/research-trail;cloudtrail_multi_region_enabled;False;research-trail;FFIEC;FFIEC Cybersecurity Assessment Tool framework;
aws;In light of the increasing volume and sophistication of cyber threats, the Federal Financial Institutions Examination Council (FFIEC) developed the Cybersecurity Assessment Tool (Assessment), on behalf of its members, to help institutions identify their risks and determine their cybersecurity maturity.;350381001508;sa-east-1;2026-08-01 19:04:21.788096;d3-dc-an-b-5;Elevated privileges are monitored.;Cybersecurity Controls (Domain 3);Detective Controls (DC);;aws;;PASS;Trail research-trail is multiregion and it is logging.;arn:aws:cloudtrail:us-east-1:350381001508:trail/research-trail;cloudtrail_multi_region_enabled;False;research-trail;FFIEC;FFIEC Cybersecurity Assessment Tool framework;
aws;In light of the increasing volume and sophistication of cyber threats, the Federal Financial Institutions Examination Council (FFIEC) developed the Cybersecurity Assessment Tool (Assessment), on behalf of its members, to help institutions identify their risks and determine their cybersecurity maturity.;350381001508;sa-east-1;2026-08-01 19:04:21.788096;d3-dc-ev-b-1;A normal network activity baseline is established.;Cybersecurity Controls (Domain 3);Detective Controls (DC);;aws;;PASS;Trail research-trail is multiregion and it is logging.;arn:aws:cloudtrail:us-east-1:350381001508:trail/research-trail;cloudtrail_multi_region_enabled;False;research-trail;FFIEC;FFIEC Cybersecurity Assessment Tool framework;
aws;In light of the increasing volume and sophistication of cyber threats, the Federal Financial Institutions Examination Council (FFIEC) developed the Cybersecurity Assessment Tool (Assessment), on behalf of its members, to help institutions identify their risks and determine their cybersecurity maturity.;350381001508;sa-east-1;2026-08-01 19:04:21.788096;d3-dc-ev-b-3;Processes are in place to monitor for the presence of unauthorized users, devices, connections, and software.;Cybersecurity Controls (Domain 3);Detective Controls (DC);;aws;;PASS;Trail research-trail is multiregion and it is logging.;arn:aws:cloudtrail:us-east-1:350381001508:trail/research-trail;cloudtrail_multi_region_enabled;False;research-trail;FFIEC;FFIEC Cybersecurity Assessment Tool framework;
aws;In light of the increasing volume and sophistication of cyber threats, the Federal Financial Institutions Examination Council (FFIEC) developed the Cybersecurity Assessment Tool (Assessment), on behalf of its members, to help institutions identify their risks and determine their cybersecurity maturity.;350381001508;sa-east-1;2026-08-01 19:04:21.788096;d3-pc-im-b-3;All ports are monitored.;Cybersecurity Controls (Domain 3);Preventative Controls (PC);;aws;;PASS;Trail research-trail is multiregion and it is logging.;arn:aws:cloudtrail:us-east-1:350381001508:trail/research-trail;cloudtrail_multi_region_enabled;False;research-trail;FFIEC;FFIEC Cybersecurity Assessment Tool framework;
aws;In light of the increasing volume and sophistication of cyber threats, the Federal Financial Institutions Examination Council (FFIEC) developed the Cybersecurity Assessment Tool (Assessment), on behalf of its members, to help institutions identify their risks and determine their cybersecurity maturity.;350381001508;sa-east-1;2026-08-01 19:04:21.788096;d3-pc-im-b-7;Access to make changes to systems configurations (including virtual machines and hypervisors) is controlled and monitored.;Cybersecurity Controls (Domain 3);Preventative Controls (PC);;aws;;PASS;Trail research-trail is multiregion and it is logging.;arn:aws:cloudtrail:us-east-1:350381001508:trail/research-trail;cloudtrail_multi_region_enabled;False;research-trail;FFIEC;FFIEC Cybersecurity Assessment Tool framework;
aws;In light of the increasing volume and sophistication of cyber threats, the Federal Financial Institutions Examination Council (FFIEC) developed the Cybersecurity Assessment Tool (Assessment), on behalf of its members, to help institutions identify their risks and determine their cybersecurity maturity.;350381001508;sa-east-1;2026-08-01 19:04:21.788096;d5-dr-de-b-3;Tools and processes are in place to detect, alert, and trigger the incident response program.;Cyber Incident Management and Resilience (Domain 5);Detection, Response, & Mitigation (DR);;aws;;PASS;Trail research-trail is multiregion and it is logging.;arn:aws:cloudtrail:us-east-1:350381001508:trail/research-trail;cloudtrail_multi_region_enabled;False;research-trail;FFIEC;FFIEC Cybersecurity Assessment Tool framework;
aws;In light of the increasing volume and sophistication of cyber threats, the Federal Financial Institutions Examination Council (FFIEC) developed the Cybersecurity Assessment Tool (Assessment), on behalf of its members, to help institutions identify their risks and determine their cybersecurity maturity.;350381001508;us-east-1;2026-08-01 19:04:21.788096;d2-ma-ma-b-1;Information security threats are gathered and shared with applicable internal employees.;Threat Intelligence and Collaboration (Domain 2);Monitoring and Analyzing (MA);;aws;;PASS;Trail research-trail is multiregion and it is logging.;arn:aws:cloudtrail:us-east-1:350381001508:trail/research-trail;cloudtrail_multi_region_enabled;False;research-trail;FFIEC;FFIEC Cybersecurity Assessment Tool framework;
aws;In light of the increasing volume and sophistication of cyber threats, the Federal Financial Institutions Examination Council (FFIEC) developed the Cybersecurity Assessment Tool (Assessment), on behalf of its members, to help institutions identify their risks and determine their cybersecurity maturity.;350381001508;us-east-1;2026-08-01 19:04:21.788096;d2-ma-ma-b-2;Computer event logs are used for investigations once an event has occurred.;Threat Intelligence and Collaboration (Domain 2);Monitoring and Analyzing (MA);;aws;;PASS;Trail research-trail is multiregion and it is logging.;arn:aws:cloudtrail:us-east-1:350381001508:trail/research-trail;cloudtrail_multi_region_enabled;False;research-trail;FFIEC;FFIEC Cybersecurity Assessment Tool framework;
aws;In light of the increasing volume and sophistication of cyber threats, the Federal Financial Institutions Examination Council (FFIEC) developed the Cybersecurity Assessment Tool (Assessment), on behalf of its members, to help institutions identify their risks and determine their cybersecurity maturity.;350381001508;us-east-1;2026-08-01 19:04:21.788096;d3-dc-an-b-3;Logs of physical and/or logical access are reviewed following events.;Cybersecurity Controls (Domain 3);Detective Controls (DC);;aws;;PASS;Trail research-trail is multiregion and it is logging.;arn:aws:cloudtrail:us-east-1:350381001508:trail/research-trail;cloudtrail_multi_region_enabled;False;research-trail;FFIEC;FFIEC Cybersecurity Assessment Tool framework;
aws;In light of the increasing volume and sophistication of cyber threats, the Federal Financial Institutions Examination Council (FFIEC) developed the Cybersecurity Assessment Tool (Assessment), on behalf of its members, to help institutions identify their risks and determine their cybersecurity maturity.;350381001508;us-east-1;2026-08-01 19:04:21.788096;d3-dc-an-b-4;Access to critical systems by third parties is monitored for unauthorized or unusual activity.;Cybersecurity Controls (Domain 3);Detective Controls (DC);;aws;;PASS;Trail research-trail is multiregion and it is logging.;arn:aws:cloudtrail:us-east-1:350381001508:trail/research-trail;cloudtrail_multi_region_enabled;False;research-trail;FFIEC;FFIEC Cybersecurity Assessment Tool framework;
aws;In light of the increasing volume and sophistication of cyber threats, the Federal Financial Institutions Examination Council (FFIEC) developed the Cybersecurity Assessment Tool (Assessment), on behalf of its members, to help institutions identify their risks and determine their cybersecurity maturity.;350381001508;us-east-1;2026-08-01 19:04:21.788096;d3-dc-an-b-5;Elevated privileges are monitored.;Cybersecurity Controls (Domain 3);Detective Controls (DC);;aws;;PASS;Trail research-trail is multiregion and it is logging.;arn:aws:cloudtrail:us-east-1:350381001508:trail/research-trail;cloudtrail_multi_region_enabled;False;research-trail;FFIEC;FFIEC Cybersecurity Assessment Tool framework;
aws;In light of the increasing volume and sophistication of cyber threats, the Federal Financial Institutions Examination Council (FFIEC) developed the Cybersecurity Assessment Tool (Assessment), on behalf of its members, to help institutions identify their risks and determine their cybersecurity maturity.;350381001508;us-east-1;2026-08-01 19:04:21.788096;d3-dc-ev-b-1;A normal network activity baseline is established.;Cybersecurity Controls (Domain 3);Detective Controls (DC);;aws;;PASS;Trail research-trail is multiregion and it is logging.;arn:aws:cloudtrail:us-east-1:350381001508:trail/research-trail;cloudtrail_multi_region_enabled;False;research-trail;FFIEC;FFIEC Cybersecurity Assessment Tool framework;
aws;In light of the increasing volume and sophistication of cyber threats, the Federal Financial Institutions Examination Council (FFIEC) developed the Cybersecurity Assessment Tool (Assessment), on behalf of its members, to help institutions identify their risks and determine their cybersecurity maturity.;350381001508;us-east-1;2026-08-01 19:04:21.788096;d3-dc-ev-b-3;Processes are in place to monitor for the presence of unauthorized users, devices, connections, and software.;Cybersecurity Controls (Domain 3);Detective Controls (DC);;aws;;PASS;Trail research-trail is multiregion and it is logging.;arn:aws:cloudtrail:us-east-1:350381001508:trail/research-trail;cloudtrail_multi_region_enabled;False;research-trail;FFIEC;FFIEC Cybersecurity Assessment Tool framework;
aws;In light of the increasing volume and sophistication of cyber threats, the Federal Financial Institutions Examination Council (FFIEC) developed the Cybersecurity Assessment Tool (Assessment), on behalf of its members, to help institutions identify their risks and determine their cybersecurity maturity.;350381001508;us-east-1;2026-08-01 19:04:21.788096;d3-pc-im-b-3;All ports are monitored.;Cybersecurity Controls (Domain 3);Preventative Controls (PC);;aws;;PASS;Trail research-trail is multiregion and it is logging.;arn:aws:cloudtrail:us-east-1:350381001508:trail/research-trail;cloudtrail_multi_region_enabled;False;research-trail;FFIEC;FFIEC Cybersecurity Assessment Tool framework;
aws;In light of the increasing volume and sophistication of cyber threats, the Federal Financial Institutions Examination Council (FFIEC) developed the Cybersecurity Assessment Tool (Assessment), on behalf of its members, to help institutions identify their risks and determine their cybersecurity maturity.;350381001508;us-east-1;2026-08-01 19:04:21.788096;d3-pc-im-b-7;Access to make changes to systems configurations (including virtual machines and hypervisors) is controlled and monitored.;Cybersecurity Controls (Domain 3);Preventative Controls (PC);;aws;;PASS;Trail research-trail is multiregion and it is logging.;arn:aws:cloudtrail:us-east-1:350381001508:trail/research-trail;cloudtrail_multi_region_enabled;False;research-trail;FFIEC;FFIEC Cybersecurity Assessment Tool framework;
aws;In light of the increasing volume and sophistication of cyber threats, the Federal Financial Institutions Examination Council (FFIEC) developed the Cybersecurity Assessment Tool (Assessment), on behalf of its members, to help institutions identify their risks and determine their cybersecurity maturity.;350381001508;us-east-1;2026-08-01 19:04:21.788096;d5-dr-de-b-3;Tools and processes are in place to detect, alert, and trigger the incident response program.;Cyber Incident Management and Resilience (Domain 5);Detection, Response, & Mitigation (DR);;aws;;PASS;Trail research-trail is multiregion and it is logging.;arn:aws:cloudtrail:us-east-1:350381001508:trail/research-trail;cloudtrail_multi_region_enabled;False;research-trail;FFIEC;FFIEC Cybersecurity Assessment Tool framework;
aws;In light of the increasing volume and sophistication of cyber threats, the Federal Financial Institutions Examination Council (FFIEC) developed the Cybersecurity Assessment Tool (Assessment), on behalf of its members, to help institutions identify their risks and determine their cybersecurity maturity.;350381001508;us-east-2;2026-08-01 19:04:21.788096;d2-ma-ma-b-1;Information security threats are gathered and shared with applicable internal employees.;Threat Intelligence and Collaboration (Domain 2);Monitoring and Analyzing (MA);;aws;;PASS;Trail research-trail is multiregion and it is logging.;arn:aws:cloudtrail:us-east-1:350381001508:trail/research-trail;cloudtrail_multi_region_enabled;False;research-trail;FFIEC;FFIEC Cybersecurity Assessment Tool framework;
aws;In light of the increasing volume and sophistication of cyber threats, the Federal Financial Institutions Examination Council (FFIEC) developed the Cybersecurity Assessment Tool (Assessment), on behalf of its members, to help institutions identify their risks and determine their cybersecurity maturity.;350381001508;us-east-2;2026-08-01 19:04:21.788096;d2-ma-ma-b-2;Computer event logs are used for investigations once an event has occurred.;Threat Intelligence and Collaboration (Domain 2);Monitoring and Analyzing (MA);;aws;;PASS;Trail research-trail is multiregion and it is logging.;arn:aws:cloudtrail:us-east-1:350381001508:trail/research-trail;cloudtrail_multi_region_enabled;False;research-trail;FFIEC;FFIEC Cybersecurity Assessment Tool framework;
aws;In light of the increasing volume and sophistication of cyber threats, the Federal Financial Institutions Examination Council (FFIEC) developed the Cybersecurity Assessment Tool (Assessment), on behalf of its members, to help institutions identify their risks and determine their cybersecurity maturity.;350381001508;us-east-2;2026-08-01 19:04:21.788096;d3-dc-an-b-3;Logs of physical and/or logical access are reviewed following events.;Cybersecurity Controls (Domain 3);Detective Controls (DC);;aws;;PASS;Trail research-trail is multiregion and it is logging.;arn:aws:cloudtrail:us-east-1:350381001508:trail/research-trail;cloudtrail_multi_region_enabled;False;research-trail;FFIEC;FFIEC Cybersecurity Assessment Tool framework;
aws;In light of the increasing volume and sophistication of cyber threats, the Federal Financial Institutions Examination Council (FFIEC) developed the Cybersecurity Assessment Tool (Assessment), on behalf of its members, to help institutions identify their risks and determine their cybersecurity maturity.;350381001508;us-east-2;2026-08-01 19:04:21.788096;d3-dc-an-b-4;Access to critical systems by third parties is monitored for unauthorized or unusual activity.;Cybersecurity Controls (Domain 3);Detective Controls (DC);;aws;;PASS;Trail research-trail is multiregion and it is logging.;arn:aws:cloudtrail:us-east-1:350381001508:trail/research-trail;cloudtrail_multi_region_enabled;False;research-trail;FFIEC;FFIEC Cybersecurity Assessment Tool framework;
aws;In light of the increasing volume and sophistication of cyber threats, the Federal Financial Institutions Examination Council (FFIEC) developed the Cybersecurity Assessment Tool (Assessment), on behalf of its members, to help institutions identify their risks and determine their cybersecurity maturity.;350381001508;us-east-2;2026-08-01 19:04:21.788096;d3-dc-an-b-5;Elevated privileges are monitored.;Cybersecurity Controls (Domain 3);Detective Controls (DC);;aws;;PASS;Trail research-trail is multiregion and it is logging.;arn:aws:cloudtrail:us-east-1:350381001508:trail/research-trail;cloudtrail_multi_region_enabled;False;research-trail;FFIEC;FFIEC Cybersecurity Assessment Tool framework;
aws;In light of the increasing volume and sophistication of cyber threats, the Federal Financial Institutions Examination Council (FFIEC) developed the Cybersecurity Assessment Tool (Assessment), on behalf of its members, to help institutions identify their risks and determine their cybersecurity maturity.;350381001508;us-east-2;2026-08-01 19:04:21.788096;d3-dc-ev-b-1;A normal network activity baseline is established.;Cybersecurity Controls (Domain 3);Detective Controls (DC);;aws;;PASS;Trail research-trail is multiregion and it is logging.;arn:aws:cloudtrail:us-east-1:350381001508:trail/research-trail;cloudtrail_multi_region_enabled;False;research-trail;FFIEC;FFIEC Cybersecurity Assessment Tool framework;
aws;In light of the increasing volume and sophistication of cyber threats, the Federal Financial Institutions Examination Council (FFIEC) developed the Cybersecurity Assessment Tool (Assessment), on behalf of its members, to help institutions identify their risks and determine their cybersecurity maturity.;350381001508;us-east-2;2026-08-01 19:04:21.788096;d3-dc-ev-b-3;Processes are in place to monitor for the presence of unauthorized users, devices, connections, and software.;Cybersecurity Controls (Domain 3);Detective Controls (DC);;aws;;PASS;Trail research-trail is multiregion and it is logging.;arn:aws:cloudtrail:us-east-1:350381001508:trail/research-trail;cloudtrail_multi_region_enabled;False;research-trail;FFIEC;FFIEC Cybersecurity Assessment Tool framework;
aws;In light of the increasing volume and sophistication of cyber threats, the Federal Financial Institutions Examination Council (FFIEC) developed the Cybersecurity Assessment Tool (Assessment), on behalf of its members, to help institutions identify their risks and determine their cybersecurity maturity.;350381001508;us-east-2;2026-08-01 19:04:21.788096;d3-pc-im-b-3;All ports are monitored.;Cybersecurity Controls (Domain 3);Preventative Controls (PC);;aws;;PASS;Trail research-trail is multiregion and it is logging.;arn:aws:cloudtrail:us-east-1:350381001508:trail/research-trail;cloudtrail_multi_region_enabled;False;research-trail;FFIEC;FFIEC Cybersecurity Assessment Tool framework;
aws;In light of the increasing volume and sophistication of cyber threats, the Federal Financial Institutions Examination Council (FFIEC) developed the Cybersecurity Assessment Tool (Assessment), on behalf of its members, to help institutions identify their risks and determine their cybersecurity maturity.;350381001508;us-east-2;2026-08-01 19:04:21.788096;d3-pc-im-b-7;Access to make changes to systems configurations (including virtual machines and hypervisors) is controlled and monitored.;Cybersecurity Controls (Domain 3);Preventative Controls (PC);;aws;;PASS;Trail research-trail is multiregion and it is logging.;arn:aws:cloudtrail:us-east-1:350381001508:trail/research-trail;cloudtrail_multi_region_enabled;False;research-trail;FFIEC;FFIEC Cybersecurity Assessment Tool framework;
aws;In light of the increasing volume and sophistication of cyber threats, the Federal Financial Institutions Examination Council (FFIEC) developed the Cybersecurity Assessment Tool (Assessment), on behalf of its members, to help institutions identify their risks and determine their cybersecurity maturity.;350381001508;us-east-2;2026-08-01 19:04:21.788096;d5-dr-de-b-3;Tools and processes are in place to detect, alert, and trigger the incident response program.;Cyber Incident Management and Resilience (Domain 5);Detection, Response, & Mitigation (DR);;aws;;PASS;Trail research-trail is multiregion and it is logging.;arn:aws:cloudtrail:us-east-1:350381001508:trail/research-trail;cloudtrail_multi_region_enabled;False;research-trail;FFIEC;FFIEC Cybersecurity Assessment Tool framework;
aws;In light of the increasing volume and sophistication of cyber threats, the Federal Financial Institutions Examination Council (FFIEC) developed the Cybersecurity Assessment Tool (Assessment), on behalf of its members, to help institutions identify their risks and determine their cybersecurity maturity.;350381001508;us-west-1;2026-08-01 19:04:21.788096;d2-ma-ma-b-1;Information security threats are gathered and shared with applicable internal employees.;Threat Intelligence and Collaboration (Domain 2);Monitoring and Analyzing (MA);;aws;;PASS;Trail research-trail is multiregion and it is logging.;arn:aws:cloudtrail:us-east-1:350381001508:trail/research-trail;cloudtrail_multi_region_enabled;False;research-trail;FFIEC;FFIEC Cybersecurity Assessment Tool framework;
aws;In light of the increasing volume and sophistication of cyber threats, the Federal Financial Institutions Examination Council (FFIEC) developed the Cybersecurity Assessment Tool (Assessment), on behalf of its members, to help institutions identify their risks and determine their cybersecurity maturity.;350381001508;us-west-1;2026-08-01 19:04:21.788096;d2-ma-ma-b-2;Computer event logs are used for investigations once an event has occurred.;Threat Intelligence and Collaboration (Domain 2);Monitoring and Analyzing (MA);;aws;;PASS;Trail research-trail is multiregion and it is logging.;arn:aws:cloudtrail:us-east-1:350381001508:trail/research-trail;cloudtrail_multi_region_enabled;False;research-trail;FFIEC;FFIEC Cybersecurity Assessment Tool framework;
aws;In light of the increasing volume and sophistication of cyber threats, the Federal Financial Institutions Examination Council (FFIEC) developed the Cybersecurity Assessment Tool (Assessment), on behalf of its members, to help institutions identify their risks and determine their cybersecurity maturity.;350381001508;us-west-1;2026-08-01 19:04:21.788096;d3-dc-an-b-3;Logs of physical and/or logical access are reviewed following events.;Cybersecurity Controls (Domain 3);Detective Controls (DC);;aws;;PASS;Trail research-trail is multiregion and it is logging.;arn:aws:cloudtrail:us-east-1:350381001508:trail/research-trail;cloudtrail_multi_region_enabled;False;research-trail;FFIEC;FFIEC Cybersecurity Assessment Tool framework;
aws;In light of the increasing volume and sophistication of cyber threats, the Federal Financial Institutions Examination Council (FFIEC) developed the Cybersecurity Assessment Tool (Assessment), on behalf of its members, to help institutions identify their risks and determine their cybersecurity maturity.;350381001508;us-west-1;2026-08-01 19:04:21.788096;d3-dc-an-b-4;Access to critical systems by third parties is monitored for unauthorized or unusual activity.;Cybersecurity Controls (Domain 3);Detective Controls (DC);;aws;;PASS;Trail research-trail is multiregion and it is logging.;arn:aws:cloudtrail:us-east-1:350381001508:trail/research-trail;cloudtrail_multi_region_enabled;False;research-trail;FFIEC;FFIEC Cybersecurity Assessment Tool framework;
aws;In light of the increasing volume and sophistication of cyber threats, the Federal Financial Institutions Examination Council (FFIEC) developed the Cybersecurity Assessment Tool (Assessment), on behalf of its members, to help institutions identify their risks and determine their cybersecurity maturity.;350381001508;us-west-1;2026-08-01 19:04:21.788096;d3-dc-an-b-5;Elevated privileges are monitored.;Cybersecurity Controls (Domain 3);Detective Controls (DC);;aws;;PASS;Trail research-trail is multiregion and it is logging.;arn:aws:cloudtrail:us-east-1:350381001508:trail/research-trail;cloudtrail_multi_region_enabled;False;research-trail;FFIEC;FFIEC Cybersecurity Assessment Tool framework;
aws;In light of the increasing volume and sophistication of cyber threats, the Federal Financial Institutions Examination Council (FFIEC) developed the Cybersecurity Assessment Tool (Assessment), on behalf of its members, to help institutions identify their risks and determine their cybersecurity maturity.;350381001508;us-west-1;2026-08-01 19:04:21.788096;d3-dc-ev-b-1;A normal network activity baseline is established.;Cybersecurity Controls (Domain 3);Detective Controls (DC);;aws;;PASS;Trail research-trail is multiregion and it is logging.;arn:aws:cloudtrail:us-east-1:350381001508:trail/research-trail;cloudtrail_multi_region_enabled;False;research-trail;FFIEC;FFIEC Cybersecurity Assessment Tool framework;
aws;In light of the increasing volume and sophistication of cyber threats, the Federal Financial Institutions Examination Council (FFIEC) developed the Cybersecurity Assessment Tool (Assessment), on behalf of its members, to help institutions identify their risks and determine their cybersecurity maturity.;350381001508;us-west-1;2026-08-01 19:04:21.788096;d3-dc-ev-b-3;Processes are in place to monitor for the presence of unauthorized users, devices, connections, and software.;Cybersecurity Controls (Domain 3);Detective Controls (DC);;aws;;PASS;Trail research-trail is multiregion and it is logging.;arn:aws:cloudtrail:us-east-1:350381001508:trail/research-trail;cloudtrail_multi_region_enabled;False;research-trail;FFIEC;FFIEC Cybersecurity Assessment Tool framework;
aws;In light of the increasing volume and sophistication of cyber threats, the Federal Financial Institutions Examination Council (FFIEC) developed the Cybersecurity Assessment Tool (Assessment), on behalf of its members, to help institutions identify their risks and determine their cybersecurity maturity.;350381001508;us-west-1;2026-08-01 19:04:21.788096;d3-pc-im-b-3;All ports are monitored.;Cybersecurity Controls (Domain 3);Preventative Controls (PC);;aws;;PASS;Trail research-trail is multiregion and it is logging.;arn:aws:cloudtrail:us-east-1:350381001508:trail/research-trail;cloudtrail_multi_region_enabled;False;research-trail;FFIEC;FFIEC Cybersecurity Assessment Tool framework;
aws;In light of the increasing volume and sophistication of cyber threats, the Federal Financial Institutions Examination Council (FFIEC) developed the Cybersecurity Assessment Tool (Assessment), on behalf of its members, to help institutions identify their risks and determine their cybersecurity maturity.;350381001508;us-west-1;2026-08-01 19:04:21.788096;d3-pc-im-b-7;Access to make changes to systems configurations (including virtual machines and hypervisors) is controlled and monitored.;Cybersecurity Controls (Domain 3);Preventative Controls (PC);;aws;;PASS;Trail research-trail is multiregion and it is logging.;arn:aws:cloudtrail:us-east-1:350381001508:trail/research-trail;cloudtrail_multi_region_enabled;False;research-trail;FFIEC;FFIEC Cybersecurity Assessment Tool framework;
aws;In light of the increasing volume and sophistication of cyber threats, the Federal Financial Institutions Examination Council (FFIEC) developed the Cybersecurity Assessment Tool (Assessment), on behalf of its members, to help institutions identify their risks and determine their cybersecurity maturity.;350381001508;us-west-1;2026-08-01 19:04:21.788096;d5-dr-de-b-3;Tools and processes are in place to detect, alert, and trigger the incident response program.;Cyber Incident Management and Resilience (Domain 5);Detection, Response, & Mitigation (DR);;aws;;PASS;Trail research-trail is multiregion and it is logging.;arn:aws:cloudtrail:us-east-1:350381001508:trail/research-trail;cloudtrail_multi_region_enabled;False;research-trail;FFIEC;FFIEC Cybersecurity Assessment Tool framework;
aws;In light of the increasing volume and sophistication of cyber threats, the Federal Financial Institutions Examination Council (FFIEC) developed the Cybersecurity Assessment Tool (Assessment), on behalf of its members, to help institutions identify their risks and determine their cybersecurity maturity.;350381001508;us-west-2;2026-08-01 19:04:21.788096;d2-ma-ma-b-1;Information security threats are gathered and shared with applicable internal employees.;Threat Intelligence and Collaboration (Domain 2);Monitoring and Analyzing (MA);;aws;;PASS;Trail research-trail is multiregion and it is logging.;arn:aws:cloudtrail:us-east-1:350381001508:trail/research-trail;cloudtrail_multi_region_enabled;False;research-trail;FFIEC;FFIEC Cybersecurity Assessment Tool framework;
aws;In light of the increasing volume and sophistication of cyber threats, the Federal Financial Institutions Examination Council (FFIEC) developed the Cybersecurity Assessment Tool (Assessment), on behalf of its members, to help institutions identify their risks and determine their cybersecurity maturity.;350381001508;us-west-2;2026-08-01 19:04:21.788096;d2-ma-ma-b-2;Computer event logs are used for investigations once an event has occurred.;Threat Intelligence and Collaboration (Domain 2);Monitoring and Analyzing (MA);;aws;;PASS;Trail research-trail is multiregion and it is logging.;arn:aws:cloudtrail:us-east-1:350381001508:trail/research-trail;cloudtrail_multi_region_enabled;False;research-trail;FFIEC;FFIEC Cybersecurity Assessment Tool framework;
aws;In light of the increasing volume and sophistication of cyber threats, the Federal Financial Institutions Examination Council (FFIEC) developed the Cybersecurity Assessment Tool (Assessment), on behalf of its members, to help institutions identify their risks and determine their cybersecurity maturity.;350381001508;us-west-2;2026-08-01 19:04:21.788096;d3-dc-an-b-3;Logs of physical and/or logical access are reviewed following events.;Cybersecurity Controls (Domain 3);Detective Controls (DC);;aws;;PASS;Trail research-trail is multiregion and it is logging.;arn:aws:cloudtrail:us-east-1:350381001508:trail/research-trail;cloudtrail_multi_region_enabled;False;research-trail;FFIEC;FFIEC Cybersecurity Assessment Tool framework;
aws;In light of the increasing volume and sophistication of cyber threats, the Federal Financial Institutions Examination Council (FFIEC) developed the Cybersecurity Assessment Tool (Assessment), on behalf of its members, to help institutions identify their risks and determine their cybersecurity maturity.;350381001508;us-west-2;2026-08-01 19:04:21.788096;d3-dc-an-b-4;Access to critical systems by third parties is monitored for unauthorized or unusual activity.;Cybersecurity Controls (Domain 3);Detective Controls (DC);;aws;;PASS;Trail research-trail is multiregion and it is logging.;arn:aws:cloudtrail:us-east-1:350381001508:trail/research-trail;cloudtrail_multi_region_enabled;False;research-trail;FFIEC;FFIEC Cybersecurity Assessment Tool framework;
aws;In light of the increasing volume and sophistication of cyber threats, the Federal Financial Institutions Examination Council (FFIEC) developed the Cybersecurity Assessment Tool (Assessment), on behalf of its members, to help institutions identify their risks and determine their cybersecurity maturity.;350381001508;us-west-2;2026-08-01 19:04:21.788096;d3-dc-an-b-5;Elevated privileges are monitored.;Cybersecurity Controls (Domain 3);Detective Controls (DC);;aws;;PASS;Trail research-trail is multiregion and it is logging.;arn:aws:cloudtrail:us-east-1:350381001508:trail/research-trail;cloudtrail_multi_region_enabled;False;research-trail;FFIEC;FFIEC Cybersecurity Assessment Tool framework;
aws;In light of the increasing volume and sophistication of cyber threats, the Federal Financial Institutions Examination Council (FFIEC) developed the Cybersecurity Assessment Tool (Assessment), on behalf of its members, to help institutions identify their risks and determine their cybersecurity maturity.;350381001508;us-west-2;2026-08-01 19:04:21.788096;d3-dc-ev-b-1;A normal network activity baseline is established.;Cybersecurity Controls (Domain 3);Detective Controls (DC);;aws;;PASS;Trail research-trail is multiregion and it is logging.;arn:aws:cloudtrail:us-east-1:350381001508:trail/research-trail;cloudtrail_multi_region_enabled;False;research-trail;FFIEC;FFIEC Cybersecurity Assessment Tool framework;
aws;In light of the increasing volume and sophistication of cyber threats, the Federal Financial Institutions Examination Council (FFIEC) developed the Cybersecurity Assessment Tool (Assessment), on behalf of its members, to help institutions identify their risks and determine their cybersecurity maturity.;350381001508;us-west-2;2026-08-01 19:04:21.788096;d3-dc-ev-b-3;Processes are in place to monitor for the presence of unauthorized users, devices, connections, and software.;Cybersecurity Controls (Domain 3);Detective Controls (DC);;aws;;PASS;Trail research-trail is multiregion and it is logging.;arn:aws:cloudtrail:us-east-1:350381001508:trail/research-trail;cloudtrail_multi_region_enabled;False;research-trail;FFIEC;FFIEC Cybersecurity Assessment Tool framework;
aws;In light of the increasing volume and sophistication of cyber threats, the Federal Financial Institutions Examination Council (FFIEC) developed the Cybersecurity Assessment Tool (Assessment), on behalf of its members, to help institutions identify their risks and determine their cybersecurity maturity.;350381001508;us-west-2;2026-08-01 19:04:21.788096;d3-pc-im-b-3;All ports are monitored.;Cybersecurity Controls (Domain 3);Preventative Controls (PC);;aws;;PASS;Trail research-trail is multiregion and it is logging.;arn:aws:cloudtrail:us-east-1:350381001508:trail/research-trail;cloudtrail_multi_region_enabled;False;research-trail;FFIEC;FFIEC Cybersecurity Assessment Tool framework;
aws;In light of the increasing volume and sophistication of cyber threats, the Federal Financial Institutions Examination Council (FFIEC) developed the Cybersecurity Assessment Tool (Assessment), on behalf of its members, to help institutions identify their risks and determine their cybersecurity maturity.;350381001508;us-west-2;2026-08-01 19:04:21.788096;d3-pc-im-b-7;Access to make changes to systems configurations (including virtual machines and hypervisors) is controlled and monitored.;Cybersecurity Controls (Domain 3);Preventative Controls (PC);;aws;;PASS;Trail research-trail is multiregion and it is logging.;arn:aws:cloudtrail:us-east-1:350381001508:trail/research-trail;cloudtrail_multi_region_enabled;False;research-trail;FFIEC;FFIEC Cybersecurity Assessment Tool framework;
aws;In light of the increasing volume and sophistication of cyber threats, the Federal Financial Institutions Examination Council (FFIEC) developed the Cybersecurity Assessment Tool (Assessment), on behalf of its members, to help institutions identify their risks and determine their cybersecurity maturity.;350381001508;us-west-2;2026-08-01 19:04:21.788096;d5-dr-de-b-3;Tools and processes are in place to detect, alert, and trigger the incident response program.;Cyber Incident Management and Resilience (Domain 5);Detection, Response, & Mitigation (DR);;aws;;PASS;Trail research-trail is multiregion and it is logging.;arn:aws:cloudtrail:us-east-1:350381001508:trail/research-trail;cloudtrail_multi_region_enabled;False;research-trail;FFIEC;FFIEC Cybersecurity Assessment Tool framework;
aws;In light of the increasing volume and sophistication of cyber threats, the Federal Financial Institutions Examination Council (FFIEC) developed the Cybersecurity Assessment Tool (Assessment), on behalf of its members, to help institutions identify their risks and determine their cybersecurity maturity.;350381001508;us-east-1;2026-08-01 19:04:21.788096;d2-ma-ma-b-1;Information security threats are gathered and shared with applicable internal employees.;Threat Intelligence and Collaboration (Domain 2);Monitoring and Analyzing (MA);;aws;;FAIL;No CloudTrail trails have a data event to record all S3 object-level API operations.;arn:aws:cloudtrail:us-east-1:350381001508:trail;cloudtrail_s3_dataevents_read_enabled;False;350381001508;FFIEC;FFIEC Cybersecurity Assessment Tool framework;
aws;In light of the increasing volume and sophistication of cyber threats, the Federal Financial Institutions Examination Council (FFIEC) developed the Cybersecurity Assessment Tool (Assessment), on behalf of its members, to help institutions identify their risks and determine their cybersecurity maturity.;350381001508;us-east-1;2026-08-01 19:04:21.788096;d2-ma-ma-b-2;Computer event logs are used for investigations once an event has occurred.;Threat Intelligence and Collaboration (Domain 2);Monitoring and Analyzing (MA);;aws;;FAIL;No CloudTrail trails have a data event to record all S3 object-level API operations.;arn:aws:cloudtrail:us-east-1:350381001508:trail;cloudtrail_s3_dataevents_read_enabled;False;350381001508;FFIEC;FFIEC Cybersecurity Assessment Tool framework;
aws;In light of the increasing volume and sophistication of cyber threats, the Federal Financial Institutions Examination Council (FFIEC) developed the Cybersecurity Assessment Tool (Assessment), on behalf of its members, to help institutions identify their risks and determine their cybersecurity maturity.;350381001508;us-east-1;2026-08-01 19:04:21.788096;d3-dc-an-b-3;Logs of physical and/or logical access are reviewed following events.;Cybersecurity Controls (Domain 3);Detective Controls (DC);;aws;;FAIL;No CloudTrail trails have a data event to record all S3 object-level API operations.;arn:aws:cloudtrail:us-east-1:350381001508:trail;cloudtrail_s3_dataevents_read_enabled;False;350381001508;FFIEC;FFIEC Cybersecurity Assessment Tool framework;
aws;In light of the increasing volume and sophistication of cyber threats, the Federal Financial Institutions Examination Council (FFIEC) developed the Cybersecurity Assessment Tool (Assessment), on behalf of its members, to help institutions identify their risks and determine their cybersecurity maturity.;350381001508;us-east-1;2026-08-01 19:04:21.788096;d3-dc-an-b-4;Access to critical systems by third parties is monitored for unauthorized or unusual activity.;Cybersecurity Controls (Domain 3);Detective Controls (DC);;aws;;FAIL;No CloudTrail trails have a data event to record all S3 object-level API operations.;arn:aws:cloudtrail:us-east-1:350381001508:trail;cloudtrail_s3_dataevents_read_enabled;False;350381001508;FFIEC;FFIEC Cybersecurity Assessment Tool framework;
aws;In light of the increasing volume and sophistication of cyber threats, the Federal Financial Institutions Examination Council (FFIEC) developed the Cybersecurity Assessment Tool (Assessment), on behalf of its members, to help institutions identify their risks and determine their cybersecurity maturity.;350381001508;us-east-1;2026-08-01 19:04:21.788096;d3-dc-ev-b-1;A normal network activity baseline is established.;Cybersecurity Controls (Domain 3);Detective Controls (DC);;aws;;FAIL;No CloudTrail trails have a data event to record all S3 object-level API operations.;arn:aws:cloudtrail:us-east-1:350381001508:trail;cloudtrail_s3_dataevents_read_enabled;False;350381001508;FFIEC;FFIEC Cybersecurity Assessment Tool framework;
aws;In light of the increasing volume and sophistication of cyber threats, the Federal Financial Institutions Examination Council (FFIEC) developed the Cybersecurity Assessment Tool (Assessment), on behalf of its members, to help institutions identify their risks and determine their cybersecurity maturity.;350381001508;us-east-1;2026-08-01 19:04:21.788096;d5-dr-de-b-3;Tools and processes are in place to detect, alert, and trigger the incident response program.;Cyber Incident Management and Resilience (Domain 5);Detection, Response, & Mitigation (DR);;aws;;FAIL;No CloudTrail trails have a data event to record all S3 object-level API operations.;arn:aws:cloudtrail:us-east-1:350381001508:trail;cloudtrail_s3_dataevents_read_enabled;False;350381001508;FFIEC;FFIEC Cybersecurity Assessment Tool framework;
aws;In light of the increasing volume and sophistication of cyber threats, the Federal Financial Institutions Examination Council (FFIEC) developed the Cybersecurity Assessment Tool (Assessment), on behalf of its members, to help institutions identify their risks and determine their cybersecurity maturity.;350381001508;us-east-1;2026-08-01 19:04:21.788096;d2-ma-ma-b-1;Information security threats are gathered and shared with applicable internal employees.;Threat Intelligence and Collaboration (Domain 2);Monitoring and Analyzing (MA);;aws;;FAIL;No CloudTrail trails have a data event to record all S3 object-level API operations.;arn:aws:cloudtrail:us-east-1:350381001508:trail;cloudtrail_s3_dataevents_write_enabled;False;350381001508;FFIEC;FFIEC Cybersecurity Assessment Tool framework;
aws;In light of the increasing volume and sophistication of cyber threats, the Federal Financial Institutions Examination Council (FFIEC) developed the Cybersecurity Assessment Tool (Assessment), on behalf of its members, to help institutions identify their risks and determine their cybersecurity maturity.;350381001508;us-east-1;2026-08-01 19:04:21.788096;d2-ma-ma-b-2;Computer event logs are used for investigations once an event has occurred.;Threat Intelligence and Collaboration (Domain 2);Monitoring and Analyzing (MA);;aws;;FAIL;No CloudTrail trails have a data event to record all S3 object-level API operations.;arn:aws:cloudtrail:us-east-1:350381001508:trail;cloudtrail_s3_dataevents_write_enabled;False;350381001508;FFIEC;FFIEC Cybersecurity Assessment Tool framework;
aws;In light of the increasing volume and sophistication of cyber threats, the Federal Financial Institutions Examination Council (FFIEC) developed the Cybersecurity Assessment Tool (Assessment), on behalf of its members, to help institutions identify their risks and determine their cybersecurity maturity.;350381001508;us-east-1;2026-08-01 19:04:21.788096;d3-dc-an-b-3;Logs of physical and/or logical access are reviewed following events.;Cybersecurity Controls (Domain 3);Detective Controls (DC);;aws;;FAIL;No CloudTrail trails have a data event to record all S3 object-level API operations.;arn:aws:cloudtrail:us-east-1:350381001508:trail;cloudtrail_s3_dataevents_write_enabled;False;350381001508;FFIEC;FFIEC Cybersecurity Assessment Tool framework;
aws;In light of the increasing volume and sophistication of cyber threats, the Federal Financial Institutions Examination Council (FFIEC) developed the Cybersecurity Assessment Tool (Assessment), on behalf of its members, to help institutions identify their risks and determine their cybersecurity maturity.;350381001508;us-east-1;2026-08-01 19:04:21.788096;d3-dc-an-b-4;Access to critical systems by third parties is monitored for unauthorized or unusual activity.;Cybersecurity Controls (Domain 3);Detective Controls (DC);;aws;;FAIL;No CloudTrail trails have a data event to record all S3 object-level API operations.;arn:aws:cloudtrail:us-east-1:350381001508:trail;cloudtrail_s3_dataevents_write_enabled;False;350381001508;FFIEC;FFIEC Cybersecurity Assessment Tool framework;
aws;In light of the increasing volume and sophistication of cyber threats, the Federal Financial Institutions Examination Council (FFIEC) developed the Cybersecurity Assessment Tool (Assessment), on behalf of its members, to help institutions identify their risks and determine their cybersecurity maturity.;350381001508;us-east-1;2026-08-01 19:04:21.788096;d3-dc-ev-b-1;A normal network activity baseline is established.;Cybersecurity Controls (Domain 3);Detective Controls (DC);;aws;;FAIL;No CloudTrail trails have a data event to record all S3 object-level API operations.;arn:aws:cloudtrail:us-east-1:350381001508:trail;cloudtrail_s3_dataevents_write_enabled;False;350381001508;FFIEC;FFIEC Cybersecurity Assessment Tool framework;
aws;In light of the increasing volume and sophistication of cyber threats, the Federal Financial Institutions Examination Council (FFIEC) developed the Cybersecurity Assessment Tool (Assessment), on behalf of its members, to help institutions identify their risks and determine their cybersecurity maturity.;350381001508;us-east-1;2026-08-01 19:04:21.788096;d5-dr-de-b-3;Tools and processes are in place to detect, alert, and trigger the incident response program.;Cyber Incident Management and Resilience (Domain 5);Detection, Response, & Mitigation (DR);;aws;;FAIL;No CloudTrail trails have a data event to record all S3 object-level API operations.;arn:aws:cloudtrail:us-east-1:350381001508:trail;cloudtrail_s3_dataevents_write_enabled;False;350381001508;FFIEC;FFIEC Cybersecurity Assessment Tool framework;
aws;In light of the increasing volume and sophistication of cyber threats, the Federal Financial Institutions Examination Council (FFIEC) developed the Cybersecurity Assessment Tool (Assessment), on behalf of its members, to help institutions identify their risks and determine their cybersecurity maturity.;350381001508;us-east-1;2026-08-01 19:04:21.788096;d5-dr-de-b-1;Alert parameters are set for detecting information security incidents that prompt mitigating actions.;Cyber Incident Management and Resilience (Domain 5);Detection, Response, & Mitigation (DR);;aws;;FAIL;No CloudWatch log groups found with metric filters or alarms associated.;arn:aws:logs:us-east-1:350381001508:log-group;cloudwatch_changes_to_network_acls_alarm_configured;False;350381001508;FFIEC;FFIEC Cybersecurity Assessment Tool framework;
aws;In light of the increasing volume and sophistication of cyber threats, the Federal Financial Institutions Examination Council (FFIEC) developed the Cybersecurity Assessment Tool (Assessment), on behalf of its members, to help institutions identify their risks and determine their cybersecurity maturity.;350381001508;us-east-1;2026-08-01 19:04:21.788096;d5-dr-de-b-3;Tools and processes are in place to detect, alert, and trigger the incident response program.;Cyber Incident Management and Resilience (Domain 5);Detection, Response, & Mitigation (DR);;aws;;FAIL;No CloudWatch log groups found with metric filters or alarms associated.;arn:aws:logs:us-east-1:350381001508:log-group;cloudwatch_changes_to_network_acls_alarm_configured;False;350381001508;FFIEC;FFIEC Cybersecurity Assessment Tool framework;
aws;In light of the increasing volume and sophistication of cyber threats, the Federal Financial Institutions Examination Council (FFIEC) developed the Cybersecurity Assessment Tool (Assessment), on behalf of its members, to help institutions identify their risks and determine their cybersecurity maturity.;350381001508;us-east-1;2026-08-01 19:04:21.788096;d5-dr-de-b-1;Alert parameters are set for detecting information security incidents that prompt mitigating actions.;Cyber Incident Management and Resilience (Domain 5);Detection, Response, & Mitigation (DR);;aws;;FAIL;No CloudWatch log groups found with metric filters or alarms associated.;arn:aws:logs:us-east-1:350381001508:log-group;cloudwatch_changes_to_network_gateways_alarm_configured;False;350381001508;FFIEC;FFIEC Cybersecurity Assessment Tool framework;
aws;In light of the increasing volume and sophistication of cyber threats, the Federal Financial Institutions Examination Council (FFIEC) developed the Cybersecurity Assessment Tool (Assessment), on behalf of its members, to help institutions identify their risks and determine their cybersecurity maturity.;350381001508;us-east-1;2026-08-01 19:04:21.788096;d5-dr-de-b-3;Tools and processes are in place to detect, alert, and trigger the incident response program.;Cyber Incident Management and Resilience (Domain 5);Detection, Response, & Mitigation (DR);;aws;;FAIL;No CloudWatch log groups found with metric filters or alarms associated.;arn:aws:logs:us-east-1:350381001508:log-group;cloudwatch_changes_to_network_gateways_alarm_configured;False;350381001508;FFIEC;FFIEC Cybersecurity Assessment Tool framework;
aws;In light of the increasing volume and sophistication of cyber threats, the Federal Financial Institutions Examination Council (FFIEC) developed the Cybersecurity Assessment Tool (Assessment), on behalf of its members, to help institutions identify their risks and determine their cybersecurity maturity.;350381001508;us-east-1;2026-08-01 19:04:21.788096;d5-dr-de-b-1;Alert parameters are set for detecting information security incidents that prompt mitigating actions.;Cyber Incident Management and Resilience (Domain 5);Detection, Response, & Mitigation (DR);;aws;;FAIL;No CloudWatch log groups found with metric filters or alarms associated.;arn:aws:logs:us-east-1:350381001508:log-group;cloudwatch_changes_to_network_route_tables_alarm_configured;False;350381001508;FFIEC;FFIEC Cybersecurity Assessment Tool framework;
aws;In light of the increasing volume and sophistication of cyber threats, the Federal Financial Institutions Examination Council (FFIEC) developed the Cybersecurity Assessment Tool (Assessment), on behalf of its members, to help institutions identify their risks and determine their cybersecurity maturity.;350381001508;us-east-1;2026-08-01 19:04:21.788096;d5-dr-de-b-3;Tools and processes are in place to detect, alert, and trigger the incident response program.;Cyber Incident Management and Resilience (Domain 5);Detection, Response, & Mitigation (DR);;aws;;FAIL;No CloudWatch log groups found with metric filters or alarms associated.;arn:aws:logs:us-east-1:350381001508:log-group;cloudwatch_changes_to_network_route_tables_alarm_configured;False;350381001508;FFIEC;FFIEC Cybersecurity Assessment Tool framework;
aws;In light of the increasing volume and sophistication of cyber threats, the Federal Financial Institutions Examination Council (FFIEC) developed the Cybersecurity Assessment Tool (Assessment), on behalf of its members, to help institutions identify their risks and determine their cybersecurity maturity.;350381001508;us-east-1;2026-08-01 19:04:21.788096;d5-dr-de-b-1;Alert parameters are set for detecting information security incidents that prompt mitigating actions.;Cyber Incident Management and Resilience (Domain 5);Detection, Response, & Mitigation (DR);;aws;;FAIL;No CloudWatch log groups found with metric filters or alarms associated.;arn:aws:logs:us-east-1:350381001508:log-group;cloudwatch_changes_to_vpcs_alarm_configured;False;350381001508;FFIEC;FFIEC Cybersecurity Assessment Tool framework;
aws;In light of the increasing volume and sophistication of cyber threats, the Federal Financial Institutions Examination Council (FFIEC) developed the Cybersecurity Assessment Tool (Assessment), on behalf of its members, to help institutions identify their risks and determine their cybersecurity maturity.;350381001508;us-east-1;2026-08-01 19:04:21.788096;d5-dr-de-b-3;Tools and processes are in place to detect, alert, and trigger the incident response program.;Cyber Incident Management and Resilience (Domain 5);Detection, Response, & Mitigation (DR);;aws;;FAIL;No CloudWatch log groups found with metric filters or alarms associated.;arn:aws:logs:us-east-1:350381001508:log-group;cloudwatch_changes_to_vpcs_alarm_configured;False;350381001508;FFIEC;FFIEC Cybersecurity Assessment Tool framework;
aws;In light of the increasing volume and sophistication of cyber threats, the Federal Financial Institutions Examination Council (FFIEC) developed the Cybersecurity Assessment Tool (Assessment), on behalf of its members, to help institutions identify their risks and determine their cybersecurity maturity.;350381001508;us-east-1;2026-08-01 19:04:21.788096;d3-pc-am-b-12;All passwords are encrypted in storage and in transit.;Cybersecurity Controls (Domain 3);Preventative Controls (PC);;aws;;FAIL;EBS Default Encryption is not activated.;arn:aws:ec2:us-east-1:350381001508:volume;ec2_ebs_default_encryption;False;350381001508;FFIEC;FFIEC Cybersecurity Assessment Tool framework;
aws;In light of the increasing volume and sophistication of cyber threats, the Federal Financial Institutions Examination Council (FFIEC) developed the Cybersecurity Assessment Tool (Assessment), on behalf of its members, to help institutions identify their risks and determine their cybersecurity maturity.;350381001508;us-east-1;2026-08-01 19:04:21.788096;d3-pc-am-b-12;All passwords are encrypted in storage and in transit.;Cybersecurity Controls (Domain 3);Preventative Controls (PC);;aws;;FAIL;EBS Snapshot vol-06f58dc8b8493e9f8 is unencrypted.;arn:aws:ec2:us-east-1:350381001508:volume/vol-06f58dc8b8493e9f8;ec2_ebs_volume_encryption;False;vol-06f58dc8b8493e9f8;FFIEC;FFIEC Cybersecurity Assessment Tool framework;
aws;In light of the increasing volume and sophistication of cyber threats, the Federal Financial Institutions Examination Council (FFIEC) developed the Cybersecurity Assessment Tool (Assessment), on behalf of its members, to help institutions identify their risks and determine their cybersecurity maturity.;350381001508;us-east-1;2026-08-01 19:04:21.788096;d1-g-it-b-1;An inventory of organizational assets (e.g., hardware, software, data, and systems hosted externally) is maintained.;Cyber Risk Management and Oversight (Domain 1);Governance (G);;aws;;FAIL;EC2 Instance i-0eefd2ddc65f26f85 is not managed by Systems Manager.;arn:aws:ec2:us-east-1:350381001508:instance/i-0eefd2ddc65f26f85;ec2_instance_managed_by_ssm;False;i-0eefd2ddc65f26f85;FFIEC;FFIEC Cybersecurity Assessment Tool framework;
aws;In light of the increasing volume and sophistication of cyber threats, the Federal Financial Institutions Examination Council (FFIEC) developed the Cybersecurity Assessment Tool (Assessment), on behalf of its members, to help institutions identify their risks and determine their cybersecurity maturity.;350381001508;us-east-1;2026-08-01 19:04:21.788096;d3-pc-im-b-5;Systems configurations (for servers, desktops, routers, etc.) follow industry standards and are enforced;Cybersecurity Controls (Domain 3);Preventative Controls (PC);;aws;;FAIL;EC2 Instance i-0eefd2ddc65f26f85 is not managed by Systems Manager.;arn:aws:ec2:us-east-1:350381001508:instance/i-0eefd2ddc65f26f85;ec2_instance_managed_by_ssm;False;i-0eefd2ddc65f26f85;FFIEC;FFIEC Cybersecurity Assessment Tool framework;
aws;In light of the increasing volume and sophistication of cyber threats, the Federal Financial Institutions Examination Council (FFIEC) developed the Cybersecurity Assessment Tool (Assessment), on behalf of its members, to help institutions identify their risks and determine their cybersecurity maturity.;350381001508;us-east-1;2026-08-01 19:04:21.788096;d1-g-it-b-1;An inventory of organizational assets (e.g., hardware, software, data, and systems hosted externally) is maintained.;Cyber Risk Management and Oversight (Domain 1);Governance (G);;aws;;PASS;EC2 Instance i-0eefd2ddc65f26f85 is not older than 180 days (3 days).;arn:aws:ec2:us-east-1:350381001508:instance/i-0eefd2ddc65f26f85;ec2_instance_older_than_specific_days;False;i-0eefd2ddc65f26f85;FFIEC;FFIEC Cybersecurity Assessment Tool framework;
aws;In light of the increasing volume and sophistication of cyber threats, the Federal Financial Institutions Examination Council (FFIEC) developed the Cybersecurity Assessment Tool (Assessment), on behalf of its members, to help institutions identify their risks and determine their cybersecurity maturity.;350381001508;us-east-1;2026-08-01 19:04:21.788096;d3-pc-am-b-1;Employee access is granted to systems and confidential data based on job responsibilities and the principles of least privilege.;Cybersecurity Controls (Domain 3);Preventative Controls (PC);;aws;;FAIL;EC2 Instance i-0eefd2ddc65f26f85 not associated with an Instance Profile Role.;arn:aws:ec2:us-east-1:350381001508:instance/i-0eefd2ddc65f26f85;ec2_instance_profile_attached;False;i-0eefd2ddc65f26f85;FFIEC;FFIEC Cybersecurity Assessment Tool framework;
aws;In light of the increasing volume and sophistication of cyber threats, the Federal Financial Institutions Examination Council (FFIEC) developed the Cybersecurity Assessment Tool (Assessment), on behalf of its members, to help institutions identify their risks and determine their cybersecurity maturity.;350381001508;us-east-1;2026-08-01 19:04:21.788096;d3-pc-im-b-1;Network perimeter defense tools (e.g., border router and firewall) are used.;Cybersecurity Controls (Domain 3);Preventative Controls (PC);;aws;;FAIL;EC2 Instance i-0eefd2ddc65f26f85 has a Public IP: 18.209.245.118 (ec2-18-209-245-118.compute-1.amazonaws.com).;arn:aws:ec2:us-east-1:350381001508:instance/i-0eefd2ddc65f26f85;ec2_instance_public_ip;False;i-0eefd2ddc65f26f85;FFIEC;FFIEC Cybersecurity Assessment Tool framework;
aws;In light of the increasing volume and sophistication of cyber threats, the Federal Financial Institutions Examination Council (FFIEC) developed the Cybersecurity Assessment Tool (Assessment), on behalf of its members, to help institutions identify their risks and determine their cybersecurity maturity.;350381001508;us-east-1;2026-08-01 19:04:21.788096;d3-pc-am-b-10;Production and non-production environments are segregated to prevent unauthorized access or changes to information assets. (*N/A if no production environment exists at the institution or the institution's third party.);Cybersecurity Controls (Domain 3);Preventative Controls (PC);;aws;;FAIL;Network ACL acl-014e51ba0fad383a2 has every port open to the Internet.;arn:aws:ec2:us-east-1:350381001508:network-acl/acl-014e51ba0fad383a2;ec2_networkacl_allow_ingress_any_port;False;acl-014e51ba0fad383a2;FFIEC;FFIEC Cybersecurity Assessment Tool framework;
aws;In light of the increasing volume and sophistication of cyber threats, the Federal Financial Institutions Examination Council (FFIEC) developed the Cybersecurity Assessment Tool (Assessment), on behalf of its members, to help institutions identify their risks and determine their cybersecurity maturity.;350381001508;us-east-1;2026-08-01 19:04:21.788096;d3-pc-im-b-1;Network perimeter defense tools (e.g., border router and firewall) are used.;Cybersecurity Controls (Domain 3);Preventative Controls (PC);;aws;;FAIL;Network ACL acl-014e51ba0fad383a2 has every port open to the Internet.;arn:aws:ec2:us-east-1:350381001508:network-acl/acl-014e51ba0fad383a2;ec2_networkacl_allow_ingress_any_port;False;acl-014e51ba0fad383a2;FFIEC;FFIEC Cybersecurity Assessment Tool framework;
aws;In light of the increasing volume and sophistication of cyber threats, the Federal Financial Institutions Examination Council (FFIEC) developed the Cybersecurity Assessment Tool (Assessment), on behalf of its members, to help institutions identify their risks and determine their cybersecurity maturity.;350381001508;us-east-1;2026-08-01 19:04:21.788096;d3-pc-im-b-2;Systems that are accessed from the Internet or by external parties are protected by firewalls or other similar devices.;Cybersecurity Controls (Domain 3);Preventative Controls (PC);;aws;;FAIL;Network ACL acl-014e51ba0fad383a2 has every port open to the Internet.;arn:aws:ec2:us-east-1:350381001508:network-acl/acl-014e51ba0fad383a2;ec2_networkacl_allow_ingress_any_port;False;acl-014e51ba0fad383a2;FFIEC;FFIEC Cybersecurity Assessment Tool framework;
aws;In light of the increasing volume and sophistication of cyber threats, the Federal Financial Institutions Examination Council (FFIEC) developed the Cybersecurity Assessment Tool (Assessment), on behalf of its members, to help institutions identify their risks and determine their cybersecurity maturity.;350381001508;us-east-1;2026-08-01 19:04:21.788096;d3-pc-im-b-6;Ports, functions, protocols and services are prohibited if no longer needed for business purposes.;Cybersecurity Controls (Domain 3);Preventative Controls (PC);;aws;;FAIL;Network ACL acl-014e51ba0fad383a2 has every port open to the Internet.;arn:aws:ec2:us-east-1:350381001508:network-acl/acl-014e51ba0fad383a2;ec2_networkacl_allow_ingress_any_port;False;acl-014e51ba0fad383a2;FFIEC;FFIEC Cybersecurity Assessment Tool framework;
aws;In light of the increasing volume and sophistication of cyber threats, the Federal Financial Institutions Examination Council (FFIEC) developed the Cybersecurity Assessment Tool (Assessment), on behalf of its members, to help institutions identify their risks and determine their cybersecurity maturity.;350381001508;us-east-1;2026-08-01 19:04:21.788096;d4-c-co-b-2;The institution ensures that third-party connections are authorized.;External Dependency Management (Domain 4);Connections (C);;aws;;FAIL;Network ACL acl-014e51ba0fad383a2 has every port open to the Internet.;arn:aws:ec2:us-east-1:350381001508:network-acl/acl-014e51ba0fad383a2;ec2_networkacl_allow_ingress_any_port;False;acl-014e51ba0fad383a2;FFIEC;FFIEC Cybersecurity Assessment Tool framework;
aws;In light of the increasing volume and sophistication of cyber threats, the Federal Financial Institutions Examination Council (FFIEC) developed the Cybersecurity Assessment Tool (Assessment), on behalf of its members, to help institutions identify their risks and determine their cybersecurity maturity.;350381001508;us-east-1;2026-08-01 19:04:21.788096;d3-pc-am-b-10;Production and non-production environments are segregated to prevent unauthorized access or changes to information assets. (*N/A if no production environment exists at the institution or the institution's third party.);Cybersecurity Controls (Domain 3);Preventative Controls (PC);;aws;;FAIL;Network ACL acl-0202bf3ad7768fe92 has every port open to the Internet.;arn:aws:ec2:us-east-1:350381001508:network-acl/acl-0202bf3ad7768fe92;ec2_networkacl_allow_ingress_any_port;False;acl-0202bf3ad7768fe92;FFIEC;FFIEC Cybersecurity Assessment Tool framework;
aws;In light of the increasing volume and sophistication of cyber threats, the Federal Financial Institutions Examination Council (FFIEC) developed the Cybersecurity Assessment Tool (Assessment), on behalf of its members, to help institutions identify their risks and determine their cybersecurity maturity.;350381001508;us-east-1;2026-08-01 19:04:21.788096;d3-pc-im-b-1;Network perimeter defense tools (e.g., border router and firewall) are used.;Cybersecurity Controls (Domain 3);Preventative Controls (PC);;aws;;FAIL;Network ACL acl-0202bf3ad7768fe92 has every port open to the Internet.;arn:aws:ec2:us-east-1:350381001508:network-acl/acl-0202bf3ad7768fe92;ec2_networkacl_allow_ingress_any_port;False;acl-0202bf3ad7768fe92;FFIEC;FFIEC Cybersecurity Assessment Tool framework;
aws;In light of the increasing volume and sophistication of cyber threats, the Federal Financial Institutions Examination Council (FFIEC) developed the Cybersecurity Assessment Tool (Assessment), on behalf of its members, to help institutions identify their risks and determine their cybersecurity maturity.;350381001508;us-east-1;2026-08-01 19:04:21.788096;d3-pc-im-b-2;Systems that are accessed from the Internet or by external parties are protected by firewalls or other similar devices.;Cybersecurity Controls (Domain 3);Preventative Controls (PC);;aws;;FAIL;Network ACL acl-0202bf3ad7768fe92 has every port open to the Internet.;arn:aws:ec2:us-east-1:350381001508:network-acl/acl-0202bf3ad7768fe92;ec2_networkacl_allow_ingress_any_port;False;acl-0202bf3ad7768fe92;FFIEC;FFIEC Cybersecurity Assessment Tool framework;
aws;In light of the increasing volume and sophistication of cyber threats, the Federal Financial Institutions Examination Council (FFIEC) developed the Cybersecurity Assessment Tool (Assessment), on behalf of its members, to help institutions identify their risks and determine their cybersecurity maturity.;350381001508;us-east-1;2026-08-01 19:04:21.788096;d3-pc-im-b-6;Ports, functions, protocols and services are prohibited if no longer needed for business purposes.;Cybersecurity Controls (Domain 3);Preventative Controls (PC);;aws;;FAIL;Network ACL acl-0202bf3ad7768fe92 has every port open to the Internet.;arn:aws:ec2:us-east-1:350381001508:network-acl/acl-0202bf3ad7768fe92;ec2_networkacl_allow_ingress_any_port;False;acl-0202bf3ad7768fe92;FFIEC;FFIEC Cybersecurity Assessment Tool framework;
aws;In light of the increasing volume and sophistication of cyber threats, the Federal Financial Institutions Examination Council (FFIEC) developed the Cybersecurity Assessment Tool (Assessment), on behalf of its members, to help institutions identify their risks and determine their cybersecurity maturity.;350381001508;us-east-1;2026-08-01 19:04:21.788096;d4-c-co-b-2;The institution ensures that third-party connections are authorized.;External Dependency Management (Domain 4);Connections (C);;aws;;FAIL;Network ACL acl-0202bf3ad7768fe92 has every port open to the Internet.;arn:aws:ec2:us-east-1:350381001508:network-acl/acl-0202bf3ad7768fe92;ec2_networkacl_allow_ingress_any_port;False;acl-0202bf3ad7768fe92;FFIEC;FFIEC Cybersecurity Assessment Tool framework;
aws;In light of the increasing volume and sophistication of cyber threats, the Federal Financial Institutions Examination Council (FFIEC) developed the Cybersecurity Assessment Tool (Assessment), on behalf of its members, to help institutions identify their risks and determine their cybersecurity maturity.;350381001508;us-east-1;2026-08-01 19:04:21.788096;d3-pc-am-b-10;Production and non-production environments are segregated to prevent unauthorized access or changes to information assets. (*N/A if no production environment exists at the institution or the institution's third party.);Cybersecurity Controls (Domain 3);Preventative Controls (PC);;aws;;FAIL;Security group research-sg (sg-0ffe5cbdcf88d22b5) has SSH port 22 open to the Internet.;arn:aws:ec2:us-east-1:350381001508:security-group/sg-0ffe5cbdcf88d22b5;ec2_securitygroup_allow_ingress_from_internet_to_tcp_port_22;False;sg-0ffe5cbdcf88d22b5;FFIEC;FFIEC Cybersecurity Assessment Tool framework;
aws;In light of the increasing volume and sophistication of cyber threats, the Federal Financial Institutions Examination Council (FFIEC) developed the Cybersecurity Assessment Tool (Assessment), on behalf of its members, to help institutions identify their risks and determine their cybersecurity maturity.;350381001508;us-east-1;2026-08-01 19:04:21.788096;d3-pc-im-b-1;Network perimeter defense tools (e.g., border router and firewall) are used.;Cybersecurity Controls (Domain 3);Preventative Controls (PC);;aws;;FAIL;Security group research-sg (sg-0ffe5cbdcf88d22b5) has SSH port 22 open to the Internet.;arn:aws:ec2:us-east-1:350381001508:security-group/sg-0ffe5cbdcf88d22b5;ec2_securitygroup_allow_ingress_from_internet_to_tcp_port_22;False;sg-0ffe5cbdcf88d22b5;FFIEC;FFIEC Cybersecurity Assessment Tool framework;
aws;In light of the increasing volume and sophistication of cyber threats, the Federal Financial Institutions Examination Council (FFIEC) developed the Cybersecurity Assessment Tool (Assessment), on behalf of its members, to help institutions identify their risks and determine their cybersecurity maturity.;350381001508;us-east-1;2026-08-01 19:04:21.788096;d3-pc-im-b-2;Systems that are accessed from the Internet or by external parties are protected by firewalls or other similar devices.;Cybersecurity Controls (Domain 3);Preventative Controls (PC);;aws;;FAIL;Security group research-sg (sg-0ffe5cbdcf88d22b5) has SSH port 22 open to the Internet.;arn:aws:ec2:us-east-1:350381001508:security-group/sg-0ffe5cbdcf88d22b5;ec2_securitygroup_allow_ingress_from_internet_to_tcp_port_22;False;sg-0ffe5cbdcf88d22b5;FFIEC;FFIEC Cybersecurity Assessment Tool framework;
aws;In light of the increasing volume and sophistication of cyber threats, the Federal Financial Institutions Examination Council (FFIEC) developed the Cybersecurity Assessment Tool (Assessment), on behalf of its members, to help institutions identify their risks and determine their cybersecurity maturity.;350381001508;us-east-1;2026-08-01 19:04:21.788096;d3-pc-im-b-6;Ports, functions, protocols and services are prohibited if no longer needed for business purposes.;Cybersecurity Controls (Domain 3);Preventative Controls (PC);;aws;;FAIL;Security group research-sg (sg-0ffe5cbdcf88d22b5) has SSH port 22 open to the Internet.;arn:aws:ec2:us-east-1:350381001508:security-group/sg-0ffe5cbdcf88d22b5;ec2_securitygroup_allow_ingress_from_internet_to_tcp_port_22;False;sg-0ffe5cbdcf88d22b5;FFIEC;FFIEC Cybersecurity Assessment Tool framework;
aws;In light of the increasing volume and sophistication of cyber threats, the Federal Financial Institutions Examination Council (FFIEC) developed the Cybersecurity Assessment Tool (Assessment), on behalf of its members, to help institutions identify their risks and determine their cybersecurity maturity.;350381001508;us-east-1;2026-08-01 19:04:21.788096;d4-c-co-b-2;The institution ensures that third-party connections are authorized.;External Dependency Management (Domain 4);Connections (C);;aws;;FAIL;Security group research-sg (sg-0ffe5cbdcf88d22b5) has SSH port 22 open to the Internet.;arn:aws:ec2:us-east-1:350381001508:security-group/sg-0ffe5cbdcf88d22b5;ec2_securitygroup_allow_ingress_from_internet_to_tcp_port_22;False;sg-0ffe5cbdcf88d22b5;FFIEC;FFIEC Cybersecurity Assessment Tool framework;
aws;In light of the increasing volume and sophistication of cyber threats, the Federal Financial Institutions Examination Council (FFIEC) developed the Cybersecurity Assessment Tool (Assessment), on behalf of its members, to help institutions identify their risks and determine their cybersecurity maturity.;350381001508;us-east-1;2026-08-01 19:04:21.788096;d3-pc-am-b-1;Employee access is granted to systems and confidential data based on job responsibilities and the principles of least privilege.;Cybersecurity Controls (Domain 3);Preventative Controls (PC);;aws;;PASS;AWS policy AWSTrustedAdvisorServiceRolePolicy is attached but does not allow '*:*' administrative privileges.;arn:aws:iam::aws:policy/aws-service-role/AWSTrustedAdvisorServiceRolePolicy;iam_aws_attached_policy_no_administrative_privileges;False;AWSTrustedAdvisorServiceRolePolicy;FFIEC;FFIEC Cybersecurity Assessment Tool framework;
aws;In light of the increasing volume and sophistication of cyber threats, the Federal Financial Institutions Examination Council (FFIEC) developed the Cybersecurity Assessment Tool (Assessment), on behalf of its members, to help institutions identify their risks and determine their cybersecurity maturity.;350381001508;us-east-1;2026-08-01 19:04:21.788096;d3-pc-am-b-16;Administrative, physical, or technical controls are in place to prevent users without administrative responsibilities from installing unauthorized software.;Cybersecurity Controls (Domain 3);Preventative Controls (PC);;aws;;PASS;AWS policy AWSTrustedAdvisorServiceRolePolicy is attached but does not allow '*:*' administrative privileges.;arn:aws:iam::aws:policy/aws-service-role/AWSTrustedAdvisorServiceRolePolicy;iam_aws_attached_policy_no_administrative_privileges;False;AWSTrustedAdvisorServiceRolePolicy;FFIEC;FFIEC Cybersecurity Assessment Tool framework;
aws;In light of the increasing volume and sophistication of cyber threats, the Federal Financial Institutions Examination Council (FFIEC) developed the Cybersecurity Assessment Tool (Assessment), on behalf of its members, to help institutions identify their risks and determine their cybersecurity maturity.;350381001508;us-east-1;2026-08-01 19:04:21.788096;d3-pc-am-b-2;Employee access to systems and confidential data provides for separation of duties.;Cybersecurity Controls (Domain 3);Preventative Controls (PC);;aws;;PASS;AWS policy AWSTrustedAdvisorServiceRolePolicy is attached but does not allow '*:*' administrative privileges.;arn:aws:iam::aws:policy/aws-service-role/AWSTrustedAdvisorServiceRolePolicy;iam_aws_attached_policy_no_administrative_privileges;False;AWSTrustedAdvisorServiceRolePolicy;FFIEC;FFIEC Cybersecurity Assessment Tool framework;
aws;In light of the increasing volume and sophistication of cyber threats, the Federal Financial Institutions Examination Council (FFIEC) developed the Cybersecurity Assessment Tool (Assessment), on behalf of its members, to help institutions identify their risks and determine their cybersecurity maturity.;350381001508;us-east-1;2026-08-01 19:04:21.788096;d3-pc-am-b-3;Elevated privileges (e.g., administrator privileges) are limited and tightly controlled (e.g., assigned to individuals, not shared, and require stronger password controls;Cybersecurity Controls (Domain 3);Preventative Controls (PC);;aws;;PASS;AWS policy AWSTrustedAdvisorServiceRolePolicy is attached but does not allow '*:*' administrative privileges.;arn:aws:iam::aws:policy/aws-service-role/AWSTrustedAdvisorServiceRolePolicy;iam_aws_attached_policy_no_administrative_privileges;False;AWSTrustedAdvisorServiceRolePolicy;FFIEC;FFIEC Cybersecurity Assessment Tool framework;
aws;In light of the increasing volume and sophistication of cyber threats, the Federal Financial Institutions Examination Council (FFIEC) developed the Cybersecurity Assessment Tool (Assessment), on behalf of its members, to help institutions identify their risks and determine their cybersecurity maturity.;350381001508;us-east-1;2026-08-01 19:04:21.788096;d3-pc-am-b-6;Identification and authentication are required and managed for access to systems, applications, and hardware.;Cybersecurity Controls (Domain 3);Preventative Controls (PC);;aws;;PASS;AWS policy AWSTrustedAdvisorServiceRolePolicy is attached but does not allow '*:*' administrative privileges.;arn:aws:iam::aws:policy/aws-service-role/AWSTrustedAdvisorServiceRolePolicy;iam_aws_attached_policy_no_administrative_privileges;False;AWSTrustedAdvisorServiceRolePolicy;FFIEC;FFIEC Cybersecurity Assessment Tool framework;
aws;In light of the increasing volume and sophistication of cyber threats, the Federal Financial Institutions Examination Council (FFIEC) developed the Cybersecurity Assessment Tool (Assessment), on behalf of its members, to help institutions identify their risks and determine their cybersecurity maturity.;350381001508;us-east-1;2026-08-01 19:04:21.788096;d3-pc-im-b-7;Access to make changes to systems configurations (including virtual machines and hypervisors) is controlled and monitored.;Cybersecurity Controls (Domain 3);Preventative Controls (PC);;aws;;PASS;AWS policy AWSTrustedAdvisorServiceRolePolicy is attached but does not allow '*:*' administrative privileges.;arn:aws:iam::aws:policy/aws-service-role/AWSTrustedAdvisorServiceRolePolicy;iam_aws_attached_policy_no_administrative_privileges;False;AWSTrustedAdvisorServiceRolePolicy;FFIEC;FFIEC Cybersecurity Assessment Tool framework;
aws;In light of the increasing volume and sophistication of cyber threats, the Federal Financial Institutions Examination Council (FFIEC) developed the Cybersecurity Assessment Tool (Assessment), on behalf of its members, to help institutions identify their risks and determine their cybersecurity maturity.;350381001508;us-east-1;2026-08-01 19:04:21.788096;d3-pc-am-b-1;Employee access is granted to systems and confidential data based on job responsibilities and the principles of least privilege.;Cybersecurity Controls (Domain 3);Preventative Controls (PC);;aws;;FAIL;AWS policy AdministratorAccess is attached and allows '*:*' administrative privileges.;arn:aws:iam::aws:policy/AdministratorAccess;iam_aws_attached_policy_no_administrative_privileges;False;AdministratorAccess;FFIEC;FFIEC Cybersecurity Assessment Tool framework;
aws;In light of the increasing volume and sophistication of cyber threats, the Federal Financial Institutions Examination Council (FFIEC) developed the Cybersecurity Assessment Tool (Assessment), on behalf of its members, to help institutions identify their risks and determine their cybersecurity maturity.;350381001508;us-east-1;2026-08-01 19:04:21.788096;d3-pc-am-b-16;Administrative, physical, or technical controls are in place to prevent users without administrative responsibilities from installing unauthorized software.;Cybersecurity Controls (Domain 3);Preventative Controls (PC);;aws;;FAIL;AWS policy AdministratorAccess is attached and allows '*:*' administrative privileges.;arn:aws:iam::aws:policy/AdministratorAccess;iam_aws_attached_policy_no_administrative_privileges;False;AdministratorAccess;FFIEC;FFIEC Cybersecurity Assessment Tool framework;
aws;In light of the increasing volume and sophistication of cyber threats, the Federal Financial Institutions Examination Council (FFIEC) developed the Cybersecurity Assessment Tool (Assessment), on behalf of its members, to help institutions identify their risks and determine their cybersecurity maturity.;350381001508;us-east-1;2026-08-01 19:04:21.788096;d3-pc-am-b-2;Employee access to systems and confidential data provides for separation of duties.;Cybersecurity Controls (Domain 3);Preventative Controls (PC);;aws;;FAIL;AWS policy AdministratorAccess is attached and allows '*:*' administrative privileges.;arn:aws:iam::aws:policy/AdministratorAccess;iam_aws_attached_policy_no_administrative_privileges;False;AdministratorAccess;FFIEC;FFIEC Cybersecurity Assessment Tool framework;
aws;In light of the increasing volume and sophistication of cyber threats, the Federal Financial Institutions Examination Council (FFIEC) developed the Cybersecurity Assessment Tool (Assessment), on behalf of its members, to help institutions identify their risks and determine their cybersecurity maturity.;350381001508;us-east-1;2026-08-01 19:04:21.788096;d3-pc-am-b-3;Elevated privileges (e.g., administrator privileges) are limited and tightly controlled (e.g., assigned to individuals, not shared, and require stronger password controls;Cybersecurity Controls (Domain 3);Preventative Controls (PC);;aws;;FAIL;AWS policy AdministratorAccess is attached and allows '*:*' administrative privileges.;arn:aws:iam::aws:policy/AdministratorAccess;iam_aws_attached_policy_no_administrative_privileges;False;AdministratorAccess;FFIEC;FFIEC Cybersecurity Assessment Tool framework;
aws;In light of the increasing volume and sophistication of cyber threats, the Federal Financial Institutions Examination Council (FFIEC) developed the Cybersecurity Assessment Tool (Assessment), on behalf of its members, to help institutions identify their risks and determine their cybersecurity maturity.;350381001508;us-east-1;2026-08-01 19:04:21.788096;d3-pc-am-b-6;Identification and authentication are required and managed for access to systems, applications, and hardware.;Cybersecurity Controls (Domain 3);Preventative Controls (PC);;aws;;FAIL;AWS policy AdministratorAccess is attached and allows '*:*' administrative privileges.;arn:aws:iam::aws:policy/AdministratorAccess;iam_aws_attached_policy_no_administrative_privileges;False;AdministratorAccess;FFIEC;FFIEC Cybersecurity Assessment Tool framework;
aws;In light of the increasing volume and sophistication of cyber threats, the Federal Financial Institutions Examination Council (FFIEC) developed the Cybersecurity Assessment Tool (Assessment), on behalf of its members, to help institutions identify their risks and determine their cybersecurity maturity.;350381001508;us-east-1;2026-08-01 19:04:21.788096;d3-pc-im-b-7;Access to make changes to systems configurations (including virtual machines and hypervisors) is controlled and monitored.;Cybersecurity Controls (Domain 3);Preventative Controls (PC);;aws;;FAIL;AWS policy AdministratorAccess is attached and allows '*:*' administrative privileges.;arn:aws:iam::aws:policy/AdministratorAccess;iam_aws_attached_policy_no_administrative_privileges;False;AdministratorAccess;FFIEC;FFIEC Cybersecurity Assessment Tool framework;
aws;In light of the increasing volume and sophistication of cyber threats, the Federal Financial Institutions Examination Council (FFIEC) developed the Cybersecurity Assessment Tool (Assessment), on behalf of its members, to help institutions identify their risks and determine their cybersecurity maturity.;350381001508;us-east-1;2026-08-01 19:04:21.788096;d3-pc-am-b-1;Employee access is granted to systems and confidential data based on job responsibilities and the principles of least privilege.;Cybersecurity Controls (Domain 3);Preventative Controls (PC);;aws;;PASS;AWS policy AWSSupportServiceRolePolicy is attached but does not allow '*:*' administrative privileges.;arn:aws:iam::aws:policy/aws-service-role/AWSSupportServiceRolePolicy;iam_aws_attached_policy_no_administrative_privileges;False;AWSSupportServiceRolePolicy;FFIEC;FFIEC Cybersecurity Assessment Tool framework;
aws;In light of the increasing volume and sophistication of cyber threats, the Federal Financial Institutions Examination Council (FFIEC) developed the Cybersecurity Assessment Tool (Assessment), on behalf of its members, to help institutions identify their risks and determine their cybersecurity maturity.;350381001508;us-east-1;2026-08-01 19:04:21.788096;d3-pc-am-b-16;Administrative, physical, or technical controls are in place to prevent users without administrative responsibilities from installing unauthorized software.;Cybersecurity Controls (Domain 3);Preventative Controls (PC);;aws;;PASS;AWS policy AWSSupportServiceRolePolicy is attached but does not allow '*:*' administrative privileges.;arn:aws:iam::aws:policy/aws-service-role/AWSSupportServiceRolePolicy;iam_aws_attached_policy_no_administrative_privileges;False;AWSSupportServiceRolePolicy;FFIEC;FFIEC Cybersecurity Assessment Tool framework;
aws;In light of the increasing volume and sophistication of cyber threats, the Federal Financial Institutions Examination Council (FFIEC) developed the Cybersecurity Assessment Tool (Assessment), on behalf of its members, to help institutions identify their risks and determine their cybersecurity maturity.;350381001508;us-east-1;2026-08-01 19:04:21.788096;d3-pc-am-b-2;Employee access to systems and confidential data provides for separation of duties.;Cybersecurity Controls (Domain 3);Preventative Controls (PC);;aws;;PASS;AWS policy AWSSupportServiceRolePolicy is attached but does not allow '*:*' administrative privileges.;arn:aws:iam::aws:policy/aws-service-role/AWSSupportServiceRolePolicy;iam_aws_attached_policy_no_administrative_privileges;False;AWSSupportServiceRolePolicy;FFIEC;FFIEC Cybersecurity Assessment Tool framework;
aws;In light of the increasing volume and sophistication of cyber threats, the Federal Financial Institutions Examination Council (FFIEC) developed the Cybersecurity Assessment Tool (Assessment), on behalf of its members, to help institutions identify their risks and determine their cybersecurity maturity.;350381001508;us-east-1;2026-08-01 19:04:21.788096;d3-pc-am-b-3;Elevated privileges (e.g., administrator privileges) are limited and tightly controlled (e.g., assigned to individuals, not shared, and require stronger password controls;Cybersecurity Controls (Domain 3);Preventative Controls (PC);;aws;;PASS;AWS policy AWSSupportServiceRolePolicy is attached but does not allow '*:*' administrative privileges.;arn:aws:iam::aws:policy/aws-service-role/AWSSupportServiceRolePolicy;iam_aws_attached_policy_no_administrative_privileges;False;AWSSupportServiceRolePolicy;FFIEC;FFIEC Cybersecurity Assessment Tool framework;
aws;In light of the increasing volume and sophistication of cyber threats, the Federal Financial Institutions Examination Council (FFIEC) developed the Cybersecurity Assessment Tool (Assessment), on behalf of its members, to help institutions identify their risks and determine their cybersecurity maturity.;350381001508;us-east-1;2026-08-01 19:04:21.788096;d3-pc-am-b-6;Identification and authentication are required and managed for access to systems, applications, and hardware.;Cybersecurity Controls (Domain 3);Preventative Controls (PC);;aws;;PASS;AWS policy AWSSupportServiceRolePolicy is attached but does not allow '*:*' administrative privileges.;arn:aws:iam::aws:policy/aws-service-role/AWSSupportServiceRolePolicy;iam_aws_attached_policy_no_administrative_privileges;False;AWSSupportServiceRolePolicy;FFIEC;FFIEC Cybersecurity Assessment Tool framework;
aws;In light of the increasing volume and sophistication of cyber threats, the Federal Financial Institutions Examination Council (FFIEC) developed the Cybersecurity Assessment Tool (Assessment), on behalf of its members, to help institutions identify their risks and determine their cybersecurity maturity.;350381001508;us-east-1;2026-08-01 19:04:21.788096;d3-pc-im-b-7;Access to make changes to systems configurations (including virtual machines and hypervisors) is controlled and monitored.;Cybersecurity Controls (Domain 3);Preventative Controls (PC);;aws;;PASS;AWS policy AWSSupportServiceRolePolicy is attached but does not allow '*:*' administrative privileges.;arn:aws:iam::aws:policy/aws-service-role/AWSSupportServiceRolePolicy;iam_aws_attached_policy_no_administrative_privileges;False;AWSSupportServiceRolePolicy;FFIEC;FFIEC Cybersecurity Assessment Tool framework;
aws;In light of the increasing volume and sophistication of cyber threats, the Federal Financial Institutions Examination Council (FFIEC) developed the Cybersecurity Assessment Tool (Assessment), on behalf of its members, to help institutions identify their risks and determine their cybersecurity maturity.;350381001508;us-east-1;2026-08-01 19:04:21.788096;d3-pc-am-b-1;Employee access is granted to systems and confidential data based on job responsibilities and the principles of least privilege.;Cybersecurity Controls (Domain 3);Preventative Controls (PC);;aws;;PASS;AWS policy ReadOnlyAccess is attached but does not allow '*:*' administrative privileges.;arn:aws:iam::aws:policy/ReadOnlyAccess;iam_aws_attached_policy_no_administrative_privileges;False;ReadOnlyAccess;FFIEC;FFIEC Cybersecurity Assessment Tool framework;
aws;In light of the increasing volume and sophistication of cyber threats, the Federal Financial Institutions Examination Council (FFIEC) developed the Cybersecurity Assessment Tool (Assessment), on behalf of its members, to help institutions identify their risks and determine their cybersecurity maturity.;350381001508;us-east-1;2026-08-01 19:04:21.788096;d3-pc-am-b-16;Administrative, physical, or technical controls are in place to prevent users without administrative responsibilities from installing unauthorized software.;Cybersecurity Controls (Domain 3);Preventative Controls (PC);;aws;;PASS;AWS policy ReadOnlyAccess is attached but does not allow '*:*' administrative privileges.;arn:aws:iam::aws:policy/ReadOnlyAccess;iam_aws_attached_policy_no_administrative_privileges;False;ReadOnlyAccess;FFIEC;FFIEC Cybersecurity Assessment Tool framework;
aws;In light of the increasing volume and sophistication of cyber threats, the Federal Financial Institutions Examination Council (FFIEC) developed the Cybersecurity Assessment Tool (Assessment), on behalf of its members, to help institutions identify their risks and determine their cybersecurity maturity.;350381001508;us-east-1;2026-08-01 19:04:21.788096;d3-pc-am-b-2;Employee access to systems and confidential data provides for separation of duties.;Cybersecurity Controls (Domain 3);Preventative Controls (PC);;aws;;PASS;AWS policy ReadOnlyAccess is attached but does not allow '*:*' administrative privileges.;arn:aws:iam::aws:policy/ReadOnlyAccess;iam_aws_attached_policy_no_administrative_privileges;False;ReadOnlyAccess;FFIEC;FFIEC Cybersecurity Assessment Tool framework;
aws;In light of the increasing volume and sophistication of cyber threats, the Federal Financial Institutions Examination Council (FFIEC) developed the Cybersecurity Assessment Tool (Assessment), on behalf of its members, to help institutions identify their risks and determine their cybersecurity maturity.;350381001508;us-east-1;2026-08-01 19:04:21.788096;d3-pc-am-b-3;Elevated privileges (e.g., administrator privileges) are limited and tightly controlled (e.g., assigned to individuals, not shared, and require stronger password controls;Cybersecurity Controls (Domain 3);Preventative Controls (PC);;aws;;PASS;AWS policy ReadOnlyAccess is attached but does not allow '*:*' administrative privileges.;arn:aws:iam::aws:policy/ReadOnlyAccess;iam_aws_attached_policy_no_administrative_privileges;False;ReadOnlyAccess;FFIEC;FFIEC Cybersecurity Assessment Tool framework;
aws;In light of the increasing volume and sophistication of cyber threats, the Federal Financial Institutions Examination Council (FFIEC) developed the Cybersecurity Assessment Tool (Assessment), on behalf of its members, to help institutions identify their risks and determine their cybersecurity maturity.;350381001508;us-east-1;2026-08-01 19:04:21.788096;d3-pc-am-b-6;Identification and authentication are required and managed for access to systems, applications, and hardware.;Cybersecurity Controls (Domain 3);Preventative Controls (PC);;aws;;PASS;AWS policy ReadOnlyAccess is attached but does not allow '*:*' administrative privileges.;arn:aws:iam::aws:policy/ReadOnlyAccess;iam_aws_attached_policy_no_administrative_privileges;False;ReadOnlyAccess;FFIEC;FFIEC Cybersecurity Assessment Tool framework;
aws;In light of the increasing volume and sophistication of cyber threats, the Federal Financial Institutions Examination Council (FFIEC) developed the Cybersecurity Assessment Tool (Assessment), on behalf of its members, to help institutions identify their risks and determine their cybersecurity maturity.;350381001508;us-east-1;2026-08-01 19:04:21.788096;d3-pc-im-b-7;Access to make changes to systems configurations (including virtual machines and hypervisors) is controlled and monitored.;Cybersecurity Controls (Domain 3);Preventative Controls (PC);;aws;;PASS;AWS policy ReadOnlyAccess is attached but does not allow '*:*' administrative privileges.;arn:aws:iam::aws:policy/ReadOnlyAccess;iam_aws_attached_policy_no_administrative_privileges;False;ReadOnlyAccess;FFIEC;FFIEC Cybersecurity Assessment Tool framework;
aws;In light of the increasing volume and sophistication of cyber threats, the Federal Financial Institutions Examination Council (FFIEC) developed the Cybersecurity Assessment Tool (Assessment), on behalf of its members, to help institutions identify their risks and determine their cybersecurity maturity.;350381001508;us-east-1;2026-08-01 19:04:21.788096;d3-pc-am-b-1;Employee access is granted to systems and confidential data based on job responsibilities and the principles of least privilege.;Cybersecurity Controls (Domain 3);Preventative Controls (PC);;aws;;PASS;AWS policy IAMUserChangePassword is attached but does not allow '*:*' administrative privileges.;arn:aws:iam::aws:policy/IAMUserChangePassword;iam_aws_attached_policy_no_administrative_privileges;False;IAMUserChangePassword;FFIEC;FFIEC Cybersecurity Assessment Tool framework;
aws;In light of the increasing volume and sophistication of cyber threats, the Federal Financial Institutions Examination Council (FFIEC) developed the Cybersecurity Assessment Tool (Assessment), on behalf of its members, to help institutions identify their risks and determine their cybersecurity maturity.;350381001508;us-east-1;2026-08-01 19:04:21.788096;d3-pc-am-b-16;Administrative, physical, or technical controls are in place to prevent users without administrative responsibilities from installing unauthorized software.;Cybersecurity Controls (Domain 3);Preventative Controls (PC);;aws;;PASS;AWS policy IAMUserChangePassword is attached but does not allow '*:*' administrative privileges.;arn:aws:iam::aws:policy/IAMUserChangePassword;iam_aws_attached_policy_no_administrative_privileges;False;IAMUserChangePassword;FFIEC;FFIEC Cybersecurity Assessment Tool framework;
aws;In light of the increasing volume and sophistication of cyber threats, the Federal Financial Institutions Examination Council (FFIEC) developed the Cybersecurity Assessment Tool (Assessment), on behalf of its members, to help institutions identify their risks and determine their cybersecurity maturity.;350381001508;us-east-1;2026-08-01 19:04:21.788096;d3-pc-am-b-2;Employee access to systems and confidential data provides for separation of duties.;Cybersecurity Controls (Domain 3);Preventative Controls (PC);;aws;;PASS;AWS policy IAMUserChangePassword is attached but does not allow '*:*' administrative privileges.;arn:aws:iam::aws:policy/IAMUserChangePassword;iam_aws_attached_policy_no_administrative_privileges;False;IAMUserChangePassword;FFIEC;FFIEC Cybersecurity Assessment Tool framework;
aws;In light of the increasing volume and sophistication of cyber threats, the Federal Financial Institutions Examination Council (FFIEC) developed the Cybersecurity Assessment Tool (Assessment), on behalf of its members, to help institutions identify their risks and determine their cybersecurity maturity.;350381001508;us-east-1;2026-08-01 19:04:21.788096;d3-pc-am-b-3;Elevated privileges (e.g., administrator privileges) are limited and tightly controlled (e.g., assigned to individuals, not shared, and require stronger password controls;Cybersecurity Controls (Domain 3);Preventative Controls (PC);;aws;;PASS;AWS policy IAMUserChangePassword is attached but does not allow '*:*' administrative privileges.;arn:aws:iam::aws:policy/IAMUserChangePassword;iam_aws_attached_policy_no_administrative_privileges;False;IAMUserChangePassword;FFIEC;FFIEC Cybersecurity Assessment Tool framework;
aws;In light of the increasing volume and sophistication of cyber threats, the Federal Financial Institutions Examination Council (FFIEC) developed the Cybersecurity Assessment Tool (Assessment), on behalf of its members, to help institutions identify their risks and determine their cybersecurity maturity.;350381001508;us-east-1;2026-08-01 19:04:21.788096;d3-pc-am-b-6;Identification and authentication are required and managed for access to systems, applications, and hardware.;Cybersecurity Controls (Domain 3);Preventative Controls (PC);;aws;;PASS;AWS policy IAMUserChangePassword is attached but does not allow '*:*' administrative privileges.;arn:aws:iam::aws:policy/IAMUserChangePassword;iam_aws_attached_policy_no_administrative_privileges;False;IAMUserChangePassword;FFIEC;FFIEC Cybersecurity Assessment Tool framework;
aws;In light of the increasing volume and sophistication of cyber threats, the Federal Financial Institutions Examination Council (FFIEC) developed the Cybersecurity Assessment Tool (Assessment), on behalf of its members, to help institutions identify their risks and determine their cybersecurity maturity.;350381001508;us-east-1;2026-08-01 19:04:21.788096;d3-pc-im-b-7;Access to make changes to systems configurations (including virtual machines and hypervisors) is controlled and monitored.;Cybersecurity Controls (Domain 3);Preventative Controls (PC);;aws;;PASS;AWS policy IAMUserChangePassword is attached but does not allow '*:*' administrative privileges.;arn:aws:iam::aws:policy/IAMUserChangePassword;iam_aws_attached_policy_no_administrative_privileges;False;IAMUserChangePassword;FFIEC;FFIEC Cybersecurity Assessment Tool framework;
aws;In light of the increasing volume and sophistication of cyber threats, the Federal Financial Institutions Examination Council (FFIEC) developed the Cybersecurity Assessment Tool (Assessment), on behalf of its members, to help institutions identify their risks and determine their cybersecurity maturity.;350381001508;us-east-1;2026-08-01 19:04:21.788096;d3-pc-am-b-1;Employee access is granted to systems and confidential data based on job responsibilities and the principles of least privilege.;Cybersecurity Controls (Domain 3);Preventative Controls (PC);;aws;;PASS;AWS policy AWSResourceExplorerServiceRolePolicy is attached but does not allow '*:*' administrative privileges.;arn:aws:iam::aws:policy/aws-service-role/AWSResourceExplorerServiceRolePolicy;iam_aws_attached_policy_no_administrative_privileges;False;AWSResourceExplorerServiceRolePolicy;FFIEC;FFIEC Cybersecurity Assessment Tool framework;
aws;In light of the increasing volume and sophistication of cyber threats, the Federal Financial Institutions Examination Council (FFIEC) developed the Cybersecurity Assessment Tool (Assessment), on behalf of its members, to help institutions identify their risks and determine their cybersecurity maturity.;350381001508;us-east-1;2026-08-01 19:04:21.788096;d3-pc-am-b-16;Administrative, physical, or technical controls are in place to prevent users without administrative responsibilities from installing unauthorized software.;Cybersecurity Controls (Domain 3);Preventative Controls (PC);;aws;;PASS;AWS policy AWSResourceExplorerServiceRolePolicy is attached but does not allow '*:*' administrative privileges.;arn:aws:iam::aws:policy/aws-service-role/AWSResourceExplorerServiceRolePolicy;iam_aws_attached_policy_no_administrative_privileges;False;AWSResourceExplorerServiceRolePolicy;FFIEC;FFIEC Cybersecurity Assessment Tool framework;
aws;In light of the increasing volume and sophistication of cyber threats, the Federal Financial Institutions Examination Council (FFIEC) developed the Cybersecurity Assessment Tool (Assessment), on behalf of its members, to help institutions identify their risks and determine their cybersecurity maturity.;350381001508;us-east-1;2026-08-01 19:04:21.788096;d3-pc-am-b-2;Employee access to systems and confidential data provides for separation of duties.;Cybersecurity Controls (Domain 3);Preventative Controls (PC);;aws;;PASS;AWS policy AWSResourceExplorerServiceRolePolicy is attached but does not allow '*:*' administrative privileges.;arn:aws:iam::aws:policy/aws-service-role/AWSResourceExplorerServiceRolePolicy;iam_aws_attached_policy_no_administrative_privileges;False;AWSResourceExplorerServiceRolePolicy;FFIEC;FFIEC Cybersecurity Assessment Tool framework;
aws;In light of the increasing volume and sophistication of cyber threats, the Federal Financial Institutions Examination Council (FFIEC) developed the Cybersecurity Assessment Tool (Assessment), on behalf of its members, to help institutions identify their risks and determine their cybersecurity maturity.;350381001508;us-east-1;2026-08-01 19:04:21.788096;d3-pc-am-b-3;Elevated privileges (e.g., administrator privileges) are limited and tightly controlled (e.g., assigned to individuals, not shared, and require stronger password controls;Cybersecurity Controls (Domain 3);Preventative Controls (PC);;aws;;PASS;AWS policy AWSResourceExplorerServiceRolePolicy is attached but does not allow '*:*' administrative privileges.;arn:aws:iam::aws:policy/aws-service-role/AWSResourceExplorerServiceRolePolicy;iam_aws_attached_policy_no_administrative_privileges;False;AWSResourceExplorerServiceRolePolicy;FFIEC;FFIEC Cybersecurity Assessment Tool framework;
aws;In light of the increasing volume and sophistication of cyber threats, the Federal Financial Institutions Examination Council (FFIEC) developed the Cybersecurity Assessment Tool (Assessment), on behalf of its members, to help institutions identify their risks and determine their cybersecurity maturity.;350381001508;us-east-1;2026-08-01 19:04:21.788096;d3-pc-am-b-6;Identification and authentication are required and managed for access to systems, applications, and hardware.;Cybersecurity Controls (Domain 3);Preventative Controls (PC);;aws;;PASS;AWS policy AWSResourceExplorerServiceRolePolicy is attached but does not allow '*:*' administrative privileges.;arn:aws:iam::aws:policy/aws-service-role/AWSResourceExplorerServiceRolePolicy;iam_aws_attached_policy_no_administrative_privileges;False;AWSResourceExplorerServiceRolePolicy;FFIEC;FFIEC Cybersecurity Assessment Tool framework;
aws;In light of the increasing volume and sophistication of cyber threats, the Federal Financial Institutions Examination Council (FFIEC) developed the Cybersecurity Assessment Tool (Assessment), on behalf of its members, to help institutions identify their risks and determine their cybersecurity maturity.;350381001508;us-east-1;2026-08-01 19:04:21.788096;d3-pc-im-b-7;Access to make changes to systems configurations (including virtual machines and hypervisors) is controlled and monitored.;Cybersecurity Controls (Domain 3);Preventative Controls (PC);;aws;;PASS;AWS policy AWSResourceExplorerServiceRolePolicy is attached but does not allow '*:*' administrative privileges.;arn:aws:iam::aws:policy/aws-service-role/AWSResourceExplorerServiceRolePolicy;iam_aws_attached_policy_no_administrative_privileges;False;AWSResourceExplorerServiceRolePolicy;FFIEC;FFIEC Cybersecurity Assessment Tool framework;
aws;In light of the increasing volume and sophistication of cyber threats, the Federal Financial Institutions Examination Council (FFIEC) developed the Cybersecurity Assessment Tool (Assessment), on behalf of its members, to help institutions identify their risks and determine their cybersecurity maturity.;350381001508;us-east-1;2026-08-01 19:04:21.788096;d3-pc-am-b-1;Employee access is granted to systems and confidential data based on job responsibilities and the principles of least privilege.;Cybersecurity Controls (Domain 3);Preventative Controls (PC);;aws;;PASS;Root account does not have access keys.;arn:aws:iam::350381001508:root;iam_no_root_access_key;False;<root_account>;FFIEC;FFIEC Cybersecurity Assessment Tool framework;
aws;In light of the increasing volume and sophistication of cyber threats, the Federal Financial Institutions Examination Council (FFIEC) developed the Cybersecurity Assessment Tool (Assessment), on behalf of its members, to help institutions identify their risks and determine their cybersecurity maturity.;350381001508;us-east-1;2026-08-01 19:04:21.788096;d3-pc-am-b-3;Elevated privileges (e.g., administrator privileges) are limited and tightly controlled (e.g., assigned to individuals, not shared, and require stronger password controls;Cybersecurity Controls (Domain 3);Preventative Controls (PC);;aws;;PASS;Root account does not have access keys.;arn:aws:iam::350381001508:root;iam_no_root_access_key;False;<root_account>;FFIEC;FFIEC Cybersecurity Assessment Tool framework;
aws;In light of the increasing volume and sophistication of cyber threats, the Federal Financial Institutions Examination Council (FFIEC) developed the Cybersecurity Assessment Tool (Assessment), on behalf of its members, to help institutions identify their risks and determine their cybersecurity maturity.;350381001508;us-east-1;2026-08-01 19:04:21.788096;d3-pc-am-b-8;All default passwords and unnecessary default accounts are changed before system implementation.;Cybersecurity Controls (Domain 3);Preventative Controls (PC);;aws;;PASS;Root account does not have access keys.;arn:aws:iam::350381001508:root;iam_no_root_access_key;False;<root_account>;FFIEC;FFIEC Cybersecurity Assessment Tool framework;
aws;In light of the increasing volume and sophistication of cyber threats, the Federal Financial Institutions Examination Council (FFIEC) developed the Cybersecurity Assessment Tool (Assessment), on behalf of its members, to help institutions identify their risks and determine their cybersecurity maturity.;350381001508;us-east-1;2026-08-01 19:04:21.788096;d3-pc-am-b-6;Identification and authentication are required and managed for access to systems, applications, and hardware.;Cybersecurity Controls (Domain 3);Preventative Controls (PC);;aws;;FAIL;IAM password policy does not require at least one lowercase letter.;arn:aws:iam:us-east-1:350381001508:password-policy;iam_password_policy_lowercase;False;350381001508;FFIEC;FFIEC Cybersecurity Assessment Tool framework;
aws;In light of the increasing volume and sophistication of cyber threats, the Federal Financial Institutions Examination Council (FFIEC) developed the Cybersecurity Assessment Tool (Assessment), on behalf of its members, to help institutions identify their risks and determine their cybersecurity maturity.;350381001508;us-east-1;2026-08-01 19:04:21.788096;d3-pc-am-b-7;Access controls include password complexity and limits to password attempts and reuse.;Cybersecurity Controls (Domain 3);Preventative Controls (PC);;aws;;FAIL;IAM password policy does not require at least one lowercase letter.;arn:aws:iam:us-east-1:350381001508:password-policy;iam_password_policy_lowercase;False;350381001508;FFIEC;FFIEC Cybersecurity Assessment Tool framework;
aws;In light of the increasing volume and sophistication of cyber threats, the Federal Financial Institutions Examination Council (FFIEC) developed the Cybersecurity Assessment Tool (Assessment), on behalf of its members, to help institutions identify their risks and determine their cybersecurity maturity.;350381001508;us-east-1;2026-08-01 19:04:21.788096;d3-pc-am-b-6;Identification and authentication are required and managed for access to systems, applications, and hardware.;Cybersecurity Controls (Domain 3);Preventative Controls (PC);;aws;;FAIL;IAM password policy does not require minimum length of 14 characters.;arn:aws:iam:us-east-1:350381001508:password-policy;iam_password_policy_minimum_length_14;False;350381001508;FFIEC;FFIEC Cybersecurity Assessment Tool framework;
aws;In light of the increasing volume and sophistication of cyber threats, the Federal Financial Institutions Examination Council (FFIEC) developed the Cybersecurity Assessment Tool (Assessment), on behalf of its members, to help institutions identify their risks and determine their cybersecurity maturity.;350381001508;us-east-1;2026-08-01 19:04:21.788096;d3-pc-am-b-7;Access controls include password complexity and limits to password attempts and reuse.;Cybersecurity Controls (Domain 3);Preventative Controls (PC);;aws;;FAIL;IAM password policy does not require minimum length of 14 characters.;arn:aws:iam:us-east-1:350381001508:password-policy;iam_password_policy_minimum_length_14;False;350381001508;FFIEC;FFIEC Cybersecurity Assessment Tool framework;
aws;In light of the increasing volume and sophistication of cyber threats, the Federal Financial Institutions Examination Council (FFIEC) developed the Cybersecurity Assessment Tool (Assessment), on behalf of its members, to help institutions identify their risks and determine their cybersecurity maturity.;350381001508;us-east-1;2026-08-01 19:04:21.788096;d3-pc-am-b-6;Identification and authentication are required and managed for access to systems, applications, and hardware.;Cybersecurity Controls (Domain 3);Preventative Controls (PC);;aws;;FAIL;IAM password policy does not require at least one number.;arn:aws:iam:us-east-1:350381001508:password-policy;iam_password_policy_number;False;350381001508;FFIEC;FFIEC Cybersecurity Assessment Tool framework;
aws;In light of the increasing volume and sophistication of cyber threats, the Federal Financial Institutions Examination Council (FFIEC) developed the Cybersecurity Assessment Tool (Assessment), on behalf of its members, to help institutions identify their risks and determine their cybersecurity maturity.;350381001508;us-east-1;2026-08-01 19:04:21.788096;d3-pc-am-b-7;Access controls include password complexity and limits to password attempts and reuse.;Cybersecurity Controls (Domain 3);Preventative Controls (PC);;aws;;FAIL;IAM password policy does not require at least one number.;arn:aws:iam:us-east-1:350381001508:password-policy;iam_password_policy_number;False;350381001508;FFIEC;FFIEC Cybersecurity Assessment Tool framework;
aws;In light of the increasing volume and sophistication of cyber threats, the Federal Financial Institutions Examination Council (FFIEC) developed the Cybersecurity Assessment Tool (Assessment), on behalf of its members, to help institutions identify their risks and determine their cybersecurity maturity.;350381001508;us-east-1;2026-08-01 19:04:21.788096;d3-pc-am-b-6;Identification and authentication are required and managed for access to systems, applications, and hardware.;Cybersecurity Controls (Domain 3);Preventative Controls (PC);;aws;;FAIL;IAM password policy does not require at least one symbol.;arn:aws:iam:us-east-1:350381001508:password-policy;iam_password_policy_symbol;False;350381001508;FFIEC;FFIEC Cybersecurity Assessment Tool framework;
aws;In light of the increasing volume and sophistication of cyber threats, the Federal Financial Institutions Examination Council (FFIEC) developed the Cybersecurity Assessment Tool (Assessment), on behalf of its members, to help institutions identify their risks and determine their cybersecurity maturity.;350381001508;us-east-1;2026-08-01 19:04:21.788096;d3-pc-am-b-7;Access controls include password complexity and limits to password attempts and reuse.;Cybersecurity Controls (Domain 3);Preventative Controls (PC);;aws;;FAIL;IAM password policy does not require at least one symbol.;arn:aws:iam:us-east-1:350381001508:password-policy;iam_password_policy_symbol;False;350381001508;FFIEC;FFIEC Cybersecurity Assessment Tool framework;
aws;In light of the increasing volume and sophistication of cyber threats, the Federal Financial Institutions Examination Council (FFIEC) developed the Cybersecurity Assessment Tool (Assessment), on behalf of its members, to help institutions identify their risks and determine their cybersecurity maturity.;350381001508;us-east-1;2026-08-01 19:04:21.788096;d3-pc-am-b-6;Identification and authentication are required and managed for access to systems, applications, and hardware.;Cybersecurity Controls (Domain 3);Preventative Controls (PC);;aws;;FAIL;IAM password policy does not require at least one uppercase letter.;arn:aws:iam:us-east-1:350381001508:password-policy;iam_password_policy_uppercase;False;350381001508;FFIEC;FFIEC Cybersecurity Assessment Tool framework;
aws;In light of the increasing volume and sophistication of cyber threats, the Federal Financial Institutions Examination Council (FFIEC) developed the Cybersecurity Assessment Tool (Assessment), on behalf of its members, to help institutions identify their risks and determine their cybersecurity maturity.;350381001508;us-east-1;2026-08-01 19:04:21.788096;d3-pc-am-b-7;Access controls include password complexity and limits to password attempts and reuse.;Cybersecurity Controls (Domain 3);Preventative Controls (PC);;aws;;FAIL;IAM password policy does not require at least one uppercase letter.;arn:aws:iam:us-east-1:350381001508:password-policy;iam_password_policy_uppercase;False;350381001508;FFIEC;FFIEC Cybersecurity Assessment Tool framework;
aws;In light of the increasing volume and sophistication of cyber threats, the Federal Financial Institutions Examination Council (FFIEC) developed the Cybersecurity Assessment Tool (Assessment), on behalf of its members, to help institutions identify their risks and determine their cybersecurity maturity.;350381001508;us-east-1;2026-08-01 19:04:21.788096;d3-pc-am-b-1;Employee access is granted to systems and confidential data based on job responsibilities and the principles of least privilege.;Cybersecurity Controls (Domain 3);Preventative Controls (PC);;aws;;FAIL;User research-admin has the policy IAMUserChangePassword attached.;arn:aws:iam::350381001508:user/research-admin;iam_policy_attached_only_to_group_or_roles;False;research-admin/IAMUserChangePassword;FFIEC;FFIEC Cybersecurity Assessment Tool framework;
aws;In light of the increasing volume and sophistication of cyber threats, the Federal Financial Institutions Examination Council (FFIEC) developed the Cybersecurity Assessment Tool (Assessment), on behalf of its members, to help institutions identify their risks and determine their cybersecurity maturity.;350381001508;us-east-1;2026-08-01 19:04:21.788096;d3-pc-im-b-7;Access to make changes to systems configurations (including virtual machines and hypervisors) is controlled and monitored.;Cybersecurity Controls (Domain 3);Preventative Controls (PC);;aws;;FAIL;User research-admin has the policy IAMUserChangePassword attached.;arn:aws:iam::350381001508:user/research-admin;iam_policy_attached_only_to_group_or_roles;False;research-admin/IAMUserChangePassword;FFIEC;FFIEC Cybersecurity Assessment Tool framework;
aws;In light of the increasing volume and sophistication of cyber threats, the Federal Financial Institutions Examination Council (FFIEC) developed the Cybersecurity Assessment Tool (Assessment), on behalf of its members, to help institutions identify their risks and determine their cybersecurity maturity.;350381001508;us-east-1;2026-08-01 19:04:21.788096;d3-pc-am-b-1;Employee access is granted to systems and confidential data based on job responsibilities and the principles of least privilege.;Cybersecurity Controls (Domain 3);Preventative Controls (PC);;aws;;FAIL;User scanner-user has the policy IAMUserChangePassword attached.;arn:aws:iam::350381001508:user/scanner-user;iam_policy_attached_only_to_group_or_roles;False;scanner-user/IAMUserChangePassword;FFIEC;FFIEC Cybersecurity Assessment Tool framework;
aws;In light of the increasing volume and sophistication of cyber threats, the Federal Financial Institutions Examination Council (FFIEC) developed the Cybersecurity Assessment Tool (Assessment), on behalf of its members, to help institutions identify their risks and determine their cybersecurity maturity.;350381001508;us-east-1;2026-08-01 19:04:21.788096;d3-pc-im-b-7;Access to make changes to systems configurations (including virtual machines and hypervisors) is controlled and monitored.;Cybersecurity Controls (Domain 3);Preventative Controls (PC);;aws;;FAIL;User scanner-user has the policy IAMUserChangePassword attached.;arn:aws:iam::350381001508:user/scanner-user;iam_policy_attached_only_to_group_or_roles;False;scanner-user/IAMUserChangePassword;FFIEC;FFIEC Cybersecurity Assessment Tool framework;
aws;In light of the increasing volume and sophistication of cyber threats, the Federal Financial Institutions Examination Council (FFIEC) developed the Cybersecurity Assessment Tool (Assessment), on behalf of its members, to help institutions identify their risks and determine their cybersecurity maturity.;350381001508;us-east-1;2026-08-01 19:04:21.788096;d3-pc-am-b-1;Employee access is granted to systems and confidential data based on job responsibilities and the principles of least privilege.;Cybersecurity Controls (Domain 3);Preventative Controls (PC);;aws;;FAIL;User test-user has the policy IAMUserChangePassword attached.;arn:aws:iam::350381001508:user/test-user;iam_policy_attached_only_to_group_or_roles;False;test-user/IAMUserChangePassword;FFIEC;FFIEC Cybersecurity Assessment Tool framework;
aws;In light of the increasing volume and sophistication of cyber threats, the Federal Financial Institutions Examination Council (FFIEC) developed the Cybersecurity Assessment Tool (Assessment), on behalf of its members, to help institutions identify their risks and determine their cybersecurity maturity.;350381001508;us-east-1;2026-08-01 19:04:21.788096;d3-pc-im-b-7;Access to make changes to systems configurations (including virtual machines and hypervisors) is controlled and monitored.;Cybersecurity Controls (Domain 3);Preventative Controls (PC);;aws;;FAIL;User test-user has the policy IAMUserChangePassword attached.;arn:aws:iam::350381001508:user/test-user;iam_policy_attached_only_to_group_or_roles;False;test-user/IAMUserChangePassword;FFIEC;FFIEC Cybersecurity Assessment Tool framework;
aws;In light of the increasing volume and sophistication of cyber threats, the Federal Financial Institutions Examination Council (FFIEC) developed the Cybersecurity Assessment Tool (Assessment), on behalf of its members, to help institutions identify their risks and determine their cybersecurity maturity.;350381001508;us-east-1;2026-08-01 19:04:21.788096;d3-pc-am-b-15;Remote access to critical systems by employees, contractors, and third parties uses encrypted connections and multifactor authentication.;Cybersecurity Controls (Domain 3);Preventative Controls (PC);;aws;;FAIL;Root account has a virtual MFA instead of a hardware MFA device enabled.;arn:aws:iam::350381001508:mfa;iam_root_hardware_mfa_enabled;False;<root_account>;FFIEC;FFIEC Cybersecurity Assessment Tool framework;
aws;In light of the increasing volume and sophistication of cyber threats, the Federal Financial Institutions Examination Council (FFIEC) developed the Cybersecurity Assessment Tool (Assessment), on behalf of its members, to help institutions identify their risks and determine their cybersecurity maturity.;350381001508;us-east-1;2026-08-01 19:04:21.788096;d3-pc-am-b-3;Elevated privileges (e.g., administrator privileges) are limited and tightly controlled (e.g., assigned to individuals, not shared, and require stronger password controls;Cybersecurity Controls (Domain 3);Preventative Controls (PC);;aws;;FAIL;Root account has a virtual MFA instead of a hardware MFA device enabled.;arn:aws:iam::350381001508:mfa;iam_root_hardware_mfa_enabled;False;<root_account>;FFIEC;FFIEC Cybersecurity Assessment Tool framework;
aws;In light of the increasing volume and sophistication of cyber threats, the Federal Financial Institutions Examination Council (FFIEC) developed the Cybersecurity Assessment Tool (Assessment), on behalf of its members, to help institutions identify their risks and determine their cybersecurity maturity.;350381001508;us-east-1;2026-08-01 19:04:21.788096;d3-pc-am-b-6;Identification and authentication are required and managed for access to systems, applications, and hardware.;Cybersecurity Controls (Domain 3);Preventative Controls (PC);;aws;;FAIL;Root account has a virtual MFA instead of a hardware MFA device enabled.;arn:aws:iam::350381001508:mfa;iam_root_hardware_mfa_enabled;False;<root_account>;FFIEC;FFIEC Cybersecurity Assessment Tool framework;
aws;In light of the increasing volume and sophistication of cyber threats, the Federal Financial Institutions Examination Council (FFIEC) developed the Cybersecurity Assessment Tool (Assessment), on behalf of its members, to help institutions identify their risks and determine their cybersecurity maturity.;350381001508;us-east-1;2026-08-01 19:04:21.788096;d3-pc-am-b-15;Remote access to critical systems by employees, contractors, and third parties uses encrypted connections and multifactor authentication.;Cybersecurity Controls (Domain 3);Preventative Controls (PC);;aws;;PASS;MFA is enabled for root account.;arn:aws:iam::350381001508:root;iam_root_mfa_enabled;False;<root_account>;FFIEC;FFIEC Cybersecurity Assessment Tool framework;
aws;In light of the increasing volume and sophistication of cyber threats, the Federal Financial Institutions Examination Council (FFIEC) developed the Cybersecurity Assessment Tool (Assessment), on behalf of its members, to help institutions identify their risks and determine their cybersecurity maturity.;350381001508;us-east-1;2026-08-01 19:04:21.788096;d3-pc-am-b-3;Elevated privileges (e.g., administrator privileges) are limited and tightly controlled (e.g., assigned to individuals, not shared, and require stronger password controls;Cybersecurity Controls (Domain 3);Preventative Controls (PC);;aws;;PASS;MFA is enabled for root account.;arn:aws:iam::350381001508:root;iam_root_mfa_enabled;False;<root_account>;FFIEC;FFIEC Cybersecurity Assessment Tool framework;
aws;In light of the increasing volume and sophistication of cyber threats, the Federal Financial Institutions Examination Council (FFIEC) developed the Cybersecurity Assessment Tool (Assessment), on behalf of its members, to help institutions identify their risks and determine their cybersecurity maturity.;350381001508;us-east-1;2026-08-01 19:04:21.788096;d3-pc-am-b-6;Identification and authentication are required and managed for access to systems, applications, and hardware.;Cybersecurity Controls (Domain 3);Preventative Controls (PC);;aws;;PASS;MFA is enabled for root account.;arn:aws:iam::350381001508:root;iam_root_mfa_enabled;False;<root_account>;FFIEC;FFIEC Cybersecurity Assessment Tool framework;
aws;In light of the increasing volume and sophistication of cyber threats, the Federal Financial Institutions Examination Council (FFIEC) developed the Cybersecurity Assessment Tool (Assessment), on behalf of its members, to help institutions identify their risks and determine their cybersecurity maturity.;350381001508;us-east-1;2026-08-01 19:04:21.788096;d3-pc-am-b-6;Identification and authentication are required and managed for access to systems, applications, and hardware.;Cybersecurity Controls (Domain 3);Preventative Controls (PC);;aws;;PASS;User <root_account> does not have access keys.;arn:aws:iam::350381001508:root;iam_rotate_access_key_90_days;False;<root_account>;FFIEC;FFIEC Cybersecurity Assessment Tool framework;
aws;In light of the increasing volume and sophistication of cyber threats, the Federal Financial Institutions Examination Council (FFIEC) developed the Cybersecurity Assessment Tool (Assessment), on behalf of its members, to help institutions identify their risks and determine their cybersecurity maturity.;350381001508;us-east-1;2026-08-01 19:04:21.788096;d3-pc-am-b-6;Identification and authentication are required and managed for access to systems, applications, and hardware.;Cybersecurity Controls (Domain 3);Preventative Controls (PC);;aws;;PASS;User research-admin does not have access keys.;arn:aws:iam::350381001508:user/research-admin;iam_rotate_access_key_90_days;False;research-admin;FFIEC;FFIEC Cybersecurity Assessment Tool framework;
aws;In light of the increasing volume and sophistication of cyber threats, the Federal Financial Institutions Examination Council (FFIEC) developed the Cybersecurity Assessment Tool (Assessment), on behalf of its members, to help institutions identify their risks and determine their cybersecurity maturity.;350381001508;us-east-1;2026-08-01 19:04:21.788096;d3-pc-am-b-6;Identification and authentication are required and managed for access to systems, applications, and hardware.;Cybersecurity Controls (Domain 3);Preventative Controls (PC);;aws;;PASS;User scanner-user does not have access keys older than 90 days.;arn:aws:iam::350381001508:user/scanner-user;iam_rotate_access_key_90_days;False;scanner-user;FFIEC;FFIEC Cybersecurity Assessment Tool framework;
aws;In light of the increasing volume and sophistication of cyber threats, the Federal Financial Institutions Examination Council (FFIEC) developed the Cybersecurity Assessment Tool (Assessment), on behalf of its members, to help institutions identify their risks and determine their cybersecurity maturity.;350381001508;us-east-1;2026-08-01 19:04:21.788096;d3-pc-am-b-6;Identification and authentication are required and managed for access to systems, applications, and hardware.;Cybersecurity Controls (Domain 3);Preventative Controls (PC);;aws;;PASS;User test-user does not have access keys older than 90 days.;arn:aws:iam::350381001508:user/test-user;iam_rotate_access_key_90_days;False;test-user;FFIEC;FFIEC Cybersecurity Assessment Tool framework;
aws;In light of the increasing volume and sophistication of cyber threats, the Federal Financial Institutions Examination Council (FFIEC) developed the Cybersecurity Assessment Tool (Assessment), on behalf of its members, to help institutions identify their risks and determine their cybersecurity maturity.;350381001508;us-east-1;2026-08-01 19:04:21.788096;d3-pc-am-b-6;Identification and authentication are required and managed for access to systems, applications, and hardware.;Cybersecurity Controls (Domain 3);Preventative Controls (PC);;aws;;PASS;User <root_account> does not have access keys.;arn:aws:iam::350381001508:root;iam_user_accesskey_unused;False;<root_account>;FFIEC;FFIEC Cybersecurity Assessment Tool framework;
aws;In light of the increasing volume and sophistication of cyber threats, the Federal Financial Institutions Examination Council (FFIEC) developed the Cybersecurity Assessment Tool (Assessment), on behalf of its members, to help institutions identify their risks and determine their cybersecurity maturity.;350381001508;us-east-1;2026-08-01 19:04:21.788096;d3-pc-am-b-6;Identification and authentication are required and managed for access to systems, applications, and hardware.;Cybersecurity Controls (Domain 3);Preventative Controls (PC);;aws;;PASS;User research-admin does not have access keys.;arn:aws:iam::350381001508:user/research-admin;iam_user_accesskey_unused;False;research-admin;FFIEC;FFIEC Cybersecurity Assessment Tool framework;
aws;In light of the increasing volume and sophistication of cyber threats, the Federal Financial Institutions Examination Council (FFIEC) developed the Cybersecurity Assessment Tool (Assessment), on behalf of its members, to help institutions identify their risks and determine their cybersecurity maturity.;350381001508;us-east-1;2026-08-01 19:04:21.788096;d3-pc-am-b-6;Identification and authentication are required and managed for access to systems, applications, and hardware.;Cybersecurity Controls (Domain 3);Preventative Controls (PC);;aws;;PASS;User scanner-user does not have unused access keys for 45 days.;arn:aws:iam::350381001508:user/scanner-user;iam_user_accesskey_unused;False;scanner-user;FFIEC;FFIEC Cybersecurity Assessment Tool framework;
aws;In light of the increasing volume and sophistication of cyber threats, the Federal Financial Institutions Examination Council (FFIEC) developed the Cybersecurity Assessment Tool (Assessment), on behalf of its members, to help institutions identify their risks and determine their cybersecurity maturity.;350381001508;us-east-1;2026-08-01 19:04:21.788096;d3-pc-am-b-6;Identification and authentication are required and managed for access to systems, applications, and hardware.;Cybersecurity Controls (Domain 3);Preventative Controls (PC);;aws;;PASS;User test-user does not have unused access keys for 45 days.;arn:aws:iam::350381001508:user/test-user;iam_user_accesskey_unused;False;test-user;FFIEC;FFIEC Cybersecurity Assessment Tool framework;
aws;In light of the increasing volume and sophistication of cyber threats, the Federal Financial Institutions Examination Council (FFIEC) developed the Cybersecurity Assessment Tool (Assessment), on behalf of its members, to help institutions identify their risks and determine their cybersecurity maturity.;350381001508;us-east-1;2026-08-01 19:04:21.788096;d3-pc-am-b-6;Identification and authentication are required and managed for access to systems, applications, and hardware.;Cybersecurity Controls (Domain 3);Preventative Controls (PC);;aws;;PASS;User research-admin does not have console access enabled or is unused.;arn:aws:iam::350381001508:user/research-admin;iam_user_console_access_unused;False;research-admin;FFIEC;FFIEC Cybersecurity Assessment Tool framework;
aws;In light of the increasing volume and sophistication of cyber threats, the Federal Financial Institutions Examination Council (FFIEC) developed the Cybersecurity Assessment Tool (Assessment), on behalf of its members, to help institutions identify their risks and determine their cybersecurity maturity.;350381001508;us-east-1;2026-08-01 19:04:21.788096;d3-pc-am-b-6;Identification and authentication are required and managed for access to systems, applications, and hardware.;Cybersecurity Controls (Domain 3);Preventative Controls (PC);;aws;;PASS;User scanner-user does not have console access enabled or is unused.;arn:aws:iam::350381001508:user/scanner-user;iam_user_console_access_unused;False;scanner-user;FFIEC;FFIEC Cybersecurity Assessment Tool framework;
aws;In light of the increasing volume and sophistication of cyber threats, the Federal Financial Institutions Examination Council (FFIEC) developed the Cybersecurity Assessment Tool (Assessment), on behalf of its members, to help institutions identify their risks and determine their cybersecurity maturity.;350381001508;us-east-1;2026-08-01 19:04:21.788096;d3-pc-am-b-6;Identification and authentication are required and managed for access to systems, applications, and hardware.;Cybersecurity Controls (Domain 3);Preventative Controls (PC);;aws;;PASS;User test-user does not have console access enabled or is unused.;arn:aws:iam::350381001508:user/test-user;iam_user_console_access_unused;False;test-user;FFIEC;FFIEC Cybersecurity Assessment Tool framework;
aws;In light of the increasing volume and sophistication of cyber threats, the Federal Financial Institutions Examination Council (FFIEC) developed the Cybersecurity Assessment Tool (Assessment), on behalf of its members, to help institutions identify their risks and determine their cybersecurity maturity.;350381001508;us-east-1;2026-08-01 19:04:21.788096;d3-pc-am-b-15;Remote access to critical systems by employees, contractors, and third parties uses encrypted connections and multifactor authentication.;Cybersecurity Controls (Domain 3);Preventative Controls (PC);;aws;;PASS;User research-admin has Console Password enabled and MFA enabled.;arn:aws:iam::350381001508:user/research-admin;iam_user_mfa_enabled_console_access;False;research-admin;FFIEC;FFIEC Cybersecurity Assessment Tool framework;
aws;In light of the increasing volume and sophistication of cyber threats, the Federal Financial Institutions Examination Council (FFIEC) developed the Cybersecurity Assessment Tool (Assessment), on behalf of its members, to help institutions identify their risks and determine their cybersecurity maturity.;350381001508;us-east-1;2026-08-01 19:04:21.788096;d3-pc-am-b-6;Identification and authentication are required and managed for access to systems, applications, and hardware.;Cybersecurity Controls (Domain 3);Preventative Controls (PC);;aws;;PASS;User research-admin has Console Password enabled and MFA enabled.;arn:aws:iam::350381001508:user/research-admin;iam_user_mfa_enabled_console_access;False;research-admin;FFIEC;FFIEC Cybersecurity Assessment Tool framework;
aws;In light of the increasing volume and sophistication of cyber threats, the Federal Financial Institutions Examination Council (FFIEC) developed the Cybersecurity Assessment Tool (Assessment), on behalf of its members, to help institutions identify their risks and determine their cybersecurity maturity.;350381001508;us-east-1;2026-08-01 19:04:21.788096;d3-pc-am-b-15;Remote access to critical systems by employees, contractors, and third parties uses encrypted connections and multifactor authentication.;Cybersecurity Controls (Domain 3);Preventative Controls (PC);;aws;;PASS;User scanner-user has Console Password enabled and MFA enabled.;arn:aws:iam::350381001508:user/scanner-user;iam_user_mfa_enabled_console_access;False;scanner-user;FFIEC;FFIEC Cybersecurity Assessment Tool framework;
aws;In light of the increasing volume and sophistication of cyber threats, the Federal Financial Institutions Examination Council (FFIEC) developed the Cybersecurity Assessment Tool (Assessment), on behalf of its members, to help institutions identify their risks and determine their cybersecurity maturity.;350381001508;us-east-1;2026-08-01 19:04:21.788096;d3-pc-am-b-6;Identification and authentication are required and managed for access to systems, applications, and hardware.;Cybersecurity Controls (Domain 3);Preventative Controls (PC);;aws;;PASS;User scanner-user has Console Password enabled and MFA enabled.;arn:aws:iam::350381001508:user/scanner-user;iam_user_mfa_enabled_console_access;False;scanner-user;FFIEC;FFIEC Cybersecurity Assessment Tool framework;
aws;In light of the increasing volume and sophistication of cyber threats, the Federal Financial Institutions Examination Council (FFIEC) developed the Cybersecurity Assessment Tool (Assessment), on behalf of its members, to help institutions identify their risks and determine their cybersecurity maturity.;350381001508;us-east-1;2026-08-01 19:04:21.788096;d3-pc-am-b-15;Remote access to critical systems by employees, contractors, and third parties uses encrypted connections and multifactor authentication.;Cybersecurity Controls (Domain 3);Preventative Controls (PC);;aws;;FAIL;User test-user has Console Password enabled but MFA disabled.;arn:aws:iam::350381001508:user/test-user;iam_user_mfa_enabled_console_access;False;test-user;FFIEC;FFIEC Cybersecurity Assessment Tool framework;
aws;In light of the increasing volume and sophistication of cyber threats, the Federal Financial Institutions Examination Council (FFIEC) developed the Cybersecurity Assessment Tool (Assessment), on behalf of its members, to help institutions identify their risks and determine their cybersecurity maturity.;350381001508;us-east-1;2026-08-01 19:04:21.788096;d3-pc-am-b-6;Identification and authentication are required and managed for access to systems, applications, and hardware.;Cybersecurity Controls (Domain 3);Preventative Controls (PC);;aws;;FAIL;User test-user has Console Password enabled but MFA disabled.;arn:aws:iam::350381001508:user/test-user;iam_user_mfa_enabled_console_access;False;test-user;FFIEC;FFIEC Cybersecurity Assessment Tool framework;
aws;In light of the increasing volume and sophistication of cyber threats, the Federal Financial Institutions Examination Council (FFIEC) developed the Cybersecurity Assessment Tool (Assessment), on behalf of its members, to help institutions identify their risks and determine their cybersecurity maturity.;350381001508;us-east-1;2026-08-01 19:04:21.788096;d3-pc-im-b-1;Network perimeter defense tools (e.g., border router and firewall) are used.;Cybersecurity Controls (Domain 3);Preventative Controls (PC);;aws;;FAIL;Block Public Access is not configured for the account 350381001508.;arn:aws:s3:us-east-1:350381001508:account;s3_account_level_public_access_blocks;False;350381001508;FFIEC;FFIEC Cybersecurity Assessment Tool framework;
aws;In light of the increasing volume and sophistication of cyber threats, the Federal Financial Institutions Examination Council (FFIEC) developed the Cybersecurity Assessment Tool (Assessment), on behalf of its members, to help institutions identify their risks and determine their cybersecurity maturity.;350381001508;us-east-1;2026-08-01 19:04:21.788096;d3-pc-am-b-12;All passwords are encrypted in storage and in transit.;Cybersecurity Controls (Domain 3);Preventative Controls (PC);;aws;;PASS;S3 Bucket aws-cloudtrail-logs-350381001508-dae76776 has Server Side Encryption with AES256.;arn:aws:s3:::aws-cloudtrail-logs-350381001508-dae76776;s3_bucket_default_encryption;False;aws-cloudtrail-logs-350381001508-dae76776;FFIEC;FFIEC Cybersecurity Assessment Tool framework;
aws;In light of the increasing volume and sophistication of cyber threats, the Federal Financial Institutions Examination Council (FFIEC) developed the Cybersecurity Assessment Tool (Assessment), on behalf of its members, to help institutions identify their risks and determine their cybersecurity maturity.;350381001508;us-east-1;2026-08-01 19:04:21.788096;d3-pc-am-b-12;All passwords are encrypted in storage and in transit.;Cybersecurity Controls (Domain 3);Preventative Controls (PC);;aws;;PASS;S3 Bucket public-bucket-open has Server Side Encryption with AES256.;arn:aws:s3:::public-bucket-open;s3_bucket_default_encryption;False;public-bucket-open;FFIEC;FFIEC Cybersecurity Assessment Tool framework;
aws;In light of the increasing volume and sophistication of cyber threats, the Federal Financial Institutions Examination Council (FFIEC) developed the Cybersecurity Assessment Tool (Assessment), on behalf of its members, to help institutions identify their risks and determine their cybersecurity maturity.;350381001508;us-east-1;2026-08-01 19:04:21.788096;d3-pc-am-b-12;All passwords are encrypted in storage and in transit.;Cybersecurity Controls (Domain 3);Preventative Controls (PC);;aws;;PASS;S3 Bucket research-secure-bucket has Server Side Encryption with AES256.;arn:aws:s3:::research-secure-bucket;s3_bucket_default_encryption;False;research-secure-bucket;FFIEC;FFIEC Cybersecurity Assessment Tool framework;
aws;In light of the increasing volume and sophistication of cyber threats, the Federal Financial Institutions Examination Council (FFIEC) developed the Cybersecurity Assessment Tool (Assessment), on behalf of its members, to help institutions identify their risks and determine their cybersecurity maturity.;350381001508;us-east-1;2026-08-01 19:04:21.788096;d5-ir-pl-b-6;The institution plans to use business continuity, disaster recovery, and data backup programs to recover operations following an incident.;Cyber Incident Management and Resilience (Domain 5);Incident Resilience Planning & Strategy (IR);;aws;;FAIL;S3 Bucket aws-cloudtrail-logs-350381001508-dae76776 has versioning disabled.;arn:aws:s3:::aws-cloudtrail-logs-350381001508-dae76776;s3_bucket_object_versioning;False;aws-cloudtrail-logs-350381001508-dae76776;FFIEC;FFIEC Cybersecurity Assessment Tool framework;
aws;In light of the increasing volume and sophistication of cyber threats, the Federal Financial Institutions Examination Council (FFIEC) developed the Cybersecurity Assessment Tool (Assessment), on behalf of its members, to help institutions identify their risks and determine their cybersecurity maturity.;350381001508;us-east-1;2026-08-01 19:04:21.788096;d5-ir-pl-b-6;The institution plans to use business continuity, disaster recovery, and data backup programs to recover operations following an incident.;Cyber Incident Management and Resilience (Domain 5);Incident Resilience Planning & Strategy (IR);;aws;;FAIL;S3 Bucket public-bucket-open has versioning disabled.;arn:aws:s3:::public-bucket-open;s3_bucket_object_versioning;False;public-bucket-open;FFIEC;FFIEC Cybersecurity Assessment Tool framework;
aws;In light of the increasing volume and sophistication of cyber threats, the Federal Financial Institutions Examination Council (FFIEC) developed the Cybersecurity Assessment Tool (Assessment), on behalf of its members, to help institutions identify their risks and determine their cybersecurity maturity.;350381001508;us-east-1;2026-08-01 19:04:21.788096;d5-ir-pl-b-6;The institution plans to use business continuity, disaster recovery, and data backup programs to recover operations following an incident.;Cyber Incident Management and Resilience (Domain 5);Incident Resilience Planning & Strategy (IR);;aws;;PASS;S3 Bucket research-secure-bucket has versioning enabled.;arn:aws:s3:::research-secure-bucket;s3_bucket_object_versioning;False;research-secure-bucket;FFIEC;FFIEC Cybersecurity Assessment Tool framework;
aws;In light of the increasing volume and sophistication of cyber threats, the Federal Financial Institutions Examination Council (FFIEC) developed the Cybersecurity Assessment Tool (Assessment), on behalf of its members, to help institutions identify their risks and determine their cybersecurity maturity.;350381001508;us-east-1;2026-08-01 19:04:21.788096;d3-pc-im-b-1;Network perimeter defense tools (e.g., border router and firewall) are used.;Cybersecurity Controls (Domain 3);Preventative Controls (PC);;aws;;PASS;S3 public access blocked at bucket level for aws-cloudtrail-logs-350381001508-dae76776.;arn:aws:s3:::aws-cloudtrail-logs-350381001508-dae76776;s3_bucket_policy_public_write_access;False;aws-cloudtrail-logs-350381001508-dae76776;FFIEC;FFIEC Cybersecurity Assessment Tool framework;
aws;In light of the increasing volume and sophistication of cyber threats, the Federal Financial Institutions Examination Council (FFIEC) developed the Cybersecurity Assessment Tool (Assessment), on behalf of its members, to help institutions identify their risks and determine their cybersecurity maturity.;350381001508;us-east-1;2026-08-01 19:04:21.788096;d3-pc-im-b-1;Network perimeter defense tools (e.g., border router and firewall) are used.;Cybersecurity Controls (Domain 3);Preventative Controls (PC);;aws;;PASS;S3 Bucket public-bucket-open does not allow public write access in the bucket policy.;arn:aws:s3:::public-bucket-open;s3_bucket_policy_public_write_access;False;public-bucket-open;FFIEC;FFIEC Cybersecurity Assessment Tool framework;
aws;In light of the increasing volume and sophistication of cyber threats, the Federal Financial Institutions Examination Council (FFIEC) developed the Cybersecurity Assessment Tool (Assessment), on behalf of its members, to help institutions identify their risks and determine their cybersecurity maturity.;350381001508;us-east-1;2026-08-01 19:04:21.788096;d3-pc-im-b-1;Network perimeter defense tools (e.g., border router and firewall) are used.;Cybersecurity Controls (Domain 3);Preventative Controls (PC);;aws;;PASS;S3 Bucket research-secure-bucket does not have a bucket policy.;arn:aws:s3:::research-secure-bucket;s3_bucket_policy_public_write_access;False;research-secure-bucket;FFIEC;FFIEC Cybersecurity Assessment Tool framework;
aws;In light of the increasing volume and sophistication of cyber threats, the Federal Financial Institutions Examination Council (FFIEC) developed the Cybersecurity Assessment Tool (Assessment), on behalf of its members, to help institutions identify their risks and determine their cybersecurity maturity.;350381001508;us-east-1;2026-08-01 19:04:21.788096;d3-pc-im-b-1;Network perimeter defense tools (e.g., border router and firewall) are used.;Cybersecurity Controls (Domain 3);Preventative Controls (PC);;aws;;PASS;S3 Bucket aws-cloudtrail-logs-350381001508-dae76776 is not public.;arn:aws:s3:::aws-cloudtrail-logs-350381001508-dae76776;s3_bucket_public_access;False;aws-cloudtrail-logs-350381001508-dae76776;FFIEC;FFIEC Cybersecurity Assessment Tool framework;
aws;In light of the increasing volume and sophistication of cyber threats, the Federal Financial Institutions Examination Council (FFIEC) developed the Cybersecurity Assessment Tool (Assessment), on behalf of its members, to help institutions identify their risks and determine their cybersecurity maturity.;350381001508;us-east-1;2026-08-01 19:04:21.788096;d3-pc-im-b-1;Network perimeter defense tools (e.g., border router and firewall) are used.;Cybersecurity Controls (Domain 3);Preventative Controls (PC);;aws;;FAIL;S3 Bucket public-bucket-open has public access due to bucket policy.;arn:aws:s3:::public-bucket-open;s3_bucket_public_access;False;public-bucket-open;FFIEC;FFIEC Cybersecurity Assessment Tool framework;
aws;In light of the increasing volume and sophistication of cyber threats, the Federal Financial Institutions Examination Council (FFIEC) developed the Cybersecurity Assessment Tool (Assessment), on behalf of its members, to help institutions identify their risks and determine their cybersecurity maturity.;350381001508;us-east-1;2026-08-01 19:04:21.788096;d3-pc-im-b-1;Network perimeter defense tools (e.g., border router and firewall) are used.;Cybersecurity Controls (Domain 3);Preventative Controls (PC);;aws;;PASS;S3 Bucket research-secure-bucket is not public.;arn:aws:s3:::research-secure-bucket;s3_bucket_public_access;False;research-secure-bucket;FFIEC;FFIEC Cybersecurity Assessment Tool framework;
aws;In light of the increasing volume and sophistication of cyber threats, the Federal Financial Institutions Examination Council (FFIEC) developed the Cybersecurity Assessment Tool (Assessment), on behalf of its members, to help institutions identify their risks and determine their cybersecurity maturity.;350381001508;us-east-1;2026-08-01 19:04:21.788096;d3-pc-am-b-12;All passwords are encrypted in storage and in transit.;Cybersecurity Controls (Domain 3);Preventative Controls (PC);;aws;;FAIL;S3 Bucket aws-cloudtrail-logs-350381001508-dae76776 allows requests over insecure transport in the bucket policy.;arn:aws:s3:::aws-cloudtrail-logs-350381001508-dae76776;s3_bucket_secure_transport_policy;False;aws-cloudtrail-logs-350381001508-dae76776;FFIEC;FFIEC Cybersecurity Assessment Tool framework;
aws;In light of the increasing volume and sophistication of cyber threats, the Federal Financial Institutions Examination Council (FFIEC) developed the Cybersecurity Assessment Tool (Assessment), on behalf of its members, to help institutions identify their risks and determine their cybersecurity maturity.;350381001508;us-east-1;2026-08-01 19:04:21.788096;d3-pc-am-b-13;Confidential data is encrypted when transmitted across public or untrusted networks (e.g., Internet).;Cybersecurity Controls (Domain 3);Preventative Controls (PC);;aws;;FAIL;S3 Bucket aws-cloudtrail-logs-350381001508-dae76776 allows requests over insecure transport in the bucket policy.;arn:aws:s3:::aws-cloudtrail-logs-350381001508-dae76776;s3_bucket_secure_transport_policy;False;aws-cloudtrail-logs-350381001508-dae76776;FFIEC;FFIEC Cybersecurity Assessment Tool framework;
aws;In light of the increasing volume and sophistication of cyber threats, the Federal Financial Institutions Examination Council (FFIEC) developed the Cybersecurity Assessment Tool (Assessment), on behalf of its members, to help institutions identify their risks and determine their cybersecurity maturity.;350381001508;us-east-1;2026-08-01 19:04:21.788096;d3-pc-am-b-15;Remote access to critical systems by employees, contractors, and third parties uses encrypted connections and multifactor authentication.;Cybersecurity Controls (Domain 3);Preventative Controls (PC);;aws;;FAIL;S3 Bucket aws-cloudtrail-logs-350381001508-dae76776 allows requests over insecure transport in the bucket policy.;arn:aws:s3:::aws-cloudtrail-logs-350381001508-dae76776;s3_bucket_secure_transport_policy;False;aws-cloudtrail-logs-350381001508-dae76776;FFIEC;FFIEC Cybersecurity Assessment Tool framework;
aws;In light of the increasing volume and sophistication of cyber threats, the Federal Financial Institutions Examination Council (FFIEC) developed the Cybersecurity Assessment Tool (Assessment), on behalf of its members, to help institutions identify their risks and determine their cybersecurity maturity.;350381001508;us-east-1;2026-08-01 19:04:21.788096;d3-pc-am-b-12;All passwords are encrypted in storage and in transit.;Cybersecurity Controls (Domain 3);Preventative Controls (PC);;aws;;FAIL;S3 Bucket public-bucket-open allows requests over insecure transport in the bucket policy.;arn:aws:s3:::public-bucket-open;s3_bucket_secure_transport_policy;False;public-bucket-open;FFIEC;FFIEC Cybersecurity Assessment Tool framework;
aws;In light of the increasing volume and sophistication of cyber threats, the Federal Financial Institutions Examination Council (FFIEC) developed the Cybersecurity Assessment Tool (Assessment), on behalf of its members, to help institutions identify their risks and determine their cybersecurity maturity.;350381001508;us-east-1;2026-08-01 19:04:21.788096;d3-pc-am-b-13;Confidential data is encrypted when transmitted across public or untrusted networks (e.g., Internet).;Cybersecurity Controls (Domain 3);Preventative Controls (PC);;aws;;FAIL;S3 Bucket public-bucket-open allows requests over insecure transport in the bucket policy.;arn:aws:s3:::public-bucket-open;s3_bucket_secure_transport_policy;False;public-bucket-open;FFIEC;FFIEC Cybersecurity Assessment Tool framework;
aws;In light of the increasing volume and sophistication of cyber threats, the Federal Financial Institutions Examination Council (FFIEC) developed the Cybersecurity Assessment Tool (Assessment), on behalf of its members, to help institutions identify their risks and determine their cybersecurity maturity.;350381001508;us-east-1;2026-08-01 19:04:21.788096;d3-pc-am-b-15;Remote access to critical systems by employees, contractors, and third parties uses encrypted connections and multifactor authentication.;Cybersecurity Controls (Domain 3);Preventative Controls (PC);;aws;;FAIL;S3 Bucket public-bucket-open allows requests over insecure transport in the bucket policy.;arn:aws:s3:::public-bucket-open;s3_bucket_secure_transport_policy;False;public-bucket-open;FFIEC;FFIEC Cybersecurity Assessment Tool framework;
aws;In light of the increasing volume and sophistication of cyber threats, the Federal Financial Institutions Examination Council (FFIEC) developed the Cybersecurity Assessment Tool (Assessment), on behalf of its members, to help institutions identify their risks and determine their cybersecurity maturity.;350381001508;us-east-1;2026-08-01 19:04:21.788096;d3-pc-am-b-12;All passwords are encrypted in storage and in transit.;Cybersecurity Controls (Domain 3);Preventative Controls (PC);;aws;;FAIL;S3 Bucket research-secure-bucket does not have a bucket policy, thus it allows HTTP requests.;arn:aws:s3:::research-secure-bucket;s3_bucket_secure_transport_policy;False;research-secure-bucket;FFIEC;FFIEC Cybersecurity Assessment Tool framework;
aws;In light of the increasing volume and sophistication of cyber threats, the Federal Financial Institutions Examination Council (FFIEC) developed the Cybersecurity Assessment Tool (Assessment), on behalf of its members, to help institutions identify their risks and determine their cybersecurity maturity.;350381001508;us-east-1;2026-08-01 19:04:21.788096;d3-pc-am-b-13;Confidential data is encrypted when transmitted across public or untrusted networks (e.g., Internet).;Cybersecurity Controls (Domain 3);Preventative Controls (PC);;aws;;FAIL;S3 Bucket research-secure-bucket does not have a bucket policy, thus it allows HTTP requests.;arn:aws:s3:::research-secure-bucket;s3_bucket_secure_transport_policy;False;research-secure-bucket;FFIEC;FFIEC Cybersecurity Assessment Tool framework;
aws;In light of the increasing volume and sophistication of cyber threats, the Federal Financial Institutions Examination Council (FFIEC) developed the Cybersecurity Assessment Tool (Assessment), on behalf of its members, to help institutions identify their risks and determine their cybersecurity maturity.;350381001508;us-east-1;2026-08-01 19:04:21.788096;d3-pc-am-b-15;Remote access to critical systems by employees, contractors, and third parties uses encrypted connections and multifactor authentication.;Cybersecurity Controls (Domain 3);Preventative Controls (PC);;aws;;FAIL;S3 Bucket research-secure-bucket does not have a bucket policy, thus it allows HTTP requests.;arn:aws:s3:::research-secure-bucket;s3_bucket_secure_transport_policy;False;research-secure-bucket;FFIEC;FFIEC Cybersecurity Assessment Tool framework;
aws;In light of the increasing volume and sophistication of cyber threats, the Federal Financial Institutions Examination Council (FFIEC) developed the Cybersecurity Assessment Tool (Assessment), on behalf of its members, to help institutions identify their risks and determine their cybersecurity maturity.;350381001508;us-east-1;2026-08-01 19:04:21.788096;d2-ma-ma-b-1;Information security threats are gathered and shared with applicable internal employees.;Threat Intelligence and Collaboration (Domain 2);Monitoring and Analyzing (MA);;aws;;FAIL;S3 Bucket aws-cloudtrail-logs-350381001508-dae76776 has server access logging disabled.;arn:aws:s3:::aws-cloudtrail-logs-350381001508-dae76776;s3_bucket_server_access_logging_enabled;False;aws-cloudtrail-logs-350381001508-dae76776;FFIEC;FFIEC Cybersecurity Assessment Tool framework;
aws;In light of the increasing volume and sophistication of cyber threats, the Federal Financial Institutions Examination Council (FFIEC) developed the Cybersecurity Assessment Tool (Assessment), on behalf of its members, to help institutions identify their risks and determine their cybersecurity maturity.;350381001508;us-east-1;2026-08-01 19:04:21.788096;d2-ma-ma-b-2;Computer event logs are used for investigations once an event has occurred.;Threat Intelligence and Collaboration (Domain 2);Monitoring and Analyzing (MA);;aws;;FAIL;S3 Bucket aws-cloudtrail-logs-350381001508-dae76776 has server access logging disabled.;arn:aws:s3:::aws-cloudtrail-logs-350381001508-dae76776;s3_bucket_server_access_logging_enabled;False;aws-cloudtrail-logs-350381001508-dae76776;FFIEC;FFIEC Cybersecurity Assessment Tool framework;
aws;In light of the increasing volume and sophistication of cyber threats, the Federal Financial Institutions Examination Council (FFIEC) developed the Cybersecurity Assessment Tool (Assessment), on behalf of its members, to help institutions identify their risks and determine their cybersecurity maturity.;350381001508;us-east-1;2026-08-01 19:04:21.788096;d3-dc-an-b-3;Logs of physical and/or logical access are reviewed following events.;Cybersecurity Controls (Domain 3);Detective Controls (DC);;aws;;FAIL;S3 Bucket aws-cloudtrail-logs-350381001508-dae76776 has server access logging disabled.;arn:aws:s3:::aws-cloudtrail-logs-350381001508-dae76776;s3_bucket_server_access_logging_enabled;False;aws-cloudtrail-logs-350381001508-dae76776;FFIEC;FFIEC Cybersecurity Assessment Tool framework;
aws;In light of the increasing volume and sophistication of cyber threats, the Federal Financial Institutions Examination Council (FFIEC) developed the Cybersecurity Assessment Tool (Assessment), on behalf of its members, to help institutions identify their risks and determine their cybersecurity maturity.;350381001508;us-east-1;2026-08-01 19:04:21.788096;d3-dc-an-b-4;Access to critical systems by third parties is monitored for unauthorized or unusual activity.;Cybersecurity Controls (Domain 3);Detective Controls (DC);;aws;;FAIL;S3 Bucket aws-cloudtrail-logs-350381001508-dae76776 has server access logging disabled.;arn:aws:s3:::aws-cloudtrail-logs-350381001508-dae76776;s3_bucket_server_access_logging_enabled;False;aws-cloudtrail-logs-350381001508-dae76776;FFIEC;FFIEC Cybersecurity Assessment Tool framework;
aws;In light of the increasing volume and sophistication of cyber threats, the Federal Financial Institutions Examination Council (FFIEC) developed the Cybersecurity Assessment Tool (Assessment), on behalf of its members, to help institutions identify their risks and determine their cybersecurity maturity.;350381001508;us-east-1;2026-08-01 19:04:21.788096;d5-dr-de-b-3;Tools and processes are in place to detect, alert, and trigger the incident response program.;Cyber Incident Management and Resilience (Domain 5);Detection, Response, & Mitigation (DR);;aws;;FAIL;S3 Bucket aws-cloudtrail-logs-350381001508-dae76776 has server access logging disabled.;arn:aws:s3:::aws-cloudtrail-logs-350381001508-dae76776;s3_bucket_server_access_logging_enabled;False;aws-cloudtrail-logs-350381001508-dae76776;FFIEC;FFIEC Cybersecurity Assessment Tool framework;
aws;In light of the increasing volume and sophistication of cyber threats, the Federal Financial Institutions Examination Council (FFIEC) developed the Cybersecurity Assessment Tool (Assessment), on behalf of its members, to help institutions identify their risks and determine their cybersecurity maturity.;350381001508;us-east-1;2026-08-01 19:04:21.788096;d2-ma-ma-b-1;Information security threats are gathered and shared with applicable internal employees.;Threat Intelligence and Collaboration (Domain 2);Monitoring and Analyzing (MA);;aws;;FAIL;S3 Bucket public-bucket-open has server access logging disabled.;arn:aws:s3:::public-bucket-open;s3_bucket_server_access_logging_enabled;False;public-bucket-open;FFIEC;FFIEC Cybersecurity Assessment Tool framework;
aws;In light of the increasing volume and sophistication of cyber threats, the Federal Financial Institutions Examination Council (FFIEC) developed the Cybersecurity Assessment Tool (Assessment), on behalf of its members, to help institutions identify their risks and determine their cybersecurity maturity.;350381001508;us-east-1;2026-08-01 19:04:21.788096;d2-ma-ma-b-2;Computer event logs are used for investigations once an event has occurred.;Threat Intelligence and Collaboration (Domain 2);Monitoring and Analyzing (MA);;aws;;FAIL;S3 Bucket public-bucket-open has server access logging disabled.;arn:aws:s3:::public-bucket-open;s3_bucket_server_access_logging_enabled;False;public-bucket-open;FFIEC;FFIEC Cybersecurity Assessment Tool framework;
aws;In light of the increasing volume and sophistication of cyber threats, the Federal Financial Institutions Examination Council (FFIEC) developed the Cybersecurity Assessment Tool (Assessment), on behalf of its members, to help institutions identify their risks and determine their cybersecurity maturity.;350381001508;us-east-1;2026-08-01 19:04:21.788096;d3-dc-an-b-3;Logs of physical and/or logical access are reviewed following events.;Cybersecurity Controls (Domain 3);Detective Controls (DC);;aws;;FAIL;S3 Bucket public-bucket-open has server access logging disabled.;arn:aws:s3:::public-bucket-open;s3_bucket_server_access_logging_enabled;False;public-bucket-open;FFIEC;FFIEC Cybersecurity Assessment Tool framework;
aws;In light of the increasing volume and sophistication of cyber threats, the Federal Financial Institutions Examination Council (FFIEC) developed the Cybersecurity Assessment Tool (Assessment), on behalf of its members, to help institutions identify their risks and determine their cybersecurity maturity.;350381001508;us-east-1;2026-08-01 19:04:21.788096;d3-dc-an-b-4;Access to critical systems by third parties is monitored for unauthorized or unusual activity.;Cybersecurity Controls (Domain 3);Detective Controls (DC);;aws;;FAIL;S3 Bucket public-bucket-open has server access logging disabled.;arn:aws:s3:::public-bucket-open;s3_bucket_server_access_logging_enabled;False;public-bucket-open;FFIEC;FFIEC Cybersecurity Assessment Tool framework;
aws;In light of the increasing volume and sophistication of cyber threats, the Federal Financial Institutions Examination Council (FFIEC) developed the Cybersecurity Assessment Tool (Assessment), on behalf of its members, to help institutions identify their risks and determine their cybersecurity maturity.;350381001508;us-east-1;2026-08-01 19:04:21.788096;d5-dr-de-b-3;Tools and processes are in place to detect, alert, and trigger the incident response program.;Cyber Incident Management and Resilience (Domain 5);Detection, Response, & Mitigation (DR);;aws;;FAIL;S3 Bucket public-bucket-open has server access logging disabled.;arn:aws:s3:::public-bucket-open;s3_bucket_server_access_logging_enabled;False;public-bucket-open;FFIEC;FFIEC Cybersecurity Assessment Tool framework;
aws;In light of the increasing volume and sophistication of cyber threats, the Federal Financial Institutions Examination Council (FFIEC) developed the Cybersecurity Assessment Tool (Assessment), on behalf of its members, to help institutions identify their risks and determine their cybersecurity maturity.;350381001508;us-east-1;2026-08-01 19:04:21.788096;d2-ma-ma-b-1;Information security threats are gathered and shared with applicable internal employees.;Threat Intelligence and Collaboration (Domain 2);Monitoring and Analyzing (MA);;aws;;FAIL;S3 Bucket research-secure-bucket has server access logging disabled.;arn:aws:s3:::research-secure-bucket;s3_bucket_server_access_logging_enabled;False;research-secure-bucket;FFIEC;FFIEC Cybersecurity Assessment Tool framework;
aws;In light of the increasing volume and sophistication of cyber threats, the Federal Financial Institutions Examination Council (FFIEC) developed the Cybersecurity Assessment Tool (Assessment), on behalf of its members, to help institutions identify their risks and determine their cybersecurity maturity.;350381001508;us-east-1;2026-08-01 19:04:21.788096;d2-ma-ma-b-2;Computer event logs are used for investigations once an event has occurred.;Threat Intelligence and Collaboration (Domain 2);Monitoring and Analyzing (MA);;aws;;FAIL;S3 Bucket research-secure-bucket has server access logging disabled.;arn:aws:s3:::research-secure-bucket;s3_bucket_server_access_logging_enabled;False;research-secure-bucket;FFIEC;FFIEC Cybersecurity Assessment Tool framework;
aws;In light of the increasing volume and sophistication of cyber threats, the Federal Financial Institutions Examination Council (FFIEC) developed the Cybersecurity Assessment Tool (Assessment), on behalf of its members, to help institutions identify their risks and determine their cybersecurity maturity.;350381001508;us-east-1;2026-08-01 19:04:21.788096;d3-dc-an-b-3;Logs of physical and/or logical access are reviewed following events.;Cybersecurity Controls (Domain 3);Detective Controls (DC);;aws;;FAIL;S3 Bucket research-secure-bucket has server access logging disabled.;arn:aws:s3:::research-secure-bucket;s3_bucket_server_access_logging_enabled;False;research-secure-bucket;FFIEC;FFIEC Cybersecurity Assessment Tool framework;
aws;In light of the increasing volume and sophistication of cyber threats, the Federal Financial Institutions Examination Council (FFIEC) developed the Cybersecurity Assessment Tool (Assessment), on behalf of its members, to help institutions identify their risks and determine their cybersecurity maturity.;350381001508;us-east-1;2026-08-01 19:04:21.788096;d3-dc-an-b-4;Access to critical systems by third parties is monitored for unauthorized or unusual activity.;Cybersecurity Controls (Domain 3);Detective Controls (DC);;aws;;FAIL;S3 Bucket research-secure-bucket has server access logging disabled.;arn:aws:s3:::research-secure-bucket;s3_bucket_server_access_logging_enabled;False;research-secure-bucket;FFIEC;FFIEC Cybersecurity Assessment Tool framework;
aws;In light of the increasing volume and sophistication of cyber threats, the Federal Financial Institutions Examination Council (FFIEC) developed the Cybersecurity Assessment Tool (Assessment), on behalf of its members, to help institutions identify their risks and determine their cybersecurity maturity.;350381001508;us-east-1;2026-08-01 19:04:21.788096;d5-dr-de-b-3;Tools and processes are in place to detect, alert, and trigger the incident response program.;Cyber Incident Management and Resilience (Domain 5);Detection, Response, & Mitigation (DR);;aws;;FAIL;S3 Bucket research-secure-bucket has server access logging disabled.;arn:aws:s3:::research-secure-bucket;s3_bucket_server_access_logging_enabled;False;research-secure-bucket;FFIEC;FFIEC Cybersecurity Assessment Tool framework;
aws;In light of the increasing volume and sophistication of cyber threats, the Federal Financial Institutions Examination Council (FFIEC) developed the Cybersecurity Assessment Tool (Assessment), on behalf of its members, to help institutions identify their risks and determine their cybersecurity maturity.;350381001508;us-east-1;2026-08-01 19:04:21.788096;d2-ma-ma-b-1;Information security threats are gathered and shared with applicable internal employees.;Threat Intelligence and Collaboration (Domain 2);Monitoring and Analyzing (MA);;aws;;FAIL;VPC research-vpc Flow logs are disabled.;arn:aws:ec2:us-east-1:350381001508:vpc/vpc-081d4be98bcc01b9b;vpc_flow_logs_enabled;False;vpc-081d4be98bcc01b9b;FFIEC;FFIEC Cybersecurity Assessment Tool framework;
aws;In light of the increasing volume and sophistication of cyber threats, the Federal Financial Institutions Examination Council (FFIEC) developed the Cybersecurity Assessment Tool (Assessment), on behalf of its members, to help institutions identify their risks and determine their cybersecurity maturity.;350381001508;us-east-1;2026-08-01 19:04:21.788096;d2-ma-ma-b-2;Computer event logs are used for investigations once an event has occurred.;Threat Intelligence and Collaboration (Domain 2);Monitoring and Analyzing (MA);;aws;;FAIL;VPC research-vpc Flow logs are disabled.;arn:aws:ec2:us-east-1:350381001508:vpc/vpc-081d4be98bcc01b9b;vpc_flow_logs_enabled;False;vpc-081d4be98bcc01b9b;FFIEC;FFIEC Cybersecurity Assessment Tool framework;
aws;In light of the increasing volume and sophistication of cyber threats, the Federal Financial Institutions Examination Council (FFIEC) developed the Cybersecurity Assessment Tool (Assessment), on behalf of its members, to help institutions identify their risks and determine their cybersecurity maturity.;350381001508;us-east-1;2026-08-01 19:04:21.788096;d3-dc-an-b-3;Logs of physical and/or logical access are reviewed following events.;Cybersecurity Controls (Domain 3);Detective Controls (DC);;aws;;FAIL;VPC research-vpc Flow logs are disabled.;arn:aws:ec2:us-east-1:350381001508:vpc/vpc-081d4be98bcc01b9b;vpc_flow_logs_enabled;False;vpc-081d4be98bcc01b9b;FFIEC;FFIEC Cybersecurity Assessment Tool framework;
aws;In light of the increasing volume and sophistication of cyber threats, the Federal Financial Institutions Examination Council (FFIEC) developed the Cybersecurity Assessment Tool (Assessment), on behalf of its members, to help institutions identify their risks and determine their cybersecurity maturity.;350381001508;us-east-1;2026-08-01 19:04:21.788096;d3-dc-an-b-4;Access to critical systems by third parties is monitored for unauthorized or unusual activity.;Cybersecurity Controls (Domain 3);Detective Controls (DC);;aws;;FAIL;VPC research-vpc Flow logs are disabled.;arn:aws:ec2:us-east-1:350381001508:vpc/vpc-081d4be98bcc01b9b;vpc_flow_logs_enabled;False;vpc-081d4be98bcc01b9b;FFIEC;FFIEC Cybersecurity Assessment Tool framework;
aws;In light of the increasing volume and sophistication of cyber threats, the Federal Financial Institutions Examination Council (FFIEC) developed the Cybersecurity Assessment Tool (Assessment), on behalf of its members, to help institutions identify their risks and determine their cybersecurity maturity.;350381001508;us-east-1;2026-08-01 19:04:21.788096;d3-dc-ev-b-1;A normal network activity baseline is established.;Cybersecurity Controls (Domain 3);Detective Controls (DC);;aws;;FAIL;VPC research-vpc Flow logs are disabled.;arn:aws:ec2:us-east-1:350381001508:vpc/vpc-081d4be98bcc01b9b;vpc_flow_logs_enabled;False;vpc-081d4be98bcc01b9b;FFIEC;FFIEC Cybersecurity Assessment Tool framework;
aws;In light of the increasing volume and sophistication of cyber threats, the Federal Financial Institutions Examination Council (FFIEC) developed the Cybersecurity Assessment Tool (Assessment), on behalf of its members, to help institutions identify their risks and determine their cybersecurity maturity.;350381001508;us-east-1;2026-08-01 19:04:21.788096;d3-dc-ev-b-3;Processes are in place to monitor for the presence of unauthorized users, devices, connections, and software.;Cybersecurity Controls (Domain 3);Detective Controls (DC);;aws;;FAIL;VPC research-vpc Flow logs are disabled.;arn:aws:ec2:us-east-1:350381001508:vpc/vpc-081d4be98bcc01b9b;vpc_flow_logs_enabled;False;vpc-081d4be98bcc01b9b;FFIEC;FFIEC Cybersecurity Assessment Tool framework;
aws;In light of the increasing volume and sophistication of cyber threats, the Federal Financial Institutions Examination Council (FFIEC) developed the Cybersecurity Assessment Tool (Assessment), on behalf of its members, to help institutions identify their risks and determine their cybersecurity maturity.;350381001508;us-east-1;2026-08-01 19:04:21.788096;d3-pc-im-b-3;All ports are monitored.;Cybersecurity Controls (Domain 3);Preventative Controls (PC);;aws;;FAIL;VPC research-vpc Flow logs are disabled.;arn:aws:ec2:us-east-1:350381001508:vpc/vpc-081d4be98bcc01b9b;vpc_flow_logs_enabled;False;vpc-081d4be98bcc01b9b;FFIEC;FFIEC Cybersecurity Assessment Tool framework;
aws;In light of the increasing volume and sophistication of cyber threats, the Federal Financial Institutions Examination Council (FFIEC) developed the Cybersecurity Assessment Tool (Assessment), on behalf of its members, to help institutions identify their risks and determine their cybersecurity maturity.;;;2026-08-01 19:04:21.788096;d3-pc-se-b-1;Developers working for the institution follow secure program coding practices, as part of a system development life cycle (SDLC), that meet industry standards.;Cybersecurity Controls (Domain 3);Preventative Controls (PC);;aws;;MANUAL;Manual check;manual_check;manual;False;Manual check;FFIEC;FFIEC Cybersecurity Assessment Tool framework;
aws;In light of the increasing volume and sophistication of cyber threats, the Federal Financial Institutions Examination Council (FFIEC) developed the Cybersecurity Assessment Tool (Assessment), on behalf of its members, to help institutions identify their risks and determine their cybersecurity maturity.;;;2026-08-01 19:04:21.788096;d5-dr-de-b-2;System performance reports contain information that can be used as a risk indicator to detect information security incidents.;Cyber Incident Management and Resilience (Domain 5);Detection, Response, & Mitigation (DR);;aws;;MANUAL;Manual check;manual_check;manual;False;Manual check;FFIEC;FFIEC Cybersecurity Assessment Tool framework;
