PROVIDER;DESCRIPTION;ACCOUNTID;REGION;ASSESSMENTDATE;REQUIREMENTS_ID;REQUIREMENTS_DESCRIPTION;REQUIREMENTS_ATTRIBUTES_SECTION;REQUIREMENTS_ATTRIBUTES_SUBSECTION;REQUIREMENTS_ATTRIBUTES_SUBGROUP;REQUIREMENTS_ATTRIBUTES_SERVICE;REQUIREMENTS_ATTRIBUTES_TYPE;STATUS;STATUSEXTENDED;RESOURCEID;CHECKID;MUTED;RESOURCENAME;FRAMEWORK;NAME;REQUIREMENTS_ATTRIBUTES_COMMENT
aws;The NIST Cybersecurity Framework (CSF) 2.0 offers a taxonomy of high-level cybersecurity outcomes that can be used by any organization regardless of its size, sector, or maturity to better understand, assess, prioritize, and communicate its cybersecurity efforts. The framework's core functions are organized into six key areas: Govern (new), Identify, Protect, Detect, Respond, and Recover. Together, these functions provide a comprehensive lifecycle approach to managing cybersecurity risk.;350381001508;ap-northeast-1;2026-08-01 19:04:21.788096;po_3;Legal and regulatory requirements regarding cybersecurity, including privacy and civil liberties obligations, are understood and managed.;Govern (GV);Policies, Processes, and Procedures (GV.PO);;aws;;FAIL;IAM Access Analyzer in account 350381001508 is not enabled.;arn:aws:accessanalyzer:ap-northeast-1:350381001508:analyzer/unknown;accessanalyzer_enabled;False;analyzer/unknown;NIST-CSF;National Institute of Standards and Technology (NIST) Cybersecurity Framework (CSF) v2.0;
aws;The NIST Cybersecurity Framework (CSF) 2.0 offers a taxonomy of high-level cybersecurity outcomes that can be used by any organization regardless of its size, sector, or maturity to better understand, assess, prioritize, and communicate its cybersecurity efforts. The framework's core functions are organized into six key areas: Govern (new), Identify, Protect, Detect, Respond, and Recover. Together, these functions provide a comprehensive lifecycle approach to managing cybersecurity risk.;350381001508;ap-northeast-1;2026-08-01 19:04:21.788096;po_4;Governance and risk management processes address cybersecurity risks.;Govern (GV);Policies, Processes, and Procedures (GV.PO);;aws;;FAIL;IAM Access Analyzer in account 350381001508 is not enabled.;arn:aws:accessanalyzer:ap-northeast-1:350381001508:analyzer/unknown;accessanalyzer_enabled;False;analyzer/unknown;NIST-CSF;National Institute of Standards and Technology (NIST) Cybersecurity Framework (CSF) v2.0;
aws;The NIST Cybersecurity Framework (CSF) 2.0 offers a taxonomy of high-level cybersecurity outcomes that can be used by any organization regardless of its size, sector, or maturity to better understand, assess, prioritize, and communicate its cybersecurity efforts. The framework's core functions are organized into six key areas: Govern (new), Identify, Protect, Detect, Respond, and Recover. Together, these functions provide a comprehensive lifecycle approach to managing cybersecurity risk.;350381001508;ap-northeast-1;2026-08-01 19:04:21.788096;ov_2;Cybersecurity risk management performance is measured and reported.;Govern (GV);Oversight (GV.OV);;aws;;FAIL;IAM Access Analyzer in account 350381001508 is not enabled.;arn:aws:accessanalyzer:ap-northeast-1:350381001508:analyzer/unknown;accessanalyzer_enabled;False;analyzer/unknown;NIST-CSF;National Institute of Standards and Technology (NIST) Cybersecurity Framework (CSF) v2.0;
aws;The NIST Cybersecurity Framework (CSF) 2.0 offers a taxonomy of high-level cybersecurity outcomes that can be used by any organization regardless of its size, sector, or maturity to better understand, assess, prioritize, and communicate its cybersecurity efforts. The framework's core functions are organized into six key areas: Govern (new), Identify, Protect, Detect, Respond, and Recover. Together, these functions provide a comprehensive lifecycle approach to managing cybersecurity risk.;350381001508;ap-northeast-1;2026-08-01 19:04:21.788096;ov_3;Cybersecurity risk management strategy and practices are reviewed and adjusted to adapt to changes in the threat landscape, technologies, or mission, business, or system environments.;Govern (GV);Oversight (GV.OV);;aws;;FAIL;IAM Access Analyzer in account 350381001508 is not enabled.;arn:aws:accessanalyzer:ap-northeast-1:350381001508:analyzer/unknown;accessanalyzer_enabled;False;analyzer/unknown;NIST-CSF;National Institute of Standards and Technology (NIST) Cybersecurity Framework (CSF) v2.0;
aws;The NIST Cybersecurity Framework (CSF) 2.0 offers a taxonomy of high-level cybersecurity outcomes that can be used by any organization regardless of its size, sector, or maturity to better understand, assess, prioritize, and communicate its cybersecurity efforts. The framework's core functions are organized into six key areas: Govern (new), Identify, Protect, Detect, Respond, and Recover. Together, these functions provide a comprehensive lifecycle approach to managing cybersecurity risk.;350381001508;ap-northeast-1;2026-08-01 19:04:21.788096;ac_1;Identities and credentials are issued, managed, verified, revoked, and audited for authorized devices, users and processes.;Protect (PR);Identity Management and Access Control (PR.AC);;aws;;FAIL;IAM Access Analyzer in account 350381001508 is not enabled.;arn:aws:accessanalyzer:ap-northeast-1:350381001508:analyzer/unknown;accessanalyzer_enabled;False;analyzer/unknown;NIST-CSF;National Institute of Standards and Technology (NIST) Cybersecurity Framework (CSF) v2.0;
aws;The NIST Cybersecurity Framework (CSF) 2.0 offers a taxonomy of high-level cybersecurity outcomes that can be used by any organization regardless of its size, sector, or maturity to better understand, assess, prioritize, and communicate its cybersecurity efforts. The framework's core functions are organized into six key areas: Govern (new), Identify, Protect, Detect, Respond, and Recover. Together, these functions provide a comprehensive lifecycle approach to managing cybersecurity risk.;350381001508;ap-northeast-1;2026-08-01 19:04:21.788096;ac_6;Identities are proofed and bound to credentials and asserted in interactions.;Protect (PR);Identity Management and Access Control (PR.AC);;aws;;FAIL;IAM Access Analyzer in account 350381001508 is not enabled.;arn:aws:accessanalyzer:ap-northeast-1:350381001508:analyzer/unknown;accessanalyzer_enabled;False;analyzer/unknown;NIST-CSF;National Institute of Standards and Technology (NIST) Cybersecurity Framework (CSF) v2.0;
aws;The NIST Cybersecurity Framework (CSF) 2.0 offers a taxonomy of high-level cybersecurity outcomes that can be used by any organization regardless of its size, sector, or maturity to better understand, assess, prioritize, and communicate its cybersecurity efforts. The framework's core functions are organized into six key areas: Govern (new), Identify, Protect, Detect, Respond, and Recover. Together, these functions provide a comprehensive lifecycle approach to managing cybersecurity risk.;350381001508;ap-northeast-2;2026-08-01 19:04:21.788096;po_3;Legal and regulatory requirements regarding cybersecurity, including privacy and civil liberties obligations, are understood and managed.;Govern (GV);Policies, Processes, and Procedures (GV.PO);;aws;;FAIL;IAM Access Analyzer in account 350381001508 is not enabled.;arn:aws:accessanalyzer:ap-northeast-2:350381001508:analyzer/unknown;accessanalyzer_enabled;False;analyzer/unknown;NIST-CSF;National Institute of Standards and Technology (NIST) Cybersecurity Framework (CSF) v2.0;
aws;The NIST Cybersecurity Framework (CSF) 2.0 offers a taxonomy of high-level cybersecurity outcomes that can be used by any organization regardless of its size, sector, or maturity to better understand, assess, prioritize, and communicate its cybersecurity efforts. The framework's core functions are organized into six key areas: Govern (new), Identify, Protect, Detect, Respond, and Recover. Together, these functions provide a comprehensive lifecycle approach to managing cybersecurity risk.;350381001508;ap-northeast-2;2026-08-01 19:04:21.788096;po_4;Governance and risk management processes address cybersecurity risks.;Govern (GV);Policies, Processes, and Procedures (GV.PO);;aws;;FAIL;IAM Access Analyzer in account 350381001508 is not enabled.;arn:aws:accessanalyzer:ap-northeast-2:350381001508:analyzer/unknown;accessanalyzer_enabled;False;analyzer/unknown;NIST-CSF;National Institute of Standards and Technology (NIST) Cybersecurity Framework (CSF) v2.0;
aws;The NIST Cybersecurity Framework (CSF) 2.0 offers a taxonomy of high-level cybersecurity outcomes that can be used by any organization regardless of its size, sector, or maturity to better understand, assess, prioritize, and communicate its cybersecurity efforts. The framework's core functions are organized into six key areas: Govern (new), Identify, Protect, Detect, Respond, and Recover. Together, these functions provide a comprehensive lifecycle approach to managing cybersecurity risk.;350381001508;ap-northeast-2;2026-08-01 19:04:21.788096;ov_2;Cybersecurity risk management performance is measured and reported.;Govern (GV);Oversight (GV.OV);;aws;;FAIL;IAM Access Analyzer in account 350381001508 is not enabled.;arn:aws:accessanalyzer:ap-northeast-2:350381001508:analyzer/unknown;accessanalyzer_enabled;False;analyzer/unknown;NIST-CSF;National Institute of Standards and Technology (NIST) Cybersecurity Framework (CSF) v2.0;
aws;The NIST Cybersecurity Framework (CSF) 2.0 offers a taxonomy of high-level cybersecurity outcomes that can be used by any organization regardless of its size, sector, or maturity to better understand, assess, prioritize, and communicate its cybersecurity efforts. The framework's core functions are organized into six key areas: Govern (new), Identify, Protect, Detect, Respond, and Recover. Together, these functions provide a comprehensive lifecycle approach to managing cybersecurity risk.;350381001508;ap-northeast-2;2026-08-01 19:04:21.788096;ov_3;Cybersecurity risk management strategy and practices are reviewed and adjusted to adapt to changes in the threat landscape, technologies, or mission, business, or system environments.;Govern (GV);Oversight (GV.OV);;aws;;FAIL;IAM Access Analyzer in account 350381001508 is not enabled.;arn:aws:accessanalyzer:ap-northeast-2:350381001508:analyzer/unknown;accessanalyzer_enabled;False;analyzer/unknown;NIST-CSF;National Institute of Standards and Technology (NIST) Cybersecurity Framework (CSF) v2.0;
aws;The NIST Cybersecurity Framework (CSF) 2.0 offers a taxonomy of high-level cybersecurity outcomes that can be used by any organization regardless of its size, sector, or maturity to better understand, assess, prioritize, and communicate its cybersecurity efforts. The framework's core functions are organized into six key areas: Govern (new), Identify, Protect, Detect, Respond, and Recover. Together, these functions provide a comprehensive lifecycle approach to managing cybersecurity risk.;350381001508;ap-northeast-2;2026-08-01 19:04:21.788096;ac_1;Identities and credentials are issued, managed, verified, revoked, and audited for authorized devices, users and processes.;Protect (PR);Identity Management and Access Control (PR.AC);;aws;;FAIL;IAM Access Analyzer in account 350381001508 is not enabled.;arn:aws:accessanalyzer:ap-northeast-2:350381001508:analyzer/unknown;accessanalyzer_enabled;False;analyzer/unknown;NIST-CSF;National Institute of Standards and Technology (NIST) Cybersecurity Framework (CSF) v2.0;
aws;The NIST Cybersecurity Framework (CSF) 2.0 offers a taxonomy of high-level cybersecurity outcomes that can be used by any organization regardless of its size, sector, or maturity to better understand, assess, prioritize, and communicate its cybersecurity efforts. The framework's core functions are organized into six key areas: Govern (new), Identify, Protect, Detect, Respond, and Recover. Together, these functions provide a comprehensive lifecycle approach to managing cybersecurity risk.;350381001508;ap-northeast-2;2026-08-01 19:04:21.788096;ac_6;Identities are proofed and bound to credentials and asserted in interactions.;Protect (PR);Identity Management and Access Control (PR.AC);;aws;;FAIL;IAM Access Analyzer in account 350381001508 is not enabled.;arn:aws:accessanalyzer:ap-northeast-2:350381001508:analyzer/unknown;accessanalyzer_enabled;False;analyzer/unknown;NIST-CSF;National Institute of Standards and Technology (NIST) Cybersecurity Framework (CSF) v2.0;
aws;The NIST Cybersecurity Framework (CSF) 2.0 offers a taxonomy of high-level cybersecurity outcomes that can be used by any organization regardless of its size, sector, or maturity to better understand, assess, prioritize, and communicate its cybersecurity efforts. The framework's core functions are organized into six key areas: Govern (new), Identify, Protect, Detect, Respond, and Recover. Together, these functions provide a comprehensive lifecycle approach to managing cybersecurity risk.;350381001508;ap-northeast-3;2026-08-01 19:04:21.788096;po_3;Legal and regulatory requirements regarding cybersecurity, including privacy and civil liberties obligations, are understood and managed.;Govern (GV);Policies, Processes, and Procedures (GV.PO);;aws;;FAIL;IAM Access Analyzer in account 350381001508 is not enabled.;arn:aws:accessanalyzer:ap-northeast-3:350381001508:analyzer/unknown;accessanalyzer_enabled;False;analyzer/unknown;NIST-CSF;National Institute of Standards and Technology (NIST) Cybersecurity Framework (CSF) v2.0;
aws;The NIST Cybersecurity Framework (CSF) 2.0 offers a taxonomy of high-level cybersecurity outcomes that can be used by any organization regardless of its size, sector, or maturity to better understand, assess, prioritize, and communicate its cybersecurity efforts. The framework's core functions are organized into six key areas: Govern (new), Identify, Protect, Detect, Respond, and Recover. Together, these functions provide a comprehensive lifecycle approach to managing cybersecurity risk.;350381001508;ap-northeast-3;2026-08-01 19:04:21.788096;po_4;Governance and risk management processes address cybersecurity risks.;Govern (GV);Policies, Processes, and Procedures (GV.PO);;aws;;FAIL;IAM Access Analyzer in account 350381001508 is not enabled.;arn:aws:accessanalyzer:ap-northeast-3:350381001508:analyzer/unknown;accessanalyzer_enabled;False;analyzer/unknown;NIST-CSF;National Institute of Standards and Technology (NIST) Cybersecurity Framework (CSF) v2.0;
aws;The NIST Cybersecurity Framework (CSF) 2.0 offers a taxonomy of high-level cybersecurity outcomes that can be used by any organization regardless of its size, sector, or maturity to better understand, assess, prioritize, and communicate its cybersecurity efforts. The framework's core functions are organized into six key areas: Govern (new), Identify, Protect, Detect, Respond, and Recover. Together, these functions provide a comprehensive lifecycle approach to managing cybersecurity risk.;350381001508;ap-northeast-3;2026-08-01 19:04:21.788096;ov_2;Cybersecurity risk management performance is measured and reported.;Govern (GV);Oversight (GV.OV);;aws;;FAIL;IAM Access Analyzer in account 350381001508 is not enabled.;arn:aws:accessanalyzer:ap-northeast-3:350381001508:analyzer/unknown;accessanalyzer_enabled;False;analyzer/unknown;NIST-CSF;National Institute of Standards and Technology (NIST) Cybersecurity Framework (CSF) v2.0;
aws;The NIST Cybersecurity Framework (CSF) 2.0 offers a taxonomy of high-level cybersecurity outcomes that can be used by any organization regardless of its size, sector, or maturity to better understand, assess, prioritize, and communicate its cybersecurity efforts. The framework's core functions are organized into six key areas: Govern (new), Identify, Protect, Detect, Respond, and Recover. Together, these functions provide a comprehensive lifecycle approach to managing cybersecurity risk.;350381001508;ap-northeast-3;2026-08-01 19:04:21.788096;ov_3;Cybersecurity risk management strategy and practices are reviewed and adjusted to adapt to changes in the threat landscape, technologies, or mission, business, or system environments.;Govern (GV);Oversight (GV.OV);;aws;;FAIL;IAM Access Analyzer in account 350381001508 is not enabled.;arn:aws:accessanalyzer:ap-northeast-3:350381001508:analyzer/unknown;accessanalyzer_enabled;False;analyzer/unknown;NIST-CSF;National Institute of Standards and Technology (NIST) Cybersecurity Framework (CSF) v2.0;
aws;The NIST Cybersecurity Framework (CSF) 2.0 offers a taxonomy of high-level cybersecurity outcomes that can be used by any organization regardless of its size, sector, or maturity to better understand, assess, prioritize, and communicate its cybersecurity efforts. The framework's core functions are organized into six key areas: Govern (new), Identify, Protect, Detect, Respond, and Recover. Together, these functions provide a comprehensive lifecycle approach to managing cybersecurity risk.;350381001508;ap-northeast-3;2026-08-01 19:04:21.788096;ac_1;Identities and credentials are issued, managed, verified, revoked, and audited for authorized devices, users and processes.;Protect (PR);Identity Management and Access Control (PR.AC);;aws;;FAIL;IAM Access Analyzer in account 350381001508 is not enabled.;arn:aws:accessanalyzer:ap-northeast-3:350381001508:analyzer/unknown;accessanalyzer_enabled;False;analyzer/unknown;NIST-CSF;National Institute of Standards and Technology (NIST) Cybersecurity Framework (CSF) v2.0;
aws;The NIST Cybersecurity Framework (CSF) 2.0 offers a taxonomy of high-level cybersecurity outcomes that can be used by any organization regardless of its size, sector, or maturity to better understand, assess, prioritize, and communicate its cybersecurity efforts. The framework's core functions are organized into six key areas: Govern (new), Identify, Protect, Detect, Respond, and Recover. Together, these functions provide a comprehensive lifecycle approach to managing cybersecurity risk.;350381001508;ap-northeast-3;2026-08-01 19:04:21.788096;ac_6;Identities are proofed and bound to credentials and asserted in interactions.;Protect (PR);Identity Management and Access Control (PR.AC);;aws;;FAIL;IAM Access Analyzer in account 350381001508 is not enabled.;arn:aws:accessanalyzer:ap-northeast-3:350381001508:analyzer/unknown;accessanalyzer_enabled;False;analyzer/unknown;NIST-CSF;National Institute of Standards and Technology (NIST) Cybersecurity Framework (CSF) v2.0;
aws;The NIST Cybersecurity Framework (CSF) 2.0 offers a taxonomy of high-level cybersecurity outcomes that can be used by any organization regardless of its size, sector, or maturity to better understand, assess, prioritize, and communicate its cybersecurity efforts. The framework's core functions are organized into six key areas: Govern (new), Identify, Protect, Detect, Respond, and Recover. Together, these functions provide a comprehensive lifecycle approach to managing cybersecurity risk.;350381001508;ap-south-1;2026-08-01 19:04:21.788096;po_3;Legal and regulatory requirements regarding cybersecurity, including privacy and civil liberties obligations, are understood and managed.;Govern (GV);Policies, Processes, and Procedures (GV.PO);;aws;;FAIL;IAM Access Analyzer in account 350381001508 is not enabled.;arn:aws:accessanalyzer:ap-south-1:350381001508:analyzer/unknown;accessanalyzer_enabled;False;analyzer/unknown;NIST-CSF;National Institute of Standards and Technology (NIST) Cybersecurity Framework (CSF) v2.0;
aws;The NIST Cybersecurity Framework (CSF) 2.0 offers a taxonomy of high-level cybersecurity outcomes that can be used by any organization regardless of its size, sector, or maturity to better understand, assess, prioritize, and communicate its cybersecurity efforts. The framework's core functions are organized into six key areas: Govern (new), Identify, Protect, Detect, Respond, and Recover. Together, these functions provide a comprehensive lifecycle approach to managing cybersecurity risk.;350381001508;ap-south-1;2026-08-01 19:04:21.788096;po_4;Governance and risk management processes address cybersecurity risks.;Govern (GV);Policies, Processes, and Procedures (GV.PO);;aws;;FAIL;IAM Access Analyzer in account 350381001508 is not enabled.;arn:aws:accessanalyzer:ap-south-1:350381001508:analyzer/unknown;accessanalyzer_enabled;False;analyzer/unknown;NIST-CSF;National Institute of Standards and Technology (NIST) Cybersecurity Framework (CSF) v2.0;
aws;The NIST Cybersecurity Framework (CSF) 2.0 offers a taxonomy of high-level cybersecurity outcomes that can be used by any organization regardless of its size, sector, or maturity to better understand, assess, prioritize, and communicate its cybersecurity efforts. The framework's core functions are organized into six key areas: Govern (new), Identify, Protect, Detect, Respond, and Recover. Together, these functions provide a comprehensive lifecycle approach to managing cybersecurity risk.;350381001508;ap-south-1;2026-08-01 19:04:21.788096;ov_2;Cybersecurity risk management performance is measured and reported.;Govern (GV);Oversight (GV.OV);;aws;;FAIL;IAM Access Analyzer in account 350381001508 is not enabled.;arn:aws:accessanalyzer:ap-south-1:350381001508:analyzer/unknown;accessanalyzer_enabled;False;analyzer/unknown;NIST-CSF;National Institute of Standards and Technology (NIST) Cybersecurity Framework (CSF) v2.0;
aws;The NIST Cybersecurity Framework (CSF) 2.0 offers a taxonomy of high-level cybersecurity outcomes that can be used by any organization regardless of its size, sector, or maturity to better understand, assess, prioritize, and communicate its cybersecurity efforts. The framework's core functions are organized into six key areas: Govern (new), Identify, Protect, Detect, Respond, and Recover. Together, these functions provide a comprehensive lifecycle approach to managing cybersecurity risk.;350381001508;ap-south-1;2026-08-01 19:04:21.788096;ov_3;Cybersecurity risk management strategy and practices are reviewed and adjusted to adapt to changes in the threat landscape, technologies, or mission, business, or system environments.;Govern (GV);Oversight (GV.OV);;aws;;FAIL;IAM Access Analyzer in account 350381001508 is not enabled.;arn:aws:accessanalyzer:ap-south-1:350381001508:analyzer/unknown;accessanalyzer_enabled;False;analyzer/unknown;NIST-CSF;National Institute of Standards and Technology (NIST) Cybersecurity Framework (CSF) v2.0;
aws;The NIST Cybersecurity Framework (CSF) 2.0 offers a taxonomy of high-level cybersecurity outcomes that can be used by any organization regardless of its size, sector, or maturity to better understand, assess, prioritize, and communicate its cybersecurity efforts. The framework's core functions are organized into six key areas: Govern (new), Identify, Protect, Detect, Respond, and Recover. Together, these functions provide a comprehensive lifecycle approach to managing cybersecurity risk.;350381001508;ap-south-1;2026-08-01 19:04:21.788096;ac_1;Identities and credentials are issued, managed, verified, revoked, and audited for authorized devices, users and processes.;Protect (PR);Identity Management and Access Control (PR.AC);;aws;;FAIL;IAM Access Analyzer in account 350381001508 is not enabled.;arn:aws:accessanalyzer:ap-south-1:350381001508:analyzer/unknown;accessanalyzer_enabled;False;analyzer/unknown;NIST-CSF;National Institute of Standards and Technology (NIST) Cybersecurity Framework (CSF) v2.0;
aws;The NIST Cybersecurity Framework (CSF) 2.0 offers a taxonomy of high-level cybersecurity outcomes that can be used by any organization regardless of its size, sector, or maturity to better understand, assess, prioritize, and communicate its cybersecurity efforts. The framework's core functions are organized into six key areas: Govern (new), Identify, Protect, Detect, Respond, and Recover. Together, these functions provide a comprehensive lifecycle approach to managing cybersecurity risk.;350381001508;ap-south-1;2026-08-01 19:04:21.788096;ac_6;Identities are proofed and bound to credentials and asserted in interactions.;Protect (PR);Identity Management and Access Control (PR.AC);;aws;;FAIL;IAM Access Analyzer in account 350381001508 is not enabled.;arn:aws:accessanalyzer:ap-south-1:350381001508:analyzer/unknown;accessanalyzer_enabled;False;analyzer/unknown;NIST-CSF;National Institute of Standards and Technology (NIST) Cybersecurity Framework (CSF) v2.0;
aws;The NIST Cybersecurity Framework (CSF) 2.0 offers a taxonomy of high-level cybersecurity outcomes that can be used by any organization regardless of its size, sector, or maturity to better understand, assess, prioritize, and communicate its cybersecurity efforts. The framework's core functions are organized into six key areas: Govern (new), Identify, Protect, Detect, Respond, and Recover. Together, these functions provide a comprehensive lifecycle approach to managing cybersecurity risk.;350381001508;ap-southeast-1;2026-08-01 19:04:21.788096;po_3;Legal and regulatory requirements regarding cybersecurity, including privacy and civil liberties obligations, are understood and managed.;Govern (GV);Policies, Processes, and Procedures (GV.PO);;aws;;FAIL;IAM Access Analyzer in account 350381001508 is not enabled.;arn:aws:accessanalyzer:ap-southeast-1:350381001508:analyzer/unknown;accessanalyzer_enabled;False;analyzer/unknown;NIST-CSF;National Institute of Standards and Technology (NIST) Cybersecurity Framework (CSF) v2.0;
aws;The NIST Cybersecurity Framework (CSF) 2.0 offers a taxonomy of high-level cybersecurity outcomes that can be used by any organization regardless of its size, sector, or maturity to better understand, assess, prioritize, and communicate its cybersecurity efforts. The framework's core functions are organized into six key areas: Govern (new), Identify, Protect, Detect, Respond, and Recover. Together, these functions provide a comprehensive lifecycle approach to managing cybersecurity risk.;350381001508;ap-southeast-1;2026-08-01 19:04:21.788096;po_4;Governance and risk management processes address cybersecurity risks.;Govern (GV);Policies, Processes, and Procedures (GV.PO);;aws;;FAIL;IAM Access Analyzer in account 350381001508 is not enabled.;arn:aws:accessanalyzer:ap-southeast-1:350381001508:analyzer/unknown;accessanalyzer_enabled;False;analyzer/unknown;NIST-CSF;National Institute of Standards and Technology (NIST) Cybersecurity Framework (CSF) v2.0;
aws;The NIST Cybersecurity Framework (CSF) 2.0 offers a taxonomy of high-level cybersecurity outcomes that can be used by any organization regardless of its size, sector, or maturity to better understand, assess, prioritize, and communicate its cybersecurity efforts. The framework's core functions are organized into six key areas: Govern (new), Identify, Protect, Detect, Respond, and Recover. Together, these functions provide a comprehensive lifecycle approach to managing cybersecurity risk.;350381001508;ap-southeast-1;2026-08-01 19:04:21.788096;ov_2;Cybersecurity risk management performance is measured and reported.;Govern (GV);Oversight (GV.OV);;aws;;FAIL;IAM Access Analyzer in account 350381001508 is not enabled.;arn:aws:accessanalyzer:ap-southeast-1:350381001508:analyzer/unknown;accessanalyzer_enabled;False;analyzer/unknown;NIST-CSF;National Institute of Standards and Technology (NIST) Cybersecurity Framework (CSF) v2.0;
aws;The NIST Cybersecurity Framework (CSF) 2.0 offers a taxonomy of high-level cybersecurity outcomes that can be used by any organization regardless of its size, sector, or maturity to better understand, assess, prioritize, and communicate its cybersecurity efforts. The framework's core functions are organized into six key areas: Govern (new), Identify, Protect, Detect, Respond, and Recover. Together, these functions provide a comprehensive lifecycle approach to managing cybersecurity risk.;350381001508;ap-southeast-1;2026-08-01 19:04:21.788096;ov_3;Cybersecurity risk management strategy and practices are reviewed and adjusted to adapt to changes in the threat landscape, technologies, or mission, business, or system environments.;Govern (GV);Oversight (GV.OV);;aws;;FAIL;IAM Access Analyzer in account 350381001508 is not enabled.;arn:aws:accessanalyzer:ap-southeast-1:350381001508:analyzer/unknown;accessanalyzer_enabled;False;analyzer/unknown;NIST-CSF;National Institute of Standards and Technology (NIST) Cybersecurity Framework (CSF) v2.0;
aws;The NIST Cybersecurity Framework (CSF) 2.0 offers a taxonomy of high-level cybersecurity outcomes that can be used by any organization regardless of its size, sector, or maturity to better understand, assess, prioritize, and communicate its cybersecurity efforts. The framework's core functions are organized into six key areas: Govern (new), Identify, Protect, Detect, Respond, and Recover. Together, these functions provide a comprehensive lifecycle approach to managing cybersecurity risk.;350381001508;ap-southeast-1;2026-08-01 19:04:21.788096;ac_1;Identities and credentials are issued, managed, verified, revoked, and audited for authorized devices, users and processes.;Protect (PR);Identity Management and Access Control (PR.AC);;aws;;FAIL;IAM Access Analyzer in account 350381001508 is not enabled.;arn:aws:accessanalyzer:ap-southeast-1:350381001508:analyzer/unknown;accessanalyzer_enabled;False;analyzer/unknown;NIST-CSF;National Institute of Standards and Technology (NIST) Cybersecurity Framework (CSF) v2.0;
aws;The NIST Cybersecurity Framework (CSF) 2.0 offers a taxonomy of high-level cybersecurity outcomes that can be used by any organization regardless of its size, sector, or maturity to better understand, assess, prioritize, and communicate its cybersecurity efforts. The framework's core functions are organized into six key areas: Govern (new), Identify, Protect, Detect, Respond, and Recover. Together, these functions provide a comprehensive lifecycle approach to managing cybersecurity risk.;350381001508;ap-southeast-1;2026-08-01 19:04:21.788096;ac_6;Identities are proofed and bound to credentials and asserted in interactions.;Protect (PR);Identity Management and Access Control (PR.AC);;aws;;FAIL;IAM Access Analyzer in account 350381001508 is not enabled.;arn:aws:accessanalyzer:ap-southeast-1:350381001508:analyzer/unknown;accessanalyzer_enabled;False;analyzer/unknown;NIST-CSF;National Institute of Standards and Technology (NIST) Cybersecurity Framework (CSF) v2.0;
aws;The NIST Cybersecurity Framework (CSF) 2.0 offers a taxonomy of high-level cybersecurity outcomes that can be used by any organization regardless of its size, sector, or maturity to better understand, assess, prioritize, and communicate its cybersecurity efforts. The framework's core functions are organized into six key areas: Govern (new), Identify, Protect, Detect, Respond, and Recover. Together, these functions provide a comprehensive lifecycle approach to managing cybersecurity risk.;350381001508;ap-southeast-2;2026-08-01 19:04:21.788096;po_3;Legal and regulatory requirements regarding cybersecurity, including privacy and civil liberties obligations, are understood and managed.;Govern (GV);Policies, Processes, and Procedures (GV.PO);;aws;;FAIL;IAM Access Analyzer in account 350381001508 is not enabled.;arn:aws:accessanalyzer:ap-southeast-2:350381001508:analyzer/unknown;accessanalyzer_enabled;False;analyzer/unknown;NIST-CSF;National Institute of Standards and Technology (NIST) Cybersecurity Framework (CSF) v2.0;
aws;The NIST Cybersecurity Framework (CSF) 2.0 offers a taxonomy of high-level cybersecurity outcomes that can be used by any organization regardless of its size, sector, or maturity to better understand, assess, prioritize, and communicate its cybersecurity efforts. The framework's core functions are organized into six key areas: Govern (new), Identify, Protect, Detect, Respond, and Recover. Together, these functions provide a comprehensive lifecycle approach to managing cybersecurity risk.;350381001508;ap-southeast-2;2026-08-01 19:04:21.788096;po_4;Governance and risk management processes address cybersecurity risks.;Govern (GV);Policies, Processes, and Procedures (GV.PO);;aws;;FAIL;IAM Access Analyzer in account 350381001508 is not enabled.;arn:aws:accessanalyzer:ap-southeast-2:350381001508:analyzer/unknown;accessanalyzer_enabled;False;analyzer/unknown;NIST-CSF;National Institute of Standards and Technology (NIST) Cybersecurity Framework (CSF) v2.0;
aws;The NIST Cybersecurity Framework (CSF) 2.0 offers a taxonomy of high-level cybersecurity outcomes that can be used by any organization regardless of its size, sector, or maturity to better understand, assess, prioritize, and communicate its cybersecurity efforts. The framework's core functions are organized into six key areas: Govern (new), Identify, Protect, Detect, Respond, and Recover. Together, these functions provide a comprehensive lifecycle approach to managing cybersecurity risk.;350381001508;ap-southeast-2;2026-08-01 19:04:21.788096;ov_2;Cybersecurity risk management performance is measured and reported.;Govern (GV);Oversight (GV.OV);;aws;;FAIL;IAM Access Analyzer in account 350381001508 is not enabled.;arn:aws:accessanalyzer:ap-southeast-2:350381001508:analyzer/unknown;accessanalyzer_enabled;False;analyzer/unknown;NIST-CSF;National Institute of Standards and Technology (NIST) Cybersecurity Framework (CSF) v2.0;
aws;The NIST Cybersecurity Framework (CSF) 2.0 offers a taxonomy of high-level cybersecurity outcomes that can be used by any organization regardless of its size, sector, or maturity to better understand, assess, prioritize, and communicate its cybersecurity efforts. The framework's core functions are organized into six key areas: Govern (new), Identify, Protect, Detect, Respond, and Recover. Together, these functions provide a comprehensive lifecycle approach to managing cybersecurity risk.;350381001508;ap-southeast-2;2026-08-01 19:04:21.788096;ov_3;Cybersecurity risk management strategy and practices are reviewed and adjusted to adapt to changes in the threat landscape, technologies, or mission, business, or system environments.;Govern (GV);Oversight (GV.OV);;aws;;FAIL;IAM Access Analyzer in account 350381001508 is not enabled.;arn:aws:accessanalyzer:ap-southeast-2:350381001508:analyzer/unknown;accessanalyzer_enabled;False;analyzer/unknown;NIST-CSF;National Institute of Standards and Technology (NIST) Cybersecurity Framework (CSF) v2.0;
aws;The NIST Cybersecurity Framework (CSF) 2.0 offers a taxonomy of high-level cybersecurity outcomes that can be used by any organization regardless of its size, sector, or maturity to better understand, assess, prioritize, and communicate its cybersecurity efforts. The framework's core functions are organized into six key areas: Govern (new), Identify, Protect, Detect, Respond, and Recover. Together, these functions provide a comprehensive lifecycle approach to managing cybersecurity risk.;350381001508;ap-southeast-2;2026-08-01 19:04:21.788096;ac_1;Identities and credentials are issued, managed, verified, revoked, and audited for authorized devices, users and processes.;Protect (PR);Identity Management and Access Control (PR.AC);;aws;;FAIL;IAM Access Analyzer in account 350381001508 is not enabled.;arn:aws:accessanalyzer:ap-southeast-2:350381001508:analyzer/unknown;accessanalyzer_enabled;False;analyzer/unknown;NIST-CSF;National Institute of Standards and Technology (NIST) Cybersecurity Framework (CSF) v2.0;
aws;The NIST Cybersecurity Framework (CSF) 2.0 offers a taxonomy of high-level cybersecurity outcomes that can be used by any organization regardless of its size, sector, or maturity to better understand, assess, prioritize, and communicate its cybersecurity efforts. The framework's core functions are organized into six key areas: Govern (new), Identify, Protect, Detect, Respond, and Recover. Together, these functions provide a comprehensive lifecycle approach to managing cybersecurity risk.;350381001508;ap-southeast-2;2026-08-01 19:04:21.788096;ac_6;Identities are proofed and bound to credentials and asserted in interactions.;Protect (PR);Identity Management and Access Control (PR.AC);;aws;;FAIL;IAM Access Analyzer in account 350381001508 is not enabled.;arn:aws:accessanalyzer:ap-southeast-2:350381001508:analyzer/unknown;accessanalyzer_enabled;False;analyzer/unknown;NIST-CSF;National Institute of Standards and Technology (NIST) Cybersecurity Framework (CSF) v2.0;
aws;The NIST Cybersecurity Framework (CSF) 2.0 offers a taxonomy of high-level cybersecurity outcomes that can be used by any organization regardless of its size, sector, or maturity to better understand, assess, prioritize, and communicate its cybersecurity efforts. The framework's core functions are organized into six key areas: Govern (new), Identify, Protect, Detect, Respond, and Recover. Together, these functions provide a comprehensive lifecycle approach to managing cybersecurity risk.;350381001508;ca-central-1;2026-08-01 19:04:21.788096;po_3;Legal and regulatory requirements regarding cybersecurity, including privacy and civil liberties obligations, are understood and managed.;Govern (GV);Policies, Processes, and Procedures (GV.PO);;aws;;FAIL;IAM Access Analyzer in account 350381001508 is not enabled.;arn:aws:accessanalyzer:ca-central-1:350381001508:analyzer/unknown;accessanalyzer_enabled;False;analyzer/unknown;NIST-CSF;National Institute of Standards and Technology (NIST) Cybersecurity Framework (CSF) v2.0;
aws;The NIST Cybersecurity Framework (CSF) 2.0 offers a taxonomy of high-level cybersecurity outcomes that can be used by any organization regardless of its size, sector, or maturity to better understand, assess, prioritize, and communicate its cybersecurity efforts. The framework's core functions are organized into six key areas: Govern (new), Identify, Protect, Detect, Respond, and Recover. Together, these functions provide a comprehensive lifecycle approach to managing cybersecurity risk.;350381001508;ca-central-1;2026-08-01 19:04:21.788096;po_4;Governance and risk management processes address cybersecurity risks.;Govern (GV);Policies, Processes, and Procedures (GV.PO);;aws;;FAIL;IAM Access Analyzer in account 350381001508 is not enabled.;arn:aws:accessanalyzer:ca-central-1:350381001508:analyzer/unknown;accessanalyzer_enabled;False;analyzer/unknown;NIST-CSF;National Institute of Standards and Technology (NIST) Cybersecurity Framework (CSF) v2.0;
aws;The NIST Cybersecurity Framework (CSF) 2.0 offers a taxonomy of high-level cybersecurity outcomes that can be used by any organization regardless of its size, sector, or maturity to better understand, assess, prioritize, and communicate its cybersecurity efforts. The framework's core functions are organized into six key areas: Govern (new), Identify, Protect, Detect, Respond, and Recover. Together, these functions provide a comprehensive lifecycle approach to managing cybersecurity risk.;350381001508;ca-central-1;2026-08-01 19:04:21.788096;ov_2;Cybersecurity risk management performance is measured and reported.;Govern (GV);Oversight (GV.OV);;aws;;FAIL;IAM Access Analyzer in account 350381001508 is not enabled.;arn:aws:accessanalyzer:ca-central-1:350381001508:analyzer/unknown;accessanalyzer_enabled;False;analyzer/unknown;NIST-CSF;National Institute of Standards and Technology (NIST) Cybersecurity Framework (CSF) v2.0;
aws;The NIST Cybersecurity Framework (CSF) 2.0 offers a taxonomy of high-level cybersecurity outcomes that can be used by any organization regardless of its size, sector, or maturity to better understand, assess, prioritize, and communicate its cybersecurity efforts. The framework's core functions are organized into six key areas: Govern (new), Identify, Protect, Detect, Respond, and Recover. Together, these functions provide a comprehensive lifecycle approach to managing cybersecurity risk.;350381001508;ca-central-1;2026-08-01 19:04:21.788096;ov_3;Cybersecurity risk management strategy and practices are reviewed and adjusted to adapt to changes in the threat landscape, technologies, or mission, business, or system environments.;Govern (GV);Oversight (GV.OV);;aws;;FAIL;IAM Access Analyzer in account 350381001508 is not enabled.;arn:aws:accessanalyzer:ca-central-1:350381001508:analyzer/unknown;accessanalyzer_enabled;False;analyzer/unknown;NIST-CSF;National Institute of Standards and Technology (NIST) Cybersecurity Framework (CSF) v2.0;
aws;The NIST Cybersecurity Framework (CSF) 2.0 offers a taxonomy of high-level cybersecurity outcomes that can be used by any organization regardless of its size, sector, or maturity to better understand, assess, prioritize, and communicate its cybersecurity efforts. The framework's core functions are organized into six key areas: Govern (new), Identify, Protect, Detect, Respond, and Recover. Together, these functions provide a comprehensive lifecycle approach to managing cybersecurity risk.;350381001508;ca-central-1;2026-08-01 19:04:21.788096;ac_1;Identities and credentials are issued, managed, verified, revoked, and audited for authorized devices, users and processes.;Protect (PR);Identity Management and Access Control (PR.AC);;aws;;FAIL;IAM Access Analyzer in account 350381001508 is not enabled.;arn:aws:accessanalyzer:ca-central-1:350381001508:analyzer/unknown;accessanalyzer_enabled;False;analyzer/unknown;NIST-CSF;National Institute of Standards and Technology (NIST) Cybersecurity Framework (CSF) v2.0;
aws;The NIST Cybersecurity Framework (CSF) 2.0 offers a taxonomy of high-level cybersecurity outcomes that can be used by any organization regardless of its size, sector, or maturity to better understand, assess, prioritize, and communicate its cybersecurity efforts. The framework's core functions are organized into six key areas: Govern (new), Identify, Protect, Detect, Respond, and Recover. Together, these functions provide a comprehensive lifecycle approach to managing cybersecurity risk.;350381001508;ca-central-1;2026-08-01 19:04:21.788096;ac_6;Identities are proofed and bound to credentials and asserted in interactions.;Protect (PR);Identity Management and Access Control (PR.AC);;aws;;FAIL;IAM Access Analyzer in account 350381001508 is not enabled.;arn:aws:accessanalyzer:ca-central-1:350381001508:analyzer/unknown;accessanalyzer_enabled;False;analyzer/unknown;NIST-CSF;National Institute of Standards and Technology (NIST) Cybersecurity Framework (CSF) v2.0;
aws;The NIST Cybersecurity Framework (CSF) 2.0 offers a taxonomy of high-level cybersecurity outcomes that can be used by any organization regardless of its size, sector, or maturity to better understand, assess, prioritize, and communicate its cybersecurity efforts. The framework's core functions are organized into six key areas: Govern (new), Identify, Protect, Detect, Respond, and Recover. Together, these functions provide a comprehensive lifecycle approach to managing cybersecurity risk.;350381001508;eu-central-1;2026-08-01 19:04:21.788096;po_3;Legal and regulatory requirements regarding cybersecurity, including privacy and civil liberties obligations, are understood and managed.;Govern (GV);Policies, Processes, and Procedures (GV.PO);;aws;;FAIL;IAM Access Analyzer in account 350381001508 is not enabled.;arn:aws:accessanalyzer:eu-central-1:350381001508:analyzer/unknown;accessanalyzer_enabled;False;analyzer/unknown;NIST-CSF;National Institute of Standards and Technology (NIST) Cybersecurity Framework (CSF) v2.0;
aws;The NIST Cybersecurity Framework (CSF) 2.0 offers a taxonomy of high-level cybersecurity outcomes that can be used by any organization regardless of its size, sector, or maturity to better understand, assess, prioritize, and communicate its cybersecurity efforts. The framework's core functions are organized into six key areas: Govern (new), Identify, Protect, Detect, Respond, and Recover. Together, these functions provide a comprehensive lifecycle approach to managing cybersecurity risk.;350381001508;eu-central-1;2026-08-01 19:04:21.788096;po_4;Governance and risk management processes address cybersecurity risks.;Govern (GV);Policies, Processes, and Procedures (GV.PO);;aws;;FAIL;IAM Access Analyzer in account 350381001508 is not enabled.;arn:aws:accessanalyzer:eu-central-1:350381001508:analyzer/unknown;accessanalyzer_enabled;False;analyzer/unknown;NIST-CSF;National Institute of Standards and Technology (NIST) Cybersecurity Framework (CSF) v2.0;
aws;The NIST Cybersecurity Framework (CSF) 2.0 offers a taxonomy of high-level cybersecurity outcomes that can be used by any organization regardless of its size, sector, or maturity to better understand, assess, prioritize, and communicate its cybersecurity efforts. The framework's core functions are organized into six key areas: Govern (new), Identify, Protect, Detect, Respond, and Recover. Together, these functions provide a comprehensive lifecycle approach to managing cybersecurity risk.;350381001508;eu-central-1;2026-08-01 19:04:21.788096;ov_2;Cybersecurity risk management performance is measured and reported.;Govern (GV);Oversight (GV.OV);;aws;;FAIL;IAM Access Analyzer in account 350381001508 is not enabled.;arn:aws:accessanalyzer:eu-central-1:350381001508:analyzer/unknown;accessanalyzer_enabled;False;analyzer/unknown;NIST-CSF;National Institute of Standards and Technology (NIST) Cybersecurity Framework (CSF) v2.0;
aws;The NIST Cybersecurity Framework (CSF) 2.0 offers a taxonomy of high-level cybersecurity outcomes that can be used by any organization regardless of its size, sector, or maturity to better understand, assess, prioritize, and communicate its cybersecurity efforts. The framework's core functions are organized into six key areas: Govern (new), Identify, Protect, Detect, Respond, and Recover. Together, these functions provide a comprehensive lifecycle approach to managing cybersecurity risk.;350381001508;eu-central-1;2026-08-01 19:04:21.788096;ov_3;Cybersecurity risk management strategy and practices are reviewed and adjusted to adapt to changes in the threat landscape, technologies, or mission, business, or system environments.;Govern (GV);Oversight (GV.OV);;aws;;FAIL;IAM Access Analyzer in account 350381001508 is not enabled.;arn:aws:accessanalyzer:eu-central-1:350381001508:analyzer/unknown;accessanalyzer_enabled;False;analyzer/unknown;NIST-CSF;National Institute of Standards and Technology (NIST) Cybersecurity Framework (CSF) v2.0;
aws;The NIST Cybersecurity Framework (CSF) 2.0 offers a taxonomy of high-level cybersecurity outcomes that can be used by any organization regardless of its size, sector, or maturity to better understand, assess, prioritize, and communicate its cybersecurity efforts. The framework's core functions are organized into six key areas: Govern (new), Identify, Protect, Detect, Respond, and Recover. Together, these functions provide a comprehensive lifecycle approach to managing cybersecurity risk.;350381001508;eu-central-1;2026-08-01 19:04:21.788096;ac_1;Identities and credentials are issued, managed, verified, revoked, and audited for authorized devices, users and processes.;Protect (PR);Identity Management and Access Control (PR.AC);;aws;;FAIL;IAM Access Analyzer in account 350381001508 is not enabled.;arn:aws:accessanalyzer:eu-central-1:350381001508:analyzer/unknown;accessanalyzer_enabled;False;analyzer/unknown;NIST-CSF;National Institute of Standards and Technology (NIST) Cybersecurity Framework (CSF) v2.0;
aws;The NIST Cybersecurity Framework (CSF) 2.0 offers a taxonomy of high-level cybersecurity outcomes that can be used by any organization regardless of its size, sector, or maturity to better understand, assess, prioritize, and communicate its cybersecurity efforts. The framework's core functions are organized into six key areas: Govern (new), Identify, Protect, Detect, Respond, and Recover. Together, these functions provide a comprehensive lifecycle approach to managing cybersecurity risk.;350381001508;eu-central-1;2026-08-01 19:04:21.788096;ac_6;Identities are proofed and bound to credentials and asserted in interactions.;Protect (PR);Identity Management and Access Control (PR.AC);;aws;;FAIL;IAM Access Analyzer in account 350381001508 is not enabled.;arn:aws:accessanalyzer:eu-central-1:350381001508:analyzer/unknown;accessanalyzer_enabled;False;analyzer/unknown;NIST-CSF;National Institute of Standards and Technology (NIST) Cybersecurity Framework (CSF) v2.0;
aws;The NIST Cybersecurity Framework (CSF) 2.0 offers a taxonomy of high-level cybersecurity outcomes that can be used by any organization regardless of its size, sector, or maturity to better understand, assess, prioritize, and communicate its cybersecurity efforts. The framework's core functions are organized into six key areas: Govern (new), Identify, Protect, Detect, Respond, and Recover. Together, these functions provide a comprehensive lifecycle approach to managing cybersecurity risk.;350381001508;eu-north-1;2026-08-01 19:04:21.788096;po_3;Legal and regulatory requirements regarding cybersecurity, including privacy and civil liberties obligations, are understood and managed.;Govern (GV);Policies, Processes, and Procedures (GV.PO);;aws;;FAIL;IAM Access Analyzer in account 350381001508 is not enabled.;arn:aws:accessanalyzer:eu-north-1:350381001508:analyzer/unknown;accessanalyzer_enabled;False;analyzer/unknown;NIST-CSF;National Institute of Standards and Technology (NIST) Cybersecurity Framework (CSF) v2.0;
aws;The NIST Cybersecurity Framework (CSF) 2.0 offers a taxonomy of high-level cybersecurity outcomes that can be used by any organization regardless of its size, sector, or maturity to better understand, assess, prioritize, and communicate its cybersecurity efforts. The framework's core functions are organized into six key areas: Govern (new), Identify, Protect, Detect, Respond, and Recover. Together, these functions provide a comprehensive lifecycle approach to managing cybersecurity risk.;350381001508;eu-north-1;2026-08-01 19:04:21.788096;po_4;Governance and risk management processes address cybersecurity risks.;Govern (GV);Policies, Processes, and Procedures (GV.PO);;aws;;FAIL;IAM Access Analyzer in account 350381001508 is not enabled.;arn:aws:accessanalyzer:eu-north-1:350381001508:analyzer/unknown;accessanalyzer_enabled;False;analyzer/unknown;NIST-CSF;National Institute of Standards and Technology (NIST) Cybersecurity Framework (CSF) v2.0;
aws;The NIST Cybersecurity Framework (CSF) 2.0 offers a taxonomy of high-level cybersecurity outcomes that can be used by any organization regardless of its size, sector, or maturity to better understand, assess, prioritize, and communicate its cybersecurity efforts. The framework's core functions are organized into six key areas: Govern (new), Identify, Protect, Detect, Respond, and Recover. Together, these functions provide a comprehensive lifecycle approach to managing cybersecurity risk.;350381001508;eu-north-1;2026-08-01 19:04:21.788096;ov_2;Cybersecurity risk management performance is measured and reported.;Govern (GV);Oversight (GV.OV);;aws;;FAIL;IAM Access Analyzer in account 350381001508 is not enabled.;arn:aws:accessanalyzer:eu-north-1:350381001508:analyzer/unknown;accessanalyzer_enabled;False;analyzer/unknown;NIST-CSF;National Institute of Standards and Technology (NIST) Cybersecurity Framework (CSF) v2.0;
aws;The NIST Cybersecurity Framework (CSF) 2.0 offers a taxonomy of high-level cybersecurity outcomes that can be used by any organization regardless of its size, sector, or maturity to better understand, assess, prioritize, and communicate its cybersecurity efforts. The framework's core functions are organized into six key areas: Govern (new), Identify, Protect, Detect, Respond, and Recover. Together, these functions provide a comprehensive lifecycle approach to managing cybersecurity risk.;350381001508;eu-north-1;2026-08-01 19:04:21.788096;ov_3;Cybersecurity risk management strategy and practices are reviewed and adjusted to adapt to changes in the threat landscape, technologies, or mission, business, or system environments.;Govern (GV);Oversight (GV.OV);;aws;;FAIL;IAM Access Analyzer in account 350381001508 is not enabled.;arn:aws:accessanalyzer:eu-north-1:350381001508:analyzer/unknown;accessanalyzer_enabled;False;analyzer/unknown;NIST-CSF;National Institute of Standards and Technology (NIST) Cybersecurity Framework (CSF) v2.0;
aws;The NIST Cybersecurity Framework (CSF) 2.0 offers a taxonomy of high-level cybersecurity outcomes that can be used by any organization regardless of its size, sector, or maturity to better understand, assess, prioritize, and communicate its cybersecurity efforts. The framework's core functions are organized into six key areas: Govern (new), Identify, Protect, Detect, Respond, and Recover. Together, these functions provide a comprehensive lifecycle approach to managing cybersecurity risk.;350381001508;eu-north-1;2026-08-01 19:04:21.788096;ac_1;Identities and credentials are issued, managed, verified, revoked, and audited for authorized devices, users and processes.;Protect (PR);Identity Management and Access Control (PR.AC);;aws;;FAIL;IAM Access Analyzer in account 350381001508 is not enabled.;arn:aws:accessanalyzer:eu-north-1:350381001508:analyzer/unknown;accessanalyzer_enabled;False;analyzer/unknown;NIST-CSF;National Institute of Standards and Technology (NIST) Cybersecurity Framework (CSF) v2.0;
aws;The NIST Cybersecurity Framework (CSF) 2.0 offers a taxonomy of high-level cybersecurity outcomes that can be used by any organization regardless of its size, sector, or maturity to better understand, assess, prioritize, and communicate its cybersecurity efforts. The framework's core functions are organized into six key areas: Govern (new), Identify, Protect, Detect, Respond, and Recover. Together, these functions provide a comprehensive lifecycle approach to managing cybersecurity risk.;350381001508;eu-north-1;2026-08-01 19:04:21.788096;ac_6;Identities are proofed and bound to credentials and asserted in interactions.;Protect (PR);Identity Management and Access Control (PR.AC);;aws;;FAIL;IAM Access Analyzer in account 350381001508 is not enabled.;arn:aws:accessanalyzer:eu-north-1:350381001508:analyzer/unknown;accessanalyzer_enabled;False;analyzer/unknown;NIST-CSF;National Institute of Standards and Technology (NIST) Cybersecurity Framework (CSF) v2.0;
aws;The NIST Cybersecurity Framework (CSF) 2.0 offers a taxonomy of high-level cybersecurity outcomes that can be used by any organization regardless of its size, sector, or maturity to better understand, assess, prioritize, and communicate its cybersecurity efforts. The framework's core functions are organized into six key areas: Govern (new), Identify, Protect, Detect, Respond, and Recover. Together, these functions provide a comprehensive lifecycle approach to managing cybersecurity risk.;350381001508;eu-west-1;2026-08-01 19:04:21.788096;po_3;Legal and regulatory requirements regarding cybersecurity, including privacy and civil liberties obligations, are understood and managed.;Govern (GV);Policies, Processes, and Procedures (GV.PO);;aws;;FAIL;IAM Access Analyzer in account 350381001508 is not enabled.;arn:aws:accessanalyzer:eu-west-1:350381001508:analyzer/unknown;accessanalyzer_enabled;False;analyzer/unknown;NIST-CSF;National Institute of Standards and Technology (NIST) Cybersecurity Framework (CSF) v2.0;
aws;The NIST Cybersecurity Framework (CSF) 2.0 offers a taxonomy of high-level cybersecurity outcomes that can be used by any organization regardless of its size, sector, or maturity to better understand, assess, prioritize, and communicate its cybersecurity efforts. The framework's core functions are organized into six key areas: Govern (new), Identify, Protect, Detect, Respond, and Recover. Together, these functions provide a comprehensive lifecycle approach to managing cybersecurity risk.;350381001508;eu-west-1;2026-08-01 19:04:21.788096;po_4;Governance and risk management processes address cybersecurity risks.;Govern (GV);Policies, Processes, and Procedures (GV.PO);;aws;;FAIL;IAM Access Analyzer in account 350381001508 is not enabled.;arn:aws:accessanalyzer:eu-west-1:350381001508:analyzer/unknown;accessanalyzer_enabled;False;analyzer/unknown;NIST-CSF;National Institute of Standards and Technology (NIST) Cybersecurity Framework (CSF) v2.0;
aws;The NIST Cybersecurity Framework (CSF) 2.0 offers a taxonomy of high-level cybersecurity outcomes that can be used by any organization regardless of its size, sector, or maturity to better understand, assess, prioritize, and communicate its cybersecurity efforts. The framework's core functions are organized into six key areas: Govern (new), Identify, Protect, Detect, Respond, and Recover. Together, these functions provide a comprehensive lifecycle approach to managing cybersecurity risk.;350381001508;eu-west-1;2026-08-01 19:04:21.788096;ov_2;Cybersecurity risk management performance is measured and reported.;Govern (GV);Oversight (GV.OV);;aws;;FAIL;IAM Access Analyzer in account 350381001508 is not enabled.;arn:aws:accessanalyzer:eu-west-1:350381001508:analyzer/unknown;accessanalyzer_enabled;False;analyzer/unknown;NIST-CSF;National Institute of Standards and Technology (NIST) Cybersecurity Framework (CSF) v2.0;
aws;The NIST Cybersecurity Framework (CSF) 2.0 offers a taxonomy of high-level cybersecurity outcomes that can be used by any organization regardless of its size, sector, or maturity to better understand, assess, prioritize, and communicate its cybersecurity efforts. The framework's core functions are organized into six key areas: Govern (new), Identify, Protect, Detect, Respond, and Recover. Together, these functions provide a comprehensive lifecycle approach to managing cybersecurity risk.;350381001508;eu-west-1;2026-08-01 19:04:21.788096;ov_3;Cybersecurity risk management strategy and practices are reviewed and adjusted to adapt to changes in the threat landscape, technologies, or mission, business, or system environments.;Govern (GV);Oversight (GV.OV);;aws;;FAIL;IAM Access Analyzer in account 350381001508 is not enabled.;arn:aws:accessanalyzer:eu-west-1:350381001508:analyzer/unknown;accessanalyzer_enabled;False;analyzer/unknown;NIST-CSF;National Institute of Standards and Technology (NIST) Cybersecurity Framework (CSF) v2.0;
aws;The NIST Cybersecurity Framework (CSF) 2.0 offers a taxonomy of high-level cybersecurity outcomes that can be used by any organization regardless of its size, sector, or maturity to better understand, assess, prioritize, and communicate its cybersecurity efforts. The framework's core functions are organized into six key areas: Govern (new), Identify, Protect, Detect, Respond, and Recover. Together, these functions provide a comprehensive lifecycle approach to managing cybersecurity risk.;350381001508;eu-west-1;2026-08-01 19:04:21.788096;ac_1;Identities and credentials are issued, managed, verified, revoked, and audited for authorized devices, users and processes.;Protect (PR);Identity Management and Access Control (PR.AC);;aws;;FAIL;IAM Access Analyzer in account 350381001508 is not enabled.;arn:aws:accessanalyzer:eu-west-1:350381001508:analyzer/unknown;accessanalyzer_enabled;False;analyzer/unknown;NIST-CSF;National Institute of Standards and Technology (NIST) Cybersecurity Framework (CSF) v2.0;
aws;The NIST Cybersecurity Framework (CSF) 2.0 offers a taxonomy of high-level cybersecurity outcomes that can be used by any organization regardless of its size, sector, or maturity to better understand, assess, prioritize, and communicate its cybersecurity efforts. The framework's core functions are organized into six key areas: Govern (new), Identify, Protect, Detect, Respond, and Recover. Together, these functions provide a comprehensive lifecycle approach to managing cybersecurity risk.;350381001508;eu-west-1;2026-08-01 19:04:21.788096;ac_6;Identities are proofed and bound to credentials and asserted in interactions.;Protect (PR);Identity Management and Access Control (PR.AC);;aws;;FAIL;IAM Access Analyzer in account 350381001508 is not enabled.;arn:aws:accessanalyzer:eu-west-1:350381001508:analyzer/unknown;accessanalyzer_enabled;False;analyzer/unknown;NIST-CSF;National Institute of Standards and Technology (NIST) Cybersecurity Framework (CSF) v2.0;
aws;The NIST Cybersecurity Framework (CSF) 2.0 offers a taxonomy of high-level cybersecurity outcomes that can be used by any organization regardless of its size, sector, or maturity to better understand, assess, prioritize, and communicate its cybersecurity efforts. The framework's core functions are organized into six key areas: Govern (new), Identify, Protect, Detect, Respond, and Recover. Together, these functions provide a comprehensive lifecycle approach to managing cybersecurity risk.;350381001508;eu-west-2;2026-08-01 19:04:21.788096;po_3;Legal and regulatory requirements regarding cybersecurity, including privacy and civil liberties obligations, are understood and managed.;Govern (GV);Policies, Processes, and Procedures (GV.PO);;aws;;FAIL;IAM Access Analyzer in account 350381001508 is not enabled.;arn:aws:accessanalyzer:eu-west-2:350381001508:analyzer/unknown;accessanalyzer_enabled;False;analyzer/unknown;NIST-CSF;National Institute of Standards and Technology (NIST) Cybersecurity Framework (CSF) v2.0;
aws;The NIST Cybersecurity Framework (CSF) 2.0 offers a taxonomy of high-level cybersecurity outcomes that can be used by any organization regardless of its size, sector, or maturity to better understand, assess, prioritize, and communicate its cybersecurity efforts. The framework's core functions are organized into six key areas: Govern (new), Identify, Protect, Detect, Respond, and Recover. Together, these functions provide a comprehensive lifecycle approach to managing cybersecurity risk.;350381001508;eu-west-2;2026-08-01 19:04:21.788096;po_4;Governance and risk management processes address cybersecurity risks.;Govern (GV);Policies, Processes, and Procedures (GV.PO);;aws;;FAIL;IAM Access Analyzer in account 350381001508 is not enabled.;arn:aws:accessanalyzer:eu-west-2:350381001508:analyzer/unknown;accessanalyzer_enabled;False;analyzer/unknown;NIST-CSF;National Institute of Standards and Technology (NIST) Cybersecurity Framework (CSF) v2.0;
aws;The NIST Cybersecurity Framework (CSF) 2.0 offers a taxonomy of high-level cybersecurity outcomes that can be used by any organization regardless of its size, sector, or maturity to better understand, assess, prioritize, and communicate its cybersecurity efforts. The framework's core functions are organized into six key areas: Govern (new), Identify, Protect, Detect, Respond, and Recover. Together, these functions provide a comprehensive lifecycle approach to managing cybersecurity risk.;350381001508;eu-west-2;2026-08-01 19:04:21.788096;ov_2;Cybersecurity risk management performance is measured and reported.;Govern (GV);Oversight (GV.OV);;aws;;FAIL;IAM Access Analyzer in account 350381001508 is not enabled.;arn:aws:accessanalyzer:eu-west-2:350381001508:analyzer/unknown;accessanalyzer_enabled;False;analyzer/unknown;NIST-CSF;National Institute of Standards and Technology (NIST) Cybersecurity Framework (CSF) v2.0;
aws;The NIST Cybersecurity Framework (CSF) 2.0 offers a taxonomy of high-level cybersecurity outcomes that can be used by any organization regardless of its size, sector, or maturity to better understand, assess, prioritize, and communicate its cybersecurity efforts. The framework's core functions are organized into six key areas: Govern (new), Identify, Protect, Detect, Respond, and Recover. Together, these functions provide a comprehensive lifecycle approach to managing cybersecurity risk.;350381001508;eu-west-2;2026-08-01 19:04:21.788096;ov_3;Cybersecurity risk management strategy and practices are reviewed and adjusted to adapt to changes in the threat landscape, technologies, or mission, business, or system environments.;Govern (GV);Oversight (GV.OV);;aws;;FAIL;IAM Access Analyzer in account 350381001508 is not enabled.;arn:aws:accessanalyzer:eu-west-2:350381001508:analyzer/unknown;accessanalyzer_enabled;False;analyzer/unknown;NIST-CSF;National Institute of Standards and Technology (NIST) Cybersecurity Framework (CSF) v2.0;
aws;The NIST Cybersecurity Framework (CSF) 2.0 offers a taxonomy of high-level cybersecurity outcomes that can be used by any organization regardless of its size, sector, or maturity to better understand, assess, prioritize, and communicate its cybersecurity efforts. The framework's core functions are organized into six key areas: Govern (new), Identify, Protect, Detect, Respond, and Recover. Together, these functions provide a comprehensive lifecycle approach to managing cybersecurity risk.;350381001508;eu-west-2;2026-08-01 19:04:21.788096;ac_1;Identities and credentials are issued, managed, verified, revoked, and audited for authorized devices, users and processes.;Protect (PR);Identity Management and Access Control (PR.AC);;aws;;FAIL;IAM Access Analyzer in account 350381001508 is not enabled.;arn:aws:accessanalyzer:eu-west-2:350381001508:analyzer/unknown;accessanalyzer_enabled;False;analyzer/unknown;NIST-CSF;National Institute of Standards and Technology (NIST) Cybersecurity Framework (CSF) v2.0;
aws;The NIST Cybersecurity Framework (CSF) 2.0 offers a taxonomy of high-level cybersecurity outcomes that can be used by any organization regardless of its size, sector, or maturity to better understand, assess, prioritize, and communicate its cybersecurity efforts. The framework's core functions are organized into six key areas: Govern (new), Identify, Protect, Detect, Respond, and Recover. Together, these functions provide a comprehensive lifecycle approach to managing cybersecurity risk.;350381001508;eu-west-2;2026-08-01 19:04:21.788096;ac_6;Identities are proofed and bound to credentials and asserted in interactions.;Protect (PR);Identity Management and Access Control (PR.AC);;aws;;FAIL;IAM Access Analyzer in account 350381001508 is not enabled.;arn:aws:accessanalyzer:eu-west-2:350381001508:analyzer/unknown;accessanalyzer_enabled;False;analyzer/unknown;NIST-CSF;National Institute of Standards and Technology (NIST) Cybersecurity Framework (CSF) v2.0;
aws;The NIST Cybersecurity Framework (CSF) 2.0 offers a taxonomy of high-level cybersecurity outcomes that can be used by any organization regardless of its size, sector, or maturity to better understand, assess, prioritize, and communicate its cybersecurity efforts. The framework's core functions are organized into six key areas: Govern (new), Identify, Protect, Detect, Respond, and Recover. Together, these functions provide a comprehensive lifecycle approach to managing cybersecurity risk.;350381001508;eu-west-3;2026-08-01 19:04:21.788096;po_3;Legal and regulatory requirements regarding cybersecurity, including privacy and civil liberties obligations, are understood and managed.;Govern (GV);Policies, Processes, and Procedures (GV.PO);;aws;;FAIL;IAM Access Analyzer in account 350381001508 is not enabled.;arn:aws:accessanalyzer:eu-west-3:350381001508:analyzer/unknown;accessanalyzer_enabled;False;analyzer/unknown;NIST-CSF;National Institute of Standards and Technology (NIST) Cybersecurity Framework (CSF) v2.0;
aws;The NIST Cybersecurity Framework (CSF) 2.0 offers a taxonomy of high-level cybersecurity outcomes that can be used by any organization regardless of its size, sector, or maturity to better understand, assess, prioritize, and communicate its cybersecurity efforts. The framework's core functions are organized into six key areas: Govern (new), Identify, Protect, Detect, Respond, and Recover. Together, these functions provide a comprehensive lifecycle approach to managing cybersecurity risk.;350381001508;eu-west-3;2026-08-01 19:04:21.788096;po_4;Governance and risk management processes address cybersecurity risks.;Govern (GV);Policies, Processes, and Procedures (GV.PO);;aws;;FAIL;IAM Access Analyzer in account 350381001508 is not enabled.;arn:aws:accessanalyzer:eu-west-3:350381001508:analyzer/unknown;accessanalyzer_enabled;False;analyzer/unknown;NIST-CSF;National Institute of Standards and Technology (NIST) Cybersecurity Framework (CSF) v2.0;
aws;The NIST Cybersecurity Framework (CSF) 2.0 offers a taxonomy of high-level cybersecurity outcomes that can be used by any organization regardless of its size, sector, or maturity to better understand, assess, prioritize, and communicate its cybersecurity efforts. The framework's core functions are organized into six key areas: Govern (new), Identify, Protect, Detect, Respond, and Recover. Together, these functions provide a comprehensive lifecycle approach to managing cybersecurity risk.;350381001508;eu-west-3;2026-08-01 19:04:21.788096;ov_2;Cybersecurity risk management performance is measured and reported.;Govern (GV);Oversight (GV.OV);;aws;;FAIL;IAM Access Analyzer in account 350381001508 is not enabled.;arn:aws:accessanalyzer:eu-west-3:350381001508:analyzer/unknown;accessanalyzer_enabled;False;analyzer/unknown;NIST-CSF;National Institute of Standards and Technology (NIST) Cybersecurity Framework (CSF) v2.0;
aws;The NIST Cybersecurity Framework (CSF) 2.0 offers a taxonomy of high-level cybersecurity outcomes that can be used by any organization regardless of its size, sector, or maturity to better understand, assess, prioritize, and communicate its cybersecurity efforts. The framework's core functions are organized into six key areas: Govern (new), Identify, Protect, Detect, Respond, and Recover. Together, these functions provide a comprehensive lifecycle approach to managing cybersecurity risk.;350381001508;eu-west-3;2026-08-01 19:04:21.788096;ov_3;Cybersecurity risk management strategy and practices are reviewed and adjusted to adapt to changes in the threat landscape, technologies, or mission, business, or system environments.;Govern (GV);Oversight (GV.OV);;aws;;FAIL;IAM Access Analyzer in account 350381001508 is not enabled.;arn:aws:accessanalyzer:eu-west-3:350381001508:analyzer/unknown;accessanalyzer_enabled;False;analyzer/unknown;NIST-CSF;National Institute of Standards and Technology (NIST) Cybersecurity Framework (CSF) v2.0;
aws;The NIST Cybersecurity Framework (CSF) 2.0 offers a taxonomy of high-level cybersecurity outcomes that can be used by any organization regardless of its size, sector, or maturity to better understand, assess, prioritize, and communicate its cybersecurity efforts. The framework's core functions are organized into six key areas: Govern (new), Identify, Protect, Detect, Respond, and Recover. Together, these functions provide a comprehensive lifecycle approach to managing cybersecurity risk.;350381001508;eu-west-3;2026-08-01 19:04:21.788096;ac_1;Identities and credentials are issued, managed, verified, revoked, and audited for authorized devices, users and processes.;Protect (PR);Identity Management and Access Control (PR.AC);;aws;;FAIL;IAM Access Analyzer in account 350381001508 is not enabled.;arn:aws:accessanalyzer:eu-west-3:350381001508:analyzer/unknown;accessanalyzer_enabled;False;analyzer/unknown;NIST-CSF;National Institute of Standards and Technology (NIST) Cybersecurity Framework (CSF) v2.0;
aws;The NIST Cybersecurity Framework (CSF) 2.0 offers a taxonomy of high-level cybersecurity outcomes that can be used by any organization regardless of its size, sector, or maturity to better understand, assess, prioritize, and communicate its cybersecurity efforts. The framework's core functions are organized into six key areas: Govern (new), Identify, Protect, Detect, Respond, and Recover. Together, these functions provide a comprehensive lifecycle approach to managing cybersecurity risk.;350381001508;eu-west-3;2026-08-01 19:04:21.788096;ac_6;Identities are proofed and bound to credentials and asserted in interactions.;Protect (PR);Identity Management and Access Control (PR.AC);;aws;;FAIL;IAM Access Analyzer in account 350381001508 is not enabled.;arn:aws:accessanalyzer:eu-west-3:350381001508:analyzer/unknown;accessanalyzer_enabled;False;analyzer/unknown;NIST-CSF;National Institute of Standards and Technology (NIST) Cybersecurity Framework (CSF) v2.0;
aws;The NIST Cybersecurity Framework (CSF) 2.0 offers a taxonomy of high-level cybersecurity outcomes that can be used by any organization regardless of its size, sector, or maturity to better understand, assess, prioritize, and communicate its cybersecurity efforts. The framework's core functions are organized into six key areas: Govern (new), Identify, Protect, Detect, Respond, and Recover. Together, these functions provide a comprehensive lifecycle approach to managing cybersecurity risk.;350381001508;sa-east-1;2026-08-01 19:04:21.788096;po_3;Legal and regulatory requirements regarding cybersecurity, including privacy and civil liberties obligations, are understood and managed.;Govern (GV);Policies, Processes, and Procedures (GV.PO);;aws;;FAIL;IAM Access Analyzer in account 350381001508 is not enabled.;arn:aws:accessanalyzer:sa-east-1:350381001508:analyzer/unknown;accessanalyzer_enabled;False;analyzer/unknown;NIST-CSF;National Institute of Standards and Technology (NIST) Cybersecurity Framework (CSF) v2.0;
aws;The NIST Cybersecurity Framework (CSF) 2.0 offers a taxonomy of high-level cybersecurity outcomes that can be used by any organization regardless of its size, sector, or maturity to better understand, assess, prioritize, and communicate its cybersecurity efforts. The framework's core functions are organized into six key areas: Govern (new), Identify, Protect, Detect, Respond, and Recover. Together, these functions provide a comprehensive lifecycle approach to managing cybersecurity risk.;350381001508;sa-east-1;2026-08-01 19:04:21.788096;po_4;Governance and risk management processes address cybersecurity risks.;Govern (GV);Policies, Processes, and Procedures (GV.PO);;aws;;FAIL;IAM Access Analyzer in account 350381001508 is not enabled.;arn:aws:accessanalyzer:sa-east-1:350381001508:analyzer/unknown;accessanalyzer_enabled;False;analyzer/unknown;NIST-CSF;National Institute of Standards and Technology (NIST) Cybersecurity Framework (CSF) v2.0;
aws;The NIST Cybersecurity Framework (CSF) 2.0 offers a taxonomy of high-level cybersecurity outcomes that can be used by any organization regardless of its size, sector, or maturity to better understand, assess, prioritize, and communicate its cybersecurity efforts. The framework's core functions are organized into six key areas: Govern (new), Identify, Protect, Detect, Respond, and Recover. Together, these functions provide a comprehensive lifecycle approach to managing cybersecurity risk.;350381001508;sa-east-1;2026-08-01 19:04:21.788096;ov_2;Cybersecurity risk management performance is measured and reported.;Govern (GV);Oversight (GV.OV);;aws;;FAIL;IAM Access Analyzer in account 350381001508 is not enabled.;arn:aws:accessanalyzer:sa-east-1:350381001508:analyzer/unknown;accessanalyzer_enabled;False;analyzer/unknown;NIST-CSF;National Institute of Standards and Technology (NIST) Cybersecurity Framework (CSF) v2.0;
aws;The NIST Cybersecurity Framework (CSF) 2.0 offers a taxonomy of high-level cybersecurity outcomes that can be used by any organization regardless of its size, sector, or maturity to better understand, assess, prioritize, and communicate its cybersecurity efforts. The framework's core functions are organized into six key areas: Govern (new), Identify, Protect, Detect, Respond, and Recover. Together, these functions provide a comprehensive lifecycle approach to managing cybersecurity risk.;350381001508;sa-east-1;2026-08-01 19:04:21.788096;ov_3;Cybersecurity risk management strategy and practices are reviewed and adjusted to adapt to changes in the threat landscape, technologies, or mission, business, or system environments.;Govern (GV);Oversight (GV.OV);;aws;;FAIL;IAM Access Analyzer in account 350381001508 is not enabled.;arn:aws:accessanalyzer:sa-east-1:350381001508:analyzer/unknown;accessanalyzer_enabled;False;analyzer/unknown;NIST-CSF;National Institute of Standards and Technology (NIST) Cybersecurity Framework (CSF) v2.0;
aws;The NIST Cybersecurity Framework (CSF) 2.0 offers a taxonomy of high-level cybersecurity outcomes that can be used by any organization regardless of its size, sector, or maturity to better understand, assess, prioritize, and communicate its cybersecurity efforts. The framework's core functions are organized into six key areas: Govern (new), Identify, Protect, Detect, Respond, and Recover. Together, these functions provide a comprehensive lifecycle approach to managing cybersecurity risk.;350381001508;sa-east-1;2026-08-01 19:04:21.788096;ac_1;Identities and credentials are issued, managed, verified, revoked, and audited for authorized devices, users and processes.;Protect (PR);Identity Management and Access Control (PR.AC);;aws;;FAIL;IAM Access Analyzer in account 350381001508 is not enabled.;arn:aws:accessanalyzer:sa-east-1:350381001508:analyzer/unknown;accessanalyzer_enabled;False;analyzer/unknown;NIST-CSF;National Institute of Standards and Technology (NIST) Cybersecurity Framework (CSF) v2.0;
aws;The NIST Cybersecurity Framework (CSF) 2.0 offers a taxonomy of high-level cybersecurity outcomes that can be used by any organization regardless of its size, sector, or maturity to better understand, assess, prioritize, and communicate its cybersecurity efforts. The framework's core functions are organized into six key areas: Govern (new), Identify, Protect, Detect, Respond, and Recover. Together, these functions provide a comprehensive lifecycle approach to managing cybersecurity risk.;350381001508;sa-east-1;2026-08-01 19:04:21.788096;ac_6;Identities are proofed and bound to credentials and asserted in interactions.;Protect (PR);Identity Management and Access Control (PR.AC);;aws;;FAIL;IAM Access Analyzer in account 350381001508 is not enabled.;arn:aws:accessanalyzer:sa-east-1:350381001508:analyzer/unknown;accessanalyzer_enabled;False;analyzer/unknown;NIST-CSF;National Institute of Standards and Technology (NIST) Cybersecurity Framework (CSF) v2.0;
aws;The NIST Cybersecurity Framework (CSF) 2.0 offers a taxonomy of high-level cybersecurity outcomes that can be used by any organization regardless of its size, sector, or maturity to better understand, assess, prioritize, and communicate its cybersecurity efforts. The framework's core functions are organized into six key areas: Govern (new), Identify, Protect, Detect, Respond, and Recover. Together, these functions provide a comprehensive lifecycle approach to managing cybersecurity risk.;350381001508;us-east-1;2026-08-01 19:04:21.788096;po_3;Legal and regulatory requirements regarding cybersecurity, including privacy and civil liberties obligations, are understood and managed.;Govern (GV);Policies, Processes, and Procedures (GV.PO);;aws;;FAIL;IAM Access Analyzer in account 350381001508 is not enabled.;arn:aws:accessanalyzer:us-east-1:350381001508:analyzer/unknown;accessanalyzer_enabled;False;analyzer/unknown;NIST-CSF;National Institute of Standards and Technology (NIST) Cybersecurity Framework (CSF) v2.0;
aws;The NIST Cybersecurity Framework (CSF) 2.0 offers a taxonomy of high-level cybersecurity outcomes that can be used by any organization regardless of its size, sector, or maturity to better understand, assess, prioritize, and communicate its cybersecurity efforts. The framework's core functions are organized into six key areas: Govern (new), Identify, Protect, Detect, Respond, and Recover. Together, these functions provide a comprehensive lifecycle approach to managing cybersecurity risk.;350381001508;us-east-1;2026-08-01 19:04:21.788096;po_4;Governance and risk management processes address cybersecurity risks.;Govern (GV);Policies, Processes, and Procedures (GV.PO);;aws;;FAIL;IAM Access Analyzer in account 350381001508 is not enabled.;arn:aws:accessanalyzer:us-east-1:350381001508:analyzer/unknown;accessanalyzer_enabled;False;analyzer/unknown;NIST-CSF;National Institute of Standards and Technology (NIST) Cybersecurity Framework (CSF) v2.0;
aws;The NIST Cybersecurity Framework (CSF) 2.0 offers a taxonomy of high-level cybersecurity outcomes that can be used by any organization regardless of its size, sector, or maturity to better understand, assess, prioritize, and communicate its cybersecurity efforts. The framework's core functions are organized into six key areas: Govern (new), Identify, Protect, Detect, Respond, and Recover. Together, these functions provide a comprehensive lifecycle approach to managing cybersecurity risk.;350381001508;us-east-1;2026-08-01 19:04:21.788096;ov_2;Cybersecurity risk management performance is measured and reported.;Govern (GV);Oversight (GV.OV);;aws;;FAIL;IAM Access Analyzer in account 350381001508 is not enabled.;arn:aws:accessanalyzer:us-east-1:350381001508:analyzer/unknown;accessanalyzer_enabled;False;analyzer/unknown;NIST-CSF;National Institute of Standards and Technology (NIST) Cybersecurity Framework (CSF) v2.0;
aws;The NIST Cybersecurity Framework (CSF) 2.0 offers a taxonomy of high-level cybersecurity outcomes that can be used by any organization regardless of its size, sector, or maturity to better understand, assess, prioritize, and communicate its cybersecurity efforts. The framework's core functions are organized into six key areas: Govern (new), Identify, Protect, Detect, Respond, and Recover. Together, these functions provide a comprehensive lifecycle approach to managing cybersecurity risk.;350381001508;us-east-1;2026-08-01 19:04:21.788096;ov_3;Cybersecurity risk management strategy and practices are reviewed and adjusted to adapt to changes in the threat landscape, technologies, or mission, business, or system environments.;Govern (GV);Oversight (GV.OV);;aws;;FAIL;IAM Access Analyzer in account 350381001508 is not enabled.;arn:aws:accessanalyzer:us-east-1:350381001508:analyzer/unknown;accessanalyzer_enabled;False;analyzer/unknown;NIST-CSF;National Institute of Standards and Technology (NIST) Cybersecurity Framework (CSF) v2.0;
aws;The NIST Cybersecurity Framework (CSF) 2.0 offers a taxonomy of high-level cybersecurity outcomes that can be used by any organization regardless of its size, sector, or maturity to better understand, assess, prioritize, and communicate its cybersecurity efforts. The framework's core functions are organized into six key areas: Govern (new), Identify, Protect, Detect, Respond, and Recover. Together, these functions provide a comprehensive lifecycle approach to managing cybersecurity risk.;350381001508;us-east-1;2026-08-01 19:04:21.788096;ac_1;Identities and credentials are issued, managed, verified, revoked, and audited for authorized devices, users and processes.;Protect (PR);Identity Management and Access Control (PR.AC);;aws;;FAIL;IAM Access Analyzer in account 350381001508 is not enabled.;arn:aws:accessanalyzer:us-east-1:350381001508:analyzer/unknown;accessanalyzer_enabled;False;analyzer/unknown;NIST-CSF;National Institute of Standards and Technology (NIST) Cybersecurity Framework (CSF) v2.0;
aws;The NIST Cybersecurity Framework (CSF) 2.0 offers a taxonomy of high-level cybersecurity outcomes that can be used by any organization regardless of its size, sector, or maturity to better understand, assess, prioritize, and communicate its cybersecurity efforts. The framework's core functions are organized into six key areas: Govern (new), Identify, Protect, Detect, Respond, and Recover. Together, these functions provide a comprehensive lifecycle approach to managing cybersecurity risk.;350381001508;us-east-1;2026-08-01 19:04:21.788096;ac_6;Identities are proofed and bound to credentials and asserted in interactions.;Protect (PR);Identity Management and Access Control (PR.AC);;aws;;FAIL;IAM Access Analyzer in account 350381001508 is not enabled.;arn:aws:accessanalyzer:us-east-1:350381001508:analyzer/unknown;accessanalyzer_enabled;False;analyzer/unknown;NIST-CSF;National Institute of Standards and Technology (NIST) Cybersecurity Framework (CSF) v2.0;
aws;The NIST Cybersecurity Framework (CSF) 2.0 offers a taxonomy of high-level cybersecurity outcomes that can be used by any organization regardless of its size, sector, or maturity to better understand, assess, prioritize, and communicate its cybersecurity efforts. The framework's core functions are organized into six key areas: Govern (new), Identify, Protect, Detect, Respond, and Recover. Together, these functions provide a comprehensive lifecycle approach to managing cybersecurity risk.;350381001508;us-east-2;2026-08-01 19:04:21.788096;po_3;Legal and regulatory requirements regarding cybersecurity, including privacy and civil liberties obligations, are understood and managed.;Govern (GV);Policies, Processes, and Procedures (GV.PO);;aws;;FAIL;IAM Access Analyzer in account 350381001508 is not enabled.;arn:aws:accessanalyzer:us-east-2:350381001508:analyzer/unknown;accessanalyzer_enabled;False;analyzer/unknown;NIST-CSF;National Institute of Standards and Technology (NIST) Cybersecurity Framework (CSF) v2.0;
aws;The NIST Cybersecurity Framework (CSF) 2.0 offers a taxonomy of high-level cybersecurity outcomes that can be used by any organization regardless of its size, sector, or maturity to better understand, assess, prioritize, and communicate its cybersecurity efforts. The framework's core functions are organized into six key areas: Govern (new), Identify, Protect, Detect, Respond, and Recover. Together, these functions provide a comprehensive lifecycle approach to managing cybersecurity risk.;350381001508;us-east-2;2026-08-01 19:04:21.788096;po_4;Governance and risk management processes address cybersecurity risks.;Govern (GV);Policies, Processes, and Procedures (GV.PO);;aws;;FAIL;IAM Access Analyzer in account 350381001508 is not enabled.;arn:aws:accessanalyzer:us-east-2:350381001508:analyzer/unknown;accessanalyzer_enabled;False;analyzer/unknown;NIST-CSF;National Institute of Standards and Technology (NIST) Cybersecurity Framework (CSF) v2.0;
aws;The NIST Cybersecurity Framework (CSF) 2.0 offers a taxonomy of high-level cybersecurity outcomes that can be used by any organization regardless of its size, sector, or maturity to better understand, assess, prioritize, and communicate its cybersecurity efforts. The framework's core functions are organized into six key areas: Govern (new), Identify, Protect, Detect, Respond, and Recover. Together, these functions provide a comprehensive lifecycle approach to managing cybersecurity risk.;350381001508;us-east-2;2026-08-01 19:04:21.788096;ov_2;Cybersecurity risk management performance is measured and reported.;Govern (GV);Oversight (GV.OV);;aws;;FAIL;IAM Access Analyzer in account 350381001508 is not enabled.;arn:aws:accessanalyzer:us-east-2:350381001508:analyzer/unknown;accessanalyzer_enabled;False;analyzer/unknown;NIST-CSF;National Institute of Standards and Technology (NIST) Cybersecurity Framework (CSF) v2.0;
aws;The NIST Cybersecurity Framework (CSF) 2.0 offers a taxonomy of high-level cybersecurity outcomes that can be used by any organization regardless of its size, sector, or maturity to better understand, assess, prioritize, and communicate its cybersecurity efforts. The framework's core functions are organized into six key areas: Govern (new), Identify, Protect, Detect, Respond, and Recover. Together, these functions provide a comprehensive lifecycle approach to managing cybersecurity risk.;350381001508;us-east-2;2026-08-01 19:04:21.788096;ov_3;Cybersecurity risk management strategy and practices are reviewed and adjusted to adapt to changes in the threat landscape, technologies, or mission, business, or system environments.;Govern (GV);Oversight (GV.OV);;aws;;FAIL;IAM Access Analyzer in account 350381001508 is not enabled.;arn:aws:accessanalyzer:us-east-2:350381001508:analyzer/unknown;accessanalyzer_enabled;False;analyzer/unknown;NIST-CSF;National Institute of Standards and Technology (NIST) Cybersecurity Framework (CSF) v2.0;
aws;The NIST Cybersecurity Framework (CSF) 2.0 offers a taxonomy of high-level cybersecurity outcomes that can be used by any organization regardless of its size, sector, or maturity to better understand, assess, prioritize, and communicate its cybersecurity efforts. The framework's core functions are organized into six key areas: Govern (new), Identify, Protect, Detect, Respond, and Recover. Together, these functions provide a comprehensive lifecycle approach to managing cybersecurity risk.;350381001508;us-east-2;2026-08-01 19:04:21.788096;ac_1;Identities and credentials are issued, managed, verified, revoked, and audited for authorized devices, users and processes.;Protect (PR);Identity Management and Access Control (PR.AC);;aws;;FAIL;IAM Access Analyzer in account 350381001508 is not enabled.;arn:aws:accessanalyzer:us-east-2:350381001508:analyzer/unknown;accessanalyzer_enabled;False;analyzer/unknown;NIST-CSF;National Institute of Standards and Technology (NIST) Cybersecurity Framework (CSF) v2.0;
aws;The NIST Cybersecurity Framework (CSF) 2.0 offers a taxonomy of high-level cybersecurity outcomes that can be used by any organization regardless of its size, sector, or maturity to better understand, assess, prioritize, and communicate its cybersecurity efforts. The framework's core functions are organized into six key areas: Govern (new), Identify, Protect, Detect, Respond, and Recover. Together, these functions provide a comprehensive lifecycle approach to managing cybersecurity risk.;350381001508;us-east-2;2026-08-01 19:04:21.788096;ac_6;Identities are proofed and bound to credentials and asserted in interactions.;Protect (PR);Identity Management and Access Control (PR.AC);;aws;;FAIL;IAM Access Analyzer in account 350381001508 is not enabled.;arn:aws:accessanalyzer:us-east-2:350381001508:analyzer/unknown;accessanalyzer_enabled;False;analyzer/unknown;NIST-CSF;National Institute of Standards and Technology (NIST) Cybersecurity Framework (CSF) v2.0;
aws;The NIST Cybersecurity Framework (CSF) 2.0 offers a taxonomy of high-level cybersecurity outcomes that can be used by any organization regardless of its size, sector, or maturity to better understand, assess, prioritize, and communicate its cybersecurity efforts. The framework's core functions are organized into six key areas: Govern (new), Identify, Protect, Detect, Respond, and Recover. Together, these functions provide a comprehensive lifecycle approach to managing cybersecurity risk.;350381001508;us-west-1;2026-08-01 19:04:21.788096;po_3;Legal and regulatory requirements regarding cybersecurity, including privacy and civil liberties obligations, are understood and managed.;Govern (GV);Policies, Processes, and Procedures (GV.PO);;aws;;FAIL;IAM Access Analyzer in account 350381001508 is not enabled.;arn:aws:accessanalyzer:us-west-1:350381001508:analyzer/unknown;accessanalyzer_enabled;False;analyzer/unknown;NIST-CSF;National Institute of Standards and Technology (NIST) Cybersecurity Framework (CSF) v2.0;
aws;The NIST Cybersecurity Framework (CSF) 2.0 offers a taxonomy of high-level cybersecurity outcomes that can be used by any organization regardless of its size, sector, or maturity to better understand, assess, prioritize, and communicate its cybersecurity efforts. The framework's core functions are organized into six key areas: Govern (new), Identify, Protect, Detect, Respond, and Recover. Together, these functions provide a comprehensive lifecycle approach to managing cybersecurity risk.;350381001508;us-west-1;2026-08-01 19:04:21.788096;po_4;Governance and risk management processes address cybersecurity risks.;Govern (GV);Policies, Processes, and Procedures (GV.PO);;aws;;FAIL;IAM Access Analyzer in account 350381001508 is not enabled.;arn:aws:accessanalyzer:us-west-1:350381001508:analyzer/unknown;accessanalyzer_enabled;False;analyzer/unknown;NIST-CSF;National Institute of Standards and Technology (NIST) Cybersecurity Framework (CSF) v2.0;
aws;The NIST Cybersecurity Framework (CSF) 2.0 offers a taxonomy of high-level cybersecurity outcomes that can be used by any organization regardless of its size, sector, or maturity to better understand, assess, prioritize, and communicate its cybersecurity efforts. The framework's core functions are organized into six key areas: Govern (new), Identify, Protect, Detect, Respond, and Recover. Together, these functions provide a comprehensive lifecycle approach to managing cybersecurity risk.;350381001508;us-west-1;2026-08-01 19:04:21.788096;ov_2;Cybersecurity risk management performance is measured and reported.;Govern (GV);Oversight (GV.OV);;aws;;FAIL;IAM Access Analyzer in account 350381001508 is not enabled.;arn:aws:accessanalyzer:us-west-1:350381001508:analyzer/unknown;accessanalyzer_enabled;False;analyzer/unknown;NIST-CSF;National Institute of Standards and Technology (NIST) Cybersecurity Framework (CSF) v2.0;
aws;The NIST Cybersecurity Framework (CSF) 2.0 offers a taxonomy of high-level cybersecurity outcomes that can be used by any organization regardless of its size, sector, or maturity to better understand, assess, prioritize, and communicate its cybersecurity efforts. The framework's core functions are organized into six key areas: Govern (new), Identify, Protect, Detect, Respond, and Recover. Together, these functions provide a comprehensive lifecycle approach to managing cybersecurity risk.;350381001508;us-west-1;2026-08-01 19:04:21.788096;ov_3;Cybersecurity risk management strategy and practices are reviewed and adjusted to adapt to changes in the threat landscape, technologies, or mission, business, or system environments.;Govern (GV);Oversight (GV.OV);;aws;;FAIL;IAM Access Analyzer in account 350381001508 is not enabled.;arn:aws:accessanalyzer:us-west-1:350381001508:analyzer/unknown;accessanalyzer_enabled;False;analyzer/unknown;NIST-CSF;National Institute of Standards and Technology (NIST) Cybersecurity Framework (CSF) v2.0;
aws;The NIST Cybersecurity Framework (CSF) 2.0 offers a taxonomy of high-level cybersecurity outcomes that can be used by any organization regardless of its size, sector, or maturity to better understand, assess, prioritize, and communicate its cybersecurity efforts. The framework's core functions are organized into six key areas: Govern (new), Identify, Protect, Detect, Respond, and Recover. Together, these functions provide a comprehensive lifecycle approach to managing cybersecurity risk.;350381001508;us-west-1;2026-08-01 19:04:21.788096;ac_1;Identities and credentials are issued, managed, verified, revoked, and audited for authorized devices, users and processes.;Protect (PR);Identity Management and Access Control (PR.AC);;aws;;FAIL;IAM Access Analyzer in account 350381001508 is not enabled.;arn:aws:accessanalyzer:us-west-1:350381001508:analyzer/unknown;accessanalyzer_enabled;False;analyzer/unknown;NIST-CSF;National Institute of Standards and Technology (NIST) Cybersecurity Framework (CSF) v2.0;
aws;The NIST Cybersecurity Framework (CSF) 2.0 offers a taxonomy of high-level cybersecurity outcomes that can be used by any organization regardless of its size, sector, or maturity to better understand, assess, prioritize, and communicate its cybersecurity efforts. The framework's core functions are organized into six key areas: Govern (new), Identify, Protect, Detect, Respond, and Recover. Together, these functions provide a comprehensive lifecycle approach to managing cybersecurity risk.;350381001508;us-west-1;2026-08-01 19:04:21.788096;ac_6;Identities are proofed and bound to credentials and asserted in interactions.;Protect (PR);Identity Management and Access Control (PR.AC);;aws;;FAIL;IAM Access Analyzer in account 350381001508 is not enabled.;arn:aws:accessanalyzer:us-west-1:350381001508:analyzer/unknown;accessanalyzer_enabled;False;analyzer/unknown;NIST-CSF;National Institute of Standards and Technology (NIST) Cybersecurity Framework (CSF) v2.0;
aws;The NIST Cybersecurity Framework (CSF) 2.0 offers a taxonomy of high-level cybersecurity outcomes that can be used by any organization regardless of its size, sector, or maturity to better understand, assess, prioritize, and communicate its cybersecurity efforts. The framework's core functions are organized into six key areas: Govern (new), Identify, Protect, Detect, Respond, and Recover. Together, these functions provide a comprehensive lifecycle approach to managing cybersecurity risk.;350381001508;us-west-2;2026-08-01 19:04:21.788096;po_3;Legal and regulatory requirements regarding cybersecurity, including privacy and civil liberties obligations, are understood and managed.;Govern (GV);Policies, Processes, and Procedures (GV.PO);;aws;;FAIL;IAM Access Analyzer in account 350381001508 is not enabled.;arn:aws:accessanalyzer:us-west-2:350381001508:analyzer/unknown;accessanalyzer_enabled;False;analyzer/unknown;NIST-CSF;National Institute of Standards and Technology (NIST) Cybersecurity Framework (CSF) v2.0;
aws;The NIST Cybersecurity Framework (CSF) 2.0 offers a taxonomy of high-level cybersecurity outcomes that can be used by any organization regardless of its size, sector, or maturity to better understand, assess, prioritize, and communicate its cybersecurity efforts. The framework's core functions are organized into six key areas: Govern (new), Identify, Protect, Detect, Respond, and Recover. Together, these functions provide a comprehensive lifecycle approach to managing cybersecurity risk.;350381001508;us-west-2;2026-08-01 19:04:21.788096;po_4;Governance and risk management processes address cybersecurity risks.;Govern (GV);Policies, Processes, and Procedures (GV.PO);;aws;;FAIL;IAM Access Analyzer in account 350381001508 is not enabled.;arn:aws:accessanalyzer:us-west-2:350381001508:analyzer/unknown;accessanalyzer_enabled;False;analyzer/unknown;NIST-CSF;National Institute of Standards and Technology (NIST) Cybersecurity Framework (CSF) v2.0;
aws;The NIST Cybersecurity Framework (CSF) 2.0 offers a taxonomy of high-level cybersecurity outcomes that can be used by any organization regardless of its size, sector, or maturity to better understand, assess, prioritize, and communicate its cybersecurity efforts. The framework's core functions are organized into six key areas: Govern (new), Identify, Protect, Detect, Respond, and Recover. Together, these functions provide a comprehensive lifecycle approach to managing cybersecurity risk.;350381001508;us-west-2;2026-08-01 19:04:21.788096;ov_2;Cybersecurity risk management performance is measured and reported.;Govern (GV);Oversight (GV.OV);;aws;;FAIL;IAM Access Analyzer in account 350381001508 is not enabled.;arn:aws:accessanalyzer:us-west-2:350381001508:analyzer/unknown;accessanalyzer_enabled;False;analyzer/unknown;NIST-CSF;National Institute of Standards and Technology (NIST) Cybersecurity Framework (CSF) v2.0;
aws;The NIST Cybersecurity Framework (CSF) 2.0 offers a taxonomy of high-level cybersecurity outcomes that can be used by any organization regardless of its size, sector, or maturity to better understand, assess, prioritize, and communicate its cybersecurity efforts. The framework's core functions are organized into six key areas: Govern (new), Identify, Protect, Detect, Respond, and Recover. Together, these functions provide a comprehensive lifecycle approach to managing cybersecurity risk.;350381001508;us-west-2;2026-08-01 19:04:21.788096;ov_3;Cybersecurity risk management strategy and practices are reviewed and adjusted to adapt to changes in the threat landscape, technologies, or mission, business, or system environments.;Govern (GV);Oversight (GV.OV);;aws;;FAIL;IAM Access Analyzer in account 350381001508 is not enabled.;arn:aws:accessanalyzer:us-west-2:350381001508:analyzer/unknown;accessanalyzer_enabled;False;analyzer/unknown;NIST-CSF;National Institute of Standards and Technology (NIST) Cybersecurity Framework (CSF) v2.0;
aws;The NIST Cybersecurity Framework (CSF) 2.0 offers a taxonomy of high-level cybersecurity outcomes that can be used by any organization regardless of its size, sector, or maturity to better understand, assess, prioritize, and communicate its cybersecurity efforts. The framework's core functions are organized into six key areas: Govern (new), Identify, Protect, Detect, Respond, and Recover. Together, these functions provide a comprehensive lifecycle approach to managing cybersecurity risk.;350381001508;us-west-2;2026-08-01 19:04:21.788096;ac_1;Identities and credentials are issued, managed, verified, revoked, and audited for authorized devices, users and processes.;Protect (PR);Identity Management and Access Control (PR.AC);;aws;;FAIL;IAM Access Analyzer in account 350381001508 is not enabled.;arn:aws:accessanalyzer:us-west-2:350381001508:analyzer/unknown;accessanalyzer_enabled;False;analyzer/unknown;NIST-CSF;National Institute of Standards and Technology (NIST) Cybersecurity Framework (CSF) v2.0;
aws;The NIST Cybersecurity Framework (CSF) 2.0 offers a taxonomy of high-level cybersecurity outcomes that can be used by any organization regardless of its size, sector, or maturity to better understand, assess, prioritize, and communicate its cybersecurity efforts. The framework's core functions are organized into six key areas: Govern (new), Identify, Protect, Detect, Respond, and Recover. Together, these functions provide a comprehensive lifecycle approach to managing cybersecurity risk.;350381001508;us-west-2;2026-08-01 19:04:21.788096;ac_6;Identities are proofed and bound to credentials and asserted in interactions.;Protect (PR);Identity Management and Access Control (PR.AC);;aws;;FAIL;IAM Access Analyzer in account 350381001508 is not enabled.;arn:aws:accessanalyzer:us-west-2:350381001508:analyzer/unknown;accessanalyzer_enabled;False;analyzer/unknown;NIST-CSF;National Institute of Standards and Technology (NIST) Cybersecurity Framework (CSF) v2.0;
aws;The NIST Cybersecurity Framework (CSF) 2.0 offers a taxonomy of high-level cybersecurity outcomes that can be used by any organization regardless of its size, sector, or maturity to better understand, assess, prioritize, and communicate its cybersecurity efforts. The framework's core functions are organized into six key areas: Govern (new), Identify, Protect, Detect, Respond, and Recover. Together, these functions provide a comprehensive lifecycle approach to managing cybersecurity risk.;350381001508;us-east-1;2026-08-01 19:04:21.788096;be_5;Resilience requirements to support delivery of critical services are established for all operating states (e.g. under duress/attack, during recovery, normal operations);Identify (ID);Business Environment (ID.BE);;aws;;FAIL;No Backup Vault exist.;arn:aws:backup:us-east-1:350381001508:backup-vault;backup_vaults_exist;False;350381001508;NIST-CSF;National Institute of Standards and Technology (NIST) Cybersecurity Framework (CSF) v2.0;
aws;The NIST Cybersecurity Framework (CSF) 2.0 offers a taxonomy of high-level cybersecurity outcomes that can be used by any organization regardless of its size, sector, or maturity to better understand, assess, prioritize, and communicate its cybersecurity efforts. The framework's core functions are organized into six key areas: Govern (new), Identify, Protect, Detect, Respond, and Recover. Together, these functions provide a comprehensive lifecycle approach to managing cybersecurity risk.;350381001508;us-east-1;2026-08-01 19:04:21.788096;ds_3;Assets are formally managed throughout removal, transfers, and disposition.;Protect (PR);Data Security (PR.DS);;aws;;FAIL;No Backup Vault exist.;arn:aws:backup:us-east-1:350381001508:backup-vault;backup_vaults_exist;False;350381001508;NIST-CSF;National Institute of Standards and Technology (NIST) Cybersecurity Framework (CSF) v2.0;
aws;The NIST Cybersecurity Framework (CSF) 2.0 offers a taxonomy of high-level cybersecurity outcomes that can be used by any organization regardless of its size, sector, or maturity to better understand, assess, prioritize, and communicate its cybersecurity efforts. The framework's core functions are organized into six key areas: Govern (new), Identify, Protect, Detect, Respond, and Recover. Together, these functions provide a comprehensive lifecycle approach to managing cybersecurity risk.;350381001508;us-east-1;2026-08-01 19:04:21.788096;ip_4;Backups of information are conducted, maintained, and tested periodically.;Protect (PR);Information Protection Processes and Procedures (PR.IP);;aws;;FAIL;No Backup Vault exist.;arn:aws:backup:us-east-1:350381001508:backup-vault;backup_vaults_exist;False;350381001508;NIST-CSF;National Institute of Standards and Technology (NIST) Cybersecurity Framework (CSF) v2.0;
aws;The NIST Cybersecurity Framework (CSF) 2.0 offers a taxonomy of high-level cybersecurity outcomes that can be used by any organization regardless of its size, sector, or maturity to better understand, assess, prioritize, and communicate its cybersecurity efforts. The framework's core functions are organized into six key areas: Govern (new), Identify, Protect, Detect, Respond, and Recover. Together, these functions provide a comprehensive lifecycle approach to managing cybersecurity risk.;350381001508;us-east-1;2026-08-01 19:04:21.788096;rc_rp_1;Recovery plan is executed during or after a cybersecurity incident.;Recover (RC);Recovery Planning (RC.RP);;aws;;FAIL;No Backup Vault exist.;arn:aws:backup:us-east-1:350381001508:backup-vault;backup_vaults_exist;False;350381001508;NIST-CSF;National Institute of Standards and Technology (NIST) Cybersecurity Framework (CSF) v2.0;
aws;The NIST Cybersecurity Framework (CSF) 2.0 offers a taxonomy of high-level cybersecurity outcomes that can be used by any organization regardless of its size, sector, or maturity to better understand, assess, prioritize, and communicate its cybersecurity efforts. The framework's core functions are organized into six key areas: Govern (new), Identify, Protect, Detect, Respond, and Recover. Together, these functions provide a comprehensive lifecycle approach to managing cybersecurity risk.;350381001508;us-east-1;2026-08-01 19:04:21.788096;pt_1;Audit/log records are determined, documented, implemented, and reviewed in accordance with policy.;Protect (PR);Protective Technology (PR.PT);;aws;;PASS;Trail research-trail from home region us-east-1 has an advanced management event selector to log Amazon Bedrock control-plane API calls.;arn:aws:cloudtrail:us-east-1:350381001508:trail/research-trail;cloudtrail_bedrock_logging_enabled;False;research-trail;NIST-CSF;National Institute of Standards and Technology (NIST) Cybersecurity Framework (CSF) v2.0;
aws;The NIST Cybersecurity Framework (CSF) 2.0 offers a taxonomy of high-level cybersecurity outcomes that can be used by any organization regardless of its size, sector, or maturity to better understand, assess, prioritize, and communicate its cybersecurity efforts. The framework's core functions are organized into six key areas: Govern (new), Identify, Protect, Detect, Respond, and Recover. Together, these functions provide a comprehensive lifecycle approach to managing cybersecurity risk.;350381001508;us-east-1;2026-08-01 19:04:21.788096;ae_3;Event data are collected and correlated from multiple sources and sensors.;Detect (DE);Anomalies and Events (DE.AE);;aws;;PASS;Trail research-trail from home region us-east-1 has an advanced management event selector to log Amazon Bedrock control-plane API calls.;arn:aws:cloudtrail:us-east-1:350381001508:trail/research-trail;cloudtrail_bedrock_logging_enabled;False;research-trail;NIST-CSF;National Institute of Standards and Technology (NIST) Cybersecurity Framework (CSF) v2.0;
aws;The NIST Cybersecurity Framework (CSF) 2.0 offers a taxonomy of high-level cybersecurity outcomes that can be used by any organization regardless of its size, sector, or maturity to better understand, assess, prioritize, and communicate its cybersecurity efforts. The framework's core functions are organized into six key areas: Govern (new), Identify, Protect, Detect, Respond, and Recover. Together, these functions provide a comprehensive lifecycle approach to managing cybersecurity risk.;350381001508;us-east-1;2026-08-01 19:04:21.788096;cm_3;Personnel activity is monitored to detect potential cybersecurity events.;Detect (DE);Security Continuous Monitoring (DE.CM);;aws;;PASS;Trail research-trail from home region us-east-1 has an advanced management event selector to log Amazon Bedrock control-plane API calls.;arn:aws:cloudtrail:us-east-1:350381001508:trail/research-trail;cloudtrail_bedrock_logging_enabled;False;research-trail;NIST-CSF;National Institute of Standards and Technology (NIST) Cybersecurity Framework (CSF) v2.0;
aws;The NIST Cybersecurity Framework (CSF) 2.0 offers a taxonomy of high-level cybersecurity outcomes that can be used by any organization regardless of its size, sector, or maturity to better understand, assess, prioritize, and communicate its cybersecurity efforts. The framework's core functions are organized into six key areas: Govern (new), Identify, Protect, Detect, Respond, and Recover. Together, these functions provide a comprehensive lifecycle approach to managing cybersecurity risk.;350381001508;us-east-1;2026-08-01 19:04:21.788096;ds_3;Assets are formally managed throughout removal, transfers, and disposition.;Protect (PR);Data Security (PR.DS);;aws;;FAIL;Trail research-trail bucket (aws-cloudtrail-logs-350381001508-dae76776) does not have MFA delete enabled.;arn:aws:cloudtrail:us-east-1:350381001508:trail/research-trail;cloudtrail_bucket_requires_mfa_delete;False;research-trail;NIST-CSF;National Institute of Standards and Technology (NIST) Cybersecurity Framework (CSF) v2.0;
aws;The NIST Cybersecurity Framework (CSF) 2.0 offers a taxonomy of high-level cybersecurity outcomes that can be used by any organization regardless of its size, sector, or maturity to better understand, assess, prioritize, and communicate its cybersecurity efforts. The framework's core functions are organized into six key areas: Govern (new), Identify, Protect, Detect, Respond, and Recover. Together, these functions provide a comprehensive lifecycle approach to managing cybersecurity risk.;350381001508;us-east-1;2026-08-01 19:04:21.788096;ip_8;Effectiveness of protection technologies is shared.;Protect (PR);Information Protection Processes and Procedures (PR.IP);;aws;;FAIL;Multiregion trail research-trail has not been logging in the last 24h or is not configured to deliver logs.;arn:aws:cloudtrail:us-east-1:350381001508:trail/research-trail;cloudtrail_cloudwatch_logging_enabled;False;research-trail;NIST-CSF;National Institute of Standards and Technology (NIST) Cybersecurity Framework (CSF) v2.0;
aws;The NIST Cybersecurity Framework (CSF) 2.0 offers a taxonomy of high-level cybersecurity outcomes that can be used by any organization regardless of its size, sector, or maturity to better understand, assess, prioritize, and communicate its cybersecurity efforts. The framework's core functions are organized into six key areas: Govern (new), Identify, Protect, Detect, Respond, and Recover. Together, these functions provide a comprehensive lifecycle approach to managing cybersecurity risk.;350381001508;us-east-1;2026-08-01 19:04:21.788096;ae_1;A baseline of network operations and expected data flows for users and systems is established and managed.;Detect (DE);Anomalies and Events (DE.AE);;aws;;FAIL;Multiregion trail research-trail has not been logging in the last 24h or is not configured to deliver logs.;arn:aws:cloudtrail:us-east-1:350381001508:trail/research-trail;cloudtrail_cloudwatch_logging_enabled;False;research-trail;NIST-CSF;National Institute of Standards and Technology (NIST) Cybersecurity Framework (CSF) v2.0;
aws;The NIST Cybersecurity Framework (CSF) 2.0 offers a taxonomy of high-level cybersecurity outcomes that can be used by any organization regardless of its size, sector, or maturity to better understand, assess, prioritize, and communicate its cybersecurity efforts. The framework's core functions are organized into six key areas: Govern (new), Identify, Protect, Detect, Respond, and Recover. Together, these functions provide a comprehensive lifecycle approach to managing cybersecurity risk.;350381001508;us-east-1;2026-08-01 19:04:21.788096;ae_3;Event data are collected and correlated from multiple sources and sensors.;Detect (DE);Anomalies and Events (DE.AE);;aws;;FAIL;Multiregion trail research-trail has not been logging in the last 24h or is not configured to deliver logs.;arn:aws:cloudtrail:us-east-1:350381001508:trail/research-trail;cloudtrail_cloudwatch_logging_enabled;False;research-trail;NIST-CSF;National Institute of Standards and Technology (NIST) Cybersecurity Framework (CSF) v2.0;
aws;The NIST Cybersecurity Framework (CSF) 2.0 offers a taxonomy of high-level cybersecurity outcomes that can be used by any organization regardless of its size, sector, or maturity to better understand, assess, prioritize, and communicate its cybersecurity efforts. The framework's core functions are organized into six key areas: Govern (new), Identify, Protect, Detect, Respond, and Recover. Together, these functions provide a comprehensive lifecycle approach to managing cybersecurity risk.;350381001508;us-east-1;2026-08-01 19:04:21.788096;cm_1;The network is monitored to detect potential cybersecurity events.;Detect (DE);Security Continuous Monitoring (DE.CM);;aws;;FAIL;Multiregion trail research-trail has not been logging in the last 24h or is not configured to deliver logs.;arn:aws:cloudtrail:us-east-1:350381001508:trail/research-trail;cloudtrail_cloudwatch_logging_enabled;False;research-trail;NIST-CSF;National Institute of Standards and Technology (NIST) Cybersecurity Framework (CSF) v2.0;
aws;The NIST Cybersecurity Framework (CSF) 2.0 offers a taxonomy of high-level cybersecurity outcomes that can be used by any organization regardless of its size, sector, or maturity to better understand, assess, prioritize, and communicate its cybersecurity efforts. The framework's core functions are organized into six key areas: Govern (new), Identify, Protect, Detect, Respond, and Recover. Together, these functions provide a comprehensive lifecycle approach to managing cybersecurity risk.;350381001508;us-east-1;2026-08-01 19:04:21.788096;cm_3;Personnel activity is monitored to detect potential cybersecurity events.;Detect (DE);Security Continuous Monitoring (DE.CM);;aws;;FAIL;Multiregion trail research-trail has not been logging in the last 24h or is not configured to deliver logs.;arn:aws:cloudtrail:us-east-1:350381001508:trail/research-trail;cloudtrail_cloudwatch_logging_enabled;False;research-trail;NIST-CSF;National Institute of Standards and Technology (NIST) Cybersecurity Framework (CSF) v2.0;
aws;The NIST Cybersecurity Framework (CSF) 2.0 offers a taxonomy of high-level cybersecurity outcomes that can be used by any organization regardless of its size, sector, or maturity to better understand, assess, prioritize, and communicate its cybersecurity efforts. The framework's core functions are organized into six key areas: Govern (new), Identify, Protect, Detect, Respond, and Recover. Together, these functions provide a comprehensive lifecycle approach to managing cybersecurity risk.;350381001508;us-east-1;2026-08-01 19:04:21.788096;cm_7;Monitoring for unauthorized personnel, connections, devices, and software is performed.;Detect (DE);Security Continuous Monitoring (DE.CM);;aws;;FAIL;Multiregion trail research-trail has not been logging in the last 24h or is not configured to deliver logs.;arn:aws:cloudtrail:us-east-1:350381001508:trail/research-trail;cloudtrail_cloudwatch_logging_enabled;False;research-trail;NIST-CSF;National Institute of Standards and Technology (NIST) Cybersecurity Framework (CSF) v2.0;
aws;The NIST Cybersecurity Framework (CSF) 2.0 offers a taxonomy of high-level cybersecurity outcomes that can be used by any organization regardless of its size, sector, or maturity to better understand, assess, prioritize, and communicate its cybersecurity efforts. The framework's core functions are organized into six key areas: Govern (new), Identify, Protect, Detect, Respond, and Recover. Together, these functions provide a comprehensive lifecycle approach to managing cybersecurity risk.;350381001508;us-east-1;2026-08-01 19:04:21.788096;cm_1;The network is monitored to detect potential cybersecurity events.;Detect (DE);Security Continuous Monitoring (DE.CM);;aws;;FAIL;Trail research-trail does not have insight selectors and it is logging.;arn:aws:cloudtrail:us-east-1:350381001508:trail/research-trail;cloudtrail_insights_exist;False;research-trail;NIST-CSF;National Institute of Standards and Technology (NIST) Cybersecurity Framework (CSF) v2.0;
aws;The NIST Cybersecurity Framework (CSF) 2.0 offers a taxonomy of high-level cybersecurity outcomes that can be used by any organization regardless of its size, sector, or maturity to better understand, assess, prioritize, and communicate its cybersecurity efforts. The framework's core functions are organized into six key areas: Govern (new), Identify, Protect, Detect, Respond, and Recover. Together, these functions provide a comprehensive lifecycle approach to managing cybersecurity risk.;350381001508;us-east-1;2026-08-01 19:04:21.788096;dp_4;Event detection information is communicated.;Detect (DE);Detection Processes (DE.DP);;aws;;FAIL;Trail research-trail does not have insight selectors and it is logging.;arn:aws:cloudtrail:us-east-1:350381001508:trail/research-trail;cloudtrail_insights_exist;False;research-trail;NIST-CSF;National Institute of Standards and Technology (NIST) Cybersecurity Framework (CSF) v2.0;
aws;The NIST Cybersecurity Framework (CSF) 2.0 offers a taxonomy of high-level cybersecurity outcomes that can be used by any organization regardless of its size, sector, or maturity to better understand, assess, prioritize, and communicate its cybersecurity efforts. The framework's core functions are organized into six key areas: Govern (new), Identify, Protect, Detect, Respond, and Recover. Together, these functions provide a comprehensive lifecycle approach to managing cybersecurity risk.;350381001508;us-east-1;2026-08-01 19:04:21.788096;ds_1;Data-at-rest is protected.;Protect (PR);Data Security (PR.DS);;aws;;FAIL;Multiregion trail research-trail has encryption disabled.;arn:aws:cloudtrail:us-east-1:350381001508:trail/research-trail;cloudtrail_kms_encryption_enabled;False;research-trail;NIST-CSF;National Institute of Standards and Technology (NIST) Cybersecurity Framework (CSF) v2.0;
aws;The NIST Cybersecurity Framework (CSF) 2.0 offers a taxonomy of high-level cybersecurity outcomes that can be used by any organization regardless of its size, sector, or maturity to better understand, assess, prioritize, and communicate its cybersecurity efforts. The framework's core functions are organized into six key areas: Govern (new), Identify, Protect, Detect, Respond, and Recover. Together, these functions provide a comprehensive lifecycle approach to managing cybersecurity risk.;350381001508;us-east-1;2026-08-01 19:04:21.788096;ds_5;Protections against data leaks are implemented.;Protect (PR);Data Security (PR.DS);;aws;;FAIL;Multiregion trail research-trail has encryption disabled.;arn:aws:cloudtrail:us-east-1:350381001508:trail/research-trail;cloudtrail_kms_encryption_enabled;False;research-trail;NIST-CSF;National Institute of Standards and Technology (NIST) Cybersecurity Framework (CSF) v2.0;
aws;The NIST Cybersecurity Framework (CSF) 2.0 offers a taxonomy of high-level cybersecurity outcomes that can be used by any organization regardless of its size, sector, or maturity to better understand, assess, prioritize, and communicate its cybersecurity efforts. The framework's core functions are organized into six key areas: Govern (new), Identify, Protect, Detect, Respond, and Recover. Together, these functions provide a comprehensive lifecycle approach to managing cybersecurity risk.;350381001508;us-east-1;2026-08-01 19:04:21.788096;pt_1;Audit/log records are determined, documented, implemented, and reviewed in accordance with policy.;Protect (PR);Protective Technology (PR.PT);;aws;;FAIL;Multiregion trail research-trail has encryption disabled.;arn:aws:cloudtrail:us-east-1:350381001508:trail/research-trail;cloudtrail_kms_encryption_enabled;False;research-trail;NIST-CSF;National Institute of Standards and Technology (NIST) Cybersecurity Framework (CSF) v2.0;
aws;The NIST Cybersecurity Framework (CSF) 2.0 offers a taxonomy of high-level cybersecurity outcomes that can be used by any organization regardless of its size, sector, or maturity to better understand, assess, prioritize, and communicate its cybersecurity efforts. The framework's core functions are organized into six key areas: Govern (new), Identify, Protect, Detect, Respond, and Recover. Together, these functions provide a comprehensive lifecycle approach to managing cybersecurity risk.;350381001508;us-east-1;2026-08-01 19:04:21.788096;pt_4;Communications and control networks are protected.;Protect (PR);Protective Technology (PR.PT);;aws;;FAIL;Multiregion trail research-trail has encryption disabled.;arn:aws:cloudtrail:us-east-1:350381001508:trail/research-trail;cloudtrail_kms_encryption_enabled;False;research-trail;NIST-CSF;National Institute of Standards and Technology (NIST) Cybersecurity Framework (CSF) v2.0;
aws;The NIST Cybersecurity Framework (CSF) 2.0 offers a taxonomy of high-level cybersecurity outcomes that can be used by any organization regardless of its size, sector, or maturity to better understand, assess, prioritize, and communicate its cybersecurity efforts. The framework's core functions are organized into six key areas: Govern (new), Identify, Protect, Detect, Respond, and Recover. Together, these functions provide a comprehensive lifecycle approach to managing cybersecurity risk.;350381001508;us-east-1;2026-08-01 19:04:21.788096;ds_6;Integrity checking mechanisms are used to verify software, firmware, and information integrity.;Protect (PR);Data Security (PR.DS);;cloudtrail;;FAIL;Multiregion trail research-trail has log file validation disabled.;arn:aws:cloudtrail:us-east-1:350381001508:trail/research-trail;cloudtrail_log_file_validation_enabled;False;research-trail;NIST-CSF;National Institute of Standards and Technology (NIST) Cybersecurity Framework (CSF) v2.0;
aws;The NIST Cybersecurity Framework (CSF) 2.0 offers a taxonomy of high-level cybersecurity outcomes that can be used by any organization regardless of its size, sector, or maturity to better understand, assess, prioritize, and communicate its cybersecurity efforts. The framework's core functions are organized into six key areas: Govern (new), Identify, Protect, Detect, Respond, and Recover. Together, these functions provide a comprehensive lifecycle approach to managing cybersecurity risk.;350381001508;us-east-1;2026-08-01 19:04:21.788096;pt_1;Audit/log records are determined, documented, implemented, and reviewed in accordance with policy.;Protect (PR);Protective Technology (PR.PT);;aws;;FAIL;Multiregion trail research-trail has log file validation disabled.;arn:aws:cloudtrail:us-east-1:350381001508:trail/research-trail;cloudtrail_log_file_validation_enabled;False;research-trail;NIST-CSF;National Institute of Standards and Technology (NIST) Cybersecurity Framework (CSF) v2.0;
aws;The NIST Cybersecurity Framework (CSF) 2.0 offers a taxonomy of high-level cybersecurity outcomes that can be used by any organization regardless of its size, sector, or maturity to better understand, assess, prioritize, and communicate its cybersecurity efforts. The framework's core functions are organized into six key areas: Govern (new), Identify, Protect, Detect, Respond, and Recover. Together, these functions provide a comprehensive lifecycle approach to managing cybersecurity risk.;350381001508;us-east-1;2026-08-01 19:04:21.788096;pt_1;Audit/log records are determined, documented, implemented, and reviewed in accordance with policy.;Protect (PR);Protective Technology (PR.PT);;aws;;FAIL;Multiregion Trail research-trail S3 bucket access logging is not enabled for bucket aws-cloudtrail-logs-350381001508-dae76776.;arn:aws:cloudtrail:us-east-1:350381001508:trail/research-trail;cloudtrail_logs_s3_bucket_access_logging_enabled;False;research-trail;NIST-CSF;National Institute of Standards and Technology (NIST) Cybersecurity Framework (CSF) v2.0;
aws;The NIST Cybersecurity Framework (CSF) 2.0 offers a taxonomy of high-level cybersecurity outcomes that can be used by any organization regardless of its size, sector, or maturity to better understand, assess, prioritize, and communicate its cybersecurity efforts. The framework's core functions are organized into six key areas: Govern (new), Identify, Protect, Detect, Respond, and Recover. Together, these functions provide a comprehensive lifecycle approach to managing cybersecurity risk.;350381001508;us-east-1;2026-08-01 19:04:21.788096;ds_5;Protections against data leaks are implemented.;Protect (PR);Data Security (PR.DS);;aws;;PASS;S3 Bucket aws-cloudtrail-logs-350381001508-dae76776 from multiregion trail research-trail is not publicly accessible.;arn:aws:cloudtrail:us-east-1:350381001508:trail/research-trail;cloudtrail_logs_s3_bucket_is_not_publicly_accessible;False;research-trail;NIST-CSF;National Institute of Standards and Technology (NIST) Cybersecurity Framework (CSF) v2.0;
aws;The NIST Cybersecurity Framework (CSF) 2.0 offers a taxonomy of high-level cybersecurity outcomes that can be used by any organization regardless of its size, sector, or maturity to better understand, assess, prioritize, and communicate its cybersecurity efforts. The framework's core functions are organized into six key areas: Govern (new), Identify, Protect, Detect, Respond, and Recover. Together, these functions provide a comprehensive lifecycle approach to managing cybersecurity risk.;350381001508;us-east-1;2026-08-01 19:04:21.788096;pt_1;Audit/log records are determined, documented, implemented, and reviewed in accordance with policy.;Protect (PR);Protective Technology (PR.PT);;aws;;PASS;S3 Bucket aws-cloudtrail-logs-350381001508-dae76776 from multiregion trail research-trail is not publicly accessible.;arn:aws:cloudtrail:us-east-1:350381001508:trail/research-trail;cloudtrail_logs_s3_bucket_is_not_publicly_accessible;False;research-trail;NIST-CSF;National Institute of Standards and Technology (NIST) Cybersecurity Framework (CSF) v2.0;
aws;The NIST Cybersecurity Framework (CSF) 2.0 offers a taxonomy of high-level cybersecurity outcomes that can be used by any organization regardless of its size, sector, or maturity to better understand, assess, prioritize, and communicate its cybersecurity efforts. The framework's core functions are organized into six key areas: Govern (new), Identify, Protect, Detect, Respond, and Recover. Together, these functions provide a comprehensive lifecycle approach to managing cybersecurity risk.;350381001508;ap-northeast-1;2026-08-01 19:04:21.788096;po_4;Governance and risk management processes address cybersecurity risks.;Govern (GV);Policies, Processes, and Procedures (GV.PO);;aws;;PASS;Trail research-trail from home region us-east-1 is multi-region, is logging and have management events enabled.;arn:aws:cloudtrail:us-east-1:350381001508:trail/research-trail;cloudtrail_multi_region_enabled_logging_management_events;False;research-trail;NIST-CSF;National Institute of Standards and Technology (NIST) Cybersecurity Framework (CSF) v2.0;
aws;The NIST Cybersecurity Framework (CSF) 2.0 offers a taxonomy of high-level cybersecurity outcomes that can be used by any organization regardless of its size, sector, or maturity to better understand, assess, prioritize, and communicate its cybersecurity efforts. The framework's core functions are organized into six key areas: Govern (new), Identify, Protect, Detect, Respond, and Recover. Together, these functions provide a comprehensive lifecycle approach to managing cybersecurity risk.;350381001508;ap-northeast-1;2026-08-01 19:04:21.788096;ov_3;Cybersecurity risk management strategy and practices are reviewed and adjusted to adapt to changes in the threat landscape, technologies, or mission, business, or system environments.;Govern (GV);Oversight (GV.OV);;aws;;PASS;Trail research-trail from home region us-east-1 is multi-region, is logging and have management events enabled.;arn:aws:cloudtrail:us-east-1:350381001508:trail/research-trail;cloudtrail_multi_region_enabled_logging_management_events;False;research-trail;NIST-CSF;National Institute of Standards and Technology (NIST) Cybersecurity Framework (CSF) v2.0;
aws;The NIST Cybersecurity Framework (CSF) 2.0 offers a taxonomy of high-level cybersecurity outcomes that can be used by any organization regardless of its size, sector, or maturity to better understand, assess, prioritize, and communicate its cybersecurity efforts. The framework's core functions are organized into six key areas: Govern (new), Identify, Protect, Detect, Respond, and Recover. Together, these functions provide a comprehensive lifecycle approach to managing cybersecurity risk.;350381001508;ap-northeast-1;2026-08-01 19:04:21.788096;pt_1;Audit/log records are determined, documented, implemented, and reviewed in accordance with policy.;Protect (PR);Protective Technology (PR.PT);;aws;;PASS;Trail research-trail from home region us-east-1 is multi-region, is logging and have management events enabled.;arn:aws:cloudtrail:us-east-1:350381001508:trail/research-trail;cloudtrail_multi_region_enabled_logging_management_events;False;research-trail;NIST-CSF;National Institute of Standards and Technology (NIST) Cybersecurity Framework (CSF) v2.0;
aws;The NIST Cybersecurity Framework (CSF) 2.0 offers a taxonomy of high-level cybersecurity outcomes that can be used by any organization regardless of its size, sector, or maturity to better understand, assess, prioritize, and communicate its cybersecurity efforts. The framework's core functions are organized into six key areas: Govern (new), Identify, Protect, Detect, Respond, and Recover. Together, these functions provide a comprehensive lifecycle approach to managing cybersecurity risk.;350381001508;ap-northeast-1;2026-08-01 19:04:21.788096;ae_1;A baseline of network operations and expected data flows for users and systems is established and managed.;Detect (DE);Anomalies and Events (DE.AE);;aws;;PASS;Trail research-trail from home region us-east-1 is multi-region, is logging and have management events enabled.;arn:aws:cloudtrail:us-east-1:350381001508:trail/research-trail;cloudtrail_multi_region_enabled_logging_management_events;False;research-trail;NIST-CSF;National Institute of Standards and Technology (NIST) Cybersecurity Framework (CSF) v2.0;
aws;The NIST Cybersecurity Framework (CSF) 2.0 offers a taxonomy of high-level cybersecurity outcomes that can be used by any organization regardless of its size, sector, or maturity to better understand, assess, prioritize, and communicate its cybersecurity efforts. The framework's core functions are organized into six key areas: Govern (new), Identify, Protect, Detect, Respond, and Recover. Together, these functions provide a comprehensive lifecycle approach to managing cybersecurity risk.;350381001508;ap-northeast-1;2026-08-01 19:04:21.788096;ae_3;Event data are collected and correlated from multiple sources and sensors.;Detect (DE);Anomalies and Events (DE.AE);;aws;;PASS;Trail research-trail from home region us-east-1 is multi-region, is logging and have management events enabled.;arn:aws:cloudtrail:us-east-1:350381001508:trail/research-trail;cloudtrail_multi_region_enabled_logging_management_events;False;research-trail;NIST-CSF;National Institute of Standards and Technology (NIST) Cybersecurity Framework (CSF) v2.0;
aws;The NIST Cybersecurity Framework (CSF) 2.0 offers a taxonomy of high-level cybersecurity outcomes that can be used by any organization regardless of its size, sector, or maturity to better understand, assess, prioritize, and communicate its cybersecurity efforts. The framework's core functions are organized into six key areas: Govern (new), Identify, Protect, Detect, Respond, and Recover. Together, these functions provide a comprehensive lifecycle approach to managing cybersecurity risk.;350381001508;ap-northeast-1;2026-08-01 19:04:21.788096;cm_1;The network is monitored to detect potential cybersecurity events.;Detect (DE);Security Continuous Monitoring (DE.CM);;aws;;PASS;Trail research-trail from home region us-east-1 is multi-region, is logging and have management events enabled.;arn:aws:cloudtrail:us-east-1:350381001508:trail/research-trail;cloudtrail_multi_region_enabled_logging_management_events;False;research-trail;NIST-CSF;National Institute of Standards and Technology (NIST) Cybersecurity Framework (CSF) v2.0;
aws;The NIST Cybersecurity Framework (CSF) 2.0 offers a taxonomy of high-level cybersecurity outcomes that can be used by any organization regardless of its size, sector, or maturity to better understand, assess, prioritize, and communicate its cybersecurity efforts. The framework's core functions are organized into six key areas: Govern (new), Identify, Protect, Detect, Respond, and Recover. Together, these functions provide a comprehensive lifecycle approach to managing cybersecurity risk.;350381001508;ap-northeast-1;2026-08-01 19:04:21.788096;cm_3;Personnel activity is monitored to detect potential cybersecurity events.;Detect (DE);Security Continuous Monitoring (DE.CM);;aws;;PASS;Trail research-trail from home region us-east-1 is multi-region, is logging and have management events enabled.;arn:aws:cloudtrail:us-east-1:350381001508:trail/research-trail;cloudtrail_multi_region_enabled_logging_management_events;False;research-trail;NIST-CSF;National Institute of Standards and Technology (NIST) Cybersecurity Framework (CSF) v2.0;
aws;The NIST Cybersecurity Framework (CSF) 2.0 offers a taxonomy of high-level cybersecurity outcomes that can be used by any organization regardless of its size, sector, or maturity to better understand, assess, prioritize, and communicate its cybersecurity efforts. The framework's core functions are organized into six key areas: Govern (new), Identify, Protect, Detect, Respond, and Recover. Together, these functions provide a comprehensive lifecycle approach to managing cybersecurity risk.;350381001508;ap-northeast-1;2026-08-01 19:04:21.788096;dp_4;Event detection information is communicated.;Detect (DE);Detection Processes (DE.DP);;aws;;PASS;Trail research-trail from home region us-east-1 is multi-region, is logging and have management events enabled.;arn:aws:cloudtrail:us-east-1:350381001508:trail/research-trail;cloudtrail_multi_region_enabled_logging_management_events;False;research-trail;NIST-CSF;National Institute of Standards and Technology (NIST) Cybersecurity Framework (CSF) v2.0;
aws;The NIST Cybersecurity Framework (CSF) 2.0 offers a taxonomy of high-level cybersecurity outcomes that can be used by any organization regardless of its size, sector, or maturity to better understand, assess, prioritize, and communicate its cybersecurity efforts. The framework's core functions are organized into six key areas: Govern (new), Identify, Protect, Detect, Respond, and Recover. Together, these functions provide a comprehensive lifecycle approach to managing cybersecurity risk.;350381001508;ap-northeast-2;2026-08-01 19:04:21.788096;po_4;Governance and risk management processes address cybersecurity risks.;Govern (GV);Policies, Processes, and Procedures (GV.PO);;aws;;PASS;Trail research-trail from home region us-east-1 is multi-region, is logging and have management events enabled.;arn:aws:cloudtrail:us-east-1:350381001508:trail/research-trail;cloudtrail_multi_region_enabled_logging_management_events;False;research-trail;NIST-CSF;National Institute of Standards and Technology (NIST) Cybersecurity Framework (CSF) v2.0;
aws;The NIST Cybersecurity Framework (CSF) 2.0 offers a taxonomy of high-level cybersecurity outcomes that can be used by any organization regardless of its size, sector, or maturity to better understand, assess, prioritize, and communicate its cybersecurity efforts. The framework's core functions are organized into six key areas: Govern (new), Identify, Protect, Detect, Respond, and Recover. Together, these functions provide a comprehensive lifecycle approach to managing cybersecurity risk.;350381001508;ap-northeast-2;2026-08-01 19:04:21.788096;ov_3;Cybersecurity risk management strategy and practices are reviewed and adjusted to adapt to changes in the threat landscape, technologies, or mission, business, or system environments.;Govern (GV);Oversight (GV.OV);;aws;;PASS;Trail research-trail from home region us-east-1 is multi-region, is logging and have management events enabled.;arn:aws:cloudtrail:us-east-1:350381001508:trail/research-trail;cloudtrail_multi_region_enabled_logging_management_events;False;research-trail;NIST-CSF;National Institute of Standards and Technology (NIST) Cybersecurity Framework (CSF) v2.0;
aws;The NIST Cybersecurity Framework (CSF) 2.0 offers a taxonomy of high-level cybersecurity outcomes that can be used by any organization regardless of its size, sector, or maturity to better understand, assess, prioritize, and communicate its cybersecurity efforts. The framework's core functions are organized into six key areas: Govern (new), Identify, Protect, Detect, Respond, and Recover. Together, these functions provide a comprehensive lifecycle approach to managing cybersecurity risk.;350381001508;ap-northeast-2;2026-08-01 19:04:21.788096;pt_1;Audit/log records are determined, documented, implemented, and reviewed in accordance with policy.;Protect (PR);Protective Technology (PR.PT);;aws;;PASS;Trail research-trail from home region us-east-1 is multi-region, is logging and have management events enabled.;arn:aws:cloudtrail:us-east-1:350381001508:trail/research-trail;cloudtrail_multi_region_enabled_logging_management_events;False;research-trail;NIST-CSF;National Institute of Standards and Technology (NIST) Cybersecurity Framework (CSF) v2.0;
aws;The NIST Cybersecurity Framework (CSF) 2.0 offers a taxonomy of high-level cybersecurity outcomes that can be used by any organization regardless of its size, sector, or maturity to better understand, assess, prioritize, and communicate its cybersecurity efforts. The framework's core functions are organized into six key areas: Govern (new), Identify, Protect, Detect, Respond, and Recover. Together, these functions provide a comprehensive lifecycle approach to managing cybersecurity risk.;350381001508;ap-northeast-2;2026-08-01 19:04:21.788096;ae_1;A baseline of network operations and expected data flows for users and systems is established and managed.;Detect (DE);Anomalies and Events (DE.AE);;aws;;PASS;Trail research-trail from home region us-east-1 is multi-region, is logging and have management events enabled.;arn:aws:cloudtrail:us-east-1:350381001508:trail/research-trail;cloudtrail_multi_region_enabled_logging_management_events;False;research-trail;NIST-CSF;National Institute of Standards and Technology (NIST) Cybersecurity Framework (CSF) v2.0;
aws;The NIST Cybersecurity Framework (CSF) 2.0 offers a taxonomy of high-level cybersecurity outcomes that can be used by any organization regardless of its size, sector, or maturity to better understand, assess, prioritize, and communicate its cybersecurity efforts. The framework's core functions are organized into six key areas: Govern (new), Identify, Protect, Detect, Respond, and Recover. Together, these functions provide a comprehensive lifecycle approach to managing cybersecurity risk.;350381001508;ap-northeast-2;2026-08-01 19:04:21.788096;ae_3;Event data are collected and correlated from multiple sources and sensors.;Detect (DE);Anomalies and Events (DE.AE);;aws;;PASS;Trail research-trail from home region us-east-1 is multi-region, is logging and have management events enabled.;arn:aws:cloudtrail:us-east-1:350381001508:trail/research-trail;cloudtrail_multi_region_enabled_logging_management_events;False;research-trail;NIST-CSF;National Institute of Standards and Technology (NIST) Cybersecurity Framework (CSF) v2.0;
aws;The NIST Cybersecurity Framework (CSF) 2.0 offers a taxonomy of high-level cybersecurity outcomes that can be used by any organization regardless of its size, sector, or maturity to better understand, assess, prioritize, and communicate its cybersecurity efforts. The framework's core functions are organized into six key areas: Govern (new), Identify, Protect, Detect, Respond, and Recover. Together, these functions provide a comprehensive lifecycle approach to managing cybersecurity risk.;350381001508;ap-northeast-2;2026-08-01 19:04:21.788096;cm_1;The network is monitored to detect potential cybersecurity events.;Detect (DE);Security Continuous Monitoring (DE.CM);;aws;;PASS;Trail research-trail from home region us-east-1 is multi-region, is logging and have management events enabled.;arn:aws:cloudtrail:us-east-1:350381001508:trail/research-trail;cloudtrail_multi_region_enabled_logging_management_events;False;research-trail;NIST-CSF;National Institute of Standards and Technology (NIST) Cybersecurity Framework (CSF) v2.0;
aws;The NIST Cybersecurity Framework (CSF) 2.0 offers a taxonomy of high-level cybersecurity outcomes that can be used by any organization regardless of its size, sector, or maturity to better understand, assess, prioritize, and communicate its cybersecurity efforts. The framework's core functions are organized into six key areas: Govern (new), Identify, Protect, Detect, Respond, and Recover. Together, these functions provide a comprehensive lifecycle approach to managing cybersecurity risk.;350381001508;ap-northeast-2;2026-08-01 19:04:21.788096;cm_3;Personnel activity is monitored to detect potential cybersecurity events.;Detect (DE);Security Continuous Monitoring (DE.CM);;aws;;PASS;Trail research-trail from home region us-east-1 is multi-region, is logging and have management events enabled.;arn:aws:cloudtrail:us-east-1:350381001508:trail/research-trail;cloudtrail_multi_region_enabled_logging_management_events;False;research-trail;NIST-CSF;National Institute of Standards and Technology (NIST) Cybersecurity Framework (CSF) v2.0;
aws;The NIST Cybersecurity Framework (CSF) 2.0 offers a taxonomy of high-level cybersecurity outcomes that can be used by any organization regardless of its size, sector, or maturity to better understand, assess, prioritize, and communicate its cybersecurity efforts. The framework's core functions are organized into six key areas: Govern (new), Identify, Protect, Detect, Respond, and Recover. Together, these functions provide a comprehensive lifecycle approach to managing cybersecurity risk.;350381001508;ap-northeast-2;2026-08-01 19:04:21.788096;dp_4;Event detection information is communicated.;Detect (DE);Detection Processes (DE.DP);;aws;;PASS;Trail research-trail from home region us-east-1 is multi-region, is logging and have management events enabled.;arn:aws:cloudtrail:us-east-1:350381001508:trail/research-trail;cloudtrail_multi_region_enabled_logging_management_events;False;research-trail;NIST-CSF;National Institute of Standards and Technology (NIST) Cybersecurity Framework (CSF) v2.0;
aws;The NIST Cybersecurity Framework (CSF) 2.0 offers a taxonomy of high-level cybersecurity outcomes that can be used by any organization regardless of its size, sector, or maturity to better understand, assess, prioritize, and communicate its cybersecurity efforts. The framework's core functions are organized into six key areas: Govern (new), Identify, Protect, Detect, Respond, and Recover. Together, these functions provide a comprehensive lifecycle approach to managing cybersecurity risk.;350381001508;ap-northeast-3;2026-08-01 19:04:21.788096;po_4;Governance and risk management processes address cybersecurity risks.;Govern (GV);Policies, Processes, and Procedures (GV.PO);;aws;;PASS;Trail research-trail from home region us-east-1 is multi-region, is logging and have management events enabled.;arn:aws:cloudtrail:us-east-1:350381001508:trail/research-trail;cloudtrail_multi_region_enabled_logging_management_events;False;research-trail;NIST-CSF;National Institute of Standards and Technology (NIST) Cybersecurity Framework (CSF) v2.0;
aws;The NIST Cybersecurity Framework (CSF) 2.0 offers a taxonomy of high-level cybersecurity outcomes that can be used by any organization regardless of its size, sector, or maturity to better understand, assess, prioritize, and communicate its cybersecurity efforts. The framework's core functions are organized into six key areas: Govern (new), Identify, Protect, Detect, Respond, and Recover. Together, these functions provide a comprehensive lifecycle approach to managing cybersecurity risk.;350381001508;ap-northeast-3;2026-08-01 19:04:21.788096;ov_3;Cybersecurity risk management strategy and practices are reviewed and adjusted to adapt to changes in the threat landscape, technologies, or mission, business, or system environments.;Govern (GV);Oversight (GV.OV);;aws;;PASS;Trail research-trail from home region us-east-1 is multi-region, is logging and have management events enabled.;arn:aws:cloudtrail:us-east-1:350381001508:trail/research-trail;cloudtrail_multi_region_enabled_logging_management_events;False;research-trail;NIST-CSF;National Institute of Standards and Technology (NIST) Cybersecurity Framework (CSF) v2.0;
aws;The NIST Cybersecurity Framework (CSF) 2.0 offers a taxonomy of high-level cybersecurity outcomes that can be used by any organization regardless of its size, sector, or maturity to better understand, assess, prioritize, and communicate its cybersecurity efforts. The framework's core functions are organized into six key areas: Govern (new), Identify, Protect, Detect, Respond, and Recover. Together, these functions provide a comprehensive lifecycle approach to managing cybersecurity risk.;350381001508;ap-northeast-3;2026-08-01 19:04:21.788096;pt_1;Audit/log records are determined, documented, implemented, and reviewed in accordance with policy.;Protect (PR);Protective Technology (PR.PT);;aws;;PASS;Trail research-trail from home region us-east-1 is multi-region, is logging and have management events enabled.;arn:aws:cloudtrail:us-east-1:350381001508:trail/research-trail;cloudtrail_multi_region_enabled_logging_management_events;False;research-trail;NIST-CSF;National Institute of Standards and Technology (NIST) Cybersecurity Framework (CSF) v2.0;
aws;The NIST Cybersecurity Framework (CSF) 2.0 offers a taxonomy of high-level cybersecurity outcomes that can be used by any organization regardless of its size, sector, or maturity to better understand, assess, prioritize, and communicate its cybersecurity efforts. The framework's core functions are organized into six key areas: Govern (new), Identify, Protect, Detect, Respond, and Recover. Together, these functions provide a comprehensive lifecycle approach to managing cybersecurity risk.;350381001508;ap-northeast-3;2026-08-01 19:04:21.788096;ae_1;A baseline of network operations and expected data flows for users and systems is established and managed.;Detect (DE);Anomalies and Events (DE.AE);;aws;;PASS;Trail research-trail from home region us-east-1 is multi-region, is logging and have management events enabled.;arn:aws:cloudtrail:us-east-1:350381001508:trail/research-trail;cloudtrail_multi_region_enabled_logging_management_events;False;research-trail;NIST-CSF;National Institute of Standards and Technology (NIST) Cybersecurity Framework (CSF) v2.0;
aws;The NIST Cybersecurity Framework (CSF) 2.0 offers a taxonomy of high-level cybersecurity outcomes that can be used by any organization regardless of its size, sector, or maturity to better understand, assess, prioritize, and communicate its cybersecurity efforts. The framework's core functions are organized into six key areas: Govern (new), Identify, Protect, Detect, Respond, and Recover. Together, these functions provide a comprehensive lifecycle approach to managing cybersecurity risk.;350381001508;ap-northeast-3;2026-08-01 19:04:21.788096;ae_3;Event data are collected and correlated from multiple sources and sensors.;Detect (DE);Anomalies and Events (DE.AE);;aws;;PASS;Trail research-trail from home region us-east-1 is multi-region, is logging and have management events enabled.;arn:aws:cloudtrail:us-east-1:350381001508:trail/research-trail;cloudtrail_multi_region_enabled_logging_management_events;False;research-trail;NIST-CSF;National Institute of Standards and Technology (NIST) Cybersecurity Framework (CSF) v2.0;
aws;The NIST Cybersecurity Framework (CSF) 2.0 offers a taxonomy of high-level cybersecurity outcomes that can be used by any organization regardless of its size, sector, or maturity to better understand, assess, prioritize, and communicate its cybersecurity efforts. The framework's core functions are organized into six key areas: Govern (new), Identify, Protect, Detect, Respond, and Recover. Together, these functions provide a comprehensive lifecycle approach to managing cybersecurity risk.;350381001508;ap-northeast-3;2026-08-01 19:04:21.788096;cm_1;The network is monitored to detect potential cybersecurity events.;Detect (DE);Security Continuous Monitoring (DE.CM);;aws;;PASS;Trail research-trail from home region us-east-1 is multi-region, is logging and have management events enabled.;arn:aws:cloudtrail:us-east-1:350381001508:trail/research-trail;cloudtrail_multi_region_enabled_logging_management_events;False;research-trail;NIST-CSF;National Institute of Standards and Technology (NIST) Cybersecurity Framework (CSF) v2.0;
aws;The NIST Cybersecurity Framework (CSF) 2.0 offers a taxonomy of high-level cybersecurity outcomes that can be used by any organization regardless of its size, sector, or maturity to better understand, assess, prioritize, and communicate its cybersecurity efforts. The framework's core functions are organized into six key areas: Govern (new), Identify, Protect, Detect, Respond, and Recover. Together, these functions provide a comprehensive lifecycle approach to managing cybersecurity risk.;350381001508;ap-northeast-3;2026-08-01 19:04:21.788096;cm_3;Personnel activity is monitored to detect potential cybersecurity events.;Detect (DE);Security Continuous Monitoring (DE.CM);;aws;;PASS;Trail research-trail from home region us-east-1 is multi-region, is logging and have management events enabled.;arn:aws:cloudtrail:us-east-1:350381001508:trail/research-trail;cloudtrail_multi_region_enabled_logging_management_events;False;research-trail;NIST-CSF;National Institute of Standards and Technology (NIST) Cybersecurity Framework (CSF) v2.0;
aws;The NIST Cybersecurity Framework (CSF) 2.0 offers a taxonomy of high-level cybersecurity outcomes that can be used by any organization regardless of its size, sector, or maturity to better understand, assess, prioritize, and communicate its cybersecurity efforts. The framework's core functions are organized into six key areas: Govern (new), Identify, Protect, Detect, Respond, and Recover. Together, these functions provide a comprehensive lifecycle approach to managing cybersecurity risk.;350381001508;ap-northeast-3;2026-08-01 19:04:21.788096;dp_4;Event detection information is communicated.;Detect (DE);Detection Processes (DE.DP);;aws;;PASS;Trail research-trail from home region us-east-1 is multi-region, is logging and have management events enabled.;arn:aws:cloudtrail:us-east-1:350381001508:trail/research-trail;cloudtrail_multi_region_enabled_logging_management_events;False;research-trail;NIST-CSF;National Institute of Standards and Technology (NIST) Cybersecurity Framework (CSF) v2.0;
aws;The NIST Cybersecurity Framework (CSF) 2.0 offers a taxonomy of high-level cybersecurity outcomes that can be used by any organization regardless of its size, sector, or maturity to better understand, assess, prioritize, and communicate its cybersecurity efforts. The framework's core functions are organized into six key areas: Govern (new), Identify, Protect, Detect, Respond, and Recover. Together, these functions provide a comprehensive lifecycle approach to managing cybersecurity risk.;350381001508;ap-south-1;2026-08-01 19:04:21.788096;po_4;Governance and risk management processes address cybersecurity risks.;Govern (GV);Policies, Processes, and Procedures (GV.PO);;aws;;PASS;Trail research-trail from home region us-east-1 is multi-region, is logging and have management events enabled.;arn:aws:cloudtrail:us-east-1:350381001508:trail/research-trail;cloudtrail_multi_region_enabled_logging_management_events;False;research-trail;NIST-CSF;National Institute of Standards and Technology (NIST) Cybersecurity Framework (CSF) v2.0;
aws;The NIST Cybersecurity Framework (CSF) 2.0 offers a taxonomy of high-level cybersecurity outcomes that can be used by any organization regardless of its size, sector, or maturity to better understand, assess, prioritize, and communicate its cybersecurity efforts. The framework's core functions are organized into six key areas: Govern (new), Identify, Protect, Detect, Respond, and Recover. Together, these functions provide a comprehensive lifecycle approach to managing cybersecurity risk.;350381001508;ap-south-1;2026-08-01 19:04:21.788096;ov_3;Cybersecurity risk management strategy and practices are reviewed and adjusted to adapt to changes in the threat landscape, technologies, or mission, business, or system environments.;Govern (GV);Oversight (GV.OV);;aws;;PASS;Trail research-trail from home region us-east-1 is multi-region, is logging and have management events enabled.;arn:aws:cloudtrail:us-east-1:350381001508:trail/research-trail;cloudtrail_multi_region_enabled_logging_management_events;False;research-trail;NIST-CSF;National Institute of Standards and Technology (NIST) Cybersecurity Framework (CSF) v2.0;
aws;The NIST Cybersecurity Framework (CSF) 2.0 offers a taxonomy of high-level cybersecurity outcomes that can be used by any organization regardless of its size, sector, or maturity to better understand, assess, prioritize, and communicate its cybersecurity efforts. The framework's core functions are organized into six key areas: Govern (new), Identify, Protect, Detect, Respond, and Recover. Together, these functions provide a comprehensive lifecycle approach to managing cybersecurity risk.;350381001508;ap-south-1;2026-08-01 19:04:21.788096;pt_1;Audit/log records are determined, documented, implemented, and reviewed in accordance with policy.;Protect (PR);Protective Technology (PR.PT);;aws;;PASS;Trail research-trail from home region us-east-1 is multi-region, is logging and have management events enabled.;arn:aws:cloudtrail:us-east-1:350381001508:trail/research-trail;cloudtrail_multi_region_enabled_logging_management_events;False;research-trail;NIST-CSF;National Institute of Standards and Technology (NIST) Cybersecurity Framework (CSF) v2.0;
aws;The NIST Cybersecurity Framework (CSF) 2.0 offers a taxonomy of high-level cybersecurity outcomes that can be used by any organization regardless of its size, sector, or maturity to better understand, assess, prioritize, and communicate its cybersecurity efforts. The framework's core functions are organized into six key areas: Govern (new), Identify, Protect, Detect, Respond, and Recover. Together, these functions provide a comprehensive lifecycle approach to managing cybersecurity risk.;350381001508;ap-south-1;2026-08-01 19:04:21.788096;ae_1;A baseline of network operations and expected data flows for users and systems is established and managed.;Detect (DE);Anomalies and Events (DE.AE);;aws;;PASS;Trail research-trail from home region us-east-1 is multi-region, is logging and have management events enabled.;arn:aws:cloudtrail:us-east-1:350381001508:trail/research-trail;cloudtrail_multi_region_enabled_logging_management_events;False;research-trail;NIST-CSF;National Institute of Standards and Technology (NIST) Cybersecurity Framework (CSF) v2.0;
aws;The NIST Cybersecurity Framework (CSF) 2.0 offers a taxonomy of high-level cybersecurity outcomes that can be used by any organization regardless of its size, sector, or maturity to better understand, assess, prioritize, and communicate its cybersecurity efforts. The framework's core functions are organized into six key areas: Govern (new), Identify, Protect, Detect, Respond, and Recover. Together, these functions provide a comprehensive lifecycle approach to managing cybersecurity risk.;350381001508;ap-south-1;2026-08-01 19:04:21.788096;ae_3;Event data are collected and correlated from multiple sources and sensors.;Detect (DE);Anomalies and Events (DE.AE);;aws;;PASS;Trail research-trail from home region us-east-1 is multi-region, is logging and have management events enabled.;arn:aws:cloudtrail:us-east-1:350381001508:trail/research-trail;cloudtrail_multi_region_enabled_logging_management_events;False;research-trail;NIST-CSF;National Institute of Standards and Technology (NIST) Cybersecurity Framework (CSF) v2.0;
aws;The NIST Cybersecurity Framework (CSF) 2.0 offers a taxonomy of high-level cybersecurity outcomes that can be used by any organization regardless of its size, sector, or maturity to better understand, assess, prioritize, and communicate its cybersecurity efforts. The framework's core functions are organized into six key areas: Govern (new), Identify, Protect, Detect, Respond, and Recover. Together, these functions provide a comprehensive lifecycle approach to managing cybersecurity risk.;350381001508;ap-south-1;2026-08-01 19:04:21.788096;cm_1;The network is monitored to detect potential cybersecurity events.;Detect (DE);Security Continuous Monitoring (DE.CM);;aws;;PASS;Trail research-trail from home region us-east-1 is multi-region, is logging and have management events enabled.;arn:aws:cloudtrail:us-east-1:350381001508:trail/research-trail;cloudtrail_multi_region_enabled_logging_management_events;False;research-trail;NIST-CSF;National Institute of Standards and Technology (NIST) Cybersecurity Framework (CSF) v2.0;
aws;The NIST Cybersecurity Framework (CSF) 2.0 offers a taxonomy of high-level cybersecurity outcomes that can be used by any organization regardless of its size, sector, or maturity to better understand, assess, prioritize, and communicate its cybersecurity efforts. The framework's core functions are organized into six key areas: Govern (new), Identify, Protect, Detect, Respond, and Recover. Together, these functions provide a comprehensive lifecycle approach to managing cybersecurity risk.;350381001508;ap-south-1;2026-08-01 19:04:21.788096;cm_3;Personnel activity is monitored to detect potential cybersecurity events.;Detect (DE);Security Continuous Monitoring (DE.CM);;aws;;PASS;Trail research-trail from home region us-east-1 is multi-region, is logging and have management events enabled.;arn:aws:cloudtrail:us-east-1:350381001508:trail/research-trail;cloudtrail_multi_region_enabled_logging_management_events;False;research-trail;NIST-CSF;National Institute of Standards and Technology (NIST) Cybersecurity Framework (CSF) v2.0;
aws;The NIST Cybersecurity Framework (CSF) 2.0 offers a taxonomy of high-level cybersecurity outcomes that can be used by any organization regardless of its size, sector, or maturity to better understand, assess, prioritize, and communicate its cybersecurity efforts. The framework's core functions are organized into six key areas: Govern (new), Identify, Protect, Detect, Respond, and Recover. Together, these functions provide a comprehensive lifecycle approach to managing cybersecurity risk.;350381001508;ap-south-1;2026-08-01 19:04:21.788096;dp_4;Event detection information is communicated.;Detect (DE);Detection Processes (DE.DP);;aws;;PASS;Trail research-trail from home region us-east-1 is multi-region, is logging and have management events enabled.;arn:aws:cloudtrail:us-east-1:350381001508:trail/research-trail;cloudtrail_multi_region_enabled_logging_management_events;False;research-trail;NIST-CSF;National Institute of Standards and Technology (NIST) Cybersecurity Framework (CSF) v2.0;
aws;The NIST Cybersecurity Framework (CSF) 2.0 offers a taxonomy of high-level cybersecurity outcomes that can be used by any organization regardless of its size, sector, or maturity to better understand, assess, prioritize, and communicate its cybersecurity efforts. The framework's core functions are organized into six key areas: Govern (new), Identify, Protect, Detect, Respond, and Recover. Together, these functions provide a comprehensive lifecycle approach to managing cybersecurity risk.;350381001508;ap-southeast-1;2026-08-01 19:04:21.788096;po_4;Governance and risk management processes address cybersecurity risks.;Govern (GV);Policies, Processes, and Procedures (GV.PO);;aws;;PASS;Trail research-trail from home region us-east-1 is multi-region, is logging and have management events enabled.;arn:aws:cloudtrail:us-east-1:350381001508:trail/research-trail;cloudtrail_multi_region_enabled_logging_management_events;False;research-trail;NIST-CSF;National Institute of Standards and Technology (NIST) Cybersecurity Framework (CSF) v2.0;
aws;The NIST Cybersecurity Framework (CSF) 2.0 offers a taxonomy of high-level cybersecurity outcomes that can be used by any organization regardless of its size, sector, or maturity to better understand, assess, prioritize, and communicate its cybersecurity efforts. The framework's core functions are organized into six key areas: Govern (new), Identify, Protect, Detect, Respond, and Recover. Together, these functions provide a comprehensive lifecycle approach to managing cybersecurity risk.;350381001508;ap-southeast-1;2026-08-01 19:04:21.788096;ov_3;Cybersecurity risk management strategy and practices are reviewed and adjusted to adapt to changes in the threat landscape, technologies, or mission, business, or system environments.;Govern (GV);Oversight (GV.OV);;aws;;PASS;Trail research-trail from home region us-east-1 is multi-region, is logging and have management events enabled.;arn:aws:cloudtrail:us-east-1:350381001508:trail/research-trail;cloudtrail_multi_region_enabled_logging_management_events;False;research-trail;NIST-CSF;National Institute of Standards and Technology (NIST) Cybersecurity Framework (CSF) v2.0;
aws;The NIST Cybersecurity Framework (CSF) 2.0 offers a taxonomy of high-level cybersecurity outcomes that can be used by any organization regardless of its size, sector, or maturity to better understand, assess, prioritize, and communicate its cybersecurity efforts. The framework's core functions are organized into six key areas: Govern (new), Identify, Protect, Detect, Respond, and Recover. Together, these functions provide a comprehensive lifecycle approach to managing cybersecurity risk.;350381001508;ap-southeast-1;2026-08-01 19:04:21.788096;pt_1;Audit/log records are determined, documented, implemented, and reviewed in accordance with policy.;Protect (PR);Protective Technology (PR.PT);;aws;;PASS;Trail research-trail from home region us-east-1 is multi-region, is logging and have management events enabled.;arn:aws:cloudtrail:us-east-1:350381001508:trail/research-trail;cloudtrail_multi_region_enabled_logging_management_events;False;research-trail;NIST-CSF;National Institute of Standards and Technology (NIST) Cybersecurity Framework (CSF) v2.0;
aws;The NIST Cybersecurity Framework (CSF) 2.0 offers a taxonomy of high-level cybersecurity outcomes that can be used by any organization regardless of its size, sector, or maturity to better understand, assess, prioritize, and communicate its cybersecurity efforts. The framework's core functions are organized into six key areas: Govern (new), Identify, Protect, Detect, Respond, and Recover. Together, these functions provide a comprehensive lifecycle approach to managing cybersecurity risk.;350381001508;ap-southeast-1;2026-08-01 19:04:21.788096;ae_1;A baseline of network operations and expected data flows for users and systems is established and managed.;Detect (DE);Anomalies and Events (DE.AE);;aws;;PASS;Trail research-trail from home region us-east-1 is multi-region, is logging and have management events enabled.;arn:aws:cloudtrail:us-east-1:350381001508:trail/research-trail;cloudtrail_multi_region_enabled_logging_management_events;False;research-trail;NIST-CSF;National Institute of Standards and Technology (NIST) Cybersecurity Framework (CSF) v2.0;
aws;The NIST Cybersecurity Framework (CSF) 2.0 offers a taxonomy of high-level cybersecurity outcomes that can be used by any organization regardless of its size, sector, or maturity to better understand, assess, prioritize, and communicate its cybersecurity efforts. The framework's core functions are organized into six key areas: Govern (new), Identify, Protect, Detect, Respond, and Recover. Together, these functions provide a comprehensive lifecycle approach to managing cybersecurity risk.;350381001508;ap-southeast-1;2026-08-01 19:04:21.788096;ae_3;Event data are collected and correlated from multiple sources and sensors.;Detect (DE);Anomalies and Events (DE.AE);;aws;;PASS;Trail research-trail from home region us-east-1 is multi-region, is logging and have management events enabled.;arn:aws:cloudtrail:us-east-1:350381001508:trail/research-trail;cloudtrail_multi_region_enabled_logging_management_events;False;research-trail;NIST-CSF;National Institute of Standards and Technology (NIST) Cybersecurity Framework (CSF) v2.0;
aws;The NIST Cybersecurity Framework (CSF) 2.0 offers a taxonomy of high-level cybersecurity outcomes that can be used by any organization regardless of its size, sector, or maturity to better understand, assess, prioritize, and communicate its cybersecurity efforts. The framework's core functions are organized into six key areas: Govern (new), Identify, Protect, Detect, Respond, and Recover. Together, these functions provide a comprehensive lifecycle approach to managing cybersecurity risk.;350381001508;ap-southeast-1;2026-08-01 19:04:21.788096;cm_1;The network is monitored to detect potential cybersecurity events.;Detect (DE);Security Continuous Monitoring (DE.CM);;aws;;PASS;Trail research-trail from home region us-east-1 is multi-region, is logging and have management events enabled.;arn:aws:cloudtrail:us-east-1:350381001508:trail/research-trail;cloudtrail_multi_region_enabled_logging_management_events;False;research-trail;NIST-CSF;National Institute of Standards and Technology (NIST) Cybersecurity Framework (CSF) v2.0;
aws;The NIST Cybersecurity Framework (CSF) 2.0 offers a taxonomy of high-level cybersecurity outcomes that can be used by any organization regardless of its size, sector, or maturity to better understand, assess, prioritize, and communicate its cybersecurity efforts. The framework's core functions are organized into six key areas: Govern (new), Identify, Protect, Detect, Respond, and Recover. Together, these functions provide a comprehensive lifecycle approach to managing cybersecurity risk.;350381001508;ap-southeast-1;2026-08-01 19:04:21.788096;cm_3;Personnel activity is monitored to detect potential cybersecurity events.;Detect (DE);Security Continuous Monitoring (DE.CM);;aws;;PASS;Trail research-trail from home region us-east-1 is multi-region, is logging and have management events enabled.;arn:aws:cloudtrail:us-east-1:350381001508:trail/research-trail;cloudtrail_multi_region_enabled_logging_management_events;False;research-trail;NIST-CSF;National Institute of Standards and Technology (NIST) Cybersecurity Framework (CSF) v2.0;
aws;The NIST Cybersecurity Framework (CSF) 2.0 offers a taxonomy of high-level cybersecurity outcomes that can be used by any organization regardless of its size, sector, or maturity to better understand, assess, prioritize, and communicate its cybersecurity efforts. The framework's core functions are organized into six key areas: Govern (new), Identify, Protect, Detect, Respond, and Recover. Together, these functions provide a comprehensive lifecycle approach to managing cybersecurity risk.;350381001508;ap-southeast-1;2026-08-01 19:04:21.788096;dp_4;Event detection information is communicated.;Detect (DE);Detection Processes (DE.DP);;aws;;PASS;Trail research-trail from home region us-east-1 is multi-region, is logging and have management events enabled.;arn:aws:cloudtrail:us-east-1:350381001508:trail/research-trail;cloudtrail_multi_region_enabled_logging_management_events;False;research-trail;NIST-CSF;National Institute of Standards and Technology (NIST) Cybersecurity Framework (CSF) v2.0;
aws;The NIST Cybersecurity Framework (CSF) 2.0 offers a taxonomy of high-level cybersecurity outcomes that can be used by any organization regardless of its size, sector, or maturity to better understand, assess, prioritize, and communicate its cybersecurity efforts. The framework's core functions are organized into six key areas: Govern (new), Identify, Protect, Detect, Respond, and Recover. Together, these functions provide a comprehensive lifecycle approach to managing cybersecurity risk.;350381001508;ap-southeast-2;2026-08-01 19:04:21.788096;po_4;Governance and risk management processes address cybersecurity risks.;Govern (GV);Policies, Processes, and Procedures (GV.PO);;aws;;PASS;Trail research-trail from home region us-east-1 is multi-region, is logging and have management events enabled.;arn:aws:cloudtrail:us-east-1:350381001508:trail/research-trail;cloudtrail_multi_region_enabled_logging_management_events;False;research-trail;NIST-CSF;National Institute of Standards and Technology (NIST) Cybersecurity Framework (CSF) v2.0;
aws;The NIST Cybersecurity Framework (CSF) 2.0 offers a taxonomy of high-level cybersecurity outcomes that can be used by any organization regardless of its size, sector, or maturity to better understand, assess, prioritize, and communicate its cybersecurity efforts. The framework's core functions are organized into six key areas: Govern (new), Identify, Protect, Detect, Respond, and Recover. Together, these functions provide a comprehensive lifecycle approach to managing cybersecurity risk.;350381001508;ap-southeast-2;2026-08-01 19:04:21.788096;ov_3;Cybersecurity risk management strategy and practices are reviewed and adjusted to adapt to changes in the threat landscape, technologies, or mission, business, or system environments.;Govern (GV);Oversight (GV.OV);;aws;;PASS;Trail research-trail from home region us-east-1 is multi-region, is logging and have management events enabled.;arn:aws:cloudtrail:us-east-1:350381001508:trail/research-trail;cloudtrail_multi_region_enabled_logging_management_events;False;research-trail;NIST-CSF;National Institute of Standards and Technology (NIST) Cybersecurity Framework (CSF) v2.0;
aws;The NIST Cybersecurity Framework (CSF) 2.0 offers a taxonomy of high-level cybersecurity outcomes that can be used by any organization regardless of its size, sector, or maturity to better understand, assess, prioritize, and communicate its cybersecurity efforts. The framework's core functions are organized into six key areas: Govern (new), Identify, Protect, Detect, Respond, and Recover. Together, these functions provide a comprehensive lifecycle approach to managing cybersecurity risk.;350381001508;ap-southeast-2;2026-08-01 19:04:21.788096;pt_1;Audit/log records are determined, documented, implemented, and reviewed in accordance with policy.;Protect (PR);Protective Technology (PR.PT);;aws;;PASS;Trail research-trail from home region us-east-1 is multi-region, is logging and have management events enabled.;arn:aws:cloudtrail:us-east-1:350381001508:trail/research-trail;cloudtrail_multi_region_enabled_logging_management_events;False;research-trail;NIST-CSF;National Institute of Standards and Technology (NIST) Cybersecurity Framework (CSF) v2.0;
aws;The NIST Cybersecurity Framework (CSF) 2.0 offers a taxonomy of high-level cybersecurity outcomes that can be used by any organization regardless of its size, sector, or maturity to better understand, assess, prioritize, and communicate its cybersecurity efforts. The framework's core functions are organized into six key areas: Govern (new), Identify, Protect, Detect, Respond, and Recover. Together, these functions provide a comprehensive lifecycle approach to managing cybersecurity risk.;350381001508;ap-southeast-2;2026-08-01 19:04:21.788096;ae_1;A baseline of network operations and expected data flows for users and systems is established and managed.;Detect (DE);Anomalies and Events (DE.AE);;aws;;PASS;Trail research-trail from home region us-east-1 is multi-region, is logging and have management events enabled.;arn:aws:cloudtrail:us-east-1:350381001508:trail/research-trail;cloudtrail_multi_region_enabled_logging_management_events;False;research-trail;NIST-CSF;National Institute of Standards and Technology (NIST) Cybersecurity Framework (CSF) v2.0;
aws;The NIST Cybersecurity Framework (CSF) 2.0 offers a taxonomy of high-level cybersecurity outcomes that can be used by any organization regardless of its size, sector, or maturity to better understand, assess, prioritize, and communicate its cybersecurity efforts. The framework's core functions are organized into six key areas: Govern (new), Identify, Protect, Detect, Respond, and Recover. Together, these functions provide a comprehensive lifecycle approach to managing cybersecurity risk.;350381001508;ap-southeast-2;2026-08-01 19:04:21.788096;ae_3;Event data are collected and correlated from multiple sources and sensors.;Detect (DE);Anomalies and Events (DE.AE);;aws;;PASS;Trail research-trail from home region us-east-1 is multi-region, is logging and have management events enabled.;arn:aws:cloudtrail:us-east-1:350381001508:trail/research-trail;cloudtrail_multi_region_enabled_logging_management_events;False;research-trail;NIST-CSF;National Institute of Standards and Technology (NIST) Cybersecurity Framework (CSF) v2.0;
aws;The NIST Cybersecurity Framework (CSF) 2.0 offers a taxonomy of high-level cybersecurity outcomes that can be used by any organization regardless of its size, sector, or maturity to better understand, assess, prioritize, and communicate its cybersecurity efforts. The framework's core functions are organized into six key areas: Govern (new), Identify, Protect, Detect, Respond, and Recover. Together, these functions provide a comprehensive lifecycle approach to managing cybersecurity risk.;350381001508;ap-southeast-2;2026-08-01 19:04:21.788096;cm_1;The network is monitored to detect potential cybersecurity events.;Detect (DE);Security Continuous Monitoring (DE.CM);;aws;;PASS;Trail research-trail from home region us-east-1 is multi-region, is logging and have management events enabled.;arn:aws:cloudtrail:us-east-1:350381001508:trail/research-trail;cloudtrail_multi_region_enabled_logging_management_events;False;research-trail;NIST-CSF;National Institute of Standards and Technology (NIST) Cybersecurity Framework (CSF) v2.0;
aws;The NIST Cybersecurity Framework (CSF) 2.0 offers a taxonomy of high-level cybersecurity outcomes that can be used by any organization regardless of its size, sector, or maturity to better understand, assess, prioritize, and communicate its cybersecurity efforts. The framework's core functions are organized into six key areas: Govern (new), Identify, Protect, Detect, Respond, and Recover. Together, these functions provide a comprehensive lifecycle approach to managing cybersecurity risk.;350381001508;ap-southeast-2;2026-08-01 19:04:21.788096;cm_3;Personnel activity is monitored to detect potential cybersecurity events.;Detect (DE);Security Continuous Monitoring (DE.CM);;aws;;PASS;Trail research-trail from home region us-east-1 is multi-region, is logging and have management events enabled.;arn:aws:cloudtrail:us-east-1:350381001508:trail/research-trail;cloudtrail_multi_region_enabled_logging_management_events;False;research-trail;NIST-CSF;National Institute of Standards and Technology (NIST) Cybersecurity Framework (CSF) v2.0;
aws;The NIST Cybersecurity Framework (CSF) 2.0 offers a taxonomy of high-level cybersecurity outcomes that can be used by any organization regardless of its size, sector, or maturity to better understand, assess, prioritize, and communicate its cybersecurity efforts. The framework's core functions are organized into six key areas: Govern (new), Identify, Protect, Detect, Respond, and Recover. Together, these functions provide a comprehensive lifecycle approach to managing cybersecurity risk.;350381001508;ap-southeast-2;2026-08-01 19:04:21.788096;dp_4;Event detection information is communicated.;Detect (DE);Detection Processes (DE.DP);;aws;;PASS;Trail research-trail from home region us-east-1 is multi-region, is logging and have management events enabled.;arn:aws:cloudtrail:us-east-1:350381001508:trail/research-trail;cloudtrail_multi_region_enabled_logging_management_events;False;research-trail;NIST-CSF;National Institute of Standards and Technology (NIST) Cybersecurity Framework (CSF) v2.0;
aws;The NIST Cybersecurity Framework (CSF) 2.0 offers a taxonomy of high-level cybersecurity outcomes that can be used by any organization regardless of its size, sector, or maturity to better understand, assess, prioritize, and communicate its cybersecurity efforts. The framework's core functions are organized into six key areas: Govern (new), Identify, Protect, Detect, Respond, and Recover. Together, these functions provide a comprehensive lifecycle approach to managing cybersecurity risk.;350381001508;ca-central-1;2026-08-01 19:04:21.788096;po_4;Governance and risk management processes address cybersecurity risks.;Govern (GV);Policies, Processes, and Procedures (GV.PO);;aws;;PASS;Trail research-trail from home region us-east-1 is multi-region, is logging and have management events enabled.;arn:aws:cloudtrail:us-east-1:350381001508:trail/research-trail;cloudtrail_multi_region_enabled_logging_management_events;False;research-trail;NIST-CSF;National Institute of Standards and Technology (NIST) Cybersecurity Framework (CSF) v2.0;
aws;The NIST Cybersecurity Framework (CSF) 2.0 offers a taxonomy of high-level cybersecurity outcomes that can be used by any organization regardless of its size, sector, or maturity to better understand, assess, prioritize, and communicate its cybersecurity efforts. The framework's core functions are organized into six key areas: Govern (new), Identify, Protect, Detect, Respond, and Recover. Together, these functions provide a comprehensive lifecycle approach to managing cybersecurity risk.;350381001508;ca-central-1;2026-08-01 19:04:21.788096;ov_3;Cybersecurity risk management strategy and practices are reviewed and adjusted to adapt to changes in the threat landscape, technologies, or mission, business, or system environments.;Govern (GV);Oversight (GV.OV);;aws;;PASS;Trail research-trail from home region us-east-1 is multi-region, is logging and have management events enabled.;arn:aws:cloudtrail:us-east-1:350381001508:trail/research-trail;cloudtrail_multi_region_enabled_logging_management_events;False;research-trail;NIST-CSF;National Institute of Standards and Technology (NIST) Cybersecurity Framework (CSF) v2.0;
aws;The NIST Cybersecurity Framework (CSF) 2.0 offers a taxonomy of high-level cybersecurity outcomes that can be used by any organization regardless of its size, sector, or maturity to better understand, assess, prioritize, and communicate its cybersecurity efforts. The framework's core functions are organized into six key areas: Govern (new), Identify, Protect, Detect, Respond, and Recover. Together, these functions provide a comprehensive lifecycle approach to managing cybersecurity risk.;350381001508;ca-central-1;2026-08-01 19:04:21.788096;pt_1;Audit/log records are determined, documented, implemented, and reviewed in accordance with policy.;Protect (PR);Protective Technology (PR.PT);;aws;;PASS;Trail research-trail from home region us-east-1 is multi-region, is logging and have management events enabled.;arn:aws:cloudtrail:us-east-1:350381001508:trail/research-trail;cloudtrail_multi_region_enabled_logging_management_events;False;research-trail;NIST-CSF;National Institute of Standards and Technology (NIST) Cybersecurity Framework (CSF) v2.0;
aws;The NIST Cybersecurity Framework (CSF) 2.0 offers a taxonomy of high-level cybersecurity outcomes that can be used by any organization regardless of its size, sector, or maturity to better understand, assess, prioritize, and communicate its cybersecurity efforts. The framework's core functions are organized into six key areas: Govern (new), Identify, Protect, Detect, Respond, and Recover. Together, these functions provide a comprehensive lifecycle approach to managing cybersecurity risk.;350381001508;ca-central-1;2026-08-01 19:04:21.788096;ae_1;A baseline of network operations and expected data flows for users and systems is established and managed.;Detect (DE);Anomalies and Events (DE.AE);;aws;;PASS;Trail research-trail from home region us-east-1 is multi-region, is logging and have management events enabled.;arn:aws:cloudtrail:us-east-1:350381001508:trail/research-trail;cloudtrail_multi_region_enabled_logging_management_events;False;research-trail;NIST-CSF;National Institute of Standards and Technology (NIST) Cybersecurity Framework (CSF) v2.0;
aws;The NIST Cybersecurity Framework (CSF) 2.0 offers a taxonomy of high-level cybersecurity outcomes that can be used by any organization regardless of its size, sector, or maturity to better understand, assess, prioritize, and communicate its cybersecurity efforts. The framework's core functions are organized into six key areas: Govern (new), Identify, Protect, Detect, Respond, and Recover. Together, these functions provide a comprehensive lifecycle approach to managing cybersecurity risk.;350381001508;ca-central-1;2026-08-01 19:04:21.788096;ae_3;Event data are collected and correlated from multiple sources and sensors.;Detect (DE);Anomalies and Events (DE.AE);;aws;;PASS;Trail research-trail from home region us-east-1 is multi-region, is logging and have management events enabled.;arn:aws:cloudtrail:us-east-1:350381001508:trail/research-trail;cloudtrail_multi_region_enabled_logging_management_events;False;research-trail;NIST-CSF;National Institute of Standards and Technology (NIST) Cybersecurity Framework (CSF) v2.0;
aws;The NIST Cybersecurity Framework (CSF) 2.0 offers a taxonomy of high-level cybersecurity outcomes that can be used by any organization regardless of its size, sector, or maturity to better understand, assess, prioritize, and communicate its cybersecurity efforts. The framework's core functions are organized into six key areas: Govern (new), Identify, Protect, Detect, Respond, and Recover. Together, these functions provide a comprehensive lifecycle approach to managing cybersecurity risk.;350381001508;ca-central-1;2026-08-01 19:04:21.788096;cm_1;The network is monitored to detect potential cybersecurity events.;Detect (DE);Security Continuous Monitoring (DE.CM);;aws;;PASS;Trail research-trail from home region us-east-1 is multi-region, is logging and have management events enabled.;arn:aws:cloudtrail:us-east-1:350381001508:trail/research-trail;cloudtrail_multi_region_enabled_logging_management_events;False;research-trail;NIST-CSF;National Institute of Standards and Technology (NIST) Cybersecurity Framework (CSF) v2.0;
aws;The NIST Cybersecurity Framework (CSF) 2.0 offers a taxonomy of high-level cybersecurity outcomes that can be used by any organization regardless of its size, sector, or maturity to better understand, assess, prioritize, and communicate its cybersecurity efforts. The framework's core functions are organized into six key areas: Govern (new), Identify, Protect, Detect, Respond, and Recover. Together, these functions provide a comprehensive lifecycle approach to managing cybersecurity risk.;350381001508;ca-central-1;2026-08-01 19:04:21.788096;cm_3;Personnel activity is monitored to detect potential cybersecurity events.;Detect (DE);Security Continuous Monitoring (DE.CM);;aws;;PASS;Trail research-trail from home region us-east-1 is multi-region, is logging and have management events enabled.;arn:aws:cloudtrail:us-east-1:350381001508:trail/research-trail;cloudtrail_multi_region_enabled_logging_management_events;False;research-trail;NIST-CSF;National Institute of Standards and Technology (NIST) Cybersecurity Framework (CSF) v2.0;
aws;The NIST Cybersecurity Framework (CSF) 2.0 offers a taxonomy of high-level cybersecurity outcomes that can be used by any organization regardless of its size, sector, or maturity to better understand, assess, prioritize, and communicate its cybersecurity efforts. The framework's core functions are organized into six key areas: Govern (new), Identify, Protect, Detect, Respond, and Recover. Together, these functions provide a comprehensive lifecycle approach to managing cybersecurity risk.;350381001508;ca-central-1;2026-08-01 19:04:21.788096;dp_4;Event detection information is communicated.;Detect (DE);Detection Processes (DE.DP);;aws;;PASS;Trail research-trail from home region us-east-1 is multi-region, is logging and have management events enabled.;arn:aws:cloudtrail:us-east-1:350381001508:trail/research-trail;cloudtrail_multi_region_enabled_logging_management_events;False;research-trail;NIST-CSF;National Institute of Standards and Technology (NIST) Cybersecurity Framework (CSF) v2.0;
aws;The NIST Cybersecurity Framework (CSF) 2.0 offers a taxonomy of high-level cybersecurity outcomes that can be used by any organization regardless of its size, sector, or maturity to better understand, assess, prioritize, and communicate its cybersecurity efforts. The framework's core functions are organized into six key areas: Govern (new), Identify, Protect, Detect, Respond, and Recover. Together, these functions provide a comprehensive lifecycle approach to managing cybersecurity risk.;350381001508;eu-central-1;2026-08-01 19:04:21.788096;po_4;Governance and risk management processes address cybersecurity risks.;Govern (GV);Policies, Processes, and Procedures (GV.PO);;aws;;PASS;Trail research-trail from home region us-east-1 is multi-region, is logging and have management events enabled.;arn:aws:cloudtrail:us-east-1:350381001508:trail/research-trail;cloudtrail_multi_region_enabled_logging_management_events;False;research-trail;NIST-CSF;National Institute of Standards and Technology (NIST) Cybersecurity Framework (CSF) v2.0;
aws;The NIST Cybersecurity Framework (CSF) 2.0 offers a taxonomy of high-level cybersecurity outcomes that can be used by any organization regardless of its size, sector, or maturity to better understand, assess, prioritize, and communicate its cybersecurity efforts. The framework's core functions are organized into six key areas: Govern (new), Identify, Protect, Detect, Respond, and Recover. Together, these functions provide a comprehensive lifecycle approach to managing cybersecurity risk.;350381001508;eu-central-1;2026-08-01 19:04:21.788096;ov_3;Cybersecurity risk management strategy and practices are reviewed and adjusted to adapt to changes in the threat landscape, technologies, or mission, business, or system environments.;Govern (GV);Oversight (GV.OV);;aws;;PASS;Trail research-trail from home region us-east-1 is multi-region, is logging and have management events enabled.;arn:aws:cloudtrail:us-east-1:350381001508:trail/research-trail;cloudtrail_multi_region_enabled_logging_management_events;False;research-trail;NIST-CSF;National Institute of Standards and Technology (NIST) Cybersecurity Framework (CSF) v2.0;
aws;The NIST Cybersecurity Framework (CSF) 2.0 offers a taxonomy of high-level cybersecurity outcomes that can be used by any organization regardless of its size, sector, or maturity to better understand, assess, prioritize, and communicate its cybersecurity efforts. The framework's core functions are organized into six key areas: Govern (new), Identify, Protect, Detect, Respond, and Recover. Together, these functions provide a comprehensive lifecycle approach to managing cybersecurity risk.;350381001508;eu-central-1;2026-08-01 19:04:21.788096;pt_1;Audit/log records are determined, documented, implemented, and reviewed in accordance with policy.;Protect (PR);Protective Technology (PR.PT);;aws;;PASS;Trail research-trail from home region us-east-1 is multi-region, is logging and have management events enabled.;arn:aws:cloudtrail:us-east-1:350381001508:trail/research-trail;cloudtrail_multi_region_enabled_logging_management_events;False;research-trail;NIST-CSF;National Institute of Standards and Technology (NIST) Cybersecurity Framework (CSF) v2.0;
aws;The NIST Cybersecurity Framework (CSF) 2.0 offers a taxonomy of high-level cybersecurity outcomes that can be used by any organization regardless of its size, sector, or maturity to better understand, assess, prioritize, and communicate its cybersecurity efforts. The framework's core functions are organized into six key areas: Govern (new), Identify, Protect, Detect, Respond, and Recover. Together, these functions provide a comprehensive lifecycle approach to managing cybersecurity risk.;350381001508;eu-central-1;2026-08-01 19:04:21.788096;ae_1;A baseline of network operations and expected data flows for users and systems is established and managed.;Detect (DE);Anomalies and Events (DE.AE);;aws;;PASS;Trail research-trail from home region us-east-1 is multi-region, is logging and have management events enabled.;arn:aws:cloudtrail:us-east-1:350381001508:trail/research-trail;cloudtrail_multi_region_enabled_logging_management_events;False;research-trail;NIST-CSF;National Institute of Standards and Technology (NIST) Cybersecurity Framework (CSF) v2.0;
aws;The NIST Cybersecurity Framework (CSF) 2.0 offers a taxonomy of high-level cybersecurity outcomes that can be used by any organization regardless of its size, sector, or maturity to better understand, assess, prioritize, and communicate its cybersecurity efforts. The framework's core functions are organized into six key areas: Govern (new), Identify, Protect, Detect, Respond, and Recover. Together, these functions provide a comprehensive lifecycle approach to managing cybersecurity risk.;350381001508;eu-central-1;2026-08-01 19:04:21.788096;ae_3;Event data are collected and correlated from multiple sources and sensors.;Detect (DE);Anomalies and Events (DE.AE);;aws;;PASS;Trail research-trail from home region us-east-1 is multi-region, is logging and have management events enabled.;arn:aws:cloudtrail:us-east-1:350381001508:trail/research-trail;cloudtrail_multi_region_enabled_logging_management_events;False;research-trail;NIST-CSF;National Institute of Standards and Technology (NIST) Cybersecurity Framework (CSF) v2.0;
aws;The NIST Cybersecurity Framework (CSF) 2.0 offers a taxonomy of high-level cybersecurity outcomes that can be used by any organization regardless of its size, sector, or maturity to better understand, assess, prioritize, and communicate its cybersecurity efforts. The framework's core functions are organized into six key areas: Govern (new), Identify, Protect, Detect, Respond, and Recover. Together, these functions provide a comprehensive lifecycle approach to managing cybersecurity risk.;350381001508;eu-central-1;2026-08-01 19:04:21.788096;cm_1;The network is monitored to detect potential cybersecurity events.;Detect (DE);Security Continuous Monitoring (DE.CM);;aws;;PASS;Trail research-trail from home region us-east-1 is multi-region, is logging and have management events enabled.;arn:aws:cloudtrail:us-east-1:350381001508:trail/research-trail;cloudtrail_multi_region_enabled_logging_management_events;False;research-trail;NIST-CSF;National Institute of Standards and Technology (NIST) Cybersecurity Framework (CSF) v2.0;
aws;The NIST Cybersecurity Framework (CSF) 2.0 offers a taxonomy of high-level cybersecurity outcomes that can be used by any organization regardless of its size, sector, or maturity to better understand, assess, prioritize, and communicate its cybersecurity efforts. The framework's core functions are organized into six key areas: Govern (new), Identify, Protect, Detect, Respond, and Recover. Together, these functions provide a comprehensive lifecycle approach to managing cybersecurity risk.;350381001508;eu-central-1;2026-08-01 19:04:21.788096;cm_3;Personnel activity is monitored to detect potential cybersecurity events.;Detect (DE);Security Continuous Monitoring (DE.CM);;aws;;PASS;Trail research-trail from home region us-east-1 is multi-region, is logging and have management events enabled.;arn:aws:cloudtrail:us-east-1:350381001508:trail/research-trail;cloudtrail_multi_region_enabled_logging_management_events;False;research-trail;NIST-CSF;National Institute of Standards and Technology (NIST) Cybersecurity Framework (CSF) v2.0;
aws;The NIST Cybersecurity Framework (CSF) 2.0 offers a taxonomy of high-level cybersecurity outcomes that can be used by any organization regardless of its size, sector, or maturity to better understand, assess, prioritize, and communicate its cybersecurity efforts. The framework's core functions are organized into six key areas: Govern (new), Identify, Protect, Detect, Respond, and Recover. Together, these functions provide a comprehensive lifecycle approach to managing cybersecurity risk.;350381001508;eu-central-1;2026-08-01 19:04:21.788096;dp_4;Event detection information is communicated.;Detect (DE);Detection Processes (DE.DP);;aws;;PASS;Trail research-trail from home region us-east-1 is multi-region, is logging and have management events enabled.;arn:aws:cloudtrail:us-east-1:350381001508:trail/research-trail;cloudtrail_multi_region_enabled_logging_management_events;False;research-trail;NIST-CSF;National Institute of Standards and Technology (NIST) Cybersecurity Framework (CSF) v2.0;
aws;The NIST Cybersecurity Framework (CSF) 2.0 offers a taxonomy of high-level cybersecurity outcomes that can be used by any organization regardless of its size, sector, or maturity to better understand, assess, prioritize, and communicate its cybersecurity efforts. The framework's core functions are organized into six key areas: Govern (new), Identify, Protect, Detect, Respond, and Recover. Together, these functions provide a comprehensive lifecycle approach to managing cybersecurity risk.;350381001508;eu-north-1;2026-08-01 19:04:21.788096;po_4;Governance and risk management processes address cybersecurity risks.;Govern (GV);Policies, Processes, and Procedures (GV.PO);;aws;;PASS;Trail research-trail from home region us-east-1 is multi-region, is logging and have management events enabled.;arn:aws:cloudtrail:us-east-1:350381001508:trail/research-trail;cloudtrail_multi_region_enabled_logging_management_events;False;research-trail;NIST-CSF;National Institute of Standards and Technology (NIST) Cybersecurity Framework (CSF) v2.0;
aws;The NIST Cybersecurity Framework (CSF) 2.0 offers a taxonomy of high-level cybersecurity outcomes that can be used by any organization regardless of its size, sector, or maturity to better understand, assess, prioritize, and communicate its cybersecurity efforts. The framework's core functions are organized into six key areas: Govern (new), Identify, Protect, Detect, Respond, and Recover. Together, these functions provide a comprehensive lifecycle approach to managing cybersecurity risk.;350381001508;eu-north-1;2026-08-01 19:04:21.788096;ov_3;Cybersecurity risk management strategy and practices are reviewed and adjusted to adapt to changes in the threat landscape, technologies, or mission, business, or system environments.;Govern (GV);Oversight (GV.OV);;aws;;PASS;Trail research-trail from home region us-east-1 is multi-region, is logging and have management events enabled.;arn:aws:cloudtrail:us-east-1:350381001508:trail/research-trail;cloudtrail_multi_region_enabled_logging_management_events;False;research-trail;NIST-CSF;National Institute of Standards and Technology (NIST) Cybersecurity Framework (CSF) v2.0;
aws;The NIST Cybersecurity Framework (CSF) 2.0 offers a taxonomy of high-level cybersecurity outcomes that can be used by any organization regardless of its size, sector, or maturity to better understand, assess, prioritize, and communicate its cybersecurity efforts. The framework's core functions are organized into six key areas: Govern (new), Identify, Protect, Detect, Respond, and Recover. Together, these functions provide a comprehensive lifecycle approach to managing cybersecurity risk.;350381001508;eu-north-1;2026-08-01 19:04:21.788096;pt_1;Audit/log records are determined, documented, implemented, and reviewed in accordance with policy.;Protect (PR);Protective Technology (PR.PT);;aws;;PASS;Trail research-trail from home region us-east-1 is multi-region, is logging and have management events enabled.;arn:aws:cloudtrail:us-east-1:350381001508:trail/research-trail;cloudtrail_multi_region_enabled_logging_management_events;False;research-trail;NIST-CSF;National Institute of Standards and Technology (NIST) Cybersecurity Framework (CSF) v2.0;
aws;The NIST Cybersecurity Framework (CSF) 2.0 offers a taxonomy of high-level cybersecurity outcomes that can be used by any organization regardless of its size, sector, or maturity to better understand, assess, prioritize, and communicate its cybersecurity efforts. The framework's core functions are organized into six key areas: Govern (new), Identify, Protect, Detect, Respond, and Recover. Together, these functions provide a comprehensive lifecycle approach to managing cybersecurity risk.;350381001508;eu-north-1;2026-08-01 19:04:21.788096;ae_1;A baseline of network operations and expected data flows for users and systems is established and managed.;Detect (DE);Anomalies and Events (DE.AE);;aws;;PASS;Trail research-trail from home region us-east-1 is multi-region, is logging and have management events enabled.;arn:aws:cloudtrail:us-east-1:350381001508:trail/research-trail;cloudtrail_multi_region_enabled_logging_management_events;False;research-trail;NIST-CSF;National Institute of Standards and Technology (NIST) Cybersecurity Framework (CSF) v2.0;
aws;The NIST Cybersecurity Framework (CSF) 2.0 offers a taxonomy of high-level cybersecurity outcomes that can be used by any organization regardless of its size, sector, or maturity to better understand, assess, prioritize, and communicate its cybersecurity efforts. The framework's core functions are organized into six key areas: Govern (new), Identify, Protect, Detect, Respond, and Recover. Together, these functions provide a comprehensive lifecycle approach to managing cybersecurity risk.;350381001508;eu-north-1;2026-08-01 19:04:21.788096;ae_3;Event data are collected and correlated from multiple sources and sensors.;Detect (DE);Anomalies and Events (DE.AE);;aws;;PASS;Trail research-trail from home region us-east-1 is multi-region, is logging and have management events enabled.;arn:aws:cloudtrail:us-east-1:350381001508:trail/research-trail;cloudtrail_multi_region_enabled_logging_management_events;False;research-trail;NIST-CSF;National Institute of Standards and Technology (NIST) Cybersecurity Framework (CSF) v2.0;
aws;The NIST Cybersecurity Framework (CSF) 2.0 offers a taxonomy of high-level cybersecurity outcomes that can be used by any organization regardless of its size, sector, or maturity to better understand, assess, prioritize, and communicate its cybersecurity efforts. The framework's core functions are organized into six key areas: Govern (new), Identify, Protect, Detect, Respond, and Recover. Together, these functions provide a comprehensive lifecycle approach to managing cybersecurity risk.;350381001508;eu-north-1;2026-08-01 19:04:21.788096;cm_1;The network is monitored to detect potential cybersecurity events.;Detect (DE);Security Continuous Monitoring (DE.CM);;aws;;PASS;Trail research-trail from home region us-east-1 is multi-region, is logging and have management events enabled.;arn:aws:cloudtrail:us-east-1:350381001508:trail/research-trail;cloudtrail_multi_region_enabled_logging_management_events;False;research-trail;NIST-CSF;National Institute of Standards and Technology (NIST) Cybersecurity Framework (CSF) v2.0;
aws;The NIST Cybersecurity Framework (CSF) 2.0 offers a taxonomy of high-level cybersecurity outcomes that can be used by any organization regardless of its size, sector, or maturity to better understand, assess, prioritize, and communicate its cybersecurity efforts. The framework's core functions are organized into six key areas: Govern (new), Identify, Protect, Detect, Respond, and Recover. Together, these functions provide a comprehensive lifecycle approach to managing cybersecurity risk.;350381001508;eu-north-1;2026-08-01 19:04:21.788096;cm_3;Personnel activity is monitored to detect potential cybersecurity events.;Detect (DE);Security Continuous Monitoring (DE.CM);;aws;;PASS;Trail research-trail from home region us-east-1 is multi-region, is logging and have management events enabled.;arn:aws:cloudtrail:us-east-1:350381001508:trail/research-trail;cloudtrail_multi_region_enabled_logging_management_events;False;research-trail;NIST-CSF;National Institute of Standards and Technology (NIST) Cybersecurity Framework (CSF) v2.0;
aws;The NIST Cybersecurity Framework (CSF) 2.0 offers a taxonomy of high-level cybersecurity outcomes that can be used by any organization regardless of its size, sector, or maturity to better understand, assess, prioritize, and communicate its cybersecurity efforts. The framework's core functions are organized into six key areas: Govern (new), Identify, Protect, Detect, Respond, and Recover. Together, these functions provide a comprehensive lifecycle approach to managing cybersecurity risk.;350381001508;eu-north-1;2026-08-01 19:04:21.788096;dp_4;Event detection information is communicated.;Detect (DE);Detection Processes (DE.DP);;aws;;PASS;Trail research-trail from home region us-east-1 is multi-region, is logging and have management events enabled.;arn:aws:cloudtrail:us-east-1:350381001508:trail/research-trail;cloudtrail_multi_region_enabled_logging_management_events;False;research-trail;NIST-CSF;National Institute of Standards and Technology (NIST) Cybersecurity Framework (CSF) v2.0;
aws;The NIST Cybersecurity Framework (CSF) 2.0 offers a taxonomy of high-level cybersecurity outcomes that can be used by any organization regardless of its size, sector, or maturity to better understand, assess, prioritize, and communicate its cybersecurity efforts. The framework's core functions are organized into six key areas: Govern (new), Identify, Protect, Detect, Respond, and Recover. Together, these functions provide a comprehensive lifecycle approach to managing cybersecurity risk.;350381001508;eu-west-1;2026-08-01 19:04:21.788096;po_4;Governance and risk management processes address cybersecurity risks.;Govern (GV);Policies, Processes, and Procedures (GV.PO);;aws;;PASS;Trail research-trail from home region us-east-1 is multi-region, is logging and have management events enabled.;arn:aws:cloudtrail:us-east-1:350381001508:trail/research-trail;cloudtrail_multi_region_enabled_logging_management_events;False;research-trail;NIST-CSF;National Institute of Standards and Technology (NIST) Cybersecurity Framework (CSF) v2.0;
aws;The NIST Cybersecurity Framework (CSF) 2.0 offers a taxonomy of high-level cybersecurity outcomes that can be used by any organization regardless of its size, sector, or maturity to better understand, assess, prioritize, and communicate its cybersecurity efforts. The framework's core functions are organized into six key areas: Govern (new), Identify, Protect, Detect, Respond, and Recover. Together, these functions provide a comprehensive lifecycle approach to managing cybersecurity risk.;350381001508;eu-west-1;2026-08-01 19:04:21.788096;ov_3;Cybersecurity risk management strategy and practices are reviewed and adjusted to adapt to changes in the threat landscape, technologies, or mission, business, or system environments.;Govern (GV);Oversight (GV.OV);;aws;;PASS;Trail research-trail from home region us-east-1 is multi-region, is logging and have management events enabled.;arn:aws:cloudtrail:us-east-1:350381001508:trail/research-trail;cloudtrail_multi_region_enabled_logging_management_events;False;research-trail;NIST-CSF;National Institute of Standards and Technology (NIST) Cybersecurity Framework (CSF) v2.0;
aws;The NIST Cybersecurity Framework (CSF) 2.0 offers a taxonomy of high-level cybersecurity outcomes that can be used by any organization regardless of its size, sector, or maturity to better understand, assess, prioritize, and communicate its cybersecurity efforts. The framework's core functions are organized into six key areas: Govern (new), Identify, Protect, Detect, Respond, and Recover. Together, these functions provide a comprehensive lifecycle approach to managing cybersecurity risk.;350381001508;eu-west-1;2026-08-01 19:04:21.788096;pt_1;Audit/log records are determined, documented, implemented, and reviewed in accordance with policy.;Protect (PR);Protective Technology (PR.PT);;aws;;PASS;Trail research-trail from home region us-east-1 is multi-region, is logging and have management events enabled.;arn:aws:cloudtrail:us-east-1:350381001508:trail/research-trail;cloudtrail_multi_region_enabled_logging_management_events;False;research-trail;NIST-CSF;National Institute of Standards and Technology (NIST) Cybersecurity Framework (CSF) v2.0;
aws;The NIST Cybersecurity Framework (CSF) 2.0 offers a taxonomy of high-level cybersecurity outcomes that can be used by any organization regardless of its size, sector, or maturity to better understand, assess, prioritize, and communicate its cybersecurity efforts. The framework's core functions are organized into six key areas: Govern (new), Identify, Protect, Detect, Respond, and Recover. Together, these functions provide a comprehensive lifecycle approach to managing cybersecurity risk.;350381001508;eu-west-1;2026-08-01 19:04:21.788096;ae_1;A baseline of network operations and expected data flows for users and systems is established and managed.;Detect (DE);Anomalies and Events (DE.AE);;aws;;PASS;Trail research-trail from home region us-east-1 is multi-region, is logging and have management events enabled.;arn:aws:cloudtrail:us-east-1:350381001508:trail/research-trail;cloudtrail_multi_region_enabled_logging_management_events;False;research-trail;NIST-CSF;National Institute of Standards and Technology (NIST) Cybersecurity Framework (CSF) v2.0;
aws;The NIST Cybersecurity Framework (CSF) 2.0 offers a taxonomy of high-level cybersecurity outcomes that can be used by any organization regardless of its size, sector, or maturity to better understand, assess, prioritize, and communicate its cybersecurity efforts. The framework's core functions are organized into six key areas: Govern (new), Identify, Protect, Detect, Respond, and Recover. Together, these functions provide a comprehensive lifecycle approach to managing cybersecurity risk.;350381001508;eu-west-1;2026-08-01 19:04:21.788096;ae_3;Event data are collected and correlated from multiple sources and sensors.;Detect (DE);Anomalies and Events (DE.AE);;aws;;PASS;Trail research-trail from home region us-east-1 is multi-region, is logging and have management events enabled.;arn:aws:cloudtrail:us-east-1:350381001508:trail/research-trail;cloudtrail_multi_region_enabled_logging_management_events;False;research-trail;NIST-CSF;National Institute of Standards and Technology (NIST) Cybersecurity Framework (CSF) v2.0;
aws;The NIST Cybersecurity Framework (CSF) 2.0 offers a taxonomy of high-level cybersecurity outcomes that can be used by any organization regardless of its size, sector, or maturity to better understand, assess, prioritize, and communicate its cybersecurity efforts. The framework's core functions are organized into six key areas: Govern (new), Identify, Protect, Detect, Respond, and Recover. Together, these functions provide a comprehensive lifecycle approach to managing cybersecurity risk.;350381001508;eu-west-1;2026-08-01 19:04:21.788096;cm_1;The network is monitored to detect potential cybersecurity events.;Detect (DE);Security Continuous Monitoring (DE.CM);;aws;;PASS;Trail research-trail from home region us-east-1 is multi-region, is logging and have management events enabled.;arn:aws:cloudtrail:us-east-1:350381001508:trail/research-trail;cloudtrail_multi_region_enabled_logging_management_events;False;research-trail;NIST-CSF;National Institute of Standards and Technology (NIST) Cybersecurity Framework (CSF) v2.0;
aws;The NIST Cybersecurity Framework (CSF) 2.0 offers a taxonomy of high-level cybersecurity outcomes that can be used by any organization regardless of its size, sector, or maturity to better understand, assess, prioritize, and communicate its cybersecurity efforts. The framework's core functions are organized into six key areas: Govern (new), Identify, Protect, Detect, Respond, and Recover. Together, these functions provide a comprehensive lifecycle approach to managing cybersecurity risk.;350381001508;eu-west-1;2026-08-01 19:04:21.788096;cm_3;Personnel activity is monitored to detect potential cybersecurity events.;Detect (DE);Security Continuous Monitoring (DE.CM);;aws;;PASS;Trail research-trail from home region us-east-1 is multi-region, is logging and have management events enabled.;arn:aws:cloudtrail:us-east-1:350381001508:trail/research-trail;cloudtrail_multi_region_enabled_logging_management_events;False;research-trail;NIST-CSF;National Institute of Standards and Technology (NIST) Cybersecurity Framework (CSF) v2.0;
aws;The NIST Cybersecurity Framework (CSF) 2.0 offers a taxonomy of high-level cybersecurity outcomes that can be used by any organization regardless of its size, sector, or maturity to better understand, assess, prioritize, and communicate its cybersecurity efforts. The framework's core functions are organized into six key areas: Govern (new), Identify, Protect, Detect, Respond, and Recover. Together, these functions provide a comprehensive lifecycle approach to managing cybersecurity risk.;350381001508;eu-west-1;2026-08-01 19:04:21.788096;dp_4;Event detection information is communicated.;Detect (DE);Detection Processes (DE.DP);;aws;;PASS;Trail research-trail from home region us-east-1 is multi-region, is logging and have management events enabled.;arn:aws:cloudtrail:us-east-1:350381001508:trail/research-trail;cloudtrail_multi_region_enabled_logging_management_events;False;research-trail;NIST-CSF;National Institute of Standards and Technology (NIST) Cybersecurity Framework (CSF) v2.0;
aws;The NIST Cybersecurity Framework (CSF) 2.0 offers a taxonomy of high-level cybersecurity outcomes that can be used by any organization regardless of its size, sector, or maturity to better understand, assess, prioritize, and communicate its cybersecurity efforts. The framework's core functions are organized into six key areas: Govern (new), Identify, Protect, Detect, Respond, and Recover. Together, these functions provide a comprehensive lifecycle approach to managing cybersecurity risk.;350381001508;eu-west-2;2026-08-01 19:04:21.788096;po_4;Governance and risk management processes address cybersecurity risks.;Govern (GV);Policies, Processes, and Procedures (GV.PO);;aws;;PASS;Trail research-trail from home region us-east-1 is multi-region, is logging and have management events enabled.;arn:aws:cloudtrail:us-east-1:350381001508:trail/research-trail;cloudtrail_multi_region_enabled_logging_management_events;False;research-trail;NIST-CSF;National Institute of Standards and Technology (NIST) Cybersecurity Framework (CSF) v2.0;
aws;The NIST Cybersecurity Framework (CSF) 2.0 offers a taxonomy of high-level cybersecurity outcomes that can be used by any organization regardless of its size, sector, or maturity to better understand, assess, prioritize, and communicate its cybersecurity efforts. The framework's core functions are organized into six key areas: Govern (new), Identify, Protect, Detect, Respond, and Recover. Together, these functions provide a comprehensive lifecycle approach to managing cybersecurity risk.;350381001508;eu-west-2;2026-08-01 19:04:21.788096;ov_3;Cybersecurity risk management strategy and practices are reviewed and adjusted to adapt to changes in the threat landscape, technologies, or mission, business, or system environments.;Govern (GV);Oversight (GV.OV);;aws;;PASS;Trail research-trail from home region us-east-1 is multi-region, is logging and have management events enabled.;arn:aws:cloudtrail:us-east-1:350381001508:trail/research-trail;cloudtrail_multi_region_enabled_logging_management_events;False;research-trail;NIST-CSF;National Institute of Standards and Technology (NIST) Cybersecurity Framework (CSF) v2.0;
aws;The NIST Cybersecurity Framework (CSF) 2.0 offers a taxonomy of high-level cybersecurity outcomes that can be used by any organization regardless of its size, sector, or maturity to better understand, assess, prioritize, and communicate its cybersecurity efforts. The framework's core functions are organized into six key areas: Govern (new), Identify, Protect, Detect, Respond, and Recover. Together, these functions provide a comprehensive lifecycle approach to managing cybersecurity risk.;350381001508;eu-west-2;2026-08-01 19:04:21.788096;pt_1;Audit/log records are determined, documented, implemented, and reviewed in accordance with policy.;Protect (PR);Protective Technology (PR.PT);;aws;;PASS;Trail research-trail from home region us-east-1 is multi-region, is logging and have management events enabled.;arn:aws:cloudtrail:us-east-1:350381001508:trail/research-trail;cloudtrail_multi_region_enabled_logging_management_events;False;research-trail;NIST-CSF;National Institute of Standards and Technology (NIST) Cybersecurity Framework (CSF) v2.0;
aws;The NIST Cybersecurity Framework (CSF) 2.0 offers a taxonomy of high-level cybersecurity outcomes that can be used by any organization regardless of its size, sector, or maturity to better understand, assess, prioritize, and communicate its cybersecurity efforts. The framework's core functions are organized into six key areas: Govern (new), Identify, Protect, Detect, Respond, and Recover. Together, these functions provide a comprehensive lifecycle approach to managing cybersecurity risk.;350381001508;eu-west-2;2026-08-01 19:04:21.788096;ae_1;A baseline of network operations and expected data flows for users and systems is established and managed.;Detect (DE);Anomalies and Events (DE.AE);;aws;;PASS;Trail research-trail from home region us-east-1 is multi-region, is logging and have management events enabled.;arn:aws:cloudtrail:us-east-1:350381001508:trail/research-trail;cloudtrail_multi_region_enabled_logging_management_events;False;research-trail;NIST-CSF;National Institute of Standards and Technology (NIST) Cybersecurity Framework (CSF) v2.0;
aws;The NIST Cybersecurity Framework (CSF) 2.0 offers a taxonomy of high-level cybersecurity outcomes that can be used by any organization regardless of its size, sector, or maturity to better understand, assess, prioritize, and communicate its cybersecurity efforts. The framework's core functions are organized into six key areas: Govern (new), Identify, Protect, Detect, Respond, and Recover. Together, these functions provide a comprehensive lifecycle approach to managing cybersecurity risk.;350381001508;eu-west-2;2026-08-01 19:04:21.788096;ae_3;Event data are collected and correlated from multiple sources and sensors.;Detect (DE);Anomalies and Events (DE.AE);;aws;;PASS;Trail research-trail from home region us-east-1 is multi-region, is logging and have management events enabled.;arn:aws:cloudtrail:us-east-1:350381001508:trail/research-trail;cloudtrail_multi_region_enabled_logging_management_events;False;research-trail;NIST-CSF;National Institute of Standards and Technology (NIST) Cybersecurity Framework (CSF) v2.0;
aws;The NIST Cybersecurity Framework (CSF) 2.0 offers a taxonomy of high-level cybersecurity outcomes that can be used by any organization regardless of its size, sector, or maturity to better understand, assess, prioritize, and communicate its cybersecurity efforts. The framework's core functions are organized into six key areas: Govern (new), Identify, Protect, Detect, Respond, and Recover. Together, these functions provide a comprehensive lifecycle approach to managing cybersecurity risk.;350381001508;eu-west-2;2026-08-01 19:04:21.788096;cm_1;The network is monitored to detect potential cybersecurity events.;Detect (DE);Security Continuous Monitoring (DE.CM);;aws;;PASS;Trail research-trail from home region us-east-1 is multi-region, is logging and have management events enabled.;arn:aws:cloudtrail:us-east-1:350381001508:trail/research-trail;cloudtrail_multi_region_enabled_logging_management_events;False;research-trail;NIST-CSF;National Institute of Standards and Technology (NIST) Cybersecurity Framework (CSF) v2.0;
aws;The NIST Cybersecurity Framework (CSF) 2.0 offers a taxonomy of high-level cybersecurity outcomes that can be used by any organization regardless of its size, sector, or maturity to better understand, assess, prioritize, and communicate its cybersecurity efforts. The framework's core functions are organized into six key areas: Govern (new), Identify, Protect, Detect, Respond, and Recover. Together, these functions provide a comprehensive lifecycle approach to managing cybersecurity risk.;350381001508;eu-west-2;2026-08-01 19:04:21.788096;cm_3;Personnel activity is monitored to detect potential cybersecurity events.;Detect (DE);Security Continuous Monitoring (DE.CM);;aws;;PASS;Trail research-trail from home region us-east-1 is multi-region, is logging and have management events enabled.;arn:aws:cloudtrail:us-east-1:350381001508:trail/research-trail;cloudtrail_multi_region_enabled_logging_management_events;False;research-trail;NIST-CSF;National Institute of Standards and Technology (NIST) Cybersecurity Framework (CSF) v2.0;
aws;The NIST Cybersecurity Framework (CSF) 2.0 offers a taxonomy of high-level cybersecurity outcomes that can be used by any organization regardless of its size, sector, or maturity to better understand, assess, prioritize, and communicate its cybersecurity efforts. The framework's core functions are organized into six key areas: Govern (new), Identify, Protect, Detect, Respond, and Recover. Together, these functions provide a comprehensive lifecycle approach to managing cybersecurity risk.;350381001508;eu-west-2;2026-08-01 19:04:21.788096;dp_4;Event detection information is communicated.;Detect (DE);Detection Processes (DE.DP);;aws;;PASS;Trail research-trail from home region us-east-1 is multi-region, is logging and have management events enabled.;arn:aws:cloudtrail:us-east-1:350381001508:trail/research-trail;cloudtrail_multi_region_enabled_logging_management_events;False;research-trail;NIST-CSF;National Institute of Standards and Technology (NIST) Cybersecurity Framework (CSF) v2.0;
aws;The NIST Cybersecurity Framework (CSF) 2.0 offers a taxonomy of high-level cybersecurity outcomes that can be used by any organization regardless of its size, sector, or maturity to better understand, assess, prioritize, and communicate its cybersecurity efforts. The framework's core functions are organized into six key areas: Govern (new), Identify, Protect, Detect, Respond, and Recover. Together, these functions provide a comprehensive lifecycle approach to managing cybersecurity risk.;350381001508;eu-west-3;2026-08-01 19:04:21.788096;po_4;Governance and risk management processes address cybersecurity risks.;Govern (GV);Policies, Processes, and Procedures (GV.PO);;aws;;PASS;Trail research-trail from home region us-east-1 is multi-region, is logging and have management events enabled.;arn:aws:cloudtrail:us-east-1:350381001508:trail/research-trail;cloudtrail_multi_region_enabled_logging_management_events;False;research-trail;NIST-CSF;National Institute of Standards and Technology (NIST) Cybersecurity Framework (CSF) v2.0;
aws;The NIST Cybersecurity Framework (CSF) 2.0 offers a taxonomy of high-level cybersecurity outcomes that can be used by any organization regardless of its size, sector, or maturity to better understand, assess, prioritize, and communicate its cybersecurity efforts. The framework's core functions are organized into six key areas: Govern (new), Identify, Protect, Detect, Respond, and Recover. Together, these functions provide a comprehensive lifecycle approach to managing cybersecurity risk.;350381001508;eu-west-3;2026-08-01 19:04:21.788096;ov_3;Cybersecurity risk management strategy and practices are reviewed and adjusted to adapt to changes in the threat landscape, technologies, or mission, business, or system environments.;Govern (GV);Oversight (GV.OV);;aws;;PASS;Trail research-trail from home region us-east-1 is multi-region, is logging and have management events enabled.;arn:aws:cloudtrail:us-east-1:350381001508:trail/research-trail;cloudtrail_multi_region_enabled_logging_management_events;False;research-trail;NIST-CSF;National Institute of Standards and Technology (NIST) Cybersecurity Framework (CSF) v2.0;
aws;The NIST Cybersecurity Framework (CSF) 2.0 offers a taxonomy of high-level cybersecurity outcomes that can be used by any organization regardless of its size, sector, or maturity to better understand, assess, prioritize, and communicate its cybersecurity efforts. The framework's core functions are organized into six key areas: Govern (new), Identify, Protect, Detect, Respond, and Recover. Together, these functions provide a comprehensive lifecycle approach to managing cybersecurity risk.;350381001508;eu-west-3;2026-08-01 19:04:21.788096;pt_1;Audit/log records are determined, documented, implemented, and reviewed in accordance with policy.;Protect (PR);Protective Technology (PR.PT);;aws;;PASS;Trail research-trail from home region us-east-1 is multi-region, is logging and have management events enabled.;arn:aws:cloudtrail:us-east-1:350381001508:trail/research-trail;cloudtrail_multi_region_enabled_logging_management_events;False;research-trail;NIST-CSF;National Institute of Standards and Technology (NIST) Cybersecurity Framework (CSF) v2.0;
aws;The NIST Cybersecurity Framework (CSF) 2.0 offers a taxonomy of high-level cybersecurity outcomes that can be used by any organization regardless of its size, sector, or maturity to better understand, assess, prioritize, and communicate its cybersecurity efforts. The framework's core functions are organized into six key areas: Govern (new), Identify, Protect, Detect, Respond, and Recover. Together, these functions provide a comprehensive lifecycle approach to managing cybersecurity risk.;350381001508;eu-west-3;2026-08-01 19:04:21.788096;ae_1;A baseline of network operations and expected data flows for users and systems is established and managed.;Detect (DE);Anomalies and Events (DE.AE);;aws;;PASS;Trail research-trail from home region us-east-1 is multi-region, is logging and have management events enabled.;arn:aws:cloudtrail:us-east-1:350381001508:trail/research-trail;cloudtrail_multi_region_enabled_logging_management_events;False;research-trail;NIST-CSF;National Institute of Standards and Technology (NIST) Cybersecurity Framework (CSF) v2.0;
aws;The NIST Cybersecurity Framework (CSF) 2.0 offers a taxonomy of high-level cybersecurity outcomes that can be used by any organization regardless of its size, sector, or maturity to better understand, assess, prioritize, and communicate its cybersecurity efforts. The framework's core functions are organized into six key areas: Govern (new), Identify, Protect, Detect, Respond, and Recover. Together, these functions provide a comprehensive lifecycle approach to managing cybersecurity risk.;350381001508;eu-west-3;2026-08-01 19:04:21.788096;ae_3;Event data are collected and correlated from multiple sources and sensors.;Detect (DE);Anomalies and Events (DE.AE);;aws;;PASS;Trail research-trail from home region us-east-1 is multi-region, is logging and have management events enabled.;arn:aws:cloudtrail:us-east-1:350381001508:trail/research-trail;cloudtrail_multi_region_enabled_logging_management_events;False;research-trail;NIST-CSF;National Institute of Standards and Technology (NIST) Cybersecurity Framework (CSF) v2.0;
aws;The NIST Cybersecurity Framework (CSF) 2.0 offers a taxonomy of high-level cybersecurity outcomes that can be used by any organization regardless of its size, sector, or maturity to better understand, assess, prioritize, and communicate its cybersecurity efforts. The framework's core functions are organized into six key areas: Govern (new), Identify, Protect, Detect, Respond, and Recover. Together, these functions provide a comprehensive lifecycle approach to managing cybersecurity risk.;350381001508;eu-west-3;2026-08-01 19:04:21.788096;cm_1;The network is monitored to detect potential cybersecurity events.;Detect (DE);Security Continuous Monitoring (DE.CM);;aws;;PASS;Trail research-trail from home region us-east-1 is multi-region, is logging and have management events enabled.;arn:aws:cloudtrail:us-east-1:350381001508:trail/research-trail;cloudtrail_multi_region_enabled_logging_management_events;False;research-trail;NIST-CSF;National Institute of Standards and Technology (NIST) Cybersecurity Framework (CSF) v2.0;
aws;The NIST Cybersecurity Framework (CSF) 2.0 offers a taxonomy of high-level cybersecurity outcomes that can be used by any organization regardless of its size, sector, or maturity to better understand, assess, prioritize, and communicate its cybersecurity efforts. The framework's core functions are organized into six key areas: Govern (new), Identify, Protect, Detect, Respond, and Recover. Together, these functions provide a comprehensive lifecycle approach to managing cybersecurity risk.;350381001508;eu-west-3;2026-08-01 19:04:21.788096;cm_3;Personnel activity is monitored to detect potential cybersecurity events.;Detect (DE);Security Continuous Monitoring (DE.CM);;aws;;PASS;Trail research-trail from home region us-east-1 is multi-region, is logging and have management events enabled.;arn:aws:cloudtrail:us-east-1:350381001508:trail/research-trail;cloudtrail_multi_region_enabled_logging_management_events;False;research-trail;NIST-CSF;National Institute of Standards and Technology (NIST) Cybersecurity Framework (CSF) v2.0;
aws;The NIST Cybersecurity Framework (CSF) 2.0 offers a taxonomy of high-level cybersecurity outcomes that can be used by any organization regardless of its size, sector, or maturity to better understand, assess, prioritize, and communicate its cybersecurity efforts. The framework's core functions are organized into six key areas: Govern (new), Identify, Protect, Detect, Respond, and Recover. Together, these functions provide a comprehensive lifecycle approach to managing cybersecurity risk.;350381001508;eu-west-3;2026-08-01 19:04:21.788096;dp_4;Event detection information is communicated.;Detect (DE);Detection Processes (DE.DP);;aws;;PASS;Trail research-trail from home region us-east-1 is multi-region, is logging and have management events enabled.;arn:aws:cloudtrail:us-east-1:350381001508:trail/research-trail;cloudtrail_multi_region_enabled_logging_management_events;False;research-trail;NIST-CSF;National Institute of Standards and Technology (NIST) Cybersecurity Framework (CSF) v2.0;
aws;The NIST Cybersecurity Framework (CSF) 2.0 offers a taxonomy of high-level cybersecurity outcomes that can be used by any organization regardless of its size, sector, or maturity to better understand, assess, prioritize, and communicate its cybersecurity efforts. The framework's core functions are organized into six key areas: Govern (new), Identify, Protect, Detect, Respond, and Recover. Together, these functions provide a comprehensive lifecycle approach to managing cybersecurity risk.;350381001508;sa-east-1;2026-08-01 19:04:21.788096;po_4;Governance and risk management processes address cybersecurity risks.;Govern (GV);Policies, Processes, and Procedures (GV.PO);;aws;;PASS;Trail research-trail from home region us-east-1 is multi-region, is logging and have management events enabled.;arn:aws:cloudtrail:us-east-1:350381001508:trail/research-trail;cloudtrail_multi_region_enabled_logging_management_events;False;research-trail;NIST-CSF;National Institute of Standards and Technology (NIST) Cybersecurity Framework (CSF) v2.0;
aws;The NIST Cybersecurity Framework (CSF) 2.0 offers a taxonomy of high-level cybersecurity outcomes that can be used by any organization regardless of its size, sector, or maturity to better understand, assess, prioritize, and communicate its cybersecurity efforts. The framework's core functions are organized into six key areas: Govern (new), Identify, Protect, Detect, Respond, and Recover. Together, these functions provide a comprehensive lifecycle approach to managing cybersecurity risk.;350381001508;sa-east-1;2026-08-01 19:04:21.788096;ov_3;Cybersecurity risk management strategy and practices are reviewed and adjusted to adapt to changes in the threat landscape, technologies, or mission, business, or system environments.;Govern (GV);Oversight (GV.OV);;aws;;PASS;Trail research-trail from home region us-east-1 is multi-region, is logging and have management events enabled.;arn:aws:cloudtrail:us-east-1:350381001508:trail/research-trail;cloudtrail_multi_region_enabled_logging_management_events;False;research-trail;NIST-CSF;National Institute of Standards and Technology (NIST) Cybersecurity Framework (CSF) v2.0;
aws;The NIST Cybersecurity Framework (CSF) 2.0 offers a taxonomy of high-level cybersecurity outcomes that can be used by any organization regardless of its size, sector, or maturity to better understand, assess, prioritize, and communicate its cybersecurity efforts. The framework's core functions are organized into six key areas: Govern (new), Identify, Protect, Detect, Respond, and Recover. Together, these functions provide a comprehensive lifecycle approach to managing cybersecurity risk.;350381001508;sa-east-1;2026-08-01 19:04:21.788096;pt_1;Audit/log records are determined, documented, implemented, and reviewed in accordance with policy.;Protect (PR);Protective Technology (PR.PT);;aws;;PASS;Trail research-trail from home region us-east-1 is multi-region, is logging and have management events enabled.;arn:aws:cloudtrail:us-east-1:350381001508:trail/research-trail;cloudtrail_multi_region_enabled_logging_management_events;False;research-trail;NIST-CSF;National Institute of Standards and Technology (NIST) Cybersecurity Framework (CSF) v2.0;
aws;The NIST Cybersecurity Framework (CSF) 2.0 offers a taxonomy of high-level cybersecurity outcomes that can be used by any organization regardless of its size, sector, or maturity to better understand, assess, prioritize, and communicate its cybersecurity efforts. The framework's core functions are organized into six key areas: Govern (new), Identify, Protect, Detect, Respond, and Recover. Together, these functions provide a comprehensive lifecycle approach to managing cybersecurity risk.;350381001508;sa-east-1;2026-08-01 19:04:21.788096;ae_1;A baseline of network operations and expected data flows for users and systems is established and managed.;Detect (DE);Anomalies and Events (DE.AE);;aws;;PASS;Trail research-trail from home region us-east-1 is multi-region, is logging and have management events enabled.;arn:aws:cloudtrail:us-east-1:350381001508:trail/research-trail;cloudtrail_multi_region_enabled_logging_management_events;False;research-trail;NIST-CSF;National Institute of Standards and Technology (NIST) Cybersecurity Framework (CSF) v2.0;
aws;The NIST Cybersecurity Framework (CSF) 2.0 offers a taxonomy of high-level cybersecurity outcomes that can be used by any organization regardless of its size, sector, or maturity to better understand, assess, prioritize, and communicate its cybersecurity efforts. The framework's core functions are organized into six key areas: Govern (new), Identify, Protect, Detect, Respond, and Recover. Together, these functions provide a comprehensive lifecycle approach to managing cybersecurity risk.;350381001508;sa-east-1;2026-08-01 19:04:21.788096;ae_3;Event data are collected and correlated from multiple sources and sensors.;Detect (DE);Anomalies and Events (DE.AE);;aws;;PASS;Trail research-trail from home region us-east-1 is multi-region, is logging and have management events enabled.;arn:aws:cloudtrail:us-east-1:350381001508:trail/research-trail;cloudtrail_multi_region_enabled_logging_management_events;False;research-trail;NIST-CSF;National Institute of Standards and Technology (NIST) Cybersecurity Framework (CSF) v2.0;
aws;The NIST Cybersecurity Framework (CSF) 2.0 offers a taxonomy of high-level cybersecurity outcomes that can be used by any organization regardless of its size, sector, or maturity to better understand, assess, prioritize, and communicate its cybersecurity efforts. The framework's core functions are organized into six key areas: Govern (new), Identify, Protect, Detect, Respond, and Recover. Together, these functions provide a comprehensive lifecycle approach to managing cybersecurity risk.;350381001508;sa-east-1;2026-08-01 19:04:21.788096;cm_1;The network is monitored to detect potential cybersecurity events.;Detect (DE);Security Continuous Monitoring (DE.CM);;aws;;PASS;Trail research-trail from home region us-east-1 is multi-region, is logging and have management events enabled.;arn:aws:cloudtrail:us-east-1:350381001508:trail/research-trail;cloudtrail_multi_region_enabled_logging_management_events;False;research-trail;NIST-CSF;National Institute of Standards and Technology (NIST) Cybersecurity Framework (CSF) v2.0;
aws;The NIST Cybersecurity Framework (CSF) 2.0 offers a taxonomy of high-level cybersecurity outcomes that can be used by any organization regardless of its size, sector, or maturity to better understand, assess, prioritize, and communicate its cybersecurity efforts. The framework's core functions are organized into six key areas: Govern (new), Identify, Protect, Detect, Respond, and Recover. Together, these functions provide a comprehensive lifecycle approach to managing cybersecurity risk.;350381001508;sa-east-1;2026-08-01 19:04:21.788096;cm_3;Personnel activity is monitored to detect potential cybersecurity events.;Detect (DE);Security Continuous Monitoring (DE.CM);;aws;;PASS;Trail research-trail from home region us-east-1 is multi-region, is logging and have management events enabled.;arn:aws:cloudtrail:us-east-1:350381001508:trail/research-trail;cloudtrail_multi_region_enabled_logging_management_events;False;research-trail;NIST-CSF;National Institute of Standards and Technology (NIST) Cybersecurity Framework (CSF) v2.0;
aws;The NIST Cybersecurity Framework (CSF) 2.0 offers a taxonomy of high-level cybersecurity outcomes that can be used by any organization regardless of its size, sector, or maturity to better understand, assess, prioritize, and communicate its cybersecurity efforts. The framework's core functions are organized into six key areas: Govern (new), Identify, Protect, Detect, Respond, and Recover. Together, these functions provide a comprehensive lifecycle approach to managing cybersecurity risk.;350381001508;sa-east-1;2026-08-01 19:04:21.788096;dp_4;Event detection information is communicated.;Detect (DE);Detection Processes (DE.DP);;aws;;PASS;Trail research-trail from home region us-east-1 is multi-region, is logging and have management events enabled.;arn:aws:cloudtrail:us-east-1:350381001508:trail/research-trail;cloudtrail_multi_region_enabled_logging_management_events;False;research-trail;NIST-CSF;National Institute of Standards and Technology (NIST) Cybersecurity Framework (CSF) v2.0;
aws;The NIST Cybersecurity Framework (CSF) 2.0 offers a taxonomy of high-level cybersecurity outcomes that can be used by any organization regardless of its size, sector, or maturity to better understand, assess, prioritize, and communicate its cybersecurity efforts. The framework's core functions are organized into six key areas: Govern (new), Identify, Protect, Detect, Respond, and Recover. Together, these functions provide a comprehensive lifecycle approach to managing cybersecurity risk.;350381001508;us-east-1;2026-08-01 19:04:21.788096;po_4;Governance and risk management processes address cybersecurity risks.;Govern (GV);Policies, Processes, and Procedures (GV.PO);;aws;;PASS;Trail research-trail from home region us-east-1 is multi-region, is logging and have management events enabled.;arn:aws:cloudtrail:us-east-1:350381001508:trail/research-trail;cloudtrail_multi_region_enabled_logging_management_events;False;research-trail;NIST-CSF;National Institute of Standards and Technology (NIST) Cybersecurity Framework (CSF) v2.0;
aws;The NIST Cybersecurity Framework (CSF) 2.0 offers a taxonomy of high-level cybersecurity outcomes that can be used by any organization regardless of its size, sector, or maturity to better understand, assess, prioritize, and communicate its cybersecurity efforts. The framework's core functions are organized into six key areas: Govern (new), Identify, Protect, Detect, Respond, and Recover. Together, these functions provide a comprehensive lifecycle approach to managing cybersecurity risk.;350381001508;us-east-1;2026-08-01 19:04:21.788096;ov_3;Cybersecurity risk management strategy and practices are reviewed and adjusted to adapt to changes in the threat landscape, technologies, or mission, business, or system environments.;Govern (GV);Oversight (GV.OV);;aws;;PASS;Trail research-trail from home region us-east-1 is multi-region, is logging and have management events enabled.;arn:aws:cloudtrail:us-east-1:350381001508:trail/research-trail;cloudtrail_multi_region_enabled_logging_management_events;False;research-trail;NIST-CSF;National Institute of Standards and Technology (NIST) Cybersecurity Framework (CSF) v2.0;
aws;The NIST Cybersecurity Framework (CSF) 2.0 offers a taxonomy of high-level cybersecurity outcomes that can be used by any organization regardless of its size, sector, or maturity to better understand, assess, prioritize, and communicate its cybersecurity efforts. The framework's core functions are organized into six key areas: Govern (new), Identify, Protect, Detect, Respond, and Recover. Together, these functions provide a comprehensive lifecycle approach to managing cybersecurity risk.;350381001508;us-east-1;2026-08-01 19:04:21.788096;pt_1;Audit/log records are determined, documented, implemented, and reviewed in accordance with policy.;Protect (PR);Protective Technology (PR.PT);;aws;;PASS;Trail research-trail from home region us-east-1 is multi-region, is logging and have management events enabled.;arn:aws:cloudtrail:us-east-1:350381001508:trail/research-trail;cloudtrail_multi_region_enabled_logging_management_events;False;research-trail;NIST-CSF;National Institute of Standards and Technology (NIST) Cybersecurity Framework (CSF) v2.0;
aws;The NIST Cybersecurity Framework (CSF) 2.0 offers a taxonomy of high-level cybersecurity outcomes that can be used by any organization regardless of its size, sector, or maturity to better understand, assess, prioritize, and communicate its cybersecurity efforts. The framework's core functions are organized into six key areas: Govern (new), Identify, Protect, Detect, Respond, and Recover. Together, these functions provide a comprehensive lifecycle approach to managing cybersecurity risk.;350381001508;us-east-1;2026-08-01 19:04:21.788096;ae_1;A baseline of network operations and expected data flows for users and systems is established and managed.;Detect (DE);Anomalies and Events (DE.AE);;aws;;PASS;Trail research-trail from home region us-east-1 is multi-region, is logging and have management events enabled.;arn:aws:cloudtrail:us-east-1:350381001508:trail/research-trail;cloudtrail_multi_region_enabled_logging_management_events;False;research-trail;NIST-CSF;National Institute of Standards and Technology (NIST) Cybersecurity Framework (CSF) v2.0;
aws;The NIST Cybersecurity Framework (CSF) 2.0 offers a taxonomy of high-level cybersecurity outcomes that can be used by any organization regardless of its size, sector, or maturity to better understand, assess, prioritize, and communicate its cybersecurity efforts. The framework's core functions are organized into six key areas: Govern (new), Identify, Protect, Detect, Respond, and Recover. Together, these functions provide a comprehensive lifecycle approach to managing cybersecurity risk.;350381001508;us-east-1;2026-08-01 19:04:21.788096;ae_3;Event data are collected and correlated from multiple sources and sensors.;Detect (DE);Anomalies and Events (DE.AE);;aws;;PASS;Trail research-trail from home region us-east-1 is multi-region, is logging and have management events enabled.;arn:aws:cloudtrail:us-east-1:350381001508:trail/research-trail;cloudtrail_multi_region_enabled_logging_management_events;False;research-trail;NIST-CSF;National Institute of Standards and Technology (NIST) Cybersecurity Framework (CSF) v2.0;
aws;The NIST Cybersecurity Framework (CSF) 2.0 offers a taxonomy of high-level cybersecurity outcomes that can be used by any organization regardless of its size, sector, or maturity to better understand, assess, prioritize, and communicate its cybersecurity efforts. The framework's core functions are organized into six key areas: Govern (new), Identify, Protect, Detect, Respond, and Recover. Together, these functions provide a comprehensive lifecycle approach to managing cybersecurity risk.;350381001508;us-east-1;2026-08-01 19:04:21.788096;cm_1;The network is monitored to detect potential cybersecurity events.;Detect (DE);Security Continuous Monitoring (DE.CM);;aws;;PASS;Trail research-trail from home region us-east-1 is multi-region, is logging and have management events enabled.;arn:aws:cloudtrail:us-east-1:350381001508:trail/research-trail;cloudtrail_multi_region_enabled_logging_management_events;False;research-trail;NIST-CSF;National Institute of Standards and Technology (NIST) Cybersecurity Framework (CSF) v2.0;
aws;The NIST Cybersecurity Framework (CSF) 2.0 offers a taxonomy of high-level cybersecurity outcomes that can be used by any organization regardless of its size, sector, or maturity to better understand, assess, prioritize, and communicate its cybersecurity efforts. The framework's core functions are organized into six key areas: Govern (new), Identify, Protect, Detect, Respond, and Recover. Together, these functions provide a comprehensive lifecycle approach to managing cybersecurity risk.;350381001508;us-east-1;2026-08-01 19:04:21.788096;cm_3;Personnel activity is monitored to detect potential cybersecurity events.;Detect (DE);Security Continuous Monitoring (DE.CM);;aws;;PASS;Trail research-trail from home region us-east-1 is multi-region, is logging and have management events enabled.;arn:aws:cloudtrail:us-east-1:350381001508:trail/research-trail;cloudtrail_multi_region_enabled_logging_management_events;False;research-trail;NIST-CSF;National Institute of Standards and Technology (NIST) Cybersecurity Framework (CSF) v2.0;
aws;The NIST Cybersecurity Framework (CSF) 2.0 offers a taxonomy of high-level cybersecurity outcomes that can be used by any organization regardless of its size, sector, or maturity to better understand, assess, prioritize, and communicate its cybersecurity efforts. The framework's core functions are organized into six key areas: Govern (new), Identify, Protect, Detect, Respond, and Recover. Together, these functions provide a comprehensive lifecycle approach to managing cybersecurity risk.;350381001508;us-east-1;2026-08-01 19:04:21.788096;dp_4;Event detection information is communicated.;Detect (DE);Detection Processes (DE.DP);;aws;;PASS;Trail research-trail from home region us-east-1 is multi-region, is logging and have management events enabled.;arn:aws:cloudtrail:us-east-1:350381001508:trail/research-trail;cloudtrail_multi_region_enabled_logging_management_events;False;research-trail;NIST-CSF;National Institute of Standards and Technology (NIST) Cybersecurity Framework (CSF) v2.0;
aws;The NIST Cybersecurity Framework (CSF) 2.0 offers a taxonomy of high-level cybersecurity outcomes that can be used by any organization regardless of its size, sector, or maturity to better understand, assess, prioritize, and communicate its cybersecurity efforts. The framework's core functions are organized into six key areas: Govern (new), Identify, Protect, Detect, Respond, and Recover. Together, these functions provide a comprehensive lifecycle approach to managing cybersecurity risk.;350381001508;us-east-2;2026-08-01 19:04:21.788096;po_4;Governance and risk management processes address cybersecurity risks.;Govern (GV);Policies, Processes, and Procedures (GV.PO);;aws;;PASS;Trail research-trail from home region us-east-1 is multi-region, is logging and have management events enabled.;arn:aws:cloudtrail:us-east-1:350381001508:trail/research-trail;cloudtrail_multi_region_enabled_logging_management_events;False;research-trail;NIST-CSF;National Institute of Standards and Technology (NIST) Cybersecurity Framework (CSF) v2.0;
aws;The NIST Cybersecurity Framework (CSF) 2.0 offers a taxonomy of high-level cybersecurity outcomes that can be used by any organization regardless of its size, sector, or maturity to better understand, assess, prioritize, and communicate its cybersecurity efforts. The framework's core functions are organized into six key areas: Govern (new), Identify, Protect, Detect, Respond, and Recover. Together, these functions provide a comprehensive lifecycle approach to managing cybersecurity risk.;350381001508;us-east-2;2026-08-01 19:04:21.788096;ov_3;Cybersecurity risk management strategy and practices are reviewed and adjusted to adapt to changes in the threat landscape, technologies, or mission, business, or system environments.;Govern (GV);Oversight (GV.OV);;aws;;PASS;Trail research-trail from home region us-east-1 is multi-region, is logging and have management events enabled.;arn:aws:cloudtrail:us-east-1:350381001508:trail/research-trail;cloudtrail_multi_region_enabled_logging_management_events;False;research-trail;NIST-CSF;National Institute of Standards and Technology (NIST) Cybersecurity Framework (CSF) v2.0;
aws;The NIST Cybersecurity Framework (CSF) 2.0 offers a taxonomy of high-level cybersecurity outcomes that can be used by any organization regardless of its size, sector, or maturity to better understand, assess, prioritize, and communicate its cybersecurity efforts. The framework's core functions are organized into six key areas: Govern (new), Identify, Protect, Detect, Respond, and Recover. Together, these functions provide a comprehensive lifecycle approach to managing cybersecurity risk.;350381001508;us-east-2;2026-08-01 19:04:21.788096;pt_1;Audit/log records are determined, documented, implemented, and reviewed in accordance with policy.;Protect (PR);Protective Technology (PR.PT);;aws;;PASS;Trail research-trail from home region us-east-1 is multi-region, is logging and have management events enabled.;arn:aws:cloudtrail:us-east-1:350381001508:trail/research-trail;cloudtrail_multi_region_enabled_logging_management_events;False;research-trail;NIST-CSF;National Institute of Standards and Technology (NIST) Cybersecurity Framework (CSF) v2.0;
aws;The NIST Cybersecurity Framework (CSF) 2.0 offers a taxonomy of high-level cybersecurity outcomes that can be used by any organization regardless of its size, sector, or maturity to better understand, assess, prioritize, and communicate its cybersecurity efforts. The framework's core functions are organized into six key areas: Govern (new), Identify, Protect, Detect, Respond, and Recover. Together, these functions provide a comprehensive lifecycle approach to managing cybersecurity risk.;350381001508;us-east-2;2026-08-01 19:04:21.788096;ae_1;A baseline of network operations and expected data flows for users and systems is established and managed.;Detect (DE);Anomalies and Events (DE.AE);;aws;;PASS;Trail research-trail from home region us-east-1 is multi-region, is logging and have management events enabled.;arn:aws:cloudtrail:us-east-1:350381001508:trail/research-trail;cloudtrail_multi_region_enabled_logging_management_events;False;research-trail;NIST-CSF;National Institute of Standards and Technology (NIST) Cybersecurity Framework (CSF) v2.0;
aws;The NIST Cybersecurity Framework (CSF) 2.0 offers a taxonomy of high-level cybersecurity outcomes that can be used by any organization regardless of its size, sector, or maturity to better understand, assess, prioritize, and communicate its cybersecurity efforts. The framework's core functions are organized into six key areas: Govern (new), Identify, Protect, Detect, Respond, and Recover. Together, these functions provide a comprehensive lifecycle approach to managing cybersecurity risk.;350381001508;us-east-2;2026-08-01 19:04:21.788096;ae_3;Event data are collected and correlated from multiple sources and sensors.;Detect (DE);Anomalies and Events (DE.AE);;aws;;PASS;Trail research-trail from home region us-east-1 is multi-region, is logging and have management events enabled.;arn:aws:cloudtrail:us-east-1:350381001508:trail/research-trail;cloudtrail_multi_region_enabled_logging_management_events;False;research-trail;NIST-CSF;National Institute of Standards and Technology (NIST) Cybersecurity Framework (CSF) v2.0;
aws;The NIST Cybersecurity Framework (CSF) 2.0 offers a taxonomy of high-level cybersecurity outcomes that can be used by any organization regardless of its size, sector, or maturity to better understand, assess, prioritize, and communicate its cybersecurity efforts. The framework's core functions are organized into six key areas: Govern (new), Identify, Protect, Detect, Respond, and Recover. Together, these functions provide a comprehensive lifecycle approach to managing cybersecurity risk.;350381001508;us-east-2;2026-08-01 19:04:21.788096;cm_1;The network is monitored to detect potential cybersecurity events.;Detect (DE);Security Continuous Monitoring (DE.CM);;aws;;PASS;Trail research-trail from home region us-east-1 is multi-region, is logging and have management events enabled.;arn:aws:cloudtrail:us-east-1:350381001508:trail/research-trail;cloudtrail_multi_region_enabled_logging_management_events;False;research-trail;NIST-CSF;National Institute of Standards and Technology (NIST) Cybersecurity Framework (CSF) v2.0;
aws;The NIST Cybersecurity Framework (CSF) 2.0 offers a taxonomy of high-level cybersecurity outcomes that can be used by any organization regardless of its size, sector, or maturity to better understand, assess, prioritize, and communicate its cybersecurity efforts. The framework's core functions are organized into six key areas: Govern (new), Identify, Protect, Detect, Respond, and Recover. Together, these functions provide a comprehensive lifecycle approach to managing cybersecurity risk.;350381001508;us-east-2;2026-08-01 19:04:21.788096;cm_3;Personnel activity is monitored to detect potential cybersecurity events.;Detect (DE);Security Continuous Monitoring (DE.CM);;aws;;PASS;Trail research-trail from home region us-east-1 is multi-region, is logging and have management events enabled.;arn:aws:cloudtrail:us-east-1:350381001508:trail/research-trail;cloudtrail_multi_region_enabled_logging_management_events;False;research-trail;NIST-CSF;National Institute of Standards and Technology (NIST) Cybersecurity Framework (CSF) v2.0;
aws;The NIST Cybersecurity Framework (CSF) 2.0 offers a taxonomy of high-level cybersecurity outcomes that can be used by any organization regardless of its size, sector, or maturity to better understand, assess, prioritize, and communicate its cybersecurity efforts. The framework's core functions are organized into six key areas: Govern (new), Identify, Protect, Detect, Respond, and Recover. Together, these functions provide a comprehensive lifecycle approach to managing cybersecurity risk.;350381001508;us-east-2;2026-08-01 19:04:21.788096;dp_4;Event detection information is communicated.;Detect (DE);Detection Processes (DE.DP);;aws;;PASS;Trail research-trail from home region us-east-1 is multi-region, is logging and have management events enabled.;arn:aws:cloudtrail:us-east-1:350381001508:trail/research-trail;cloudtrail_multi_region_enabled_logging_management_events;False;research-trail;NIST-CSF;National Institute of Standards and Technology (NIST) Cybersecurity Framework (CSF) v2.0;
aws;The NIST Cybersecurity Framework (CSF) 2.0 offers a taxonomy of high-level cybersecurity outcomes that can be used by any organization regardless of its size, sector, or maturity to better understand, assess, prioritize, and communicate its cybersecurity efforts. The framework's core functions are organized into six key areas: Govern (new), Identify, Protect, Detect, Respond, and Recover. Together, these functions provide a comprehensive lifecycle approach to managing cybersecurity risk.;350381001508;us-west-1;2026-08-01 19:04:21.788096;po_4;Governance and risk management processes address cybersecurity risks.;Govern (GV);Policies, Processes, and Procedures (GV.PO);;aws;;PASS;Trail research-trail from home region us-east-1 is multi-region, is logging and have management events enabled.;arn:aws:cloudtrail:us-east-1:350381001508:trail/research-trail;cloudtrail_multi_region_enabled_logging_management_events;False;research-trail;NIST-CSF;National Institute of Standards and Technology (NIST) Cybersecurity Framework (CSF) v2.0;
aws;The NIST Cybersecurity Framework (CSF) 2.0 offers a taxonomy of high-level cybersecurity outcomes that can be used by any organization regardless of its size, sector, or maturity to better understand, assess, prioritize, and communicate its cybersecurity efforts. The framework's core functions are organized into six key areas: Govern (new), Identify, Protect, Detect, Respond, and Recover. Together, these functions provide a comprehensive lifecycle approach to managing cybersecurity risk.;350381001508;us-west-1;2026-08-01 19:04:21.788096;ov_3;Cybersecurity risk management strategy and practices are reviewed and adjusted to adapt to changes in the threat landscape, technologies, or mission, business, or system environments.;Govern (GV);Oversight (GV.OV);;aws;;PASS;Trail research-trail from home region us-east-1 is multi-region, is logging and have management events enabled.;arn:aws:cloudtrail:us-east-1:350381001508:trail/research-trail;cloudtrail_multi_region_enabled_logging_management_events;False;research-trail;NIST-CSF;National Institute of Standards and Technology (NIST) Cybersecurity Framework (CSF) v2.0;
aws;The NIST Cybersecurity Framework (CSF) 2.0 offers a taxonomy of high-level cybersecurity outcomes that can be used by any organization regardless of its size, sector, or maturity to better understand, assess, prioritize, and communicate its cybersecurity efforts. The framework's core functions are organized into six key areas: Govern (new), Identify, Protect, Detect, Respond, and Recover. Together, these functions provide a comprehensive lifecycle approach to managing cybersecurity risk.;350381001508;us-west-1;2026-08-01 19:04:21.788096;pt_1;Audit/log records are determined, documented, implemented, and reviewed in accordance with policy.;Protect (PR);Protective Technology (PR.PT);;aws;;PASS;Trail research-trail from home region us-east-1 is multi-region, is logging and have management events enabled.;arn:aws:cloudtrail:us-east-1:350381001508:trail/research-trail;cloudtrail_multi_region_enabled_logging_management_events;False;research-trail;NIST-CSF;National Institute of Standards and Technology (NIST) Cybersecurity Framework (CSF) v2.0;
aws;The NIST Cybersecurity Framework (CSF) 2.0 offers a taxonomy of high-level cybersecurity outcomes that can be used by any organization regardless of its size, sector, or maturity to better understand, assess, prioritize, and communicate its cybersecurity efforts. The framework's core functions are organized into six key areas: Govern (new), Identify, Protect, Detect, Respond, and Recover. Together, these functions provide a comprehensive lifecycle approach to managing cybersecurity risk.;350381001508;us-west-1;2026-08-01 19:04:21.788096;ae_1;A baseline of network operations and expected data flows for users and systems is established and managed.;Detect (DE);Anomalies and Events (DE.AE);;aws;;PASS;Trail research-trail from home region us-east-1 is multi-region, is logging and have management events enabled.;arn:aws:cloudtrail:us-east-1:350381001508:trail/research-trail;cloudtrail_multi_region_enabled_logging_management_events;False;research-trail;NIST-CSF;National Institute of Standards and Technology (NIST) Cybersecurity Framework (CSF) v2.0;
aws;The NIST Cybersecurity Framework (CSF) 2.0 offers a taxonomy of high-level cybersecurity outcomes that can be used by any organization regardless of its size, sector, or maturity to better understand, assess, prioritize, and communicate its cybersecurity efforts. The framework's core functions are organized into six key areas: Govern (new), Identify, Protect, Detect, Respond, and Recover. Together, these functions provide a comprehensive lifecycle approach to managing cybersecurity risk.;350381001508;us-west-1;2026-08-01 19:04:21.788096;ae_3;Event data are collected and correlated from multiple sources and sensors.;Detect (DE);Anomalies and Events (DE.AE);;aws;;PASS;Trail research-trail from home region us-east-1 is multi-region, is logging and have management events enabled.;arn:aws:cloudtrail:us-east-1:350381001508:trail/research-trail;cloudtrail_multi_region_enabled_logging_management_events;False;research-trail;NIST-CSF;National Institute of Standards and Technology (NIST) Cybersecurity Framework (CSF) v2.0;
aws;The NIST Cybersecurity Framework (CSF) 2.0 offers a taxonomy of high-level cybersecurity outcomes that can be used by any organization regardless of its size, sector, or maturity to better understand, assess, prioritize, and communicate its cybersecurity efforts. The framework's core functions are organized into six key areas: Govern (new), Identify, Protect, Detect, Respond, and Recover. Together, these functions provide a comprehensive lifecycle approach to managing cybersecurity risk.;350381001508;us-west-1;2026-08-01 19:04:21.788096;cm_1;The network is monitored to detect potential cybersecurity events.;Detect (DE);Security Continuous Monitoring (DE.CM);;aws;;PASS;Trail research-trail from home region us-east-1 is multi-region, is logging and have management events enabled.;arn:aws:cloudtrail:us-east-1:350381001508:trail/research-trail;cloudtrail_multi_region_enabled_logging_management_events;False;research-trail;NIST-CSF;National Institute of Standards and Technology (NIST) Cybersecurity Framework (CSF) v2.0;
aws;The NIST Cybersecurity Framework (CSF) 2.0 offers a taxonomy of high-level cybersecurity outcomes that can be used by any organization regardless of its size, sector, or maturity to better understand, assess, prioritize, and communicate its cybersecurity efforts. The framework's core functions are organized into six key areas: Govern (new), Identify, Protect, Detect, Respond, and Recover. Together, these functions provide a comprehensive lifecycle approach to managing cybersecurity risk.;350381001508;us-west-1;2026-08-01 19:04:21.788096;cm_3;Personnel activity is monitored to detect potential cybersecurity events.;Detect (DE);Security Continuous Monitoring (DE.CM);;aws;;PASS;Trail research-trail from home region us-east-1 is multi-region, is logging and have management events enabled.;arn:aws:cloudtrail:us-east-1:350381001508:trail/research-trail;cloudtrail_multi_region_enabled_logging_management_events;False;research-trail;NIST-CSF;National Institute of Standards and Technology (NIST) Cybersecurity Framework (CSF) v2.0;
aws;The NIST Cybersecurity Framework (CSF) 2.0 offers a taxonomy of high-level cybersecurity outcomes that can be used by any organization regardless of its size, sector, or maturity to better understand, assess, prioritize, and communicate its cybersecurity efforts. The framework's core functions are organized into six key areas: Govern (new), Identify, Protect, Detect, Respond, and Recover. Together, these functions provide a comprehensive lifecycle approach to managing cybersecurity risk.;350381001508;us-west-1;2026-08-01 19:04:21.788096;dp_4;Event detection information is communicated.;Detect (DE);Detection Processes (DE.DP);;aws;;PASS;Trail research-trail from home region us-east-1 is multi-region, is logging and have management events enabled.;arn:aws:cloudtrail:us-east-1:350381001508:trail/research-trail;cloudtrail_multi_region_enabled_logging_management_events;False;research-trail;NIST-CSF;National Institute of Standards and Technology (NIST) Cybersecurity Framework (CSF) v2.0;
aws;The NIST Cybersecurity Framework (CSF) 2.0 offers a taxonomy of high-level cybersecurity outcomes that can be used by any organization regardless of its size, sector, or maturity to better understand, assess, prioritize, and communicate its cybersecurity efforts. The framework's core functions are organized into six key areas: Govern (new), Identify, Protect, Detect, Respond, and Recover. Together, these functions provide a comprehensive lifecycle approach to managing cybersecurity risk.;350381001508;us-west-2;2026-08-01 19:04:21.788096;po_4;Governance and risk management processes address cybersecurity risks.;Govern (GV);Policies, Processes, and Procedures (GV.PO);;aws;;PASS;Trail research-trail from home region us-east-1 is multi-region, is logging and have management events enabled.;arn:aws:cloudtrail:us-east-1:350381001508:trail/research-trail;cloudtrail_multi_region_enabled_logging_management_events;False;research-trail;NIST-CSF;National Institute of Standards and Technology (NIST) Cybersecurity Framework (CSF) v2.0;
aws;The NIST Cybersecurity Framework (CSF) 2.0 offers a taxonomy of high-level cybersecurity outcomes that can be used by any organization regardless of its size, sector, or maturity to better understand, assess, prioritize, and communicate its cybersecurity efforts. The framework's core functions are organized into six key areas: Govern (new), Identify, Protect, Detect, Respond, and Recover. Together, these functions provide a comprehensive lifecycle approach to managing cybersecurity risk.;350381001508;us-west-2;2026-08-01 19:04:21.788096;ov_3;Cybersecurity risk management strategy and practices are reviewed and adjusted to adapt to changes in the threat landscape, technologies, or mission, business, or system environments.;Govern (GV);Oversight (GV.OV);;aws;;PASS;Trail research-trail from home region us-east-1 is multi-region, is logging and have management events enabled.;arn:aws:cloudtrail:us-east-1:350381001508:trail/research-trail;cloudtrail_multi_region_enabled_logging_management_events;False;research-trail;NIST-CSF;National Institute of Standards and Technology (NIST) Cybersecurity Framework (CSF) v2.0;
aws;The NIST Cybersecurity Framework (CSF) 2.0 offers a taxonomy of high-level cybersecurity outcomes that can be used by any organization regardless of its size, sector, or maturity to better understand, assess, prioritize, and communicate its cybersecurity efforts. The framework's core functions are organized into six key areas: Govern (new), Identify, Protect, Detect, Respond, and Recover. Together, these functions provide a comprehensive lifecycle approach to managing cybersecurity risk.;350381001508;us-west-2;2026-08-01 19:04:21.788096;pt_1;Audit/log records are determined, documented, implemented, and reviewed in accordance with policy.;Protect (PR);Protective Technology (PR.PT);;aws;;PASS;Trail research-trail from home region us-east-1 is multi-region, is logging and have management events enabled.;arn:aws:cloudtrail:us-east-1:350381001508:trail/research-trail;cloudtrail_multi_region_enabled_logging_management_events;False;research-trail;NIST-CSF;National Institute of Standards and Technology (NIST) Cybersecurity Framework (CSF) v2.0;
aws;The NIST Cybersecurity Framework (CSF) 2.0 offers a taxonomy of high-level cybersecurity outcomes that can be used by any organization regardless of its size, sector, or maturity to better understand, assess, prioritize, and communicate its cybersecurity efforts. The framework's core functions are organized into six key areas: Govern (new), Identify, Protect, Detect, Respond, and Recover. Together, these functions provide a comprehensive lifecycle approach to managing cybersecurity risk.;350381001508;us-west-2;2026-08-01 19:04:21.788096;ae_1;A baseline of network operations and expected data flows for users and systems is established and managed.;Detect (DE);Anomalies and Events (DE.AE);;aws;;PASS;Trail research-trail from home region us-east-1 is multi-region, is logging and have management events enabled.;arn:aws:cloudtrail:us-east-1:350381001508:trail/research-trail;cloudtrail_multi_region_enabled_logging_management_events;False;research-trail;NIST-CSF;National Institute of Standards and Technology (NIST) Cybersecurity Framework (CSF) v2.0;
aws;The NIST Cybersecurity Framework (CSF) 2.0 offers a taxonomy of high-level cybersecurity outcomes that can be used by any organization regardless of its size, sector, or maturity to better understand, assess, prioritize, and communicate its cybersecurity efforts. The framework's core functions are organized into six key areas: Govern (new), Identify, Protect, Detect, Respond, and Recover. Together, these functions provide a comprehensive lifecycle approach to managing cybersecurity risk.;350381001508;us-west-2;2026-08-01 19:04:21.788096;ae_3;Event data are collected and correlated from multiple sources and sensors.;Detect (DE);Anomalies and Events (DE.AE);;aws;;PASS;Trail research-trail from home region us-east-1 is multi-region, is logging and have management events enabled.;arn:aws:cloudtrail:us-east-1:350381001508:trail/research-trail;cloudtrail_multi_region_enabled_logging_management_events;False;research-trail;NIST-CSF;National Institute of Standards and Technology (NIST) Cybersecurity Framework (CSF) v2.0;
aws;The NIST Cybersecurity Framework (CSF) 2.0 offers a taxonomy of high-level cybersecurity outcomes that can be used by any organization regardless of its size, sector, or maturity to better understand, assess, prioritize, and communicate its cybersecurity efforts. The framework's core functions are organized into six key areas: Govern (new), Identify, Protect, Detect, Respond, and Recover. Together, these functions provide a comprehensive lifecycle approach to managing cybersecurity risk.;350381001508;us-west-2;2026-08-01 19:04:21.788096;cm_1;The network is monitored to detect potential cybersecurity events.;Detect (DE);Security Continuous Monitoring (DE.CM);;aws;;PASS;Trail research-trail from home region us-east-1 is multi-region, is logging and have management events enabled.;arn:aws:cloudtrail:us-east-1:350381001508:trail/research-trail;cloudtrail_multi_region_enabled_logging_management_events;False;research-trail;NIST-CSF;National Institute of Standards and Technology (NIST) Cybersecurity Framework (CSF) v2.0;
aws;The NIST Cybersecurity Framework (CSF) 2.0 offers a taxonomy of high-level cybersecurity outcomes that can be used by any organization regardless of its size, sector, or maturity to better understand, assess, prioritize, and communicate its cybersecurity efforts. The framework's core functions are organized into six key areas: Govern (new), Identify, Protect, Detect, Respond, and Recover. Together, these functions provide a comprehensive lifecycle approach to managing cybersecurity risk.;350381001508;us-west-2;2026-08-01 19:04:21.788096;cm_3;Personnel activity is monitored to detect potential cybersecurity events.;Detect (DE);Security Continuous Monitoring (DE.CM);;aws;;PASS;Trail research-trail from home region us-east-1 is multi-region, is logging and have management events enabled.;arn:aws:cloudtrail:us-east-1:350381001508:trail/research-trail;cloudtrail_multi_region_enabled_logging_management_events;False;research-trail;NIST-CSF;National Institute of Standards and Technology (NIST) Cybersecurity Framework (CSF) v2.0;
aws;The NIST Cybersecurity Framework (CSF) 2.0 offers a taxonomy of high-level cybersecurity outcomes that can be used by any organization regardless of its size, sector, or maturity to better understand, assess, prioritize, and communicate its cybersecurity efforts. The framework's core functions are organized into six key areas: Govern (new), Identify, Protect, Detect, Respond, and Recover. Together, these functions provide a comprehensive lifecycle approach to managing cybersecurity risk.;350381001508;us-west-2;2026-08-01 19:04:21.788096;dp_4;Event detection information is communicated.;Detect (DE);Detection Processes (DE.DP);;aws;;PASS;Trail research-trail from home region us-east-1 is multi-region, is logging and have management events enabled.;arn:aws:cloudtrail:us-east-1:350381001508:trail/research-trail;cloudtrail_multi_region_enabled_logging_management_events;False;research-trail;NIST-CSF;National Institute of Standards and Technology (NIST) Cybersecurity Framework (CSF) v2.0;
aws;The NIST Cybersecurity Framework (CSF) 2.0 offers a taxonomy of high-level cybersecurity outcomes that can be used by any organization regardless of its size, sector, or maturity to better understand, assess, prioritize, and communicate its cybersecurity efforts. The framework's core functions are organized into six key areas: Govern (new), Identify, Protect, Detect, Respond, and Recover. Together, these functions provide a comprehensive lifecycle approach to managing cybersecurity risk.;350381001508;us-east-1;2026-08-01 19:04:21.788096;ra_5;Threats, vulnerabilities, likelihoods, and impacts are used to determine risk.;Identify (ID);Risk Assessment (ID.RA);;aws;;FAIL;No CloudWatch log groups found with metric filters or alarms associated.;arn:aws:logs:us-east-1:350381001508:log-group;cloudwatch_changes_to_network_acls_alarm_configured;False;350381001508;NIST-CSF;National Institute of Standards and Technology (NIST) Cybersecurity Framework (CSF) v2.0;
aws;The NIST Cybersecurity Framework (CSF) 2.0 offers a taxonomy of high-level cybersecurity outcomes that can be used by any organization regardless of its size, sector, or maturity to better understand, assess, prioritize, and communicate its cybersecurity efforts. The framework's core functions are organized into six key areas: Govern (new), Identify, Protect, Detect, Respond, and Recover. Together, these functions provide a comprehensive lifecycle approach to managing cybersecurity risk.;350381001508;us-east-1;2026-08-01 19:04:21.788096;cm_1;The network is monitored to detect potential cybersecurity events.;Detect (DE);Security Continuous Monitoring (DE.CM);;aws;;FAIL;No CloudWatch log groups found with metric filters or alarms associated.;arn:aws:logs:us-east-1:350381001508:log-group;cloudwatch_changes_to_network_acls_alarm_configured;False;350381001508;NIST-CSF;National Institute of Standards and Technology (NIST) Cybersecurity Framework (CSF) v2.0;
aws;The NIST Cybersecurity Framework (CSF) 2.0 offers a taxonomy of high-level cybersecurity outcomes that can be used by any organization regardless of its size, sector, or maturity to better understand, assess, prioritize, and communicate its cybersecurity efforts. The framework's core functions are organized into six key areas: Govern (new), Identify, Protect, Detect, Respond, and Recover. Together, these functions provide a comprehensive lifecycle approach to managing cybersecurity risk.;350381001508;us-east-1;2026-08-01 19:04:21.788096;dp_4;Event detection information is communicated.;Detect (DE);Detection Processes (DE.DP);;aws;;FAIL;No CloudWatch log groups found with metric filters or alarms associated.;arn:aws:logs:us-east-1:350381001508:log-group;cloudwatch_changes_to_network_acls_alarm_configured;False;350381001508;NIST-CSF;National Institute of Standards and Technology (NIST) Cybersecurity Framework (CSF) v2.0;
aws;The NIST Cybersecurity Framework (CSF) 2.0 offers a taxonomy of high-level cybersecurity outcomes that can be used by any organization regardless of its size, sector, or maturity to better understand, assess, prioritize, and communicate its cybersecurity efforts. The framework's core functions are organized into six key areas: Govern (new), Identify, Protect, Detect, Respond, and Recover. Together, these functions provide a comprehensive lifecycle approach to managing cybersecurity risk.;350381001508;us-east-1;2026-08-01 19:04:21.788096;ra_5;Threats, vulnerabilities, likelihoods, and impacts are used to determine risk.;Identify (ID);Risk Assessment (ID.RA);;aws;;FAIL;No CloudWatch log groups found with metric filters or alarms associated.;arn:aws:logs:us-east-1:350381001508:log-group;cloudwatch_changes_to_network_gateways_alarm_configured;False;350381001508;NIST-CSF;National Institute of Standards and Technology (NIST) Cybersecurity Framework (CSF) v2.0;
aws;The NIST Cybersecurity Framework (CSF) 2.0 offers a taxonomy of high-level cybersecurity outcomes that can be used by any organization regardless of its size, sector, or maturity to better understand, assess, prioritize, and communicate its cybersecurity efforts. The framework's core functions are organized into six key areas: Govern (new), Identify, Protect, Detect, Respond, and Recover. Together, these functions provide a comprehensive lifecycle approach to managing cybersecurity risk.;350381001508;us-east-1;2026-08-01 19:04:21.788096;ae_2;Detected events are analyzed to understand attack targets and methods.;Detect (DE);Anomalies and Events (DE.AE);;aws;;FAIL;No CloudWatch log groups found with metric filters or alarms associated.;arn:aws:logs:us-east-1:350381001508:log-group;cloudwatch_changes_to_network_gateways_alarm_configured;False;350381001508;NIST-CSF;National Institute of Standards and Technology (NIST) Cybersecurity Framework (CSF) v2.0;
aws;The NIST Cybersecurity Framework (CSF) 2.0 offers a taxonomy of high-level cybersecurity outcomes that can be used by any organization regardless of its size, sector, or maturity to better understand, assess, prioritize, and communicate its cybersecurity efforts. The framework's core functions are organized into six key areas: Govern (new), Identify, Protect, Detect, Respond, and Recover. Together, these functions provide a comprehensive lifecycle approach to managing cybersecurity risk.;350381001508;us-east-1;2026-08-01 19:04:21.788096;ae_3;Event data are collected and correlated from multiple sources and sensors.;Detect (DE);Anomalies and Events (DE.AE);;aws;;FAIL;No CloudWatch log groups found with metric filters or alarms associated.;arn:aws:logs:us-east-1:350381001508:log-group;cloudwatch_changes_to_network_gateways_alarm_configured;False;350381001508;NIST-CSF;National Institute of Standards and Technology (NIST) Cybersecurity Framework (CSF) v2.0;
aws;The NIST Cybersecurity Framework (CSF) 2.0 offers a taxonomy of high-level cybersecurity outcomes that can be used by any organization regardless of its size, sector, or maturity to better understand, assess, prioritize, and communicate its cybersecurity efforts. The framework's core functions are organized into six key areas: Govern (new), Identify, Protect, Detect, Respond, and Recover. Together, these functions provide a comprehensive lifecycle approach to managing cybersecurity risk.;350381001508;us-east-1;2026-08-01 19:04:21.788096;cm_1;The network is monitored to detect potential cybersecurity events.;Detect (DE);Security Continuous Monitoring (DE.CM);;aws;;FAIL;No CloudWatch log groups found with metric filters or alarms associated.;arn:aws:logs:us-east-1:350381001508:log-group;cloudwatch_changes_to_network_gateways_alarm_configured;False;350381001508;NIST-CSF;National Institute of Standards and Technology (NIST) Cybersecurity Framework (CSF) v2.0;
aws;The NIST Cybersecurity Framework (CSF) 2.0 offers a taxonomy of high-level cybersecurity outcomes that can be used by any organization regardless of its size, sector, or maturity to better understand, assess, prioritize, and communicate its cybersecurity efforts. The framework's core functions are organized into six key areas: Govern (new), Identify, Protect, Detect, Respond, and Recover. Together, these functions provide a comprehensive lifecycle approach to managing cybersecurity risk.;350381001508;us-east-1;2026-08-01 19:04:21.788096;dp_4;Event detection information is communicated.;Detect (DE);Detection Processes (DE.DP);;aws;;FAIL;No CloudWatch log groups found with metric filters or alarms associated.;arn:aws:logs:us-east-1:350381001508:log-group;cloudwatch_changes_to_network_gateways_alarm_configured;False;350381001508;NIST-CSF;National Institute of Standards and Technology (NIST) Cybersecurity Framework (CSF) v2.0;
aws;The NIST Cybersecurity Framework (CSF) 2.0 offers a taxonomy of high-level cybersecurity outcomes that can be used by any organization regardless of its size, sector, or maturity to better understand, assess, prioritize, and communicate its cybersecurity efforts. The framework's core functions are organized into six key areas: Govern (new), Identify, Protect, Detect, Respond, and Recover. Together, these functions provide a comprehensive lifecycle approach to managing cybersecurity risk.;350381001508;us-east-1;2026-08-01 19:04:21.788096;ae_2;Detected events are analyzed to understand attack targets and methods.;Detect (DE);Anomalies and Events (DE.AE);;aws;;FAIL;No CloudWatch log groups found with metric filters or alarms associated.;arn:aws:logs:us-east-1:350381001508:log-group;cloudwatch_changes_to_network_route_tables_alarm_configured;False;350381001508;NIST-CSF;National Institute of Standards and Technology (NIST) Cybersecurity Framework (CSF) v2.0;
aws;The NIST Cybersecurity Framework (CSF) 2.0 offers a taxonomy of high-level cybersecurity outcomes that can be used by any organization regardless of its size, sector, or maturity to better understand, assess, prioritize, and communicate its cybersecurity efforts. The framework's core functions are organized into six key areas: Govern (new), Identify, Protect, Detect, Respond, and Recover. Together, these functions provide a comprehensive lifecycle approach to managing cybersecurity risk.;350381001508;us-east-1;2026-08-01 19:04:21.788096;ae_3;Event data are collected and correlated from multiple sources and sensors.;Detect (DE);Anomalies and Events (DE.AE);;aws;;FAIL;No CloudWatch log groups found with metric filters or alarms associated.;arn:aws:logs:us-east-1:350381001508:log-group;cloudwatch_changes_to_network_route_tables_alarm_configured;False;350381001508;NIST-CSF;National Institute of Standards and Technology (NIST) Cybersecurity Framework (CSF) v2.0;
aws;The NIST Cybersecurity Framework (CSF) 2.0 offers a taxonomy of high-level cybersecurity outcomes that can be used by any organization regardless of its size, sector, or maturity to better understand, assess, prioritize, and communicate its cybersecurity efforts. The framework's core functions are organized into six key areas: Govern (new), Identify, Protect, Detect, Respond, and Recover. Together, these functions provide a comprehensive lifecycle approach to managing cybersecurity risk.;350381001508;us-east-1;2026-08-01 19:04:21.788096;cm_1;The network is monitored to detect potential cybersecurity events.;Detect (DE);Security Continuous Monitoring (DE.CM);;aws;;FAIL;No CloudWatch log groups found with metric filters or alarms associated.;arn:aws:logs:us-east-1:350381001508:log-group;cloudwatch_changes_to_network_route_tables_alarm_configured;False;350381001508;NIST-CSF;National Institute of Standards and Technology (NIST) Cybersecurity Framework (CSF) v2.0;
aws;The NIST Cybersecurity Framework (CSF) 2.0 offers a taxonomy of high-level cybersecurity outcomes that can be used by any organization regardless of its size, sector, or maturity to better understand, assess, prioritize, and communicate its cybersecurity efforts. The framework's core functions are organized into six key areas: Govern (new), Identify, Protect, Detect, Respond, and Recover. Together, these functions provide a comprehensive lifecycle approach to managing cybersecurity risk.;350381001508;us-east-1;2026-08-01 19:04:21.788096;dp_4;Event detection information is communicated.;Detect (DE);Detection Processes (DE.DP);;aws;;FAIL;No CloudWatch log groups found with metric filters or alarms associated.;arn:aws:logs:us-east-1:350381001508:log-group;cloudwatch_changes_to_network_route_tables_alarm_configured;False;350381001508;NIST-CSF;National Institute of Standards and Technology (NIST) Cybersecurity Framework (CSF) v2.0;
aws;The NIST Cybersecurity Framework (CSF) 2.0 offers a taxonomy of high-level cybersecurity outcomes that can be used by any organization regardless of its size, sector, or maturity to better understand, assess, prioritize, and communicate its cybersecurity efforts. The framework's core functions are organized into six key areas: Govern (new), Identify, Protect, Detect, Respond, and Recover. Together, these functions provide a comprehensive lifecycle approach to managing cybersecurity risk.;350381001508;us-east-1;2026-08-01 19:04:21.788096;ra_5;Threats, vulnerabilities, likelihoods, and impacts are used to determine risk.;Identify (ID);Risk Assessment (ID.RA);;aws;;FAIL;No CloudWatch log groups found with metric filters or alarms associated.;arn:aws:logs:us-east-1:350381001508:log-group;cloudwatch_changes_to_vpcs_alarm_configured;False;350381001508;NIST-CSF;National Institute of Standards and Technology (NIST) Cybersecurity Framework (CSF) v2.0;
aws;The NIST Cybersecurity Framework (CSF) 2.0 offers a taxonomy of high-level cybersecurity outcomes that can be used by any organization regardless of its size, sector, or maturity to better understand, assess, prioritize, and communicate its cybersecurity efforts. The framework's core functions are organized into six key areas: Govern (new), Identify, Protect, Detect, Respond, and Recover. Together, these functions provide a comprehensive lifecycle approach to managing cybersecurity risk.;350381001508;us-east-1;2026-08-01 19:04:21.788096;ae_2;Detected events are analyzed to understand attack targets and methods.;Detect (DE);Anomalies and Events (DE.AE);;aws;;FAIL;No CloudWatch log groups found with metric filters or alarms associated.;arn:aws:logs:us-east-1:350381001508:log-group;cloudwatch_changes_to_vpcs_alarm_configured;False;350381001508;NIST-CSF;National Institute of Standards and Technology (NIST) Cybersecurity Framework (CSF) v2.0;
aws;The NIST Cybersecurity Framework (CSF) 2.0 offers a taxonomy of high-level cybersecurity outcomes that can be used by any organization regardless of its size, sector, or maturity to better understand, assess, prioritize, and communicate its cybersecurity efforts. The framework's core functions are organized into six key areas: Govern (new), Identify, Protect, Detect, Respond, and Recover. Together, these functions provide a comprehensive lifecycle approach to managing cybersecurity risk.;350381001508;us-east-1;2026-08-01 19:04:21.788096;cm_1;The network is monitored to detect potential cybersecurity events.;Detect (DE);Security Continuous Monitoring (DE.CM);;aws;;FAIL;No CloudWatch log groups found with metric filters or alarms associated.;arn:aws:logs:us-east-1:350381001508:log-group;cloudwatch_changes_to_vpcs_alarm_configured;False;350381001508;NIST-CSF;National Institute of Standards and Technology (NIST) Cybersecurity Framework (CSF) v2.0;
aws;The NIST Cybersecurity Framework (CSF) 2.0 offers a taxonomy of high-level cybersecurity outcomes that can be used by any organization regardless of its size, sector, or maturity to better understand, assess, prioritize, and communicate its cybersecurity efforts. The framework's core functions are organized into six key areas: Govern (new), Identify, Protect, Detect, Respond, and Recover. Together, these functions provide a comprehensive lifecycle approach to managing cybersecurity risk.;350381001508;us-east-1;2026-08-01 19:04:21.788096;ov_3;Cybersecurity risk management strategy and practices are reviewed and adjusted to adapt to changes in the threat landscape, technologies, or mission, business, or system environments.;Govern (GV);Oversight (GV.OV);;aws;;FAIL;No CloudWatch log groups found with metric filters or alarms associated.;arn:aws:logs:us-east-1:350381001508:log-group;cloudwatch_log_metric_filter_and_alarm_for_aws_config_configuration_changes_enabled;False;350381001508;NIST-CSF;National Institute of Standards and Technology (NIST) Cybersecurity Framework (CSF) v2.0;
aws;The NIST Cybersecurity Framework (CSF) 2.0 offers a taxonomy of high-level cybersecurity outcomes that can be used by any organization regardless of its size, sector, or maturity to better understand, assess, prioritize, and communicate its cybersecurity efforts. The framework's core functions are organized into six key areas: Govern (new), Identify, Protect, Detect, Respond, and Recover. Together, these functions provide a comprehensive lifecycle approach to managing cybersecurity risk.;350381001508;us-east-1;2026-08-01 19:04:21.788096;ra_5;Threats, vulnerabilities, likelihoods, and impacts are used to determine risk.;Identify (ID);Risk Assessment (ID.RA);;aws;;FAIL;No CloudWatch log groups found with metric filters or alarms associated.;arn:aws:logs:us-east-1:350381001508:log-group;cloudwatch_log_metric_filter_and_alarm_for_aws_config_configuration_changes_enabled;False;350381001508;NIST-CSF;National Institute of Standards and Technology (NIST) Cybersecurity Framework (CSF) v2.0;
aws;The NIST Cybersecurity Framework (CSF) 2.0 offers a taxonomy of high-level cybersecurity outcomes that can be used by any organization regardless of its size, sector, or maturity to better understand, assess, prioritize, and communicate its cybersecurity efforts. The framework's core functions are organized into six key areas: Govern (new), Identify, Protect, Detect, Respond, and Recover. Together, these functions provide a comprehensive lifecycle approach to managing cybersecurity risk.;350381001508;us-east-1;2026-08-01 19:04:21.788096;ip_8;Effectiveness of protection technologies is shared.;Protect (PR);Information Protection Processes and Procedures (PR.IP);;aws;;FAIL;No CloudWatch log groups found with metric filters or alarms associated.;arn:aws:logs:us-east-1:350381001508:log-group;cloudwatch_log_metric_filter_and_alarm_for_aws_config_configuration_changes_enabled;False;350381001508;NIST-CSF;National Institute of Standards and Technology (NIST) Cybersecurity Framework (CSF) v2.0;
aws;The NIST Cybersecurity Framework (CSF) 2.0 offers a taxonomy of high-level cybersecurity outcomes that can be used by any organization regardless of its size, sector, or maturity to better understand, assess, prioritize, and communicate its cybersecurity efforts. The framework's core functions are organized into six key areas: Govern (new), Identify, Protect, Detect, Respond, and Recover. Together, these functions provide a comprehensive lifecycle approach to managing cybersecurity risk.;350381001508;us-east-1;2026-08-01 19:04:21.788096;pt_1;Audit/log records are determined, documented, implemented, and reviewed in accordance with policy.;Protect (PR);Protective Technology (PR.PT);;aws;;FAIL;No CloudWatch log groups found with metric filters or alarms associated.;arn:aws:logs:us-east-1:350381001508:log-group;cloudwatch_log_metric_filter_and_alarm_for_aws_config_configuration_changes_enabled;False;350381001508;NIST-CSF;National Institute of Standards and Technology (NIST) Cybersecurity Framework (CSF) v2.0;
aws;The NIST Cybersecurity Framework (CSF) 2.0 offers a taxonomy of high-level cybersecurity outcomes that can be used by any organization regardless of its size, sector, or maturity to better understand, assess, prioritize, and communicate its cybersecurity efforts. The framework's core functions are organized into six key areas: Govern (new), Identify, Protect, Detect, Respond, and Recover. Together, these functions provide a comprehensive lifecycle approach to managing cybersecurity risk.;350381001508;us-east-1;2026-08-01 19:04:21.788096;ae_1;A baseline of network operations and expected data flows for users and systems is established and managed.;Detect (DE);Anomalies and Events (DE.AE);;aws;;FAIL;No CloudWatch log groups found with metric filters or alarms associated.;arn:aws:logs:us-east-1:350381001508:log-group;cloudwatch_log_metric_filter_and_alarm_for_aws_config_configuration_changes_enabled;False;350381001508;NIST-CSF;National Institute of Standards and Technology (NIST) Cybersecurity Framework (CSF) v2.0;
aws;The NIST Cybersecurity Framework (CSF) 2.0 offers a taxonomy of high-level cybersecurity outcomes that can be used by any organization regardless of its size, sector, or maturity to better understand, assess, prioritize, and communicate its cybersecurity efforts. The framework's core functions are organized into six key areas: Govern (new), Identify, Protect, Detect, Respond, and Recover. Together, these functions provide a comprehensive lifecycle approach to managing cybersecurity risk.;350381001508;us-east-1;2026-08-01 19:04:21.788096;ae_2;Detected events are analyzed to understand attack targets and methods.;Detect (DE);Anomalies and Events (DE.AE);;aws;;FAIL;No CloudWatch log groups found with metric filters or alarms associated.;arn:aws:logs:us-east-1:350381001508:log-group;cloudwatch_log_metric_filter_and_alarm_for_aws_config_configuration_changes_enabled;False;350381001508;NIST-CSF;National Institute of Standards and Technology (NIST) Cybersecurity Framework (CSF) v2.0;
aws;The NIST Cybersecurity Framework (CSF) 2.0 offers a taxonomy of high-level cybersecurity outcomes that can be used by any organization regardless of its size, sector, or maturity to better understand, assess, prioritize, and communicate its cybersecurity efforts. The framework's core functions are organized into six key areas: Govern (new), Identify, Protect, Detect, Respond, and Recover. Together, these functions provide a comprehensive lifecycle approach to managing cybersecurity risk.;350381001508;us-east-1;2026-08-01 19:04:21.788096;ae_3;Event data are collected and correlated from multiple sources and sensors.;Detect (DE);Anomalies and Events (DE.AE);;aws;;FAIL;No CloudWatch log groups found with metric filters or alarms associated.;arn:aws:logs:us-east-1:350381001508:log-group;cloudwatch_log_metric_filter_and_alarm_for_aws_config_configuration_changes_enabled;False;350381001508;NIST-CSF;National Institute of Standards and Technology (NIST) Cybersecurity Framework (CSF) v2.0;
aws;The NIST Cybersecurity Framework (CSF) 2.0 offers a taxonomy of high-level cybersecurity outcomes that can be used by any organization regardless of its size, sector, or maturity to better understand, assess, prioritize, and communicate its cybersecurity efforts. The framework's core functions are organized into six key areas: Govern (new), Identify, Protect, Detect, Respond, and Recover. Together, these functions provide a comprehensive lifecycle approach to managing cybersecurity risk.;350381001508;us-east-1;2026-08-01 19:04:21.788096;cm_1;The network is monitored to detect potential cybersecurity events.;Detect (DE);Security Continuous Monitoring (DE.CM);;aws;;FAIL;No CloudWatch log groups found with metric filters or alarms associated.;arn:aws:logs:us-east-1:350381001508:log-group;cloudwatch_log_metric_filter_and_alarm_for_aws_config_configuration_changes_enabled;False;350381001508;NIST-CSF;National Institute of Standards and Technology (NIST) Cybersecurity Framework (CSF) v2.0;
aws;The NIST Cybersecurity Framework (CSF) 2.0 offers a taxonomy of high-level cybersecurity outcomes that can be used by any organization regardless of its size, sector, or maturity to better understand, assess, prioritize, and communicate its cybersecurity efforts. The framework's core functions are organized into six key areas: Govern (new), Identify, Protect, Detect, Respond, and Recover. Together, these functions provide a comprehensive lifecycle approach to managing cybersecurity risk.;350381001508;us-east-1;2026-08-01 19:04:21.788096;cm_7;Monitoring for unauthorized personnel, connections, devices, and software is performed.;Detect (DE);Security Continuous Monitoring (DE.CM);;aws;;FAIL;No CloudWatch log groups found with metric filters or alarms associated.;arn:aws:logs:us-east-1:350381001508:log-group;cloudwatch_log_metric_filter_and_alarm_for_aws_config_configuration_changes_enabled;False;350381001508;NIST-CSF;National Institute of Standards and Technology (NIST) Cybersecurity Framework (CSF) v2.0;
aws;The NIST Cybersecurity Framework (CSF) 2.0 offers a taxonomy of high-level cybersecurity outcomes that can be used by any organization regardless of its size, sector, or maturity to better understand, assess, prioritize, and communicate its cybersecurity efforts. The framework's core functions are organized into six key areas: Govern (new), Identify, Protect, Detect, Respond, and Recover. Together, these functions provide a comprehensive lifecycle approach to managing cybersecurity risk.;350381001508;us-east-1;2026-08-01 19:04:21.788096;dp_4;Event detection information is communicated.;Detect (DE);Detection Processes (DE.DP);;aws;;FAIL;No CloudWatch log groups found with metric filters or alarms associated.;arn:aws:logs:us-east-1:350381001508:log-group;cloudwatch_log_metric_filter_and_alarm_for_aws_config_configuration_changes_enabled;False;350381001508;NIST-CSF;National Institute of Standards and Technology (NIST) Cybersecurity Framework (CSF) v2.0;
aws;The NIST Cybersecurity Framework (CSF) 2.0 offers a taxonomy of high-level cybersecurity outcomes that can be used by any organization regardless of its size, sector, or maturity to better understand, assess, prioritize, and communicate its cybersecurity efforts. The framework's core functions are organized into six key areas: Govern (new), Identify, Protect, Detect, Respond, and Recover. Together, these functions provide a comprehensive lifecycle approach to managing cybersecurity risk.;350381001508;us-east-1;2026-08-01 19:04:21.788096;ov_3;Cybersecurity risk management strategy and practices are reviewed and adjusted to adapt to changes in the threat landscape, technologies, or mission, business, or system environments.;Govern (GV);Oversight (GV.OV);;aws;;FAIL;No CloudWatch log groups found with metric filters or alarms associated.;arn:aws:logs:us-east-1:350381001508:log-group;cloudwatch_log_metric_filter_and_alarm_for_cloudtrail_configuration_changes_enabled;False;350381001508;NIST-CSF;National Institute of Standards and Technology (NIST) Cybersecurity Framework (CSF) v2.0;
aws;The NIST Cybersecurity Framework (CSF) 2.0 offers a taxonomy of high-level cybersecurity outcomes that can be used by any organization regardless of its size, sector, or maturity to better understand, assess, prioritize, and communicate its cybersecurity efforts. The framework's core functions are organized into six key areas: Govern (new), Identify, Protect, Detect, Respond, and Recover. Together, these functions provide a comprehensive lifecycle approach to managing cybersecurity risk.;350381001508;us-east-1;2026-08-01 19:04:21.788096;ra_5;Threats, vulnerabilities, likelihoods, and impacts are used to determine risk.;Identify (ID);Risk Assessment (ID.RA);;aws;;FAIL;No CloudWatch log groups found with metric filters or alarms associated.;arn:aws:logs:us-east-1:350381001508:log-group;cloudwatch_log_metric_filter_and_alarm_for_cloudtrail_configuration_changes_enabled;False;350381001508;NIST-CSF;National Institute of Standards and Technology (NIST) Cybersecurity Framework (CSF) v2.0;
aws;The NIST Cybersecurity Framework (CSF) 2.0 offers a taxonomy of high-level cybersecurity outcomes that can be used by any organization regardless of its size, sector, or maturity to better understand, assess, prioritize, and communicate its cybersecurity efforts. The framework's core functions are organized into six key areas: Govern (new), Identify, Protect, Detect, Respond, and Recover. Together, these functions provide a comprehensive lifecycle approach to managing cybersecurity risk.;350381001508;us-east-1;2026-08-01 19:04:21.788096;ip_8;Effectiveness of protection technologies is shared.;Protect (PR);Information Protection Processes and Procedures (PR.IP);;aws;;FAIL;No CloudWatch log groups found with metric filters or alarms associated.;arn:aws:logs:us-east-1:350381001508:log-group;cloudwatch_log_metric_filter_and_alarm_for_cloudtrail_configuration_changes_enabled;False;350381001508;NIST-CSF;National Institute of Standards and Technology (NIST) Cybersecurity Framework (CSF) v2.0;
aws;The NIST Cybersecurity Framework (CSF) 2.0 offers a taxonomy of high-level cybersecurity outcomes that can be used by any organization regardless of its size, sector, or maturity to better understand, assess, prioritize, and communicate its cybersecurity efforts. The framework's core functions are organized into six key areas: Govern (new), Identify, Protect, Detect, Respond, and Recover. Together, these functions provide a comprehensive lifecycle approach to managing cybersecurity risk.;350381001508;us-east-1;2026-08-01 19:04:21.788096;pt_1;Audit/log records are determined, documented, implemented, and reviewed in accordance with policy.;Protect (PR);Protective Technology (PR.PT);;aws;;FAIL;No CloudWatch log groups found with metric filters or alarms associated.;arn:aws:logs:us-east-1:350381001508:log-group;cloudwatch_log_metric_filter_and_alarm_for_cloudtrail_configuration_changes_enabled;False;350381001508;NIST-CSF;National Institute of Standards and Technology (NIST) Cybersecurity Framework (CSF) v2.0;
aws;The NIST Cybersecurity Framework (CSF) 2.0 offers a taxonomy of high-level cybersecurity outcomes that can be used by any organization regardless of its size, sector, or maturity to better understand, assess, prioritize, and communicate its cybersecurity efforts. The framework's core functions are organized into six key areas: Govern (new), Identify, Protect, Detect, Respond, and Recover. Together, these functions provide a comprehensive lifecycle approach to managing cybersecurity risk.;350381001508;us-east-1;2026-08-01 19:04:21.788096;ae_1;A baseline of network operations and expected data flows for users and systems is established and managed.;Detect (DE);Anomalies and Events (DE.AE);;aws;;FAIL;No CloudWatch log groups found with metric filters or alarms associated.;arn:aws:logs:us-east-1:350381001508:log-group;cloudwatch_log_metric_filter_and_alarm_for_cloudtrail_configuration_changes_enabled;False;350381001508;NIST-CSF;National Institute of Standards and Technology (NIST) Cybersecurity Framework (CSF) v2.0;
aws;The NIST Cybersecurity Framework (CSF) 2.0 offers a taxonomy of high-level cybersecurity outcomes that can be used by any organization regardless of its size, sector, or maturity to better understand, assess, prioritize, and communicate its cybersecurity efforts. The framework's core functions are organized into six key areas: Govern (new), Identify, Protect, Detect, Respond, and Recover. Together, these functions provide a comprehensive lifecycle approach to managing cybersecurity risk.;350381001508;us-east-1;2026-08-01 19:04:21.788096;ae_2;Detected events are analyzed to understand attack targets and methods.;Detect (DE);Anomalies and Events (DE.AE);;aws;;FAIL;No CloudWatch log groups found with metric filters or alarms associated.;arn:aws:logs:us-east-1:350381001508:log-group;cloudwatch_log_metric_filter_and_alarm_for_cloudtrail_configuration_changes_enabled;False;350381001508;NIST-CSF;National Institute of Standards and Technology (NIST) Cybersecurity Framework (CSF) v2.0;
aws;The NIST Cybersecurity Framework (CSF) 2.0 offers a taxonomy of high-level cybersecurity outcomes that can be used by any organization regardless of its size, sector, or maturity to better understand, assess, prioritize, and communicate its cybersecurity efforts. The framework's core functions are organized into six key areas: Govern (new), Identify, Protect, Detect, Respond, and Recover. Together, these functions provide a comprehensive lifecycle approach to managing cybersecurity risk.;350381001508;us-east-1;2026-08-01 19:04:21.788096;ae_3;Event data are collected and correlated from multiple sources and sensors.;Detect (DE);Anomalies and Events (DE.AE);;aws;;FAIL;No CloudWatch log groups found with metric filters or alarms associated.;arn:aws:logs:us-east-1:350381001508:log-group;cloudwatch_log_metric_filter_and_alarm_for_cloudtrail_configuration_changes_enabled;False;350381001508;NIST-CSF;National Institute of Standards and Technology (NIST) Cybersecurity Framework (CSF) v2.0;
aws;The NIST Cybersecurity Framework (CSF) 2.0 offers a taxonomy of high-level cybersecurity outcomes that can be used by any organization regardless of its size, sector, or maturity to better understand, assess, prioritize, and communicate its cybersecurity efforts. The framework's core functions are organized into six key areas: Govern (new), Identify, Protect, Detect, Respond, and Recover. Together, these functions provide a comprehensive lifecycle approach to managing cybersecurity risk.;350381001508;us-east-1;2026-08-01 19:04:21.788096;cm_1;The network is monitored to detect potential cybersecurity events.;Detect (DE);Security Continuous Monitoring (DE.CM);;aws;;FAIL;No CloudWatch log groups found with metric filters or alarms associated.;arn:aws:logs:us-east-1:350381001508:log-group;cloudwatch_log_metric_filter_and_alarm_for_cloudtrail_configuration_changes_enabled;False;350381001508;NIST-CSF;National Institute of Standards and Technology (NIST) Cybersecurity Framework (CSF) v2.0;
aws;The NIST Cybersecurity Framework (CSF) 2.0 offers a taxonomy of high-level cybersecurity outcomes that can be used by any organization regardless of its size, sector, or maturity to better understand, assess, prioritize, and communicate its cybersecurity efforts. The framework's core functions are organized into six key areas: Govern (new), Identify, Protect, Detect, Respond, and Recover. Together, these functions provide a comprehensive lifecycle approach to managing cybersecurity risk.;350381001508;us-east-1;2026-08-01 19:04:21.788096;cm_3;Personnel activity is monitored to detect potential cybersecurity events.;Detect (DE);Security Continuous Monitoring (DE.CM);;aws;;FAIL;No CloudWatch log groups found with metric filters or alarms associated.;arn:aws:logs:us-east-1:350381001508:log-group;cloudwatch_log_metric_filter_and_alarm_for_cloudtrail_configuration_changes_enabled;False;350381001508;NIST-CSF;National Institute of Standards and Technology (NIST) Cybersecurity Framework (CSF) v2.0;
aws;The NIST Cybersecurity Framework (CSF) 2.0 offers a taxonomy of high-level cybersecurity outcomes that can be used by any organization regardless of its size, sector, or maturity to better understand, assess, prioritize, and communicate its cybersecurity efforts. The framework's core functions are organized into six key areas: Govern (new), Identify, Protect, Detect, Respond, and Recover. Together, these functions provide a comprehensive lifecycle approach to managing cybersecurity risk.;350381001508;us-east-1;2026-08-01 19:04:21.788096;cm_7;Monitoring for unauthorized personnel, connections, devices, and software is performed.;Detect (DE);Security Continuous Monitoring (DE.CM);;aws;;FAIL;No CloudWatch log groups found with metric filters or alarms associated.;arn:aws:logs:us-east-1:350381001508:log-group;cloudwatch_log_metric_filter_and_alarm_for_cloudtrail_configuration_changes_enabled;False;350381001508;NIST-CSF;National Institute of Standards and Technology (NIST) Cybersecurity Framework (CSF) v2.0;
aws;The NIST Cybersecurity Framework (CSF) 2.0 offers a taxonomy of high-level cybersecurity outcomes that can be used by any organization regardless of its size, sector, or maturity to better understand, assess, prioritize, and communicate its cybersecurity efforts. The framework's core functions are organized into six key areas: Govern (new), Identify, Protect, Detect, Respond, and Recover. Together, these functions provide a comprehensive lifecycle approach to managing cybersecurity risk.;350381001508;us-east-1;2026-08-01 19:04:21.788096;dp_4;Event detection information is communicated.;Detect (DE);Detection Processes (DE.DP);;aws;;FAIL;No CloudWatch log groups found with metric filters or alarms associated.;arn:aws:logs:us-east-1:350381001508:log-group;cloudwatch_log_metric_filter_and_alarm_for_cloudtrail_configuration_changes_enabled;False;350381001508;NIST-CSF;National Institute of Standards and Technology (NIST) Cybersecurity Framework (CSF) v2.0;
aws;The NIST Cybersecurity Framework (CSF) 2.0 offers a taxonomy of high-level cybersecurity outcomes that can be used by any organization regardless of its size, sector, or maturity to better understand, assess, prioritize, and communicate its cybersecurity efforts. The framework's core functions are organized into six key areas: Govern (new), Identify, Protect, Detect, Respond, and Recover. Together, these functions provide a comprehensive lifecycle approach to managing cybersecurity risk.;350381001508;us-east-1;2026-08-01 19:04:21.788096;ra_5;Threats, vulnerabilities, likelihoods, and impacts are used to determine risk.;Identify (ID);Risk Assessment (ID.RA);;aws;;FAIL;No CloudWatch log groups found with metric filters or alarms associated.;arn:aws:logs:us-east-1:350381001508:log-group;cloudwatch_log_metric_filter_authentication_failures;False;350381001508;NIST-CSF;National Institute of Standards and Technology (NIST) Cybersecurity Framework (CSF) v2.0;
aws;The NIST Cybersecurity Framework (CSF) 2.0 offers a taxonomy of high-level cybersecurity outcomes that can be used by any organization regardless of its size, sector, or maturity to better understand, assess, prioritize, and communicate its cybersecurity efforts. The framework's core functions are organized into six key areas: Govern (new), Identify, Protect, Detect, Respond, and Recover. Together, these functions provide a comprehensive lifecycle approach to managing cybersecurity risk.;350381001508;us-east-1;2026-08-01 19:04:21.788096;ip_7;Protection processes are improved.;Protect (PR);Information Protection Processes and Procedures (PR.IP);;ec2;;FAIL;No CloudWatch log groups found with metric filters or alarms associated.;arn:aws:logs:us-east-1:350381001508:log-group;cloudwatch_log_metric_filter_authentication_failures;False;350381001508;NIST-CSF;National Institute of Standards and Technology (NIST) Cybersecurity Framework (CSF) v2.0;
aws;The NIST Cybersecurity Framework (CSF) 2.0 offers a taxonomy of high-level cybersecurity outcomes that can be used by any organization regardless of its size, sector, or maturity to better understand, assess, prioritize, and communicate its cybersecurity efforts. The framework's core functions are organized into six key areas: Govern (new), Identify, Protect, Detect, Respond, and Recover. Together, these functions provide a comprehensive lifecycle approach to managing cybersecurity risk.;350381001508;us-east-1;2026-08-01 19:04:21.788096;ip_8;Effectiveness of protection technologies is shared.;Protect (PR);Information Protection Processes and Procedures (PR.IP);;aws;;FAIL;No CloudWatch log groups found with metric filters or alarms associated.;arn:aws:logs:us-east-1:350381001508:log-group;cloudwatch_log_metric_filter_authentication_failures;False;350381001508;NIST-CSF;National Institute of Standards and Technology (NIST) Cybersecurity Framework (CSF) v2.0;
aws;The NIST Cybersecurity Framework (CSF) 2.0 offers a taxonomy of high-level cybersecurity outcomes that can be used by any organization regardless of its size, sector, or maturity to better understand, assess, prioritize, and communicate its cybersecurity efforts. The framework's core functions are organized into six key areas: Govern (new), Identify, Protect, Detect, Respond, and Recover. Together, these functions provide a comprehensive lifecycle approach to managing cybersecurity risk.;350381001508;us-east-1;2026-08-01 19:04:21.788096;pt_1;Audit/log records are determined, documented, implemented, and reviewed in accordance with policy.;Protect (PR);Protective Technology (PR.PT);;aws;;FAIL;No CloudWatch log groups found with metric filters or alarms associated.;arn:aws:logs:us-east-1:350381001508:log-group;cloudwatch_log_metric_filter_authentication_failures;False;350381001508;NIST-CSF;National Institute of Standards and Technology (NIST) Cybersecurity Framework (CSF) v2.0;
aws;The NIST Cybersecurity Framework (CSF) 2.0 offers a taxonomy of high-level cybersecurity outcomes that can be used by any organization regardless of its size, sector, or maturity to better understand, assess, prioritize, and communicate its cybersecurity efforts. The framework's core functions are organized into six key areas: Govern (new), Identify, Protect, Detect, Respond, and Recover. Together, these functions provide a comprehensive lifecycle approach to managing cybersecurity risk.;350381001508;us-east-1;2026-08-01 19:04:21.788096;ae_2;Detected events are analyzed to understand attack targets and methods.;Detect (DE);Anomalies and Events (DE.AE);;aws;;FAIL;No CloudWatch log groups found with metric filters or alarms associated.;arn:aws:logs:us-east-1:350381001508:log-group;cloudwatch_log_metric_filter_authentication_failures;False;350381001508;NIST-CSF;National Institute of Standards and Technology (NIST) Cybersecurity Framework (CSF) v2.0;
aws;The NIST Cybersecurity Framework (CSF) 2.0 offers a taxonomy of high-level cybersecurity outcomes that can be used by any organization regardless of its size, sector, or maturity to better understand, assess, prioritize, and communicate its cybersecurity efforts. The framework's core functions are organized into six key areas: Govern (new), Identify, Protect, Detect, Respond, and Recover. Together, these functions provide a comprehensive lifecycle approach to managing cybersecurity risk.;350381001508;us-east-1;2026-08-01 19:04:21.788096;cm_1;The network is monitored to detect potential cybersecurity events.;Detect (DE);Security Continuous Monitoring (DE.CM);;aws;;FAIL;No CloudWatch log groups found with metric filters or alarms associated.;arn:aws:logs:us-east-1:350381001508:log-group;cloudwatch_log_metric_filter_authentication_failures;False;350381001508;NIST-CSF;National Institute of Standards and Technology (NIST) Cybersecurity Framework (CSF) v2.0;
aws;The NIST Cybersecurity Framework (CSF) 2.0 offers a taxonomy of high-level cybersecurity outcomes that can be used by any organization regardless of its size, sector, or maturity to better understand, assess, prioritize, and communicate its cybersecurity efforts. The framework's core functions are organized into six key areas: Govern (new), Identify, Protect, Detect, Respond, and Recover. Together, these functions provide a comprehensive lifecycle approach to managing cybersecurity risk.;350381001508;us-east-1;2026-08-01 19:04:21.788096;cm_3;Personnel activity is monitored to detect potential cybersecurity events.;Detect (DE);Security Continuous Monitoring (DE.CM);;aws;;FAIL;No CloudWatch log groups found with metric filters or alarms associated.;arn:aws:logs:us-east-1:350381001508:log-group;cloudwatch_log_metric_filter_authentication_failures;False;350381001508;NIST-CSF;National Institute of Standards and Technology (NIST) Cybersecurity Framework (CSF) v2.0;
aws;The NIST Cybersecurity Framework (CSF) 2.0 offers a taxonomy of high-level cybersecurity outcomes that can be used by any organization regardless of its size, sector, or maturity to better understand, assess, prioritize, and communicate its cybersecurity efforts. The framework's core functions are organized into six key areas: Govern (new), Identify, Protect, Detect, Respond, and Recover. Together, these functions provide a comprehensive lifecycle approach to managing cybersecurity risk.;350381001508;us-east-1;2026-08-01 19:04:21.788096;cm_7;Monitoring for unauthorized personnel, connections, devices, and software is performed.;Detect (DE);Security Continuous Monitoring (DE.CM);;aws;;FAIL;No CloudWatch log groups found with metric filters or alarms associated.;arn:aws:logs:us-east-1:350381001508:log-group;cloudwatch_log_metric_filter_authentication_failures;False;350381001508;NIST-CSF;National Institute of Standards and Technology (NIST) Cybersecurity Framework (CSF) v2.0;
aws;The NIST Cybersecurity Framework (CSF) 2.0 offers a taxonomy of high-level cybersecurity outcomes that can be used by any organization regardless of its size, sector, or maturity to better understand, assess, prioritize, and communicate its cybersecurity efforts. The framework's core functions are organized into six key areas: Govern (new), Identify, Protect, Detect, Respond, and Recover. Together, these functions provide a comprehensive lifecycle approach to managing cybersecurity risk.;350381001508;us-east-1;2026-08-01 19:04:21.788096;dp_4;Event detection information is communicated.;Detect (DE);Detection Processes (DE.DP);;aws;;FAIL;No CloudWatch log groups found with metric filters or alarms associated.;arn:aws:logs:us-east-1:350381001508:log-group;cloudwatch_log_metric_filter_authentication_failures;False;350381001508;NIST-CSF;National Institute of Standards and Technology (NIST) Cybersecurity Framework (CSF) v2.0;
aws;The NIST Cybersecurity Framework (CSF) 2.0 offers a taxonomy of high-level cybersecurity outcomes that can be used by any organization regardless of its size, sector, or maturity to better understand, assess, prioritize, and communicate its cybersecurity efforts. The framework's core functions are organized into six key areas: Govern (new), Identify, Protect, Detect, Respond, and Recover. Together, these functions provide a comprehensive lifecycle approach to managing cybersecurity risk.;350381001508;us-east-1;2026-08-01 19:04:21.788096;ae_3;Event data are collected and correlated from multiple sources and sensors.;Detect (DE);Anomalies and Events (DE.AE);;aws;;FAIL;No CloudWatch log groups found with metric filters or alarms associated.;arn:aws:logs:us-east-1:350381001508:log-group;cloudwatch_log_metric_filter_aws_organizations_changes;False;350381001508;NIST-CSF;National Institute of Standards and Technology (NIST) Cybersecurity Framework (CSF) v2.0;
aws;The NIST Cybersecurity Framework (CSF) 2.0 offers a taxonomy of high-level cybersecurity outcomes that can be used by any organization regardless of its size, sector, or maturity to better understand, assess, prioritize, and communicate its cybersecurity efforts. The framework's core functions are organized into six key areas: Govern (new), Identify, Protect, Detect, Respond, and Recover. Together, these functions provide a comprehensive lifecycle approach to managing cybersecurity risk.;350381001508;us-east-1;2026-08-01 19:04:21.788096;cm_7;Monitoring for unauthorized personnel, connections, devices, and software is performed.;Detect (DE);Security Continuous Monitoring (DE.CM);;aws;;FAIL;No CloudWatch log groups found with metric filters or alarms associated.;arn:aws:logs:us-east-1:350381001508:log-group;cloudwatch_log_metric_filter_aws_organizations_changes;False;350381001508;NIST-CSF;National Institute of Standards and Technology (NIST) Cybersecurity Framework (CSF) v2.0;
aws;The NIST Cybersecurity Framework (CSF) 2.0 offers a taxonomy of high-level cybersecurity outcomes that can be used by any organization regardless of its size, sector, or maturity to better understand, assess, prioritize, and communicate its cybersecurity efforts. The framework's core functions are organized into six key areas: Govern (new), Identify, Protect, Detect, Respond, and Recover. Together, these functions provide a comprehensive lifecycle approach to managing cybersecurity risk.;350381001508;us-east-1;2026-08-01 19:04:21.788096;ae_2;Detected events are analyzed to understand attack targets and methods.;Detect (DE);Anomalies and Events (DE.AE);;aws;;FAIL;No CloudWatch log groups found with metric filters or alarms associated.;arn:aws:logs:us-east-1:350381001508:log-group;cloudwatch_log_metric_filter_disable_or_scheduled_deletion_of_kms_cmk;False;350381001508;NIST-CSF;National Institute of Standards and Technology (NIST) Cybersecurity Framework (CSF) v2.0;
aws;The NIST Cybersecurity Framework (CSF) 2.0 offers a taxonomy of high-level cybersecurity outcomes that can be used by any organization regardless of its size, sector, or maturity to better understand, assess, prioritize, and communicate its cybersecurity efforts. The framework's core functions are organized into six key areas: Govern (new), Identify, Protect, Detect, Respond, and Recover. Together, these functions provide a comprehensive lifecycle approach to managing cybersecurity risk.;350381001508;us-east-1;2026-08-01 19:04:21.788096;cm_7;Monitoring for unauthorized personnel, connections, devices, and software is performed.;Detect (DE);Security Continuous Monitoring (DE.CM);;aws;;FAIL;No CloudWatch log groups found with metric filters or alarms associated.;arn:aws:logs:us-east-1:350381001508:log-group;cloudwatch_log_metric_filter_disable_or_scheduled_deletion_of_kms_cmk;False;350381001508;NIST-CSF;National Institute of Standards and Technology (NIST) Cybersecurity Framework (CSF) v2.0;
aws;The NIST Cybersecurity Framework (CSF) 2.0 offers a taxonomy of high-level cybersecurity outcomes that can be used by any organization regardless of its size, sector, or maturity to better understand, assess, prioritize, and communicate its cybersecurity efforts. The framework's core functions are organized into six key areas: Govern (new), Identify, Protect, Detect, Respond, and Recover. Together, these functions provide a comprehensive lifecycle approach to managing cybersecurity risk.;350381001508;us-east-1;2026-08-01 19:04:21.788096;pt_1;Audit/log records are determined, documented, implemented, and reviewed in accordance with policy.;Protect (PR);Protective Technology (PR.PT);;aws;;FAIL;No CloudWatch log groups found with metric filters or alarms associated.;arn:aws:logs:us-east-1:350381001508:log-group;cloudwatch_log_metric_filter_for_s3_bucket_policy_changes;False;350381001508;NIST-CSF;National Institute of Standards and Technology (NIST) Cybersecurity Framework (CSF) v2.0;
aws;The NIST Cybersecurity Framework (CSF) 2.0 offers a taxonomy of high-level cybersecurity outcomes that can be used by any organization regardless of its size, sector, or maturity to better understand, assess, prioritize, and communicate its cybersecurity efforts. The framework's core functions are organized into six key areas: Govern (new), Identify, Protect, Detect, Respond, and Recover. Together, these functions provide a comprehensive lifecycle approach to managing cybersecurity risk.;350381001508;us-east-1;2026-08-01 19:04:21.788096;ae_1;A baseline of network operations and expected data flows for users and systems is established and managed.;Detect (DE);Anomalies and Events (DE.AE);;aws;;FAIL;No CloudWatch log groups found with metric filters or alarms associated.;arn:aws:logs:us-east-1:350381001508:log-group;cloudwatch_log_metric_filter_for_s3_bucket_policy_changes;False;350381001508;NIST-CSF;National Institute of Standards and Technology (NIST) Cybersecurity Framework (CSF) v2.0;
aws;The NIST Cybersecurity Framework (CSF) 2.0 offers a taxonomy of high-level cybersecurity outcomes that can be used by any organization regardless of its size, sector, or maturity to better understand, assess, prioritize, and communicate its cybersecurity efforts. The framework's core functions are organized into six key areas: Govern (new), Identify, Protect, Detect, Respond, and Recover. Together, these functions provide a comprehensive lifecycle approach to managing cybersecurity risk.;350381001508;us-east-1;2026-08-01 19:04:21.788096;ae_2;Detected events are analyzed to understand attack targets and methods.;Detect (DE);Anomalies and Events (DE.AE);;aws;;FAIL;No CloudWatch log groups found with metric filters or alarms associated.;arn:aws:logs:us-east-1:350381001508:log-group;cloudwatch_log_metric_filter_for_s3_bucket_policy_changes;False;350381001508;NIST-CSF;National Institute of Standards and Technology (NIST) Cybersecurity Framework (CSF) v2.0;
aws;The NIST Cybersecurity Framework (CSF) 2.0 offers a taxonomy of high-level cybersecurity outcomes that can be used by any organization regardless of its size, sector, or maturity to better understand, assess, prioritize, and communicate its cybersecurity efforts. The framework's core functions are organized into six key areas: Govern (new), Identify, Protect, Detect, Respond, and Recover. Together, these functions provide a comprehensive lifecycle approach to managing cybersecurity risk.;350381001508;us-east-1;2026-08-01 19:04:21.788096;cm_7;Monitoring for unauthorized personnel, connections, devices, and software is performed.;Detect (DE);Security Continuous Monitoring (DE.CM);;aws;;FAIL;No CloudWatch log groups found with metric filters or alarms associated.;arn:aws:logs:us-east-1:350381001508:log-group;cloudwatch_log_metric_filter_for_s3_bucket_policy_changes;False;350381001508;NIST-CSF;National Institute of Standards and Technology (NIST) Cybersecurity Framework (CSF) v2.0;
aws;The NIST Cybersecurity Framework (CSF) 2.0 offers a taxonomy of high-level cybersecurity outcomes that can be used by any organization regardless of its size, sector, or maturity to better understand, assess, prioritize, and communicate its cybersecurity efforts. The framework's core functions are organized into six key areas: Govern (new), Identify, Protect, Detect, Respond, and Recover. Together, these functions provide a comprehensive lifecycle approach to managing cybersecurity risk.;350381001508;us-east-1;2026-08-01 19:04:21.788096;ov_3;Cybersecurity risk management strategy and practices are reviewed and adjusted to adapt to changes in the threat landscape, technologies, or mission, business, or system environments.;Govern (GV);Oversight (GV.OV);;aws;;FAIL;No CloudWatch log groups found with metric filters or alarms associated.;arn:aws:logs:us-east-1:350381001508:log-group;cloudwatch_log_metric_filter_policy_changes;False;350381001508;NIST-CSF;National Institute of Standards and Technology (NIST) Cybersecurity Framework (CSF) v2.0;
aws;The NIST Cybersecurity Framework (CSF) 2.0 offers a taxonomy of high-level cybersecurity outcomes that can be used by any organization regardless of its size, sector, or maturity to better understand, assess, prioritize, and communicate its cybersecurity efforts. The framework's core functions are organized into six key areas: Govern (new), Identify, Protect, Detect, Respond, and Recover. Together, these functions provide a comprehensive lifecycle approach to managing cybersecurity risk.;350381001508;us-east-1;2026-08-01 19:04:21.788096;ae_2;Detected events are analyzed to understand attack targets and methods.;Detect (DE);Anomalies and Events (DE.AE);;aws;;FAIL;No CloudWatch log groups found with metric filters or alarms associated.;arn:aws:logs:us-east-1:350381001508:log-group;cloudwatch_log_metric_filter_policy_changes;False;350381001508;NIST-CSF;National Institute of Standards and Technology (NIST) Cybersecurity Framework (CSF) v2.0;
aws;The NIST Cybersecurity Framework (CSF) 2.0 offers a taxonomy of high-level cybersecurity outcomes that can be used by any organization regardless of its size, sector, or maturity to better understand, assess, prioritize, and communicate its cybersecurity efforts. The framework's core functions are organized into six key areas: Govern (new), Identify, Protect, Detect, Respond, and Recover. Together, these functions provide a comprehensive lifecycle approach to managing cybersecurity risk.;350381001508;us-east-1;2026-08-01 19:04:21.788096;cm_7;Monitoring for unauthorized personnel, connections, devices, and software is performed.;Detect (DE);Security Continuous Monitoring (DE.CM);;aws;;FAIL;No CloudWatch log groups found with metric filters or alarms associated.;arn:aws:logs:us-east-1:350381001508:log-group;cloudwatch_log_metric_filter_policy_changes;False;350381001508;NIST-CSF;National Institute of Standards and Technology (NIST) Cybersecurity Framework (CSF) v2.0;
aws;The NIST Cybersecurity Framework (CSF) 2.0 offers a taxonomy of high-level cybersecurity outcomes that can be used by any organization regardless of its size, sector, or maturity to better understand, assess, prioritize, and communicate its cybersecurity efforts. The framework's core functions are organized into six key areas: Govern (new), Identify, Protect, Detect, Respond, and Recover. Together, these functions provide a comprehensive lifecycle approach to managing cybersecurity risk.;350381001508;us-east-1;2026-08-01 19:04:21.788096;ip_8;Effectiveness of protection technologies is shared.;Protect (PR);Information Protection Processes and Procedures (PR.IP);;aws;;FAIL;No CloudWatch log groups found with metric filters or alarms associated.;arn:aws:logs:us-east-1:350381001508:log-group;cloudwatch_log_metric_filter_root_usage;False;350381001508;NIST-CSF;National Institute of Standards and Technology (NIST) Cybersecurity Framework (CSF) v2.0;
aws;The NIST Cybersecurity Framework (CSF) 2.0 offers a taxonomy of high-level cybersecurity outcomes that can be used by any organization regardless of its size, sector, or maturity to better understand, assess, prioritize, and communicate its cybersecurity efforts. The framework's core functions are organized into six key areas: Govern (new), Identify, Protect, Detect, Respond, and Recover. Together, these functions provide a comprehensive lifecycle approach to managing cybersecurity risk.;350381001508;us-east-1;2026-08-01 19:04:21.788096;ae_2;Detected events are analyzed to understand attack targets and methods.;Detect (DE);Anomalies and Events (DE.AE);;aws;;FAIL;No CloudWatch log groups found with metric filters or alarms associated.;arn:aws:logs:us-east-1:350381001508:log-group;cloudwatch_log_metric_filter_root_usage;False;350381001508;NIST-CSF;National Institute of Standards and Technology (NIST) Cybersecurity Framework (CSF) v2.0;
aws;The NIST Cybersecurity Framework (CSF) 2.0 offers a taxonomy of high-level cybersecurity outcomes that can be used by any organization regardless of its size, sector, or maturity to better understand, assess, prioritize, and communicate its cybersecurity efforts. The framework's core functions are organized into six key areas: Govern (new), Identify, Protect, Detect, Respond, and Recover. Together, these functions provide a comprehensive lifecycle approach to managing cybersecurity risk.;350381001508;us-east-1;2026-08-01 19:04:21.788096;cm_7;Monitoring for unauthorized personnel, connections, devices, and software is performed.;Detect (DE);Security Continuous Monitoring (DE.CM);;aws;;FAIL;No CloudWatch log groups found with metric filters or alarms associated.;arn:aws:logs:us-east-1:350381001508:log-group;cloudwatch_log_metric_filter_root_usage;False;350381001508;NIST-CSF;National Institute of Standards and Technology (NIST) Cybersecurity Framework (CSF) v2.0;
aws;The NIST Cybersecurity Framework (CSF) 2.0 offers a taxonomy of high-level cybersecurity outcomes that can be used by any organization regardless of its size, sector, or maturity to better understand, assess, prioritize, and communicate its cybersecurity efforts. The framework's core functions are organized into six key areas: Govern (new), Identify, Protect, Detect, Respond, and Recover. Together, these functions provide a comprehensive lifecycle approach to managing cybersecurity risk.;350381001508;us-east-1;2026-08-01 19:04:21.788096;dp_4;Event detection information is communicated.;Detect (DE);Detection Processes (DE.DP);;aws;;FAIL;No CloudWatch log groups found with metric filters or alarms associated.;arn:aws:logs:us-east-1:350381001508:log-group;cloudwatch_log_metric_filter_root_usage;False;350381001508;NIST-CSF;National Institute of Standards and Technology (NIST) Cybersecurity Framework (CSF) v2.0;
aws;The NIST Cybersecurity Framework (CSF) 2.0 offers a taxonomy of high-level cybersecurity outcomes that can be used by any organization regardless of its size, sector, or maturity to better understand, assess, prioritize, and communicate its cybersecurity efforts. The framework's core functions are organized into six key areas: Govern (new), Identify, Protect, Detect, Respond, and Recover. Together, these functions provide a comprehensive lifecycle approach to managing cybersecurity risk.;350381001508;us-east-1;2026-08-01 19:04:21.788096;ov_3;Cybersecurity risk management strategy and practices are reviewed and adjusted to adapt to changes in the threat landscape, technologies, or mission, business, or system environments.;Govern (GV);Oversight (GV.OV);;aws;;FAIL;No CloudWatch log groups found with metric filters or alarms associated.;arn:aws:logs:us-east-1:350381001508:log-group;cloudwatch_log_metric_filter_security_group_changes;False;350381001508;NIST-CSF;National Institute of Standards and Technology (NIST) Cybersecurity Framework (CSF) v2.0;
aws;The NIST Cybersecurity Framework (CSF) 2.0 offers a taxonomy of high-level cybersecurity outcomes that can be used by any organization regardless of its size, sector, or maturity to better understand, assess, prioritize, and communicate its cybersecurity efforts. The framework's core functions are organized into six key areas: Govern (new), Identify, Protect, Detect, Respond, and Recover. Together, these functions provide a comprehensive lifecycle approach to managing cybersecurity risk.;350381001508;us-east-1;2026-08-01 19:04:21.788096;ip_8;Effectiveness of protection technologies is shared.;Protect (PR);Information Protection Processes and Procedures (PR.IP);;aws;;FAIL;No CloudWatch log groups found with metric filters or alarms associated.;arn:aws:logs:us-east-1:350381001508:log-group;cloudwatch_log_metric_filter_security_group_changes;False;350381001508;NIST-CSF;National Institute of Standards and Technology (NIST) Cybersecurity Framework (CSF) v2.0;
aws;The NIST Cybersecurity Framework (CSF) 2.0 offers a taxonomy of high-level cybersecurity outcomes that can be used by any organization regardless of its size, sector, or maturity to better understand, assess, prioritize, and communicate its cybersecurity efforts. The framework's core functions are organized into six key areas: Govern (new), Identify, Protect, Detect, Respond, and Recover. Together, these functions provide a comprehensive lifecycle approach to managing cybersecurity risk.;350381001508;us-east-1;2026-08-01 19:04:21.788096;ae_1;A baseline of network operations and expected data flows for users and systems is established and managed.;Detect (DE);Anomalies and Events (DE.AE);;aws;;FAIL;No CloudWatch log groups found with metric filters or alarms associated.;arn:aws:logs:us-east-1:350381001508:log-group;cloudwatch_log_metric_filter_security_group_changes;False;350381001508;NIST-CSF;National Institute of Standards and Technology (NIST) Cybersecurity Framework (CSF) v2.0;
aws;The NIST Cybersecurity Framework (CSF) 2.0 offers a taxonomy of high-level cybersecurity outcomes that can be used by any organization regardless of its size, sector, or maturity to better understand, assess, prioritize, and communicate its cybersecurity efforts. The framework's core functions are organized into six key areas: Govern (new), Identify, Protect, Detect, Respond, and Recover. Together, these functions provide a comprehensive lifecycle approach to managing cybersecurity risk.;350381001508;us-east-1;2026-08-01 19:04:21.788096;ae_2;Detected events are analyzed to understand attack targets and methods.;Detect (DE);Anomalies and Events (DE.AE);;aws;;FAIL;No CloudWatch log groups found with metric filters or alarms associated.;arn:aws:logs:us-east-1:350381001508:log-group;cloudwatch_log_metric_filter_security_group_changes;False;350381001508;NIST-CSF;National Institute of Standards and Technology (NIST) Cybersecurity Framework (CSF) v2.0;
aws;The NIST Cybersecurity Framework (CSF) 2.0 offers a taxonomy of high-level cybersecurity outcomes that can be used by any organization regardless of its size, sector, or maturity to better understand, assess, prioritize, and communicate its cybersecurity efforts. The framework's core functions are organized into six key areas: Govern (new), Identify, Protect, Detect, Respond, and Recover. Together, these functions provide a comprehensive lifecycle approach to managing cybersecurity risk.;350381001508;us-east-1;2026-08-01 19:04:21.788096;cm_7;Monitoring for unauthorized personnel, connections, devices, and software is performed.;Detect (DE);Security Continuous Monitoring (DE.CM);;aws;;FAIL;No CloudWatch log groups found with metric filters or alarms associated.;arn:aws:logs:us-east-1:350381001508:log-group;cloudwatch_log_metric_filter_security_group_changes;False;350381001508;NIST-CSF;National Institute of Standards and Technology (NIST) Cybersecurity Framework (CSF) v2.0;
aws;The NIST Cybersecurity Framework (CSF) 2.0 offers a taxonomy of high-level cybersecurity outcomes that can be used by any organization regardless of its size, sector, or maturity to better understand, assess, prioritize, and communicate its cybersecurity efforts. The framework's core functions are organized into six key areas: Govern (new), Identify, Protect, Detect, Respond, and Recover. Together, these functions provide a comprehensive lifecycle approach to managing cybersecurity risk.;350381001508;us-east-1;2026-08-01 19:04:21.788096;dp_4;Event detection information is communicated.;Detect (DE);Detection Processes (DE.DP);;aws;;FAIL;No CloudWatch log groups found with metric filters or alarms associated.;arn:aws:logs:us-east-1:350381001508:log-group;cloudwatch_log_metric_filter_security_group_changes;False;350381001508;NIST-CSF;National Institute of Standards and Technology (NIST) Cybersecurity Framework (CSF) v2.0;
aws;The NIST Cybersecurity Framework (CSF) 2.0 offers a taxonomy of high-level cybersecurity outcomes that can be used by any organization regardless of its size, sector, or maturity to better understand, assess, prioritize, and communicate its cybersecurity efforts. The framework's core functions are organized into six key areas: Govern (new), Identify, Protect, Detect, Respond, and Recover. Together, these functions provide a comprehensive lifecycle approach to managing cybersecurity risk.;350381001508;us-east-1;2026-08-01 19:04:21.788096;ov_3;Cybersecurity risk management strategy and practices are reviewed and adjusted to adapt to changes in the threat landscape, technologies, or mission, business, or system environments.;Govern (GV);Oversight (GV.OV);;aws;;FAIL;No CloudWatch log groups found with metric filters or alarms associated.;arn:aws:logs:us-east-1:350381001508:log-group;cloudwatch_log_metric_filter_unauthorized_api_calls;False;350381001508;NIST-CSF;National Institute of Standards and Technology (NIST) Cybersecurity Framework (CSF) v2.0;
aws;The NIST Cybersecurity Framework (CSF) 2.0 offers a taxonomy of high-level cybersecurity outcomes that can be used by any organization regardless of its size, sector, or maturity to better understand, assess, prioritize, and communicate its cybersecurity efforts. The framework's core functions are organized into six key areas: Govern (new), Identify, Protect, Detect, Respond, and Recover. Together, these functions provide a comprehensive lifecycle approach to managing cybersecurity risk.;350381001508;us-east-1;2026-08-01 19:04:21.788096;ra_5;Threats, vulnerabilities, likelihoods, and impacts are used to determine risk.;Identify (ID);Risk Assessment (ID.RA);;aws;;FAIL;No CloudWatch log groups found with metric filters or alarms associated.;arn:aws:logs:us-east-1:350381001508:log-group;cloudwatch_log_metric_filter_unauthorized_api_calls;False;350381001508;NIST-CSF;National Institute of Standards and Technology (NIST) Cybersecurity Framework (CSF) v2.0;
aws;The NIST Cybersecurity Framework (CSF) 2.0 offers a taxonomy of high-level cybersecurity outcomes that can be used by any organization regardless of its size, sector, or maturity to better understand, assess, prioritize, and communicate its cybersecurity efforts. The framework's core functions are organized into six key areas: Govern (new), Identify, Protect, Detect, Respond, and Recover. Together, these functions provide a comprehensive lifecycle approach to managing cybersecurity risk.;350381001508;us-east-1;2026-08-01 19:04:21.788096;ip_7;Protection processes are improved.;Protect (PR);Information Protection Processes and Procedures (PR.IP);;ec2;;FAIL;No CloudWatch log groups found with metric filters or alarms associated.;arn:aws:logs:us-east-1:350381001508:log-group;cloudwatch_log_metric_filter_unauthorized_api_calls;False;350381001508;NIST-CSF;National Institute of Standards and Technology (NIST) Cybersecurity Framework (CSF) v2.0;
aws;The NIST Cybersecurity Framework (CSF) 2.0 offers a taxonomy of high-level cybersecurity outcomes that can be used by any organization regardless of its size, sector, or maturity to better understand, assess, prioritize, and communicate its cybersecurity efforts. The framework's core functions are organized into six key areas: Govern (new), Identify, Protect, Detect, Respond, and Recover. Together, these functions provide a comprehensive lifecycle approach to managing cybersecurity risk.;350381001508;us-east-1;2026-08-01 19:04:21.788096;ip_8;Effectiveness of protection technologies is shared.;Protect (PR);Information Protection Processes and Procedures (PR.IP);;aws;;FAIL;No CloudWatch log groups found with metric filters or alarms associated.;arn:aws:logs:us-east-1:350381001508:log-group;cloudwatch_log_metric_filter_unauthorized_api_calls;False;350381001508;NIST-CSF;National Institute of Standards and Technology (NIST) Cybersecurity Framework (CSF) v2.0;
aws;The NIST Cybersecurity Framework (CSF) 2.0 offers a taxonomy of high-level cybersecurity outcomes that can be used by any organization regardless of its size, sector, or maturity to better understand, assess, prioritize, and communicate its cybersecurity efforts. The framework's core functions are organized into six key areas: Govern (new), Identify, Protect, Detect, Respond, and Recover. Together, these functions provide a comprehensive lifecycle approach to managing cybersecurity risk.;350381001508;us-east-1;2026-08-01 19:04:21.788096;pt_1;Audit/log records are determined, documented, implemented, and reviewed in accordance with policy.;Protect (PR);Protective Technology (PR.PT);;aws;;FAIL;No CloudWatch log groups found with metric filters or alarms associated.;arn:aws:logs:us-east-1:350381001508:log-group;cloudwatch_log_metric_filter_unauthorized_api_calls;False;350381001508;NIST-CSF;National Institute of Standards and Technology (NIST) Cybersecurity Framework (CSF) v2.0;
aws;The NIST Cybersecurity Framework (CSF) 2.0 offers a taxonomy of high-level cybersecurity outcomes that can be used by any organization regardless of its size, sector, or maturity to better understand, assess, prioritize, and communicate its cybersecurity efforts. The framework's core functions are organized into six key areas: Govern (new), Identify, Protect, Detect, Respond, and Recover. Together, these functions provide a comprehensive lifecycle approach to managing cybersecurity risk.;350381001508;us-east-1;2026-08-01 19:04:21.788096;ae_1;A baseline of network operations and expected data flows for users and systems is established and managed.;Detect (DE);Anomalies and Events (DE.AE);;aws;;FAIL;No CloudWatch log groups found with metric filters or alarms associated.;arn:aws:logs:us-east-1:350381001508:log-group;cloudwatch_log_metric_filter_unauthorized_api_calls;False;350381001508;NIST-CSF;National Institute of Standards and Technology (NIST) Cybersecurity Framework (CSF) v2.0;
aws;The NIST Cybersecurity Framework (CSF) 2.0 offers a taxonomy of high-level cybersecurity outcomes that can be used by any organization regardless of its size, sector, or maturity to better understand, assess, prioritize, and communicate its cybersecurity efforts. The framework's core functions are organized into six key areas: Govern (new), Identify, Protect, Detect, Respond, and Recover. Together, these functions provide a comprehensive lifecycle approach to managing cybersecurity risk.;350381001508;us-east-1;2026-08-01 19:04:21.788096;ae_2;Detected events are analyzed to understand attack targets and methods.;Detect (DE);Anomalies and Events (DE.AE);;aws;;FAIL;No CloudWatch log groups found with metric filters or alarms associated.;arn:aws:logs:us-east-1:350381001508:log-group;cloudwatch_log_metric_filter_unauthorized_api_calls;False;350381001508;NIST-CSF;National Institute of Standards and Technology (NIST) Cybersecurity Framework (CSF) v2.0;
aws;The NIST Cybersecurity Framework (CSF) 2.0 offers a taxonomy of high-level cybersecurity outcomes that can be used by any organization regardless of its size, sector, or maturity to better understand, assess, prioritize, and communicate its cybersecurity efforts. The framework's core functions are organized into six key areas: Govern (new), Identify, Protect, Detect, Respond, and Recover. Together, these functions provide a comprehensive lifecycle approach to managing cybersecurity risk.;350381001508;us-east-1;2026-08-01 19:04:21.788096;cm_1;The network is monitored to detect potential cybersecurity events.;Detect (DE);Security Continuous Monitoring (DE.CM);;aws;;FAIL;No CloudWatch log groups found with metric filters or alarms associated.;arn:aws:logs:us-east-1:350381001508:log-group;cloudwatch_log_metric_filter_unauthorized_api_calls;False;350381001508;NIST-CSF;National Institute of Standards and Technology (NIST) Cybersecurity Framework (CSF) v2.0;
aws;The NIST Cybersecurity Framework (CSF) 2.0 offers a taxonomy of high-level cybersecurity outcomes that can be used by any organization regardless of its size, sector, or maturity to better understand, assess, prioritize, and communicate its cybersecurity efforts. The framework's core functions are organized into six key areas: Govern (new), Identify, Protect, Detect, Respond, and Recover. Together, these functions provide a comprehensive lifecycle approach to managing cybersecurity risk.;350381001508;us-east-1;2026-08-01 19:04:21.788096;cm_3;Personnel activity is monitored to detect potential cybersecurity events.;Detect (DE);Security Continuous Monitoring (DE.CM);;aws;;FAIL;No CloudWatch log groups found with metric filters or alarms associated.;arn:aws:logs:us-east-1:350381001508:log-group;cloudwatch_log_metric_filter_unauthorized_api_calls;False;350381001508;NIST-CSF;National Institute of Standards and Technology (NIST) Cybersecurity Framework (CSF) v2.0;
aws;The NIST Cybersecurity Framework (CSF) 2.0 offers a taxonomy of high-level cybersecurity outcomes that can be used by any organization regardless of its size, sector, or maturity to better understand, assess, prioritize, and communicate its cybersecurity efforts. The framework's core functions are organized into six key areas: Govern (new), Identify, Protect, Detect, Respond, and Recover. Together, these functions provide a comprehensive lifecycle approach to managing cybersecurity risk.;350381001508;us-east-1;2026-08-01 19:04:21.788096;cm_7;Monitoring for unauthorized personnel, connections, devices, and software is performed.;Detect (DE);Security Continuous Monitoring (DE.CM);;aws;;FAIL;No CloudWatch log groups found with metric filters or alarms associated.;arn:aws:logs:us-east-1:350381001508:log-group;cloudwatch_log_metric_filter_unauthorized_api_calls;False;350381001508;NIST-CSF;National Institute of Standards and Technology (NIST) Cybersecurity Framework (CSF) v2.0;
aws;The NIST Cybersecurity Framework (CSF) 2.0 offers a taxonomy of high-level cybersecurity outcomes that can be used by any organization regardless of its size, sector, or maturity to better understand, assess, prioritize, and communicate its cybersecurity efforts. The framework's core functions are organized into six key areas: Govern (new), Identify, Protect, Detect, Respond, and Recover. Together, these functions provide a comprehensive lifecycle approach to managing cybersecurity risk.;350381001508;us-east-1;2026-08-01 19:04:21.788096;dp_4;Event detection information is communicated.;Detect (DE);Detection Processes (DE.DP);;aws;;FAIL;No CloudWatch log groups found with metric filters or alarms associated.;arn:aws:logs:us-east-1:350381001508:log-group;cloudwatch_log_metric_filter_unauthorized_api_calls;False;350381001508;NIST-CSF;National Institute of Standards and Technology (NIST) Cybersecurity Framework (CSF) v2.0;
aws;The NIST Cybersecurity Framework (CSF) 2.0 offers a taxonomy of high-level cybersecurity outcomes that can be used by any organization regardless of its size, sector, or maturity to better understand, assess, prioritize, and communicate its cybersecurity efforts. The framework's core functions are organized into six key areas: Govern (new), Identify, Protect, Detect, Respond, and Recover. Together, these functions provide a comprehensive lifecycle approach to managing cybersecurity risk.;350381001508;ap-northeast-1;2026-08-01 19:04:21.788096;rm_1;Organizational cybersecurity risk management strategy is established, communicated, and maintained.;Govern (GV);Risk Management Strategy (GV.RM);;aws;;FAIL;AWS Config recorder 350381001508 is disabled.;arn:aws:config:ap-northeast-1:350381001508:recorder;config_recorder_all_regions_enabled;False;350381001508;NIST-CSF;National Institute of Standards and Technology (NIST) Cybersecurity Framework (CSF) v2.0;
aws;The NIST Cybersecurity Framework (CSF) 2.0 offers a taxonomy of high-level cybersecurity outcomes that can be used by any organization regardless of its size, sector, or maturity to better understand, assess, prioritize, and communicate its cybersecurity efforts. The framework's core functions are organized into six key areas: Govern (new), Identify, Protect, Detect, Respond, and Recover. Together, these functions provide a comprehensive lifecycle approach to managing cybersecurity risk.;350381001508;ap-northeast-1;2026-08-01 19:04:21.788096;po_3;Legal and regulatory requirements regarding cybersecurity, including privacy and civil liberties obligations, are understood and managed.;Govern (GV);Policies, Processes, and Procedures (GV.PO);;aws;;FAIL;AWS Config recorder 350381001508 is disabled.;arn:aws:config:ap-northeast-1:350381001508:recorder;config_recorder_all_regions_enabled;False;350381001508;NIST-CSF;National Institute of Standards and Technology (NIST) Cybersecurity Framework (CSF) v2.0;
aws;The NIST Cybersecurity Framework (CSF) 2.0 offers a taxonomy of high-level cybersecurity outcomes that can be used by any organization regardless of its size, sector, or maturity to better understand, assess, prioritize, and communicate its cybersecurity efforts. The framework's core functions are organized into six key areas: Govern (new), Identify, Protect, Detect, Respond, and Recover. Together, these functions provide a comprehensive lifecycle approach to managing cybersecurity risk.;350381001508;ap-northeast-1;2026-08-01 19:04:21.788096;po_4;Governance and risk management processes address cybersecurity risks.;Govern (GV);Policies, Processes, and Procedures (GV.PO);;aws;;FAIL;AWS Config recorder 350381001508 is disabled.;arn:aws:config:ap-northeast-1:350381001508:recorder;config_recorder_all_regions_enabled;False;350381001508;NIST-CSF;National Institute of Standards and Technology (NIST) Cybersecurity Framework (CSF) v2.0;
aws;The NIST Cybersecurity Framework (CSF) 2.0 offers a taxonomy of high-level cybersecurity outcomes that can be used by any organization regardless of its size, sector, or maturity to better understand, assess, prioritize, and communicate its cybersecurity efforts. The framework's core functions are organized into six key areas: Govern (new), Identify, Protect, Detect, Respond, and Recover. Together, these functions provide a comprehensive lifecycle approach to managing cybersecurity risk.;350381001508;ap-northeast-1;2026-08-01 19:04:21.788096;ov_3;Cybersecurity risk management strategy and practices are reviewed and adjusted to adapt to changes in the threat landscape, technologies, or mission, business, or system environments.;Govern (GV);Oversight (GV.OV);;aws;;FAIL;AWS Config recorder 350381001508 is disabled.;arn:aws:config:ap-northeast-1:350381001508:recorder;config_recorder_all_regions_enabled;False;350381001508;NIST-CSF;National Institute of Standards and Technology (NIST) Cybersecurity Framework (CSF) v2.0;
aws;The NIST Cybersecurity Framework (CSF) 2.0 offers a taxonomy of high-level cybersecurity outcomes that can be used by any organization regardless of its size, sector, or maturity to better understand, assess, prioritize, and communicate its cybersecurity efforts. The framework's core functions are organized into six key areas: Govern (new), Identify, Protect, Detect, Respond, and Recover. Together, these functions provide a comprehensive lifecycle approach to managing cybersecurity risk.;350381001508;ap-northeast-1;2026-08-01 19:04:21.788096;pt_1;Audit/log records are determined, documented, implemented, and reviewed in accordance with policy.;Protect (PR);Protective Technology (PR.PT);;aws;;FAIL;AWS Config recorder 350381001508 is disabled.;arn:aws:config:ap-northeast-1:350381001508:recorder;config_recorder_all_regions_enabled;False;350381001508;NIST-CSF;National Institute of Standards and Technology (NIST) Cybersecurity Framework (CSF) v2.0;
aws;The NIST Cybersecurity Framework (CSF) 2.0 offers a taxonomy of high-level cybersecurity outcomes that can be used by any organization regardless of its size, sector, or maturity to better understand, assess, prioritize, and communicate its cybersecurity efforts. The framework's core functions are organized into six key areas: Govern (new), Identify, Protect, Detect, Respond, and Recover. Together, these functions provide a comprehensive lifecycle approach to managing cybersecurity risk.;350381001508;ap-northeast-2;2026-08-01 19:04:21.788096;rm_1;Organizational cybersecurity risk management strategy is established, communicated, and maintained.;Govern (GV);Risk Management Strategy (GV.RM);;aws;;FAIL;AWS Config recorder 350381001508 is disabled.;arn:aws:config:ap-northeast-2:350381001508:recorder;config_recorder_all_regions_enabled;False;350381001508;NIST-CSF;National Institute of Standards and Technology (NIST) Cybersecurity Framework (CSF) v2.0;
aws;The NIST Cybersecurity Framework (CSF) 2.0 offers a taxonomy of high-level cybersecurity outcomes that can be used by any organization regardless of its size, sector, or maturity to better understand, assess, prioritize, and communicate its cybersecurity efforts. The framework's core functions are organized into six key areas: Govern (new), Identify, Protect, Detect, Respond, and Recover. Together, these functions provide a comprehensive lifecycle approach to managing cybersecurity risk.;350381001508;ap-northeast-2;2026-08-01 19:04:21.788096;po_3;Legal and regulatory requirements regarding cybersecurity, including privacy and civil liberties obligations, are understood and managed.;Govern (GV);Policies, Processes, and Procedures (GV.PO);;aws;;FAIL;AWS Config recorder 350381001508 is disabled.;arn:aws:config:ap-northeast-2:350381001508:recorder;config_recorder_all_regions_enabled;False;350381001508;NIST-CSF;National Institute of Standards and Technology (NIST) Cybersecurity Framework (CSF) v2.0;
aws;The NIST Cybersecurity Framework (CSF) 2.0 offers a taxonomy of high-level cybersecurity outcomes that can be used by any organization regardless of its size, sector, or maturity to better understand, assess, prioritize, and communicate its cybersecurity efforts. The framework's core functions are organized into six key areas: Govern (new), Identify, Protect, Detect, Respond, and Recover. Together, these functions provide a comprehensive lifecycle approach to managing cybersecurity risk.;350381001508;ap-northeast-2;2026-08-01 19:04:21.788096;po_4;Governance and risk management processes address cybersecurity risks.;Govern (GV);Policies, Processes, and Procedures (GV.PO);;aws;;FAIL;AWS Config recorder 350381001508 is disabled.;arn:aws:config:ap-northeast-2:350381001508:recorder;config_recorder_all_regions_enabled;False;350381001508;NIST-CSF;National Institute of Standards and Technology (NIST) Cybersecurity Framework (CSF) v2.0;
aws;The NIST Cybersecurity Framework (CSF) 2.0 offers a taxonomy of high-level cybersecurity outcomes that can be used by any organization regardless of its size, sector, or maturity to better understand, assess, prioritize, and communicate its cybersecurity efforts. The framework's core functions are organized into six key areas: Govern (new), Identify, Protect, Detect, Respond, and Recover. Together, these functions provide a comprehensive lifecycle approach to managing cybersecurity risk.;350381001508;ap-northeast-2;2026-08-01 19:04:21.788096;ov_3;Cybersecurity risk management strategy and practices are reviewed and adjusted to adapt to changes in the threat landscape, technologies, or mission, business, or system environments.;Govern (GV);Oversight (GV.OV);;aws;;FAIL;AWS Config recorder 350381001508 is disabled.;arn:aws:config:ap-northeast-2:350381001508:recorder;config_recorder_all_regions_enabled;False;350381001508;NIST-CSF;National Institute of Standards and Technology (NIST) Cybersecurity Framework (CSF) v2.0;
aws;The NIST Cybersecurity Framework (CSF) 2.0 offers a taxonomy of high-level cybersecurity outcomes that can be used by any organization regardless of its size, sector, or maturity to better understand, assess, prioritize, and communicate its cybersecurity efforts. The framework's core functions are organized into six key areas: Govern (new), Identify, Protect, Detect, Respond, and Recover. Together, these functions provide a comprehensive lifecycle approach to managing cybersecurity risk.;350381001508;ap-northeast-2;2026-08-01 19:04:21.788096;pt_1;Audit/log records are determined, documented, implemented, and reviewed in accordance with policy.;Protect (PR);Protective Technology (PR.PT);;aws;;FAIL;AWS Config recorder 350381001508 is disabled.;arn:aws:config:ap-northeast-2:350381001508:recorder;config_recorder_all_regions_enabled;False;350381001508;NIST-CSF;National Institute of Standards and Technology (NIST) Cybersecurity Framework (CSF) v2.0;
aws;The NIST Cybersecurity Framework (CSF) 2.0 offers a taxonomy of high-level cybersecurity outcomes that can be used by any organization regardless of its size, sector, or maturity to better understand, assess, prioritize, and communicate its cybersecurity efforts. The framework's core functions are organized into six key areas: Govern (new), Identify, Protect, Detect, Respond, and Recover. Together, these functions provide a comprehensive lifecycle approach to managing cybersecurity risk.;350381001508;ap-northeast-3;2026-08-01 19:04:21.788096;rm_1;Organizational cybersecurity risk management strategy is established, communicated, and maintained.;Govern (GV);Risk Management Strategy (GV.RM);;aws;;FAIL;AWS Config recorder 350381001508 is disabled.;arn:aws:config:ap-northeast-3:350381001508:recorder;config_recorder_all_regions_enabled;False;350381001508;NIST-CSF;National Institute of Standards and Technology (NIST) Cybersecurity Framework (CSF) v2.0;
aws;The NIST Cybersecurity Framework (CSF) 2.0 offers a taxonomy of high-level cybersecurity outcomes that can be used by any organization regardless of its size, sector, or maturity to better understand, assess, prioritize, and communicate its cybersecurity efforts. The framework's core functions are organized into six key areas: Govern (new), Identify, Protect, Detect, Respond, and Recover. Together, these functions provide a comprehensive lifecycle approach to managing cybersecurity risk.;350381001508;ap-northeast-3;2026-08-01 19:04:21.788096;po_3;Legal and regulatory requirements regarding cybersecurity, including privacy and civil liberties obligations, are understood and managed.;Govern (GV);Policies, Processes, and Procedures (GV.PO);;aws;;FAIL;AWS Config recorder 350381001508 is disabled.;arn:aws:config:ap-northeast-3:350381001508:recorder;config_recorder_all_regions_enabled;False;350381001508;NIST-CSF;National Institute of Standards and Technology (NIST) Cybersecurity Framework (CSF) v2.0;
aws;The NIST Cybersecurity Framework (CSF) 2.0 offers a taxonomy of high-level cybersecurity outcomes that can be used by any organization regardless of its size, sector, or maturity to better understand, assess, prioritize, and communicate its cybersecurity efforts. The framework's core functions are organized into six key areas: Govern (new), Identify, Protect, Detect, Respond, and Recover. Together, these functions provide a comprehensive lifecycle approach to managing cybersecurity risk.;350381001508;ap-northeast-3;2026-08-01 19:04:21.788096;po_4;Governance and risk management processes address cybersecurity risks.;Govern (GV);Policies, Processes, and Procedures (GV.PO);;aws;;FAIL;AWS Config recorder 350381001508 is disabled.;arn:aws:config:ap-northeast-3:350381001508:recorder;config_recorder_all_regions_enabled;False;350381001508;NIST-CSF;National Institute of Standards and Technology (NIST) Cybersecurity Framework (CSF) v2.0;
aws;The NIST Cybersecurity Framework (CSF) 2.0 offers a taxonomy of high-level cybersecurity outcomes that can be used by any organization regardless of its size, sector, or maturity to better understand, assess, prioritize, and communicate its cybersecurity efforts. The framework's core functions are organized into six key areas: Govern (new), Identify, Protect, Detect, Respond, and Recover. Together, these functions provide a comprehensive lifecycle approach to managing cybersecurity risk.;350381001508;ap-northeast-3;2026-08-01 19:04:21.788096;ov_3;Cybersecurity risk management strategy and practices are reviewed and adjusted to adapt to changes in the threat landscape, technologies, or mission, business, or system environments.;Govern (GV);Oversight (GV.OV);;aws;;FAIL;AWS Config recorder 350381001508 is disabled.;arn:aws:config:ap-northeast-3:350381001508:recorder;config_recorder_all_regions_enabled;False;350381001508;NIST-CSF;National Institute of Standards and Technology (NIST) Cybersecurity Framework (CSF) v2.0;
aws;The NIST Cybersecurity Framework (CSF) 2.0 offers a taxonomy of high-level cybersecurity outcomes that can be used by any organization regardless of its size, sector, or maturity to better understand, assess, prioritize, and communicate its cybersecurity efforts. The framework's core functions are organized into six key areas: Govern (new), Identify, Protect, Detect, Respond, and Recover. Together, these functions provide a comprehensive lifecycle approach to managing cybersecurity risk.;350381001508;ap-northeast-3;2026-08-01 19:04:21.788096;pt_1;Audit/log records are determined, documented, implemented, and reviewed in accordance with policy.;Protect (PR);Protective Technology (PR.PT);;aws;;FAIL;AWS Config recorder 350381001508 is disabled.;arn:aws:config:ap-northeast-3:350381001508:recorder;config_recorder_all_regions_enabled;False;350381001508;NIST-CSF;National Institute of Standards and Technology (NIST) Cybersecurity Framework (CSF) v2.0;
aws;The NIST Cybersecurity Framework (CSF) 2.0 offers a taxonomy of high-level cybersecurity outcomes that can be used by any organization regardless of its size, sector, or maturity to better understand, assess, prioritize, and communicate its cybersecurity efforts. The framework's core functions are organized into six key areas: Govern (new), Identify, Protect, Detect, Respond, and Recover. Together, these functions provide a comprehensive lifecycle approach to managing cybersecurity risk.;350381001508;ap-south-1;2026-08-01 19:04:21.788096;rm_1;Organizational cybersecurity risk management strategy is established, communicated, and maintained.;Govern (GV);Risk Management Strategy (GV.RM);;aws;;FAIL;AWS Config recorder 350381001508 is disabled.;arn:aws:config:ap-south-1:350381001508:recorder;config_recorder_all_regions_enabled;False;350381001508;NIST-CSF;National Institute of Standards and Technology (NIST) Cybersecurity Framework (CSF) v2.0;
aws;The NIST Cybersecurity Framework (CSF) 2.0 offers a taxonomy of high-level cybersecurity outcomes that can be used by any organization regardless of its size, sector, or maturity to better understand, assess, prioritize, and communicate its cybersecurity efforts. The framework's core functions are organized into six key areas: Govern (new), Identify, Protect, Detect, Respond, and Recover. Together, these functions provide a comprehensive lifecycle approach to managing cybersecurity risk.;350381001508;ap-south-1;2026-08-01 19:04:21.788096;po_3;Legal and regulatory requirements regarding cybersecurity, including privacy and civil liberties obligations, are understood and managed.;Govern (GV);Policies, Processes, and Procedures (GV.PO);;aws;;FAIL;AWS Config recorder 350381001508 is disabled.;arn:aws:config:ap-south-1:350381001508:recorder;config_recorder_all_regions_enabled;False;350381001508;NIST-CSF;National Institute of Standards and Technology (NIST) Cybersecurity Framework (CSF) v2.0;
aws;The NIST Cybersecurity Framework (CSF) 2.0 offers a taxonomy of high-level cybersecurity outcomes that can be used by any organization regardless of its size, sector, or maturity to better understand, assess, prioritize, and communicate its cybersecurity efforts. The framework's core functions are organized into six key areas: Govern (new), Identify, Protect, Detect, Respond, and Recover. Together, these functions provide a comprehensive lifecycle approach to managing cybersecurity risk.;350381001508;ap-south-1;2026-08-01 19:04:21.788096;po_4;Governance and risk management processes address cybersecurity risks.;Govern (GV);Policies, Processes, and Procedures (GV.PO);;aws;;FAIL;AWS Config recorder 350381001508 is disabled.;arn:aws:config:ap-south-1:350381001508:recorder;config_recorder_all_regions_enabled;False;350381001508;NIST-CSF;National Institute of Standards and Technology (NIST) Cybersecurity Framework (CSF) v2.0;
aws;The NIST Cybersecurity Framework (CSF) 2.0 offers a taxonomy of high-level cybersecurity outcomes that can be used by any organization regardless of its size, sector, or maturity to better understand, assess, prioritize, and communicate its cybersecurity efforts. The framework's core functions are organized into six key areas: Govern (new), Identify, Protect, Detect, Respond, and Recover. Together, these functions provide a comprehensive lifecycle approach to managing cybersecurity risk.;350381001508;ap-south-1;2026-08-01 19:04:21.788096;ov_3;Cybersecurity risk management strategy and practices are reviewed and adjusted to adapt to changes in the threat landscape, technologies, or mission, business, or system environments.;Govern (GV);Oversight (GV.OV);;aws;;FAIL;AWS Config recorder 350381001508 is disabled.;arn:aws:config:ap-south-1:350381001508:recorder;config_recorder_all_regions_enabled;False;350381001508;NIST-CSF;National Institute of Standards and Technology (NIST) Cybersecurity Framework (CSF) v2.0;
aws;The NIST Cybersecurity Framework (CSF) 2.0 offers a taxonomy of high-level cybersecurity outcomes that can be used by any organization regardless of its size, sector, or maturity to better understand, assess, prioritize, and communicate its cybersecurity efforts. The framework's core functions are organized into six key areas: Govern (new), Identify, Protect, Detect, Respond, and Recover. Together, these functions provide a comprehensive lifecycle approach to managing cybersecurity risk.;350381001508;ap-south-1;2026-08-01 19:04:21.788096;pt_1;Audit/log records are determined, documented, implemented, and reviewed in accordance with policy.;Protect (PR);Protective Technology (PR.PT);;aws;;FAIL;AWS Config recorder 350381001508 is disabled.;arn:aws:config:ap-south-1:350381001508:recorder;config_recorder_all_regions_enabled;False;350381001508;NIST-CSF;National Institute of Standards and Technology (NIST) Cybersecurity Framework (CSF) v2.0;
aws;The NIST Cybersecurity Framework (CSF) 2.0 offers a taxonomy of high-level cybersecurity outcomes that can be used by any organization regardless of its size, sector, or maturity to better understand, assess, prioritize, and communicate its cybersecurity efforts. The framework's core functions are organized into six key areas: Govern (new), Identify, Protect, Detect, Respond, and Recover. Together, these functions provide a comprehensive lifecycle approach to managing cybersecurity risk.;350381001508;ap-southeast-1;2026-08-01 19:04:21.788096;rm_1;Organizational cybersecurity risk management strategy is established, communicated, and maintained.;Govern (GV);Risk Management Strategy (GV.RM);;aws;;FAIL;AWS Config recorder 350381001508 is disabled.;arn:aws:config:ap-southeast-1:350381001508:recorder;config_recorder_all_regions_enabled;False;350381001508;NIST-CSF;National Institute of Standards and Technology (NIST) Cybersecurity Framework (CSF) v2.0;
aws;The NIST Cybersecurity Framework (CSF) 2.0 offers a taxonomy of high-level cybersecurity outcomes that can be used by any organization regardless of its size, sector, or maturity to better understand, assess, prioritize, and communicate its cybersecurity efforts. The framework's core functions are organized into six key areas: Govern (new), Identify, Protect, Detect, Respond, and Recover. Together, these functions provide a comprehensive lifecycle approach to managing cybersecurity risk.;350381001508;ap-southeast-1;2026-08-01 19:04:21.788096;po_3;Legal and regulatory requirements regarding cybersecurity, including privacy and civil liberties obligations, are understood and managed.;Govern (GV);Policies, Processes, and Procedures (GV.PO);;aws;;FAIL;AWS Config recorder 350381001508 is disabled.;arn:aws:config:ap-southeast-1:350381001508:recorder;config_recorder_all_regions_enabled;False;350381001508;NIST-CSF;National Institute of Standards and Technology (NIST) Cybersecurity Framework (CSF) v2.0;
aws;The NIST Cybersecurity Framework (CSF) 2.0 offers a taxonomy of high-level cybersecurity outcomes that can be used by any organization regardless of its size, sector, or maturity to better understand, assess, prioritize, and communicate its cybersecurity efforts. The framework's core functions are organized into six key areas: Govern (new), Identify, Protect, Detect, Respond, and Recover. Together, these functions provide a comprehensive lifecycle approach to managing cybersecurity risk.;350381001508;ap-southeast-1;2026-08-01 19:04:21.788096;po_4;Governance and risk management processes address cybersecurity risks.;Govern (GV);Policies, Processes, and Procedures (GV.PO);;aws;;FAIL;AWS Config recorder 350381001508 is disabled.;arn:aws:config:ap-southeast-1:350381001508:recorder;config_recorder_all_regions_enabled;False;350381001508;NIST-CSF;National Institute of Standards and Technology (NIST) Cybersecurity Framework (CSF) v2.0;
aws;The NIST Cybersecurity Framework (CSF) 2.0 offers a taxonomy of high-level cybersecurity outcomes that can be used by any organization regardless of its size, sector, or maturity to better understand, assess, prioritize, and communicate its cybersecurity efforts. The framework's core functions are organized into six key areas: Govern (new), Identify, Protect, Detect, Respond, and Recover. Together, these functions provide a comprehensive lifecycle approach to managing cybersecurity risk.;350381001508;ap-southeast-1;2026-08-01 19:04:21.788096;ov_3;Cybersecurity risk management strategy and practices are reviewed and adjusted to adapt to changes in the threat landscape, technologies, or mission, business, or system environments.;Govern (GV);Oversight (GV.OV);;aws;;FAIL;AWS Config recorder 350381001508 is disabled.;arn:aws:config:ap-southeast-1:350381001508:recorder;config_recorder_all_regions_enabled;False;350381001508;NIST-CSF;National Institute of Standards and Technology (NIST) Cybersecurity Framework (CSF) v2.0;
aws;The NIST Cybersecurity Framework (CSF) 2.0 offers a taxonomy of high-level cybersecurity outcomes that can be used by any organization regardless of its size, sector, or maturity to better understand, assess, prioritize, and communicate its cybersecurity efforts. The framework's core functions are organized into six key areas: Govern (new), Identify, Protect, Detect, Respond, and Recover. Together, these functions provide a comprehensive lifecycle approach to managing cybersecurity risk.;350381001508;ap-southeast-1;2026-08-01 19:04:21.788096;pt_1;Audit/log records are determined, documented, implemented, and reviewed in accordance with policy.;Protect (PR);Protective Technology (PR.PT);;aws;;FAIL;AWS Config recorder 350381001508 is disabled.;arn:aws:config:ap-southeast-1:350381001508:recorder;config_recorder_all_regions_enabled;False;350381001508;NIST-CSF;National Institute of Standards and Technology (NIST) Cybersecurity Framework (CSF) v2.0;
aws;The NIST Cybersecurity Framework (CSF) 2.0 offers a taxonomy of high-level cybersecurity outcomes that can be used by any organization regardless of its size, sector, or maturity to better understand, assess, prioritize, and communicate its cybersecurity efforts. The framework's core functions are organized into six key areas: Govern (new), Identify, Protect, Detect, Respond, and Recover. Together, these functions provide a comprehensive lifecycle approach to managing cybersecurity risk.;350381001508;ap-southeast-2;2026-08-01 19:04:21.788096;rm_1;Organizational cybersecurity risk management strategy is established, communicated, and maintained.;Govern (GV);Risk Management Strategy (GV.RM);;aws;;FAIL;AWS Config recorder 350381001508 is disabled.;arn:aws:config:ap-southeast-2:350381001508:recorder;config_recorder_all_regions_enabled;False;350381001508;NIST-CSF;National Institute of Standards and Technology (NIST) Cybersecurity Framework (CSF) v2.0;
aws;The NIST Cybersecurity Framework (CSF) 2.0 offers a taxonomy of high-level cybersecurity outcomes that can be used by any organization regardless of its size, sector, or maturity to better understand, assess, prioritize, and communicate its cybersecurity efforts. The framework's core functions are organized into six key areas: Govern (new), Identify, Protect, Detect, Respond, and Recover. Together, these functions provide a comprehensive lifecycle approach to managing cybersecurity risk.;350381001508;ap-southeast-2;2026-08-01 19:04:21.788096;po_3;Legal and regulatory requirements regarding cybersecurity, including privacy and civil liberties obligations, are understood and managed.;Govern (GV);Policies, Processes, and Procedures (GV.PO);;aws;;FAIL;AWS Config recorder 350381001508 is disabled.;arn:aws:config:ap-southeast-2:350381001508:recorder;config_recorder_all_regions_enabled;False;350381001508;NIST-CSF;National Institute of Standards and Technology (NIST) Cybersecurity Framework (CSF) v2.0;
aws;The NIST Cybersecurity Framework (CSF) 2.0 offers a taxonomy of high-level cybersecurity outcomes that can be used by any organization regardless of its size, sector, or maturity to better understand, assess, prioritize, and communicate its cybersecurity efforts. The framework's core functions are organized into six key areas: Govern (new), Identify, Protect, Detect, Respond, and Recover. Together, these functions provide a comprehensive lifecycle approach to managing cybersecurity risk.;350381001508;ap-southeast-2;2026-08-01 19:04:21.788096;po_4;Governance and risk management processes address cybersecurity risks.;Govern (GV);Policies, Processes, and Procedures (GV.PO);;aws;;FAIL;AWS Config recorder 350381001508 is disabled.;arn:aws:config:ap-southeast-2:350381001508:recorder;config_recorder_all_regions_enabled;False;350381001508;NIST-CSF;National Institute of Standards and Technology (NIST) Cybersecurity Framework (CSF) v2.0;
aws;The NIST Cybersecurity Framework (CSF) 2.0 offers a taxonomy of high-level cybersecurity outcomes that can be used by any organization regardless of its size, sector, or maturity to better understand, assess, prioritize, and communicate its cybersecurity efforts. The framework's core functions are organized into six key areas: Govern (new), Identify, Protect, Detect, Respond, and Recover. Together, these functions provide a comprehensive lifecycle approach to managing cybersecurity risk.;350381001508;ap-southeast-2;2026-08-01 19:04:21.788096;ov_3;Cybersecurity risk management strategy and practices are reviewed and adjusted to adapt to changes in the threat landscape, technologies, or mission, business, or system environments.;Govern (GV);Oversight (GV.OV);;aws;;FAIL;AWS Config recorder 350381001508 is disabled.;arn:aws:config:ap-southeast-2:350381001508:recorder;config_recorder_all_regions_enabled;False;350381001508;NIST-CSF;National Institute of Standards and Technology (NIST) Cybersecurity Framework (CSF) v2.0;
aws;The NIST Cybersecurity Framework (CSF) 2.0 offers a taxonomy of high-level cybersecurity outcomes that can be used by any organization regardless of its size, sector, or maturity to better understand, assess, prioritize, and communicate its cybersecurity efforts. The framework's core functions are organized into six key areas: Govern (new), Identify, Protect, Detect, Respond, and Recover. Together, these functions provide a comprehensive lifecycle approach to managing cybersecurity risk.;350381001508;ap-southeast-2;2026-08-01 19:04:21.788096;pt_1;Audit/log records are determined, documented, implemented, and reviewed in accordance with policy.;Protect (PR);Protective Technology (PR.PT);;aws;;FAIL;AWS Config recorder 350381001508 is disabled.;arn:aws:config:ap-southeast-2:350381001508:recorder;config_recorder_all_regions_enabled;False;350381001508;NIST-CSF;National Institute of Standards and Technology (NIST) Cybersecurity Framework (CSF) v2.0;
aws;The NIST Cybersecurity Framework (CSF) 2.0 offers a taxonomy of high-level cybersecurity outcomes that can be used by any organization regardless of its size, sector, or maturity to better understand, assess, prioritize, and communicate its cybersecurity efforts. The framework's core functions are organized into six key areas: Govern (new), Identify, Protect, Detect, Respond, and Recover. Together, these functions provide a comprehensive lifecycle approach to managing cybersecurity risk.;350381001508;ca-central-1;2026-08-01 19:04:21.788096;rm_1;Organizational cybersecurity risk management strategy is established, communicated, and maintained.;Govern (GV);Risk Management Strategy (GV.RM);;aws;;FAIL;AWS Config recorder 350381001508 is disabled.;arn:aws:config:ca-central-1:350381001508:recorder;config_recorder_all_regions_enabled;False;350381001508;NIST-CSF;National Institute of Standards and Technology (NIST) Cybersecurity Framework (CSF) v2.0;
aws;The NIST Cybersecurity Framework (CSF) 2.0 offers a taxonomy of high-level cybersecurity outcomes that can be used by any organization regardless of its size, sector, or maturity to better understand, assess, prioritize, and communicate its cybersecurity efforts. The framework's core functions are organized into six key areas: Govern (new), Identify, Protect, Detect, Respond, and Recover. Together, these functions provide a comprehensive lifecycle approach to managing cybersecurity risk.;350381001508;ca-central-1;2026-08-01 19:04:21.788096;po_3;Legal and regulatory requirements regarding cybersecurity, including privacy and civil liberties obligations, are understood and managed.;Govern (GV);Policies, Processes, and Procedures (GV.PO);;aws;;FAIL;AWS Config recorder 350381001508 is disabled.;arn:aws:config:ca-central-1:350381001508:recorder;config_recorder_all_regions_enabled;False;350381001508;NIST-CSF;National Institute of Standards and Technology (NIST) Cybersecurity Framework (CSF) v2.0;
aws;The NIST Cybersecurity Framework (CSF) 2.0 offers a taxonomy of high-level cybersecurity outcomes that can be used by any organization regardless of its size, sector, or maturity to better understand, assess, prioritize, and communicate its cybersecurity efforts. The framework's core functions are organized into six key areas: Govern (new), Identify, Protect, Detect, Respond, and Recover. Together, these functions provide a comprehensive lifecycle approach to managing cybersecurity risk.;350381001508;ca-central-1;2026-08-01 19:04:21.788096;po_4;Governance and risk management processes address cybersecurity risks.;Govern (GV);Policies, Processes, and Procedures (GV.PO);;aws;;FAIL;AWS Config recorder 350381001508 is disabled.;arn:aws:config:ca-central-1:350381001508:recorder;config_recorder_all_regions_enabled;False;350381001508;NIST-CSF;National Institute of Standards and Technology (NIST) Cybersecurity Framework (CSF) v2.0;
aws;The NIST Cybersecurity Framework (CSF) 2.0 offers a taxonomy of high-level cybersecurity outcomes that can be used by any organization regardless of its size, sector, or maturity to better understand, assess, prioritize, and communicate its cybersecurity efforts. The framework's core functions are organized into six key areas: Govern (new), Identify, Protect, Detect, Respond, and Recover. Together, these functions provide a comprehensive lifecycle approach to managing cybersecurity risk.;350381001508;ca-central-1;2026-08-01 19:04:21.788096;ov_3;Cybersecurity risk management strategy and practices are reviewed and adjusted to adapt to changes in the threat landscape, technologies, or mission, business, or system environments.;Govern (GV);Oversight (GV.OV);;aws;;FAIL;AWS Config recorder 350381001508 is disabled.;arn:aws:config:ca-central-1:350381001508:recorder;config_recorder_all_regions_enabled;False;350381001508;NIST-CSF;National Institute of Standards and Technology (NIST) Cybersecurity Framework (CSF) v2.0;
aws;The NIST Cybersecurity Framework (CSF) 2.0 offers a taxonomy of high-level cybersecurity outcomes that can be used by any organization regardless of its size, sector, or maturity to better understand, assess, prioritize, and communicate its cybersecurity efforts. The framework's core functions are organized into six key areas: Govern (new), Identify, Protect, Detect, Respond, and Recover. Together, these functions provide a comprehensive lifecycle approach to managing cybersecurity risk.;350381001508;ca-central-1;2026-08-01 19:04:21.788096;pt_1;Audit/log records are determined, documented, implemented, and reviewed in accordance with policy.;Protect (PR);Protective Technology (PR.PT);;aws;;FAIL;AWS Config recorder 350381001508 is disabled.;arn:aws:config:ca-central-1:350381001508:recorder;config_recorder_all_regions_enabled;False;350381001508;NIST-CSF;National Institute of Standards and Technology (NIST) Cybersecurity Framework (CSF) v2.0;
aws;The NIST Cybersecurity Framework (CSF) 2.0 offers a taxonomy of high-level cybersecurity outcomes that can be used by any organization regardless of its size, sector, or maturity to better understand, assess, prioritize, and communicate its cybersecurity efforts. The framework's core functions are organized into six key areas: Govern (new), Identify, Protect, Detect, Respond, and Recover. Together, these functions provide a comprehensive lifecycle approach to managing cybersecurity risk.;350381001508;eu-central-1;2026-08-01 19:04:21.788096;rm_1;Organizational cybersecurity risk management strategy is established, communicated, and maintained.;Govern (GV);Risk Management Strategy (GV.RM);;aws;;FAIL;AWS Config recorder 350381001508 is disabled.;arn:aws:config:eu-central-1:350381001508:recorder;config_recorder_all_regions_enabled;False;350381001508;NIST-CSF;National Institute of Standards and Technology (NIST) Cybersecurity Framework (CSF) v2.0;
aws;The NIST Cybersecurity Framework (CSF) 2.0 offers a taxonomy of high-level cybersecurity outcomes that can be used by any organization regardless of its size, sector, or maturity to better understand, assess, prioritize, and communicate its cybersecurity efforts. The framework's core functions are organized into six key areas: Govern (new), Identify, Protect, Detect, Respond, and Recover. Together, these functions provide a comprehensive lifecycle approach to managing cybersecurity risk.;350381001508;eu-central-1;2026-08-01 19:04:21.788096;po_3;Legal and regulatory requirements regarding cybersecurity, including privacy and civil liberties obligations, are understood and managed.;Govern (GV);Policies, Processes, and Procedures (GV.PO);;aws;;FAIL;AWS Config recorder 350381001508 is disabled.;arn:aws:config:eu-central-1:350381001508:recorder;config_recorder_all_regions_enabled;False;350381001508;NIST-CSF;National Institute of Standards and Technology (NIST) Cybersecurity Framework (CSF) v2.0;
aws;The NIST Cybersecurity Framework (CSF) 2.0 offers a taxonomy of high-level cybersecurity outcomes that can be used by any organization regardless of its size, sector, or maturity to better understand, assess, prioritize, and communicate its cybersecurity efforts. The framework's core functions are organized into six key areas: Govern (new), Identify, Protect, Detect, Respond, and Recover. Together, these functions provide a comprehensive lifecycle approach to managing cybersecurity risk.;350381001508;eu-central-1;2026-08-01 19:04:21.788096;po_4;Governance and risk management processes address cybersecurity risks.;Govern (GV);Policies, Processes, and Procedures (GV.PO);;aws;;FAIL;AWS Config recorder 350381001508 is disabled.;arn:aws:config:eu-central-1:350381001508:recorder;config_recorder_all_regions_enabled;False;350381001508;NIST-CSF;National Institute of Standards and Technology (NIST) Cybersecurity Framework (CSF) v2.0;
aws;The NIST Cybersecurity Framework (CSF) 2.0 offers a taxonomy of high-level cybersecurity outcomes that can be used by any organization regardless of its size, sector, or maturity to better understand, assess, prioritize, and communicate its cybersecurity efforts. The framework's core functions are organized into six key areas: Govern (new), Identify, Protect, Detect, Respond, and Recover. Together, these functions provide a comprehensive lifecycle approach to managing cybersecurity risk.;350381001508;eu-central-1;2026-08-01 19:04:21.788096;ov_3;Cybersecurity risk management strategy and practices are reviewed and adjusted to adapt to changes in the threat landscape, technologies, or mission, business, or system environments.;Govern (GV);Oversight (GV.OV);;aws;;FAIL;AWS Config recorder 350381001508 is disabled.;arn:aws:config:eu-central-1:350381001508:recorder;config_recorder_all_regions_enabled;False;350381001508;NIST-CSF;National Institute of Standards and Technology (NIST) Cybersecurity Framework (CSF) v2.0;
aws;The NIST Cybersecurity Framework (CSF) 2.0 offers a taxonomy of high-level cybersecurity outcomes that can be used by any organization regardless of its size, sector, or maturity to better understand, assess, prioritize, and communicate its cybersecurity efforts. The framework's core functions are organized into six key areas: Govern (new), Identify, Protect, Detect, Respond, and Recover. Together, these functions provide a comprehensive lifecycle approach to managing cybersecurity risk.;350381001508;eu-central-1;2026-08-01 19:04:21.788096;pt_1;Audit/log records are determined, documented, implemented, and reviewed in accordance with policy.;Protect (PR);Protective Technology (PR.PT);;aws;;FAIL;AWS Config recorder 350381001508 is disabled.;arn:aws:config:eu-central-1:350381001508:recorder;config_recorder_all_regions_enabled;False;350381001508;NIST-CSF;National Institute of Standards and Technology (NIST) Cybersecurity Framework (CSF) v2.0;
aws;The NIST Cybersecurity Framework (CSF) 2.0 offers a taxonomy of high-level cybersecurity outcomes that can be used by any organization regardless of its size, sector, or maturity to better understand, assess, prioritize, and communicate its cybersecurity efforts. The framework's core functions are organized into six key areas: Govern (new), Identify, Protect, Detect, Respond, and Recover. Together, these functions provide a comprehensive lifecycle approach to managing cybersecurity risk.;350381001508;eu-north-1;2026-08-01 19:04:21.788096;rm_1;Organizational cybersecurity risk management strategy is established, communicated, and maintained.;Govern (GV);Risk Management Strategy (GV.RM);;aws;;FAIL;AWS Config recorder 350381001508 is disabled.;arn:aws:config:eu-north-1:350381001508:recorder;config_recorder_all_regions_enabled;False;350381001508;NIST-CSF;National Institute of Standards and Technology (NIST) Cybersecurity Framework (CSF) v2.0;
aws;The NIST Cybersecurity Framework (CSF) 2.0 offers a taxonomy of high-level cybersecurity outcomes that can be used by any organization regardless of its size, sector, or maturity to better understand, assess, prioritize, and communicate its cybersecurity efforts. The framework's core functions are organized into six key areas: Govern (new), Identify, Protect, Detect, Respond, and Recover. Together, these functions provide a comprehensive lifecycle approach to managing cybersecurity risk.;350381001508;eu-north-1;2026-08-01 19:04:21.788096;po_3;Legal and regulatory requirements regarding cybersecurity, including privacy and civil liberties obligations, are understood and managed.;Govern (GV);Policies, Processes, and Procedures (GV.PO);;aws;;FAIL;AWS Config recorder 350381001508 is disabled.;arn:aws:config:eu-north-1:350381001508:recorder;config_recorder_all_regions_enabled;False;350381001508;NIST-CSF;National Institute of Standards and Technology (NIST) Cybersecurity Framework (CSF) v2.0;
aws;The NIST Cybersecurity Framework (CSF) 2.0 offers a taxonomy of high-level cybersecurity outcomes that can be used by any organization regardless of its size, sector, or maturity to better understand, assess, prioritize, and communicate its cybersecurity efforts. The framework's core functions are organized into six key areas: Govern (new), Identify, Protect, Detect, Respond, and Recover. Together, these functions provide a comprehensive lifecycle approach to managing cybersecurity risk.;350381001508;eu-north-1;2026-08-01 19:04:21.788096;po_4;Governance and risk management processes address cybersecurity risks.;Govern (GV);Policies, Processes, and Procedures (GV.PO);;aws;;FAIL;AWS Config recorder 350381001508 is disabled.;arn:aws:config:eu-north-1:350381001508:recorder;config_recorder_all_regions_enabled;False;350381001508;NIST-CSF;National Institute of Standards and Technology (NIST) Cybersecurity Framework (CSF) v2.0;
aws;The NIST Cybersecurity Framework (CSF) 2.0 offers a taxonomy of high-level cybersecurity outcomes that can be used by any organization regardless of its size, sector, or maturity to better understand, assess, prioritize, and communicate its cybersecurity efforts. The framework's core functions are organized into six key areas: Govern (new), Identify, Protect, Detect, Respond, and Recover. Together, these functions provide a comprehensive lifecycle approach to managing cybersecurity risk.;350381001508;eu-north-1;2026-08-01 19:04:21.788096;ov_3;Cybersecurity risk management strategy and practices are reviewed and adjusted to adapt to changes in the threat landscape, technologies, or mission, business, or system environments.;Govern (GV);Oversight (GV.OV);;aws;;FAIL;AWS Config recorder 350381001508 is disabled.;arn:aws:config:eu-north-1:350381001508:recorder;config_recorder_all_regions_enabled;False;350381001508;NIST-CSF;National Institute of Standards and Technology (NIST) Cybersecurity Framework (CSF) v2.0;
aws;The NIST Cybersecurity Framework (CSF) 2.0 offers a taxonomy of high-level cybersecurity outcomes that can be used by any organization regardless of its size, sector, or maturity to better understand, assess, prioritize, and communicate its cybersecurity efforts. The framework's core functions are organized into six key areas: Govern (new), Identify, Protect, Detect, Respond, and Recover. Together, these functions provide a comprehensive lifecycle approach to managing cybersecurity risk.;350381001508;eu-north-1;2026-08-01 19:04:21.788096;pt_1;Audit/log records are determined, documented, implemented, and reviewed in accordance with policy.;Protect (PR);Protective Technology (PR.PT);;aws;;FAIL;AWS Config recorder 350381001508 is disabled.;arn:aws:config:eu-north-1:350381001508:recorder;config_recorder_all_regions_enabled;False;350381001508;NIST-CSF;National Institute of Standards and Technology (NIST) Cybersecurity Framework (CSF) v2.0;
aws;The NIST Cybersecurity Framework (CSF) 2.0 offers a taxonomy of high-level cybersecurity outcomes that can be used by any organization regardless of its size, sector, or maturity to better understand, assess, prioritize, and communicate its cybersecurity efforts. The framework's core functions are organized into six key areas: Govern (new), Identify, Protect, Detect, Respond, and Recover. Together, these functions provide a comprehensive lifecycle approach to managing cybersecurity risk.;350381001508;eu-west-1;2026-08-01 19:04:21.788096;rm_1;Organizational cybersecurity risk management strategy is established, communicated, and maintained.;Govern (GV);Risk Management Strategy (GV.RM);;aws;;FAIL;AWS Config recorder 350381001508 is disabled.;arn:aws:config:eu-west-1:350381001508:recorder;config_recorder_all_regions_enabled;False;350381001508;NIST-CSF;National Institute of Standards and Technology (NIST) Cybersecurity Framework (CSF) v2.0;
aws;The NIST Cybersecurity Framework (CSF) 2.0 offers a taxonomy of high-level cybersecurity outcomes that can be used by any organization regardless of its size, sector, or maturity to better understand, assess, prioritize, and communicate its cybersecurity efforts. The framework's core functions are organized into six key areas: Govern (new), Identify, Protect, Detect, Respond, and Recover. Together, these functions provide a comprehensive lifecycle approach to managing cybersecurity risk.;350381001508;eu-west-1;2026-08-01 19:04:21.788096;po_3;Legal and regulatory requirements regarding cybersecurity, including privacy and civil liberties obligations, are understood and managed.;Govern (GV);Policies, Processes, and Procedures (GV.PO);;aws;;FAIL;AWS Config recorder 350381001508 is disabled.;arn:aws:config:eu-west-1:350381001508:recorder;config_recorder_all_regions_enabled;False;350381001508;NIST-CSF;National Institute of Standards and Technology (NIST) Cybersecurity Framework (CSF) v2.0;
aws;The NIST Cybersecurity Framework (CSF) 2.0 offers a taxonomy of high-level cybersecurity outcomes that can be used by any organization regardless of its size, sector, or maturity to better understand, assess, prioritize, and communicate its cybersecurity efforts. The framework's core functions are organized into six key areas: Govern (new), Identify, Protect, Detect, Respond, and Recover. Together, these functions provide a comprehensive lifecycle approach to managing cybersecurity risk.;350381001508;eu-west-1;2026-08-01 19:04:21.788096;po_4;Governance and risk management processes address cybersecurity risks.;Govern (GV);Policies, Processes, and Procedures (GV.PO);;aws;;FAIL;AWS Config recorder 350381001508 is disabled.;arn:aws:config:eu-west-1:350381001508:recorder;config_recorder_all_regions_enabled;False;350381001508;NIST-CSF;National Institute of Standards and Technology (NIST) Cybersecurity Framework (CSF) v2.0;
aws;The NIST Cybersecurity Framework (CSF) 2.0 offers a taxonomy of high-level cybersecurity outcomes that can be used by any organization regardless of its size, sector, or maturity to better understand, assess, prioritize, and communicate its cybersecurity efforts. The framework's core functions are organized into six key areas: Govern (new), Identify, Protect, Detect, Respond, and Recover. Together, these functions provide a comprehensive lifecycle approach to managing cybersecurity risk.;350381001508;eu-west-1;2026-08-01 19:04:21.788096;ov_3;Cybersecurity risk management strategy and practices are reviewed and adjusted to adapt to changes in the threat landscape, technologies, or mission, business, or system environments.;Govern (GV);Oversight (GV.OV);;aws;;FAIL;AWS Config recorder 350381001508 is disabled.;arn:aws:config:eu-west-1:350381001508:recorder;config_recorder_all_regions_enabled;False;350381001508;NIST-CSF;National Institute of Standards and Technology (NIST) Cybersecurity Framework (CSF) v2.0;
aws;The NIST Cybersecurity Framework (CSF) 2.0 offers a taxonomy of high-level cybersecurity outcomes that can be used by any organization regardless of its size, sector, or maturity to better understand, assess, prioritize, and communicate its cybersecurity efforts. The framework's core functions are organized into six key areas: Govern (new), Identify, Protect, Detect, Respond, and Recover. Together, these functions provide a comprehensive lifecycle approach to managing cybersecurity risk.;350381001508;eu-west-1;2026-08-01 19:04:21.788096;pt_1;Audit/log records are determined, documented, implemented, and reviewed in accordance with policy.;Protect (PR);Protective Technology (PR.PT);;aws;;FAIL;AWS Config recorder 350381001508 is disabled.;arn:aws:config:eu-west-1:350381001508:recorder;config_recorder_all_regions_enabled;False;350381001508;NIST-CSF;National Institute of Standards and Technology (NIST) Cybersecurity Framework (CSF) v2.0;
aws;The NIST Cybersecurity Framework (CSF) 2.0 offers a taxonomy of high-level cybersecurity outcomes that can be used by any organization regardless of its size, sector, or maturity to better understand, assess, prioritize, and communicate its cybersecurity efforts. The framework's core functions are organized into six key areas: Govern (new), Identify, Protect, Detect, Respond, and Recover. Together, these functions provide a comprehensive lifecycle approach to managing cybersecurity risk.;350381001508;eu-west-2;2026-08-01 19:04:21.788096;rm_1;Organizational cybersecurity risk management strategy is established, communicated, and maintained.;Govern (GV);Risk Management Strategy (GV.RM);;aws;;FAIL;AWS Config recorder 350381001508 is disabled.;arn:aws:config:eu-west-2:350381001508:recorder;config_recorder_all_regions_enabled;False;350381001508;NIST-CSF;National Institute of Standards and Technology (NIST) Cybersecurity Framework (CSF) v2.0;
aws;The NIST Cybersecurity Framework (CSF) 2.0 offers a taxonomy of high-level cybersecurity outcomes that can be used by any organization regardless of its size, sector, or maturity to better understand, assess, prioritize, and communicate its cybersecurity efforts. The framework's core functions are organized into six key areas: Govern (new), Identify, Protect, Detect, Respond, and Recover. Together, these functions provide a comprehensive lifecycle approach to managing cybersecurity risk.;350381001508;eu-west-2;2026-08-01 19:04:21.788096;po_3;Legal and regulatory requirements regarding cybersecurity, including privacy and civil liberties obligations, are understood and managed.;Govern (GV);Policies, Processes, and Procedures (GV.PO);;aws;;FAIL;AWS Config recorder 350381001508 is disabled.;arn:aws:config:eu-west-2:350381001508:recorder;config_recorder_all_regions_enabled;False;350381001508;NIST-CSF;National Institute of Standards and Technology (NIST) Cybersecurity Framework (CSF) v2.0;
aws;The NIST Cybersecurity Framework (CSF) 2.0 offers a taxonomy of high-level cybersecurity outcomes that can be used by any organization regardless of its size, sector, or maturity to better understand, assess, prioritize, and communicate its cybersecurity efforts. The framework's core functions are organized into six key areas: Govern (new), Identify, Protect, Detect, Respond, and Recover. Together, these functions provide a comprehensive lifecycle approach to managing cybersecurity risk.;350381001508;eu-west-2;2026-08-01 19:04:21.788096;po_4;Governance and risk management processes address cybersecurity risks.;Govern (GV);Policies, Processes, and Procedures (GV.PO);;aws;;FAIL;AWS Config recorder 350381001508 is disabled.;arn:aws:config:eu-west-2:350381001508:recorder;config_recorder_all_regions_enabled;False;350381001508;NIST-CSF;National Institute of Standards and Technology (NIST) Cybersecurity Framework (CSF) v2.0;
aws;The NIST Cybersecurity Framework (CSF) 2.0 offers a taxonomy of high-level cybersecurity outcomes that can be used by any organization regardless of its size, sector, or maturity to better understand, assess, prioritize, and communicate its cybersecurity efforts. The framework's core functions are organized into six key areas: Govern (new), Identify, Protect, Detect, Respond, and Recover. Together, these functions provide a comprehensive lifecycle approach to managing cybersecurity risk.;350381001508;eu-west-2;2026-08-01 19:04:21.788096;ov_3;Cybersecurity risk management strategy and practices are reviewed and adjusted to adapt to changes in the threat landscape, technologies, or mission, business, or system environments.;Govern (GV);Oversight (GV.OV);;aws;;FAIL;AWS Config recorder 350381001508 is disabled.;arn:aws:config:eu-west-2:350381001508:recorder;config_recorder_all_regions_enabled;False;350381001508;NIST-CSF;National Institute of Standards and Technology (NIST) Cybersecurity Framework (CSF) v2.0;
aws;The NIST Cybersecurity Framework (CSF) 2.0 offers a taxonomy of high-level cybersecurity outcomes that can be used by any organization regardless of its size, sector, or maturity to better understand, assess, prioritize, and communicate its cybersecurity efforts. The framework's core functions are organized into six key areas: Govern (new), Identify, Protect, Detect, Respond, and Recover. Together, these functions provide a comprehensive lifecycle approach to managing cybersecurity risk.;350381001508;eu-west-2;2026-08-01 19:04:21.788096;pt_1;Audit/log records are determined, documented, implemented, and reviewed in accordance with policy.;Protect (PR);Protective Technology (PR.PT);;aws;;FAIL;AWS Config recorder 350381001508 is disabled.;arn:aws:config:eu-west-2:350381001508:recorder;config_recorder_all_regions_enabled;False;350381001508;NIST-CSF;National Institute of Standards and Technology (NIST) Cybersecurity Framework (CSF) v2.0;
aws;The NIST Cybersecurity Framework (CSF) 2.0 offers a taxonomy of high-level cybersecurity outcomes that can be used by any organization regardless of its size, sector, or maturity to better understand, assess, prioritize, and communicate its cybersecurity efforts. The framework's core functions are organized into six key areas: Govern (new), Identify, Protect, Detect, Respond, and Recover. Together, these functions provide a comprehensive lifecycle approach to managing cybersecurity risk.;350381001508;eu-west-3;2026-08-01 19:04:21.788096;rm_1;Organizational cybersecurity risk management strategy is established, communicated, and maintained.;Govern (GV);Risk Management Strategy (GV.RM);;aws;;FAIL;AWS Config recorder 350381001508 is disabled.;arn:aws:config:eu-west-3:350381001508:recorder;config_recorder_all_regions_enabled;False;350381001508;NIST-CSF;National Institute of Standards and Technology (NIST) Cybersecurity Framework (CSF) v2.0;
aws;The NIST Cybersecurity Framework (CSF) 2.0 offers a taxonomy of high-level cybersecurity outcomes that can be used by any organization regardless of its size, sector, or maturity to better understand, assess, prioritize, and communicate its cybersecurity efforts. The framework's core functions are organized into six key areas: Govern (new), Identify, Protect, Detect, Respond, and Recover. Together, these functions provide a comprehensive lifecycle approach to managing cybersecurity risk.;350381001508;eu-west-3;2026-08-01 19:04:21.788096;po_3;Legal and regulatory requirements regarding cybersecurity, including privacy and civil liberties obligations, are understood and managed.;Govern (GV);Policies, Processes, and Procedures (GV.PO);;aws;;FAIL;AWS Config recorder 350381001508 is disabled.;arn:aws:config:eu-west-3:350381001508:recorder;config_recorder_all_regions_enabled;False;350381001508;NIST-CSF;National Institute of Standards and Technology (NIST) Cybersecurity Framework (CSF) v2.0;
aws;The NIST Cybersecurity Framework (CSF) 2.0 offers a taxonomy of high-level cybersecurity outcomes that can be used by any organization regardless of its size, sector, or maturity to better understand, assess, prioritize, and communicate its cybersecurity efforts. The framework's core functions are organized into six key areas: Govern (new), Identify, Protect, Detect, Respond, and Recover. Together, these functions provide a comprehensive lifecycle approach to managing cybersecurity risk.;350381001508;eu-west-3;2026-08-01 19:04:21.788096;po_4;Governance and risk management processes address cybersecurity risks.;Govern (GV);Policies, Processes, and Procedures (GV.PO);;aws;;FAIL;AWS Config recorder 350381001508 is disabled.;arn:aws:config:eu-west-3:350381001508:recorder;config_recorder_all_regions_enabled;False;350381001508;NIST-CSF;National Institute of Standards and Technology (NIST) Cybersecurity Framework (CSF) v2.0;
aws;The NIST Cybersecurity Framework (CSF) 2.0 offers a taxonomy of high-level cybersecurity outcomes that can be used by any organization regardless of its size, sector, or maturity to better understand, assess, prioritize, and communicate its cybersecurity efforts. The framework's core functions are organized into six key areas: Govern (new), Identify, Protect, Detect, Respond, and Recover. Together, these functions provide a comprehensive lifecycle approach to managing cybersecurity risk.;350381001508;eu-west-3;2026-08-01 19:04:21.788096;ov_3;Cybersecurity risk management strategy and practices are reviewed and adjusted to adapt to changes in the threat landscape, technologies, or mission, business, or system environments.;Govern (GV);Oversight (GV.OV);;aws;;FAIL;AWS Config recorder 350381001508 is disabled.;arn:aws:config:eu-west-3:350381001508:recorder;config_recorder_all_regions_enabled;False;350381001508;NIST-CSF;National Institute of Standards and Technology (NIST) Cybersecurity Framework (CSF) v2.0;
aws;The NIST Cybersecurity Framework (CSF) 2.0 offers a taxonomy of high-level cybersecurity outcomes that can be used by any organization regardless of its size, sector, or maturity to better understand, assess, prioritize, and communicate its cybersecurity efforts. The framework's core functions are organized into six key areas: Govern (new), Identify, Protect, Detect, Respond, and Recover. Together, these functions provide a comprehensive lifecycle approach to managing cybersecurity risk.;350381001508;eu-west-3;2026-08-01 19:04:21.788096;pt_1;Audit/log records are determined, documented, implemented, and reviewed in accordance with policy.;Protect (PR);Protective Technology (PR.PT);;aws;;FAIL;AWS Config recorder 350381001508 is disabled.;arn:aws:config:eu-west-3:350381001508:recorder;config_recorder_all_regions_enabled;False;350381001508;NIST-CSF;National Institute of Standards and Technology (NIST) Cybersecurity Framework (CSF) v2.0;
aws;The NIST Cybersecurity Framework (CSF) 2.0 offers a taxonomy of high-level cybersecurity outcomes that can be used by any organization regardless of its size, sector, or maturity to better understand, assess, prioritize, and communicate its cybersecurity efforts. The framework's core functions are organized into six key areas: Govern (new), Identify, Protect, Detect, Respond, and Recover. Together, these functions provide a comprehensive lifecycle approach to managing cybersecurity risk.;350381001508;sa-east-1;2026-08-01 19:04:21.788096;rm_1;Organizational cybersecurity risk management strategy is established, communicated, and maintained.;Govern (GV);Risk Management Strategy (GV.RM);;aws;;FAIL;AWS Config recorder 350381001508 is disabled.;arn:aws:config:sa-east-1:350381001508:recorder;config_recorder_all_regions_enabled;False;350381001508;NIST-CSF;National Institute of Standards and Technology (NIST) Cybersecurity Framework (CSF) v2.0;
aws;The NIST Cybersecurity Framework (CSF) 2.0 offers a taxonomy of high-level cybersecurity outcomes that can be used by any organization regardless of its size, sector, or maturity to better understand, assess, prioritize, and communicate its cybersecurity efforts. The framework's core functions are organized into six key areas: Govern (new), Identify, Protect, Detect, Respond, and Recover. Together, these functions provide a comprehensive lifecycle approach to managing cybersecurity risk.;350381001508;sa-east-1;2026-08-01 19:04:21.788096;po_3;Legal and regulatory requirements regarding cybersecurity, including privacy and civil liberties obligations, are understood and managed.;Govern (GV);Policies, Processes, and Procedures (GV.PO);;aws;;FAIL;AWS Config recorder 350381001508 is disabled.;arn:aws:config:sa-east-1:350381001508:recorder;config_recorder_all_regions_enabled;False;350381001508;NIST-CSF;National Institute of Standards and Technology (NIST) Cybersecurity Framework (CSF) v2.0;
aws;The NIST Cybersecurity Framework (CSF) 2.0 offers a taxonomy of high-level cybersecurity outcomes that can be used by any organization regardless of its size, sector, or maturity to better understand, assess, prioritize, and communicate its cybersecurity efforts. The framework's core functions are organized into six key areas: Govern (new), Identify, Protect, Detect, Respond, and Recover. Together, these functions provide a comprehensive lifecycle approach to managing cybersecurity risk.;350381001508;sa-east-1;2026-08-01 19:04:21.788096;po_4;Governance and risk management processes address cybersecurity risks.;Govern (GV);Policies, Processes, and Procedures (GV.PO);;aws;;FAIL;AWS Config recorder 350381001508 is disabled.;arn:aws:config:sa-east-1:350381001508:recorder;config_recorder_all_regions_enabled;False;350381001508;NIST-CSF;National Institute of Standards and Technology (NIST) Cybersecurity Framework (CSF) v2.0;
aws;The NIST Cybersecurity Framework (CSF) 2.0 offers a taxonomy of high-level cybersecurity outcomes that can be used by any organization regardless of its size, sector, or maturity to better understand, assess, prioritize, and communicate its cybersecurity efforts. The framework's core functions are organized into six key areas: Govern (new), Identify, Protect, Detect, Respond, and Recover. Together, these functions provide a comprehensive lifecycle approach to managing cybersecurity risk.;350381001508;sa-east-1;2026-08-01 19:04:21.788096;ov_3;Cybersecurity risk management strategy and practices are reviewed and adjusted to adapt to changes in the threat landscape, technologies, or mission, business, or system environments.;Govern (GV);Oversight (GV.OV);;aws;;FAIL;AWS Config recorder 350381001508 is disabled.;arn:aws:config:sa-east-1:350381001508:recorder;config_recorder_all_regions_enabled;False;350381001508;NIST-CSF;National Institute of Standards and Technology (NIST) Cybersecurity Framework (CSF) v2.0;
aws;The NIST Cybersecurity Framework (CSF) 2.0 offers a taxonomy of high-level cybersecurity outcomes that can be used by any organization regardless of its size, sector, or maturity to better understand, assess, prioritize, and communicate its cybersecurity efforts. The framework's core functions are organized into six key areas: Govern (new), Identify, Protect, Detect, Respond, and Recover. Together, these functions provide a comprehensive lifecycle approach to managing cybersecurity risk.;350381001508;sa-east-1;2026-08-01 19:04:21.788096;pt_1;Audit/log records are determined, documented, implemented, and reviewed in accordance with policy.;Protect (PR);Protective Technology (PR.PT);;aws;;FAIL;AWS Config recorder 350381001508 is disabled.;arn:aws:config:sa-east-1:350381001508:recorder;config_recorder_all_regions_enabled;False;350381001508;NIST-CSF;National Institute of Standards and Technology (NIST) Cybersecurity Framework (CSF) v2.0;
aws;The NIST Cybersecurity Framework (CSF) 2.0 offers a taxonomy of high-level cybersecurity outcomes that can be used by any organization regardless of its size, sector, or maturity to better understand, assess, prioritize, and communicate its cybersecurity efforts. The framework's core functions are organized into six key areas: Govern (new), Identify, Protect, Detect, Respond, and Recover. Together, these functions provide a comprehensive lifecycle approach to managing cybersecurity risk.;350381001508;us-east-1;2026-08-01 19:04:21.788096;rm_1;Organizational cybersecurity risk management strategy is established, communicated, and maintained.;Govern (GV);Risk Management Strategy (GV.RM);;aws;;FAIL;AWS Config recorder 350381001508 is disabled.;arn:aws:config:us-east-1:350381001508:recorder;config_recorder_all_regions_enabled;False;350381001508;NIST-CSF;National Institute of Standards and Technology (NIST) Cybersecurity Framework (CSF) v2.0;
aws;The NIST Cybersecurity Framework (CSF) 2.0 offers a taxonomy of high-level cybersecurity outcomes that can be used by any organization regardless of its size, sector, or maturity to better understand, assess, prioritize, and communicate its cybersecurity efforts. The framework's core functions are organized into six key areas: Govern (new), Identify, Protect, Detect, Respond, and Recover. Together, these functions provide a comprehensive lifecycle approach to managing cybersecurity risk.;350381001508;us-east-1;2026-08-01 19:04:21.788096;po_3;Legal and regulatory requirements regarding cybersecurity, including privacy and civil liberties obligations, are understood and managed.;Govern (GV);Policies, Processes, and Procedures (GV.PO);;aws;;FAIL;AWS Config recorder 350381001508 is disabled.;arn:aws:config:us-east-1:350381001508:recorder;config_recorder_all_regions_enabled;False;350381001508;NIST-CSF;National Institute of Standards and Technology (NIST) Cybersecurity Framework (CSF) v2.0;
aws;The NIST Cybersecurity Framework (CSF) 2.0 offers a taxonomy of high-level cybersecurity outcomes that can be used by any organization regardless of its size, sector, or maturity to better understand, assess, prioritize, and communicate its cybersecurity efforts. The framework's core functions are organized into six key areas: Govern (new), Identify, Protect, Detect, Respond, and Recover. Together, these functions provide a comprehensive lifecycle approach to managing cybersecurity risk.;350381001508;us-east-1;2026-08-01 19:04:21.788096;po_4;Governance and risk management processes address cybersecurity risks.;Govern (GV);Policies, Processes, and Procedures (GV.PO);;aws;;FAIL;AWS Config recorder 350381001508 is disabled.;arn:aws:config:us-east-1:350381001508:recorder;config_recorder_all_regions_enabled;False;350381001508;NIST-CSF;National Institute of Standards and Technology (NIST) Cybersecurity Framework (CSF) v2.0;
aws;The NIST Cybersecurity Framework (CSF) 2.0 offers a taxonomy of high-level cybersecurity outcomes that can be used by any organization regardless of its size, sector, or maturity to better understand, assess, prioritize, and communicate its cybersecurity efforts. The framework's core functions are organized into six key areas: Govern (new), Identify, Protect, Detect, Respond, and Recover. Together, these functions provide a comprehensive lifecycle approach to managing cybersecurity risk.;350381001508;us-east-1;2026-08-01 19:04:21.788096;ov_3;Cybersecurity risk management strategy and practices are reviewed and adjusted to adapt to changes in the threat landscape, technologies, or mission, business, or system environments.;Govern (GV);Oversight (GV.OV);;aws;;FAIL;AWS Config recorder 350381001508 is disabled.;arn:aws:config:us-east-1:350381001508:recorder;config_recorder_all_regions_enabled;False;350381001508;NIST-CSF;National Institute of Standards and Technology (NIST) Cybersecurity Framework (CSF) v2.0;
aws;The NIST Cybersecurity Framework (CSF) 2.0 offers a taxonomy of high-level cybersecurity outcomes that can be used by any organization regardless of its size, sector, or maturity to better understand, assess, prioritize, and communicate its cybersecurity efforts. The framework's core functions are organized into six key areas: Govern (new), Identify, Protect, Detect, Respond, and Recover. Together, these functions provide a comprehensive lifecycle approach to managing cybersecurity risk.;350381001508;us-east-1;2026-08-01 19:04:21.788096;pt_1;Audit/log records are determined, documented, implemented, and reviewed in accordance with policy.;Protect (PR);Protective Technology (PR.PT);;aws;;FAIL;AWS Config recorder 350381001508 is disabled.;arn:aws:config:us-east-1:350381001508:recorder;config_recorder_all_regions_enabled;False;350381001508;NIST-CSF;National Institute of Standards and Technology (NIST) Cybersecurity Framework (CSF) v2.0;
aws;The NIST Cybersecurity Framework (CSF) 2.0 offers a taxonomy of high-level cybersecurity outcomes that can be used by any organization regardless of its size, sector, or maturity to better understand, assess, prioritize, and communicate its cybersecurity efforts. The framework's core functions are organized into six key areas: Govern (new), Identify, Protect, Detect, Respond, and Recover. Together, these functions provide a comprehensive lifecycle approach to managing cybersecurity risk.;350381001508;us-east-2;2026-08-01 19:04:21.788096;rm_1;Organizational cybersecurity risk management strategy is established, communicated, and maintained.;Govern (GV);Risk Management Strategy (GV.RM);;aws;;FAIL;AWS Config recorder 350381001508 is disabled.;arn:aws:config:us-east-2:350381001508:recorder;config_recorder_all_regions_enabled;False;350381001508;NIST-CSF;National Institute of Standards and Technology (NIST) Cybersecurity Framework (CSF) v2.0;
aws;The NIST Cybersecurity Framework (CSF) 2.0 offers a taxonomy of high-level cybersecurity outcomes that can be used by any organization regardless of its size, sector, or maturity to better understand, assess, prioritize, and communicate its cybersecurity efforts. The framework's core functions are organized into six key areas: Govern (new), Identify, Protect, Detect, Respond, and Recover. Together, these functions provide a comprehensive lifecycle approach to managing cybersecurity risk.;350381001508;us-east-2;2026-08-01 19:04:21.788096;po_3;Legal and regulatory requirements regarding cybersecurity, including privacy and civil liberties obligations, are understood and managed.;Govern (GV);Policies, Processes, and Procedures (GV.PO);;aws;;FAIL;AWS Config recorder 350381001508 is disabled.;arn:aws:config:us-east-2:350381001508:recorder;config_recorder_all_regions_enabled;False;350381001508;NIST-CSF;National Institute of Standards and Technology (NIST) Cybersecurity Framework (CSF) v2.0;
aws;The NIST Cybersecurity Framework (CSF) 2.0 offers a taxonomy of high-level cybersecurity outcomes that can be used by any organization regardless of its size, sector, or maturity to better understand, assess, prioritize, and communicate its cybersecurity efforts. The framework's core functions are organized into six key areas: Govern (new), Identify, Protect, Detect, Respond, and Recover. Together, these functions provide a comprehensive lifecycle approach to managing cybersecurity risk.;350381001508;us-east-2;2026-08-01 19:04:21.788096;po_4;Governance and risk management processes address cybersecurity risks.;Govern (GV);Policies, Processes, and Procedures (GV.PO);;aws;;FAIL;AWS Config recorder 350381001508 is disabled.;arn:aws:config:us-east-2:350381001508:recorder;config_recorder_all_regions_enabled;False;350381001508;NIST-CSF;National Institute of Standards and Technology (NIST) Cybersecurity Framework (CSF) v2.0;
aws;The NIST Cybersecurity Framework (CSF) 2.0 offers a taxonomy of high-level cybersecurity outcomes that can be used by any organization regardless of its size, sector, or maturity to better understand, assess, prioritize, and communicate its cybersecurity efforts. The framework's core functions are organized into six key areas: Govern (new), Identify, Protect, Detect, Respond, and Recover. Together, these functions provide a comprehensive lifecycle approach to managing cybersecurity risk.;350381001508;us-east-2;2026-08-01 19:04:21.788096;ov_3;Cybersecurity risk management strategy and practices are reviewed and adjusted to adapt to changes in the threat landscape, technologies, or mission, business, or system environments.;Govern (GV);Oversight (GV.OV);;aws;;FAIL;AWS Config recorder 350381001508 is disabled.;arn:aws:config:us-east-2:350381001508:recorder;config_recorder_all_regions_enabled;False;350381001508;NIST-CSF;National Institute of Standards and Technology (NIST) Cybersecurity Framework (CSF) v2.0;
aws;The NIST Cybersecurity Framework (CSF) 2.0 offers a taxonomy of high-level cybersecurity outcomes that can be used by any organization regardless of its size, sector, or maturity to better understand, assess, prioritize, and communicate its cybersecurity efforts. The framework's core functions are organized into six key areas: Govern (new), Identify, Protect, Detect, Respond, and Recover. Together, these functions provide a comprehensive lifecycle approach to managing cybersecurity risk.;350381001508;us-east-2;2026-08-01 19:04:21.788096;pt_1;Audit/log records are determined, documented, implemented, and reviewed in accordance with policy.;Protect (PR);Protective Technology (PR.PT);;aws;;FAIL;AWS Config recorder 350381001508 is disabled.;arn:aws:config:us-east-2:350381001508:recorder;config_recorder_all_regions_enabled;False;350381001508;NIST-CSF;National Institute of Standards and Technology (NIST) Cybersecurity Framework (CSF) v2.0;
aws;The NIST Cybersecurity Framework (CSF) 2.0 offers a taxonomy of high-level cybersecurity outcomes that can be used by any organization regardless of its size, sector, or maturity to better understand, assess, prioritize, and communicate its cybersecurity efforts. The framework's core functions are organized into six key areas: Govern (new), Identify, Protect, Detect, Respond, and Recover. Together, these functions provide a comprehensive lifecycle approach to managing cybersecurity risk.;350381001508;us-west-1;2026-08-01 19:04:21.788096;rm_1;Organizational cybersecurity risk management strategy is established, communicated, and maintained.;Govern (GV);Risk Management Strategy (GV.RM);;aws;;FAIL;AWS Config recorder 350381001508 is disabled.;arn:aws:config:us-west-1:350381001508:recorder;config_recorder_all_regions_enabled;False;350381001508;NIST-CSF;National Institute of Standards and Technology (NIST) Cybersecurity Framework (CSF) v2.0;
aws;The NIST Cybersecurity Framework (CSF) 2.0 offers a taxonomy of high-level cybersecurity outcomes that can be used by any organization regardless of its size, sector, or maturity to better understand, assess, prioritize, and communicate its cybersecurity efforts. The framework's core functions are organized into six key areas: Govern (new), Identify, Protect, Detect, Respond, and Recover. Together, these functions provide a comprehensive lifecycle approach to managing cybersecurity risk.;350381001508;us-west-1;2026-08-01 19:04:21.788096;po_3;Legal and regulatory requirements regarding cybersecurity, including privacy and civil liberties obligations, are understood and managed.;Govern (GV);Policies, Processes, and Procedures (GV.PO);;aws;;FAIL;AWS Config recorder 350381001508 is disabled.;arn:aws:config:us-west-1:350381001508:recorder;config_recorder_all_regions_enabled;False;350381001508;NIST-CSF;National Institute of Standards and Technology (NIST) Cybersecurity Framework (CSF) v2.0;
aws;The NIST Cybersecurity Framework (CSF) 2.0 offers a taxonomy of high-level cybersecurity outcomes that can be used by any organization regardless of its size, sector, or maturity to better understand, assess, prioritize, and communicate its cybersecurity efforts. The framework's core functions are organized into six key areas: Govern (new), Identify, Protect, Detect, Respond, and Recover. Together, these functions provide a comprehensive lifecycle approach to managing cybersecurity risk.;350381001508;us-west-1;2026-08-01 19:04:21.788096;po_4;Governance and risk management processes address cybersecurity risks.;Govern (GV);Policies, Processes, and Procedures (GV.PO);;aws;;FAIL;AWS Config recorder 350381001508 is disabled.;arn:aws:config:us-west-1:350381001508:recorder;config_recorder_all_regions_enabled;False;350381001508;NIST-CSF;National Institute of Standards and Technology (NIST) Cybersecurity Framework (CSF) v2.0;
aws;The NIST Cybersecurity Framework (CSF) 2.0 offers a taxonomy of high-level cybersecurity outcomes that can be used by any organization regardless of its size, sector, or maturity to better understand, assess, prioritize, and communicate its cybersecurity efforts. The framework's core functions are organized into six key areas: Govern (new), Identify, Protect, Detect, Respond, and Recover. Together, these functions provide a comprehensive lifecycle approach to managing cybersecurity risk.;350381001508;us-west-1;2026-08-01 19:04:21.788096;ov_3;Cybersecurity risk management strategy and practices are reviewed and adjusted to adapt to changes in the threat landscape, technologies, or mission, business, or system environments.;Govern (GV);Oversight (GV.OV);;aws;;FAIL;AWS Config recorder 350381001508 is disabled.;arn:aws:config:us-west-1:350381001508:recorder;config_recorder_all_regions_enabled;False;350381001508;NIST-CSF;National Institute of Standards and Technology (NIST) Cybersecurity Framework (CSF) v2.0;
aws;The NIST Cybersecurity Framework (CSF) 2.0 offers a taxonomy of high-level cybersecurity outcomes that can be used by any organization regardless of its size, sector, or maturity to better understand, assess, prioritize, and communicate its cybersecurity efforts. The framework's core functions are organized into six key areas: Govern (new), Identify, Protect, Detect, Respond, and Recover. Together, these functions provide a comprehensive lifecycle approach to managing cybersecurity risk.;350381001508;us-west-1;2026-08-01 19:04:21.788096;pt_1;Audit/log records are determined, documented, implemented, and reviewed in accordance with policy.;Protect (PR);Protective Technology (PR.PT);;aws;;FAIL;AWS Config recorder 350381001508 is disabled.;arn:aws:config:us-west-1:350381001508:recorder;config_recorder_all_regions_enabled;False;350381001508;NIST-CSF;National Institute of Standards and Technology (NIST) Cybersecurity Framework (CSF) v2.0;
aws;The NIST Cybersecurity Framework (CSF) 2.0 offers a taxonomy of high-level cybersecurity outcomes that can be used by any organization regardless of its size, sector, or maturity to better understand, assess, prioritize, and communicate its cybersecurity efforts. The framework's core functions are organized into six key areas: Govern (new), Identify, Protect, Detect, Respond, and Recover. Together, these functions provide a comprehensive lifecycle approach to managing cybersecurity risk.;350381001508;us-west-2;2026-08-01 19:04:21.788096;rm_1;Organizational cybersecurity risk management strategy is established, communicated, and maintained.;Govern (GV);Risk Management Strategy (GV.RM);;aws;;FAIL;AWS Config recorder 350381001508 is disabled.;arn:aws:config:us-west-2:350381001508:recorder;config_recorder_all_regions_enabled;False;350381001508;NIST-CSF;National Institute of Standards and Technology (NIST) Cybersecurity Framework (CSF) v2.0;
aws;The NIST Cybersecurity Framework (CSF) 2.0 offers a taxonomy of high-level cybersecurity outcomes that can be used by any organization regardless of its size, sector, or maturity to better understand, assess, prioritize, and communicate its cybersecurity efforts. The framework's core functions are organized into six key areas: Govern (new), Identify, Protect, Detect, Respond, and Recover. Together, these functions provide a comprehensive lifecycle approach to managing cybersecurity risk.;350381001508;us-west-2;2026-08-01 19:04:21.788096;po_3;Legal and regulatory requirements regarding cybersecurity, including privacy and civil liberties obligations, are understood and managed.;Govern (GV);Policies, Processes, and Procedures (GV.PO);;aws;;FAIL;AWS Config recorder 350381001508 is disabled.;arn:aws:config:us-west-2:350381001508:recorder;config_recorder_all_regions_enabled;False;350381001508;NIST-CSF;National Institute of Standards and Technology (NIST) Cybersecurity Framework (CSF) v2.0;
aws;The NIST Cybersecurity Framework (CSF) 2.0 offers a taxonomy of high-level cybersecurity outcomes that can be used by any organization regardless of its size, sector, or maturity to better understand, assess, prioritize, and communicate its cybersecurity efforts. The framework's core functions are organized into six key areas: Govern (new), Identify, Protect, Detect, Respond, and Recover. Together, these functions provide a comprehensive lifecycle approach to managing cybersecurity risk.;350381001508;us-west-2;2026-08-01 19:04:21.788096;po_4;Governance and risk management processes address cybersecurity risks.;Govern (GV);Policies, Processes, and Procedures (GV.PO);;aws;;FAIL;AWS Config recorder 350381001508 is disabled.;arn:aws:config:us-west-2:350381001508:recorder;config_recorder_all_regions_enabled;False;350381001508;NIST-CSF;National Institute of Standards and Technology (NIST) Cybersecurity Framework (CSF) v2.0;
aws;The NIST Cybersecurity Framework (CSF) 2.0 offers a taxonomy of high-level cybersecurity outcomes that can be used by any organization regardless of its size, sector, or maturity to better understand, assess, prioritize, and communicate its cybersecurity efforts. The framework's core functions are organized into six key areas: Govern (new), Identify, Protect, Detect, Respond, and Recover. Together, these functions provide a comprehensive lifecycle approach to managing cybersecurity risk.;350381001508;us-west-2;2026-08-01 19:04:21.788096;ov_3;Cybersecurity risk management strategy and practices are reviewed and adjusted to adapt to changes in the threat landscape, technologies, or mission, business, or system environments.;Govern (GV);Oversight (GV.OV);;aws;;FAIL;AWS Config recorder 350381001508 is disabled.;arn:aws:config:us-west-2:350381001508:recorder;config_recorder_all_regions_enabled;False;350381001508;NIST-CSF;National Institute of Standards and Technology (NIST) Cybersecurity Framework (CSF) v2.0;
aws;The NIST Cybersecurity Framework (CSF) 2.0 offers a taxonomy of high-level cybersecurity outcomes that can be used by any organization regardless of its size, sector, or maturity to better understand, assess, prioritize, and communicate its cybersecurity efforts. The framework's core functions are organized into six key areas: Govern (new), Identify, Protect, Detect, Respond, and Recover. Together, these functions provide a comprehensive lifecycle approach to managing cybersecurity risk.;350381001508;us-west-2;2026-08-01 19:04:21.788096;pt_1;Audit/log records are determined, documented, implemented, and reviewed in accordance with policy.;Protect (PR);Protective Technology (PR.PT);;aws;;FAIL;AWS Config recorder 350381001508 is disabled.;arn:aws:config:us-west-2:350381001508:recorder;config_recorder_all_regions_enabled;False;350381001508;NIST-CSF;National Institute of Standards and Technology (NIST) Cybersecurity Framework (CSF) v2.0;
aws;The NIST Cybersecurity Framework (CSF) 2.0 offers a taxonomy of high-level cybersecurity outcomes that can be used by any organization regardless of its size, sector, or maturity to better understand, assess, prioritize, and communicate its cybersecurity efforts. The framework's core functions are organized into six key areas: Govern (new), Identify, Protect, Detect, Respond, and Recover. Together, these functions provide a comprehensive lifecycle approach to managing cybersecurity risk.;350381001508;us-east-1;2026-08-01 19:04:21.788096;ds_3;Assets are formally managed throughout removal, transfers, and disposition.;Protect (PR);Data Security (PR.DS);;aws;;FAIL;EBS Volume vol-06f58dc8b8493e9f8 is not protected by a backup plan.;arn:aws:ec2:us-east-1:350381001508:volume/vol-06f58dc8b8493e9f8;ec2_ebs_volume_protected_by_backup_plan;False;vol-06f58dc8b8493e9f8;NIST-CSF;National Institute of Standards and Technology (NIST) Cybersecurity Framework (CSF) v2.0;
aws;The NIST Cybersecurity Framework (CSF) 2.0 offers a taxonomy of high-level cybersecurity outcomes that can be used by any organization regardless of its size, sector, or maturity to better understand, assess, prioritize, and communicate its cybersecurity efforts. The framework's core functions are organized into six key areas: Govern (new), Identify, Protect, Detect, Respond, and Recover. Together, these functions provide a comprehensive lifecycle approach to managing cybersecurity risk.;350381001508;us-east-1;2026-08-01 19:04:21.788096;ip_4;Backups of information are conducted, maintained, and tested periodically.;Protect (PR);Information Protection Processes and Procedures (PR.IP);;aws;;FAIL;EBS Volume vol-06f58dc8b8493e9f8 is not protected by a backup plan.;arn:aws:ec2:us-east-1:350381001508:volume/vol-06f58dc8b8493e9f8;ec2_ebs_volume_protected_by_backup_plan;False;vol-06f58dc8b8493e9f8;NIST-CSF;National Institute of Standards and Technology (NIST) Cybersecurity Framework (CSF) v2.0;
aws;The NIST Cybersecurity Framework (CSF) 2.0 offers a taxonomy of high-level cybersecurity outcomes that can be used by any organization regardless of its size, sector, or maturity to better understand, assess, prioritize, and communicate its cybersecurity efforts. The framework's core functions are organized into six key areas: Govern (new), Identify, Protect, Detect, Respond, and Recover. Together, these functions provide a comprehensive lifecycle approach to managing cybersecurity risk.;350381001508;us-east-1;2026-08-01 19:04:21.788096;rc_rp_1;Recovery plan is executed during or after a cybersecurity incident.;Recover (RC);Recovery Planning (RC.RP);;aws;;FAIL;EBS Volume vol-06f58dc8b8493e9f8 is not protected by a backup plan.;arn:aws:ec2:us-east-1:350381001508:volume/vol-06f58dc8b8493e9f8;ec2_ebs_volume_protected_by_backup_plan;False;vol-06f58dc8b8493e9f8;NIST-CSF;National Institute of Standards and Technology (NIST) Cybersecurity Framework (CSF) v2.0;
aws;The NIST Cybersecurity Framework (CSF) 2.0 offers a taxonomy of high-level cybersecurity outcomes that can be used by any organization regardless of its size, sector, or maturity to better understand, assess, prioritize, and communicate its cybersecurity efforts. The framework's core functions are organized into six key areas: Govern (new), Identify, Protect, Detect, Respond, and Recover. Together, these functions provide a comprehensive lifecycle approach to managing cybersecurity risk.;350381001508;us-east-1;2026-08-01 19:04:21.788096;ac_3;Remote access is managed.;Protect (PR);Identity Management and Access Control (PR.AC);;aws;;PASS;EC2 Instance i-0eefd2ddc65f26f85 has IMDSv2 enabled and required.;arn:aws:ec2:us-east-1:350381001508:instance/i-0eefd2ddc65f26f85;ec2_instance_imdsv2_enabled;False;i-0eefd2ddc65f26f85;NIST-CSF;National Institute of Standards and Technology (NIST) Cybersecurity Framework (CSF) v2.0;
aws;The NIST Cybersecurity Framework (CSF) 2.0 offers a taxonomy of high-level cybersecurity outcomes that can be used by any organization regardless of its size, sector, or maturity to better understand, assess, prioritize, and communicate its cybersecurity efforts. The framework's core functions are organized into six key areas: Govern (new), Identify, Protect, Detect, Respond, and Recover. Together, these functions provide a comprehensive lifecycle approach to managing cybersecurity risk.;350381001508;us-east-1;2026-08-01 19:04:21.788096;ac_3;Remote access is managed.;Protect (PR);Identity Management and Access Control (PR.AC);;aws;;FAIL;EC2 Instance i-0eefd2ddc65f26f85 is not managed by Systems Manager.;arn:aws:ec2:us-east-1:350381001508:instance/i-0eefd2ddc65f26f85;ec2_instance_managed_by_ssm;False;i-0eefd2ddc65f26f85;NIST-CSF;National Institute of Standards and Technology (NIST) Cybersecurity Framework (CSF) v2.0;
aws;The NIST Cybersecurity Framework (CSF) 2.0 offers a taxonomy of high-level cybersecurity outcomes that can be used by any organization regardless of its size, sector, or maturity to better understand, assess, prioritize, and communicate its cybersecurity efforts. The framework's core functions are organized into six key areas: Govern (new), Identify, Protect, Detect, Respond, and Recover. Together, these functions provide a comprehensive lifecycle approach to managing cybersecurity risk.;350381001508;us-east-1;2026-08-01 19:04:21.788096;ac_3;Remote access is managed.;Protect (PR);Identity Management and Access Control (PR.AC);;aws;;FAIL;Instance i-0eefd2ddc65f26f85 has RDP exposed to 0.0.0.0/0 on public IP address 18.209.245.118 in public subnet subnet-0b92ef0c8cfd4ef0d.;arn:aws:ec2:us-east-1:350381001508:instance/i-0eefd2ddc65f26f85;ec2_instance_port_rdp_exposed_to_internet;False;i-0eefd2ddc65f26f85;NIST-CSF;National Institute of Standards and Technology (NIST) Cybersecurity Framework (CSF) v2.0;
aws;The NIST Cybersecurity Framework (CSF) 2.0 offers a taxonomy of high-level cybersecurity outcomes that can be used by any organization regardless of its size, sector, or maturity to better understand, assess, prioritize, and communicate its cybersecurity efforts. The framework's core functions are organized into six key areas: Govern (new), Identify, Protect, Detect, Respond, and Recover. Together, these functions provide a comprehensive lifecycle approach to managing cybersecurity risk.;350381001508;us-east-1;2026-08-01 19:04:21.788096;ac_3;Remote access is managed.;Protect (PR);Identity Management and Access Control (PR.AC);;aws;;FAIL;Instance i-0eefd2ddc65f26f85 has SSH exposed to 0.0.0.0/0 on public IP address 18.209.245.118 in public subnet subnet-0b92ef0c8cfd4ef0d.;arn:aws:ec2:us-east-1:350381001508:instance/i-0eefd2ddc65f26f85;ec2_instance_port_ssh_exposed_to_internet;False;i-0eefd2ddc65f26f85;NIST-CSF;National Institute of Standards and Technology (NIST) Cybersecurity Framework (CSF) v2.0;
aws;The NIST Cybersecurity Framework (CSF) 2.0 offers a taxonomy of high-level cybersecurity outcomes that can be used by any organization regardless of its size, sector, or maturity to better understand, assess, prioritize, and communicate its cybersecurity efforts. The framework's core functions are organized into six key areas: Govern (new), Identify, Protect, Detect, Respond, and Recover. Together, these functions provide a comprehensive lifecycle approach to managing cybersecurity risk.;350381001508;us-east-1;2026-08-01 19:04:21.788096;ac_3;Remote access is managed.;Protect (PR);Identity Management and Access Control (PR.AC);;aws;;PASS;Instance i-0eefd2ddc65f26f85 does not have Telnet port 23 open to the Internet.;arn:aws:ec2:us-east-1:350381001508:instance/i-0eefd2ddc65f26f85;ec2_instance_port_telnet_exposed_to_internet;False;i-0eefd2ddc65f26f85;NIST-CSF;National Institute of Standards and Technology (NIST) Cybersecurity Framework (CSF) v2.0;
aws;The NIST Cybersecurity Framework (CSF) 2.0 offers a taxonomy of high-level cybersecurity outcomes that can be used by any organization regardless of its size, sector, or maturity to better understand, assess, prioritize, and communicate its cybersecurity efforts. The framework's core functions are organized into six key areas: Govern (new), Identify, Protect, Detect, Respond, and Recover. Together, these functions provide a comprehensive lifecycle approach to managing cybersecurity risk.;350381001508;us-east-1;2026-08-01 19:04:21.788096;ip_1;A baseline configuration of information technology/industrial control systems is created and maintained incorporating security principles (e.g. concept of least functionality).;Protect (PR);Information Protection Processes and Procedures (PR.IP);;aws;;FAIL;EC2 Instance i-0eefd2ddc65f26f85 has a Public IP: 18.209.245.118 (ec2-18-209-245-118.compute-1.amazonaws.com).;arn:aws:ec2:us-east-1:350381001508:instance/i-0eefd2ddc65f26f85;ec2_instance_public_ip;False;i-0eefd2ddc65f26f85;NIST-CSF;National Institute of Standards and Technology (NIST) Cybersecurity Framework (CSF) v2.0;
aws;The NIST Cybersecurity Framework (CSF) 2.0 offers a taxonomy of high-level cybersecurity outcomes that can be used by any organization regardless of its size, sector, or maturity to better understand, assess, prioritize, and communicate its cybersecurity efforts. The framework's core functions are organized into six key areas: Govern (new), Identify, Protect, Detect, Respond, and Recover. Together, these functions provide a comprehensive lifecycle approach to managing cybersecurity risk.;350381001508;us-east-1;2026-08-01 19:04:21.788096;ds_5;Protections against data leaks are implemented.;Protect (PR);Data Security (PR.DS);;aws;;PASS;No secrets found in EC2 instance i-0eefd2ddc65f26f85 since User Data is empty.;arn:aws:ec2:us-east-1:350381001508:instance/i-0eefd2ddc65f26f85;ec2_instance_secrets_user_data;False;i-0eefd2ddc65f26f85;NIST-CSF;National Institute of Standards and Technology (NIST) Cybersecurity Framework (CSF) v2.0;
aws;The NIST Cybersecurity Framework (CSF) 2.0 offers a taxonomy of high-level cybersecurity outcomes that can be used by any organization regardless of its size, sector, or maturity to better understand, assess, prioritize, and communicate its cybersecurity efforts. The framework's core functions are organized into six key areas: Govern (new), Identify, Protect, Detect, Respond, and Recover. Together, these functions provide a comprehensive lifecycle approach to managing cybersecurity risk.;350381001508;us-east-1;2026-08-01 19:04:21.788096;ac_3;Remote access is managed.;Protect (PR);Identity Management and Access Control (PR.AC);;aws;;PASS;Security group research-sg (sg-0ffe5cbdcf88d22b5) does not have all ports open to the Internet.;arn:aws:ec2:us-east-1:350381001508:security-group/sg-0ffe5cbdcf88d22b5;ec2_securitygroup_allow_ingress_from_internet_to_all_ports;False;sg-0ffe5cbdcf88d22b5;NIST-CSF;National Institute of Standards and Technology (NIST) Cybersecurity Framework (CSF) v2.0;
aws;The NIST Cybersecurity Framework (CSF) 2.0 offers a taxonomy of high-level cybersecurity outcomes that can be used by any organization regardless of its size, sector, or maturity to better understand, assess, prioritize, and communicate its cybersecurity efforts. The framework's core functions are organized into six key areas: Govern (new), Identify, Protect, Detect, Respond, and Recover. Together, these functions provide a comprehensive lifecycle approach to managing cybersecurity risk.;350381001508;us-east-1;2026-08-01 19:04:21.788096;ac_5;Network integrity is protected (e.g., network segregation, network segmentation).;Protect (PR);Identity Management and Access Control (PR.AC);;aws;;PASS;Security group research-sg (sg-0ffe5cbdcf88d22b5) does not have all ports open to the Internet.;arn:aws:ec2:us-east-1:350381001508:security-group/sg-0ffe5cbdcf88d22b5;ec2_securitygroup_allow_ingress_from_internet_to_all_ports;False;sg-0ffe5cbdcf88d22b5;NIST-CSF;National Institute of Standards and Technology (NIST) Cybersecurity Framework (CSF) v2.0;
aws;The NIST Cybersecurity Framework (CSF) 2.0 offers a taxonomy of high-level cybersecurity outcomes that can be used by any organization regardless of its size, sector, or maturity to better understand, assess, prioritize, and communicate its cybersecurity efforts. The framework's core functions are organized into six key areas: Govern (new), Identify, Protect, Detect, Respond, and Recover. Together, these functions provide a comprehensive lifecycle approach to managing cybersecurity risk.;350381001508;us-east-1;2026-08-01 19:04:21.788096;ds_5;Protections against data leaks are implemented.;Protect (PR);Data Security (PR.DS);;aws;;PASS;Security group research-sg (sg-0ffe5cbdcf88d22b5) does not have all ports open to the Internet.;arn:aws:ec2:us-east-1:350381001508:security-group/sg-0ffe5cbdcf88d22b5;ec2_securitygroup_allow_ingress_from_internet_to_all_ports;False;sg-0ffe5cbdcf88d22b5;NIST-CSF;National Institute of Standards and Technology (NIST) Cybersecurity Framework (CSF) v2.0;
aws;The NIST Cybersecurity Framework (CSF) 2.0 offers a taxonomy of high-level cybersecurity outcomes that can be used by any organization regardless of its size, sector, or maturity to better understand, assess, prioritize, and communicate its cybersecurity efforts. The framework's core functions are organized into six key areas: Govern (new), Identify, Protect, Detect, Respond, and Recover. Together, these functions provide a comprehensive lifecycle approach to managing cybersecurity risk.;350381001508;us-east-1;2026-08-01 19:04:21.788096;ip_1;A baseline configuration of information technology/industrial control systems is created and maintained incorporating security principles (e.g. concept of least functionality).;Protect (PR);Information Protection Processes and Procedures (PR.IP);;aws;;PASS;Security group research-sg (sg-0ffe5cbdcf88d22b5) does not have all ports open to the Internet.;arn:aws:ec2:us-east-1:350381001508:security-group/sg-0ffe5cbdcf88d22b5;ec2_securitygroup_allow_ingress_from_internet_to_all_ports;False;sg-0ffe5cbdcf88d22b5;NIST-CSF;National Institute of Standards and Technology (NIST) Cybersecurity Framework (CSF) v2.0;
aws;The NIST Cybersecurity Framework (CSF) 2.0 offers a taxonomy of high-level cybersecurity outcomes that can be used by any organization regardless of its size, sector, or maturity to better understand, assess, prioritize, and communicate its cybersecurity efforts. The framework's core functions are organized into six key areas: Govern (new), Identify, Protect, Detect, Respond, and Recover. Together, these functions provide a comprehensive lifecycle approach to managing cybersecurity risk.;350381001508;us-east-1;2026-08-01 19:04:21.788096;pt_4;Communications and control networks are protected.;Protect (PR);Protective Technology (PR.PT);;aws;;PASS;Security group research-sg (sg-0ffe5cbdcf88d22b5) does not have all ports open to the Internet.;arn:aws:ec2:us-east-1:350381001508:security-group/sg-0ffe5cbdcf88d22b5;ec2_securitygroup_allow_ingress_from_internet_to_all_ports;False;sg-0ffe5cbdcf88d22b5;NIST-CSF;National Institute of Standards and Technology (NIST) Cybersecurity Framework (CSF) v2.0;
aws;The NIST Cybersecurity Framework (CSF) 2.0 offers a taxonomy of high-level cybersecurity outcomes that can be used by any organization regardless of its size, sector, or maturity to better understand, assess, prioritize, and communicate its cybersecurity efforts. The framework's core functions are organized into six key areas: Govern (new), Identify, Protect, Detect, Respond, and Recover. Together, these functions provide a comprehensive lifecycle approach to managing cybersecurity risk.;350381001508;us-east-1;2026-08-01 19:04:21.788096;ac_5;Network integrity is protected (e.g., network segregation, network segmentation).;Protect (PR);Identity Management and Access Control (PR.AC);;aws;;PASS;Security group research-sg (sg-0ffe5cbdcf88d22b5) does not have any high-risk port open to the Internet.;arn:aws:ec2:us-east-1:350381001508:security-group/sg-0ffe5cbdcf88d22b5;ec2_securitygroup_allow_ingress_from_internet_to_high_risk_tcp_ports;False;sg-0ffe5cbdcf88d22b5;NIST-CSF;National Institute of Standards and Technology (NIST) Cybersecurity Framework (CSF) v2.0;
aws;The NIST Cybersecurity Framework (CSF) 2.0 offers a taxonomy of high-level cybersecurity outcomes that can be used by any organization regardless of its size, sector, or maturity to better understand, assess, prioritize, and communicate its cybersecurity efforts. The framework's core functions are organized into six key areas: Govern (new), Identify, Protect, Detect, Respond, and Recover. Together, these functions provide a comprehensive lifecycle approach to managing cybersecurity risk.;350381001508;us-east-1;2026-08-01 19:04:21.788096;ac_3;Remote access is managed.;Protect (PR);Identity Management and Access Control (PR.AC);;aws;;FAIL;Security group research-sg (sg-0ffe5cbdcf88d22b5) has SSH port 22 open to the Internet.;arn:aws:ec2:us-east-1:350381001508:security-group/sg-0ffe5cbdcf88d22b5;ec2_securitygroup_allow_ingress_from_internet_to_tcp_port_22;False;sg-0ffe5cbdcf88d22b5;NIST-CSF;National Institute of Standards and Technology (NIST) Cybersecurity Framework (CSF) v2.0;
aws;The NIST Cybersecurity Framework (CSF) 2.0 offers a taxonomy of high-level cybersecurity outcomes that can be used by any organization regardless of its size, sector, or maturity to better understand, assess, prioritize, and communicate its cybersecurity efforts. The framework's core functions are organized into six key areas: Govern (new), Identify, Protect, Detect, Respond, and Recover. Together, these functions provide a comprehensive lifecycle approach to managing cybersecurity risk.;350381001508;us-east-1;2026-08-01 19:04:21.788096;ac_3;Remote access is managed.;Protect (PR);Identity Management and Access Control (PR.AC);;aws;;FAIL;Security group research-sg (sg-0ffe5cbdcf88d22b5) has Microsoft RDP port 3389 open to the Internet.;arn:aws:ec2:us-east-1:350381001508:security-group/sg-0ffe5cbdcf88d22b5;ec2_securitygroup_allow_ingress_from_internet_to_tcp_port_3389;False;sg-0ffe5cbdcf88d22b5;NIST-CSF;National Institute of Standards and Technology (NIST) Cybersecurity Framework (CSF) v2.0;
aws;The NIST Cybersecurity Framework (CSF) 2.0 offers a taxonomy of high-level cybersecurity outcomes that can be used by any organization regardless of its size, sector, or maturity to better understand, assess, prioritize, and communicate its cybersecurity efforts. The framework's core functions are organized into six key areas: Govern (new), Identify, Protect, Detect, Respond, and Recover. Together, these functions provide a comprehensive lifecycle approach to managing cybersecurity risk.;350381001508;us-east-1;2026-08-01 19:04:21.788096;ac_5;Network integrity is protected (e.g., network segregation, network segmentation).;Protect (PR);Identity Management and Access Control (PR.AC);;aws;;FAIL;Security group research-sg (sg-0ffe5cbdcf88d22b5) has Microsoft RDP port 3389 open to the Internet.;arn:aws:ec2:us-east-1:350381001508:security-group/sg-0ffe5cbdcf88d22b5;ec2_securitygroup_allow_ingress_from_internet_to_tcp_port_3389;False;sg-0ffe5cbdcf88d22b5;NIST-CSF;National Institute of Standards and Technology (NIST) Cybersecurity Framework (CSF) v2.0;
aws;The NIST Cybersecurity Framework (CSF) 2.0 offers a taxonomy of high-level cybersecurity outcomes that can be used by any organization regardless of its size, sector, or maturity to better understand, assess, prioritize, and communicate its cybersecurity efforts. The framework's core functions are organized into six key areas: Govern (new), Identify, Protect, Detect, Respond, and Recover. Together, these functions provide a comprehensive lifecycle approach to managing cybersecurity risk.;350381001508;us-east-1;2026-08-01 19:04:21.788096;ac_5;Network integrity is protected (e.g., network segregation, network segmentation).;Protect (PR);Identity Management and Access Control (PR.AC);;aws;;PASS;Security group research-sg (sg-0ffe5cbdcf88d22b5) does not have Elasticsearch/Kibana ports 9200, 9300 and 5601 open to the Internet.;arn:aws:ec2:us-east-1:350381001508:security-group/sg-0ffe5cbdcf88d22b5;ec2_securitygroup_allow_ingress_from_internet_to_tcp_port_elasticsearch_kibana_9200_9300_5601;False;sg-0ffe5cbdcf88d22b5;NIST-CSF;National Institute of Standards and Technology (NIST) Cybersecurity Framework (CSF) v2.0;
aws;The NIST Cybersecurity Framework (CSF) 2.0 offers a taxonomy of high-level cybersecurity outcomes that can be used by any organization regardless of its size, sector, or maturity to better understand, assess, prioritize, and communicate its cybersecurity efforts. The framework's core functions are organized into six key areas: Govern (new), Identify, Protect, Detect, Respond, and Recover. Together, these functions provide a comprehensive lifecycle approach to managing cybersecurity risk.;350381001508;us-east-1;2026-08-01 19:04:21.788096;ac_5;Network integrity is protected (e.g., network segregation, network segmentation).;Protect (PR);Identity Management and Access Control (PR.AC);;aws;;PASS;Security group research-sg (sg-0ffe5cbdcf88d22b5) does not have MongoDB ports 27017 and 27018 open to the Internet.;arn:aws:ec2:us-east-1:350381001508:security-group/sg-0ffe5cbdcf88d22b5;ec2_securitygroup_allow_ingress_from_internet_to_tcp_port_mongodb_27017_27018;False;sg-0ffe5cbdcf88d22b5;NIST-CSF;National Institute of Standards and Technology (NIST) Cybersecurity Framework (CSF) v2.0;
aws;The NIST Cybersecurity Framework (CSF) 2.0 offers a taxonomy of high-level cybersecurity outcomes that can be used by any organization regardless of its size, sector, or maturity to better understand, assess, prioritize, and communicate its cybersecurity efforts. The framework's core functions are organized into six key areas: Govern (new), Identify, Protect, Detect, Respond, and Recover. Together, these functions provide a comprehensive lifecycle approach to managing cybersecurity risk.;350381001508;us-east-1;2026-08-01 19:04:21.788096;ac_5;Network integrity is protected (e.g., network segregation, network segmentation).;Protect (PR);Identity Management and Access Control (PR.AC);;aws;;PASS;Security group research-sg (sg-0ffe5cbdcf88d22b5) does not have Oracle ports 1521 and 2483 open to the Internet.;arn:aws:ec2:us-east-1:350381001508:security-group/sg-0ffe5cbdcf88d22b5;ec2_securitygroup_allow_ingress_from_internet_to_tcp_port_oracle_1521_2483;False;sg-0ffe5cbdcf88d22b5;NIST-CSF;National Institute of Standards and Technology (NIST) Cybersecurity Framework (CSF) v2.0;
aws;The NIST Cybersecurity Framework (CSF) 2.0 offers a taxonomy of high-level cybersecurity outcomes that can be used by any organization regardless of its size, sector, or maturity to better understand, assess, prioritize, and communicate its cybersecurity efforts. The framework's core functions are organized into six key areas: Govern (new), Identify, Protect, Detect, Respond, and Recover. Together, these functions provide a comprehensive lifecycle approach to managing cybersecurity risk.;350381001508;us-east-1;2026-08-01 19:04:21.788096;ac_5;Network integrity is protected (e.g., network segregation, network segmentation).;Protect (PR);Identity Management and Access Control (PR.AC);;aws;;PASS;Security group research-sg (sg-0ffe5cbdcf88d22b5) does not have Postgres port 5432 open to the Internet.;arn:aws:ec2:us-east-1:350381001508:security-group/sg-0ffe5cbdcf88d22b5;ec2_securitygroup_allow_ingress_from_internet_to_tcp_port_postgres_5432;False;sg-0ffe5cbdcf88d22b5;NIST-CSF;National Institute of Standards and Technology (NIST) Cybersecurity Framework (CSF) v2.0;
aws;The NIST Cybersecurity Framework (CSF) 2.0 offers a taxonomy of high-level cybersecurity outcomes that can be used by any organization regardless of its size, sector, or maturity to better understand, assess, prioritize, and communicate its cybersecurity efforts. The framework's core functions are organized into six key areas: Govern (new), Identify, Protect, Detect, Respond, and Recover. Together, these functions provide a comprehensive lifecycle approach to managing cybersecurity risk.;350381001508;us-east-1;2026-08-01 19:04:21.788096;ac_5;Network integrity is protected (e.g., network segregation, network segmentation).;Protect (PR);Identity Management and Access Control (PR.AC);;aws;;PASS;Security group research-sg (sg-0ffe5cbdcf88d22b5) it is being used.;arn:aws:ec2:us-east-1:350381001508:security-group/sg-0ffe5cbdcf88d22b5;ec2_securitygroup_not_used;False;sg-0ffe5cbdcf88d22b5;NIST-CSF;National Institute of Standards and Technology (NIST) Cybersecurity Framework (CSF) v2.0;
aws;The NIST Cybersecurity Framework (CSF) 2.0 offers a taxonomy of high-level cybersecurity outcomes that can be used by any organization regardless of its size, sector, or maturity to better understand, assess, prioritize, and communicate its cybersecurity efforts. The framework's core functions are organized into six key areas: Govern (new), Identify, Protect, Detect, Respond, and Recover. Together, these functions provide a comprehensive lifecycle approach to managing cybersecurity risk.;350381001508;us-east-1;2026-08-01 19:04:21.788096;ip_1;A baseline configuration of information technology/industrial control systems is created and maintained incorporating security principles (e.g. concept of least functionality).;Protect (PR);Information Protection Processes and Procedures (PR.IP);;aws;;PASS;Security group research-sg (sg-0ffe5cbdcf88d22b5) it is being used.;arn:aws:ec2:us-east-1:350381001508:security-group/sg-0ffe5cbdcf88d22b5;ec2_securitygroup_not_used;False;sg-0ffe5cbdcf88d22b5;NIST-CSF;National Institute of Standards and Technology (NIST) Cybersecurity Framework (CSF) v2.0;
aws;The NIST Cybersecurity Framework (CSF) 2.0 offers a taxonomy of high-level cybersecurity outcomes that can be used by any organization regardless of its size, sector, or maturity to better understand, assess, prioritize, and communicate its cybersecurity efforts. The framework's core functions are organized into six key areas: Govern (new), Identify, Protect, Detect, Respond, and Recover. Together, these functions provide a comprehensive lifecycle approach to managing cybersecurity risk.;350381001508;ap-northeast-1;2026-08-01 19:04:21.788096;ra_5;Threats, vulnerabilities, likelihoods, and impacts are used to determine risk.;Identify (ID);Risk Assessment (ID.RA);;aws;;PASS;EventBridge event bus default does not allow cross-account access.;arn:aws:events:ap-northeast-1:350381001508:event-bus/default;eventbridge_bus_cross_account_access;False;default;NIST-CSF;National Institute of Standards and Technology (NIST) Cybersecurity Framework (CSF) v2.0;
aws;The NIST Cybersecurity Framework (CSF) 2.0 offers a taxonomy of high-level cybersecurity outcomes that can be used by any organization regardless of its size, sector, or maturity to better understand, assess, prioritize, and communicate its cybersecurity efforts. The framework's core functions are organized into six key areas: Govern (new), Identify, Protect, Detect, Respond, and Recover. Together, these functions provide a comprehensive lifecycle approach to managing cybersecurity risk.;350381001508;ap-northeast-1;2026-08-01 19:04:21.788096;ac_4;Access permissions and authorizations are managed, incorporating the principles of least privilege and separation of duties.;Protect (PR);Identity Management and Access Control (PR.AC);;aws;;PASS;EventBridge event bus default does not allow cross-account access.;arn:aws:events:ap-northeast-1:350381001508:event-bus/default;eventbridge_bus_cross_account_access;False;default;NIST-CSF;National Institute of Standards and Technology (NIST) Cybersecurity Framework (CSF) v2.0;
aws;The NIST Cybersecurity Framework (CSF) 2.0 offers a taxonomy of high-level cybersecurity outcomes that can be used by any organization regardless of its size, sector, or maturity to better understand, assess, prioritize, and communicate its cybersecurity efforts. The framework's core functions are organized into six key areas: Govern (new), Identify, Protect, Detect, Respond, and Recover. Together, these functions provide a comprehensive lifecycle approach to managing cybersecurity risk.;350381001508;ap-northeast-1;2026-08-01 19:04:21.788096;dp_4;Event detection information is communicated.;Detect (DE);Detection Processes (DE.DP);;aws;;PASS;EventBridge event bus default does not allow cross-account access.;arn:aws:events:ap-northeast-1:350381001508:event-bus/default;eventbridge_bus_cross_account_access;False;default;NIST-CSF;National Institute of Standards and Technology (NIST) Cybersecurity Framework (CSF) v2.0;
aws;The NIST Cybersecurity Framework (CSF) 2.0 offers a taxonomy of high-level cybersecurity outcomes that can be used by any organization regardless of its size, sector, or maturity to better understand, assess, prioritize, and communicate its cybersecurity efforts. The framework's core functions are organized into six key areas: Govern (new), Identify, Protect, Detect, Respond, and Recover. Together, these functions provide a comprehensive lifecycle approach to managing cybersecurity risk.;350381001508;ap-northeast-2;2026-08-01 19:04:21.788096;ra_5;Threats, vulnerabilities, likelihoods, and impacts are used to determine risk.;Identify (ID);Risk Assessment (ID.RA);;aws;;PASS;EventBridge event bus default does not allow cross-account access.;arn:aws:events:ap-northeast-2:350381001508:event-bus/default;eventbridge_bus_cross_account_access;False;default;NIST-CSF;National Institute of Standards and Technology (NIST) Cybersecurity Framework (CSF) v2.0;
aws;The NIST Cybersecurity Framework (CSF) 2.0 offers a taxonomy of high-level cybersecurity outcomes that can be used by any organization regardless of its size, sector, or maturity to better understand, assess, prioritize, and communicate its cybersecurity efforts. The framework's core functions are organized into six key areas: Govern (new), Identify, Protect, Detect, Respond, and Recover. Together, these functions provide a comprehensive lifecycle approach to managing cybersecurity risk.;350381001508;ap-northeast-2;2026-08-01 19:04:21.788096;ac_4;Access permissions and authorizations are managed, incorporating the principles of least privilege and separation of duties.;Protect (PR);Identity Management and Access Control (PR.AC);;aws;;PASS;EventBridge event bus default does not allow cross-account access.;arn:aws:events:ap-northeast-2:350381001508:event-bus/default;eventbridge_bus_cross_account_access;False;default;NIST-CSF;National Institute of Standards and Technology (NIST) Cybersecurity Framework (CSF) v2.0;
aws;The NIST Cybersecurity Framework (CSF) 2.0 offers a taxonomy of high-level cybersecurity outcomes that can be used by any organization regardless of its size, sector, or maturity to better understand, assess, prioritize, and communicate its cybersecurity efforts. The framework's core functions are organized into six key areas: Govern (new), Identify, Protect, Detect, Respond, and Recover. Together, these functions provide a comprehensive lifecycle approach to managing cybersecurity risk.;350381001508;ap-northeast-2;2026-08-01 19:04:21.788096;dp_4;Event detection information is communicated.;Detect (DE);Detection Processes (DE.DP);;aws;;PASS;EventBridge event bus default does not allow cross-account access.;arn:aws:events:ap-northeast-2:350381001508:event-bus/default;eventbridge_bus_cross_account_access;False;default;NIST-CSF;National Institute of Standards and Technology (NIST) Cybersecurity Framework (CSF) v2.0;
aws;The NIST Cybersecurity Framework (CSF) 2.0 offers a taxonomy of high-level cybersecurity outcomes that can be used by any organization regardless of its size, sector, or maturity to better understand, assess, prioritize, and communicate its cybersecurity efforts. The framework's core functions are organized into six key areas: Govern (new), Identify, Protect, Detect, Respond, and Recover. Together, these functions provide a comprehensive lifecycle approach to managing cybersecurity risk.;350381001508;ap-northeast-3;2026-08-01 19:04:21.788096;ra_5;Threats, vulnerabilities, likelihoods, and impacts are used to determine risk.;Identify (ID);Risk Assessment (ID.RA);;aws;;PASS;EventBridge event bus default does not allow cross-account access.;arn:aws:events:ap-northeast-3:350381001508:event-bus/default;eventbridge_bus_cross_account_access;False;default;NIST-CSF;National Institute of Standards and Technology (NIST) Cybersecurity Framework (CSF) v2.0;
aws;The NIST Cybersecurity Framework (CSF) 2.0 offers a taxonomy of high-level cybersecurity outcomes that can be used by any organization regardless of its size, sector, or maturity to better understand, assess, prioritize, and communicate its cybersecurity efforts. The framework's core functions are organized into six key areas: Govern (new), Identify, Protect, Detect, Respond, and Recover. Together, these functions provide a comprehensive lifecycle approach to managing cybersecurity risk.;350381001508;ap-northeast-3;2026-08-01 19:04:21.788096;ac_4;Access permissions and authorizations are managed, incorporating the principles of least privilege and separation of duties.;Protect (PR);Identity Management and Access Control (PR.AC);;aws;;PASS;EventBridge event bus default does not allow cross-account access.;arn:aws:events:ap-northeast-3:350381001508:event-bus/default;eventbridge_bus_cross_account_access;False;default;NIST-CSF;National Institute of Standards and Technology (NIST) Cybersecurity Framework (CSF) v2.0;
aws;The NIST Cybersecurity Framework (CSF) 2.0 offers a taxonomy of high-level cybersecurity outcomes that can be used by any organization regardless of its size, sector, or maturity to better understand, assess, prioritize, and communicate its cybersecurity efforts. The framework's core functions are organized into six key areas: Govern (new), Identify, Protect, Detect, Respond, and Recover. Together, these functions provide a comprehensive lifecycle approach to managing cybersecurity risk.;350381001508;ap-northeast-3;2026-08-01 19:04:21.788096;dp_4;Event detection information is communicated.;Detect (DE);Detection Processes (DE.DP);;aws;;PASS;EventBridge event bus default does not allow cross-account access.;arn:aws:events:ap-northeast-3:350381001508:event-bus/default;eventbridge_bus_cross_account_access;False;default;NIST-CSF;National Institute of Standards and Technology (NIST) Cybersecurity Framework (CSF) v2.0;
aws;The NIST Cybersecurity Framework (CSF) 2.0 offers a taxonomy of high-level cybersecurity outcomes that can be used by any organization regardless of its size, sector, or maturity to better understand, assess, prioritize, and communicate its cybersecurity efforts. The framework's core functions are organized into six key areas: Govern (new), Identify, Protect, Detect, Respond, and Recover. Together, these functions provide a comprehensive lifecycle approach to managing cybersecurity risk.;350381001508;ap-south-1;2026-08-01 19:04:21.788096;ra_5;Threats, vulnerabilities, likelihoods, and impacts are used to determine risk.;Identify (ID);Risk Assessment (ID.RA);;aws;;PASS;EventBridge event bus default does not allow cross-account access.;arn:aws:events:ap-south-1:350381001508:event-bus/default;eventbridge_bus_cross_account_access;False;default;NIST-CSF;National Institute of Standards and Technology (NIST) Cybersecurity Framework (CSF) v2.0;
aws;The NIST Cybersecurity Framework (CSF) 2.0 offers a taxonomy of high-level cybersecurity outcomes that can be used by any organization regardless of its size, sector, or maturity to better understand, assess, prioritize, and communicate its cybersecurity efforts. The framework's core functions are organized into six key areas: Govern (new), Identify, Protect, Detect, Respond, and Recover. Together, these functions provide a comprehensive lifecycle approach to managing cybersecurity risk.;350381001508;ap-south-1;2026-08-01 19:04:21.788096;ac_4;Access permissions and authorizations are managed, incorporating the principles of least privilege and separation of duties.;Protect (PR);Identity Management and Access Control (PR.AC);;aws;;PASS;EventBridge event bus default does not allow cross-account access.;arn:aws:events:ap-south-1:350381001508:event-bus/default;eventbridge_bus_cross_account_access;False;default;NIST-CSF;National Institute of Standards and Technology (NIST) Cybersecurity Framework (CSF) v2.0;
aws;The NIST Cybersecurity Framework (CSF) 2.0 offers a taxonomy of high-level cybersecurity outcomes that can be used by any organization regardless of its size, sector, or maturity to better understand, assess, prioritize, and communicate its cybersecurity efforts. The framework's core functions are organized into six key areas: Govern (new), Identify, Protect, Detect, Respond, and Recover. Together, these functions provide a comprehensive lifecycle approach to managing cybersecurity risk.;350381001508;ap-south-1;2026-08-01 19:04:21.788096;dp_4;Event detection information is communicated.;Detect (DE);Detection Processes (DE.DP);;aws;;PASS;EventBridge event bus default does not allow cross-account access.;arn:aws:events:ap-south-1:350381001508:event-bus/default;eventbridge_bus_cross_account_access;False;default;NIST-CSF;National Institute of Standards and Technology (NIST) Cybersecurity Framework (CSF) v2.0;
aws;The NIST Cybersecurity Framework (CSF) 2.0 offers a taxonomy of high-level cybersecurity outcomes that can be used by any organization regardless of its size, sector, or maturity to better understand, assess, prioritize, and communicate its cybersecurity efforts. The framework's core functions are organized into six key areas: Govern (new), Identify, Protect, Detect, Respond, and Recover. Together, these functions provide a comprehensive lifecycle approach to managing cybersecurity risk.;350381001508;ap-southeast-1;2026-08-01 19:04:21.788096;ra_5;Threats, vulnerabilities, likelihoods, and impacts are used to determine risk.;Identify (ID);Risk Assessment (ID.RA);;aws;;PASS;EventBridge event bus default does not allow cross-account access.;arn:aws:events:ap-southeast-1:350381001508:event-bus/default;eventbridge_bus_cross_account_access;False;default;NIST-CSF;National Institute of Standards and Technology (NIST) Cybersecurity Framework (CSF) v2.0;
aws;The NIST Cybersecurity Framework (CSF) 2.0 offers a taxonomy of high-level cybersecurity outcomes that can be used by any organization regardless of its size, sector, or maturity to better understand, assess, prioritize, and communicate its cybersecurity efforts. The framework's core functions are organized into six key areas: Govern (new), Identify, Protect, Detect, Respond, and Recover. Together, these functions provide a comprehensive lifecycle approach to managing cybersecurity risk.;350381001508;ap-southeast-1;2026-08-01 19:04:21.788096;ac_4;Access permissions and authorizations are managed, incorporating the principles of least privilege and separation of duties.;Protect (PR);Identity Management and Access Control (PR.AC);;aws;;PASS;EventBridge event bus default does not allow cross-account access.;arn:aws:events:ap-southeast-1:350381001508:event-bus/default;eventbridge_bus_cross_account_access;False;default;NIST-CSF;National Institute of Standards and Technology (NIST) Cybersecurity Framework (CSF) v2.0;
aws;The NIST Cybersecurity Framework (CSF) 2.0 offers a taxonomy of high-level cybersecurity outcomes that can be used by any organization regardless of its size, sector, or maturity to better understand, assess, prioritize, and communicate its cybersecurity efforts. The framework's core functions are organized into six key areas: Govern (new), Identify, Protect, Detect, Respond, and Recover. Together, these functions provide a comprehensive lifecycle approach to managing cybersecurity risk.;350381001508;ap-southeast-1;2026-08-01 19:04:21.788096;dp_4;Event detection information is communicated.;Detect (DE);Detection Processes (DE.DP);;aws;;PASS;EventBridge event bus default does not allow cross-account access.;arn:aws:events:ap-southeast-1:350381001508:event-bus/default;eventbridge_bus_cross_account_access;False;default;NIST-CSF;National Institute of Standards and Technology (NIST) Cybersecurity Framework (CSF) v2.0;
aws;The NIST Cybersecurity Framework (CSF) 2.0 offers a taxonomy of high-level cybersecurity outcomes that can be used by any organization regardless of its size, sector, or maturity to better understand, assess, prioritize, and communicate its cybersecurity efforts. The framework's core functions are organized into six key areas: Govern (new), Identify, Protect, Detect, Respond, and Recover. Together, these functions provide a comprehensive lifecycle approach to managing cybersecurity risk.;350381001508;ap-southeast-2;2026-08-01 19:04:21.788096;ra_5;Threats, vulnerabilities, likelihoods, and impacts are used to determine risk.;Identify (ID);Risk Assessment (ID.RA);;aws;;PASS;EventBridge event bus default does not allow cross-account access.;arn:aws:events:ap-southeast-2:350381001508:event-bus/default;eventbridge_bus_cross_account_access;False;default;NIST-CSF;National Institute of Standards and Technology (NIST) Cybersecurity Framework (CSF) v2.0;
aws;The NIST Cybersecurity Framework (CSF) 2.0 offers a taxonomy of high-level cybersecurity outcomes that can be used by any organization regardless of its size, sector, or maturity to better understand, assess, prioritize, and communicate its cybersecurity efforts. The framework's core functions are organized into six key areas: Govern (new), Identify, Protect, Detect, Respond, and Recover. Together, these functions provide a comprehensive lifecycle approach to managing cybersecurity risk.;350381001508;ap-southeast-2;2026-08-01 19:04:21.788096;ac_4;Access permissions and authorizations are managed, incorporating the principles of least privilege and separation of duties.;Protect (PR);Identity Management and Access Control (PR.AC);;aws;;PASS;EventBridge event bus default does not allow cross-account access.;arn:aws:events:ap-southeast-2:350381001508:event-bus/default;eventbridge_bus_cross_account_access;False;default;NIST-CSF;National Institute of Standards and Technology (NIST) Cybersecurity Framework (CSF) v2.0;
aws;The NIST Cybersecurity Framework (CSF) 2.0 offers a taxonomy of high-level cybersecurity outcomes that can be used by any organization regardless of its size, sector, or maturity to better understand, assess, prioritize, and communicate its cybersecurity efforts. The framework's core functions are organized into six key areas: Govern (new), Identify, Protect, Detect, Respond, and Recover. Together, these functions provide a comprehensive lifecycle approach to managing cybersecurity risk.;350381001508;ap-southeast-2;2026-08-01 19:04:21.788096;dp_4;Event detection information is communicated.;Detect (DE);Detection Processes (DE.DP);;aws;;PASS;EventBridge event bus default does not allow cross-account access.;arn:aws:events:ap-southeast-2:350381001508:event-bus/default;eventbridge_bus_cross_account_access;False;default;NIST-CSF;National Institute of Standards and Technology (NIST) Cybersecurity Framework (CSF) v2.0;
aws;The NIST Cybersecurity Framework (CSF) 2.0 offers a taxonomy of high-level cybersecurity outcomes that can be used by any organization regardless of its size, sector, or maturity to better understand, assess, prioritize, and communicate its cybersecurity efforts. The framework's core functions are organized into six key areas: Govern (new), Identify, Protect, Detect, Respond, and Recover. Together, these functions provide a comprehensive lifecycle approach to managing cybersecurity risk.;350381001508;ca-central-1;2026-08-01 19:04:21.788096;ra_5;Threats, vulnerabilities, likelihoods, and impacts are used to determine risk.;Identify (ID);Risk Assessment (ID.RA);;aws;;PASS;EventBridge event bus default does not allow cross-account access.;arn:aws:events:ca-central-1:350381001508:event-bus/default;eventbridge_bus_cross_account_access;False;default;NIST-CSF;National Institute of Standards and Technology (NIST) Cybersecurity Framework (CSF) v2.0;
aws;The NIST Cybersecurity Framework (CSF) 2.0 offers a taxonomy of high-level cybersecurity outcomes that can be used by any organization regardless of its size, sector, or maturity to better understand, assess, prioritize, and communicate its cybersecurity efforts. The framework's core functions are organized into six key areas: Govern (new), Identify, Protect, Detect, Respond, and Recover. Together, these functions provide a comprehensive lifecycle approach to managing cybersecurity risk.;350381001508;ca-central-1;2026-08-01 19:04:21.788096;ac_4;Access permissions and authorizations are managed, incorporating the principles of least privilege and separation of duties.;Protect (PR);Identity Management and Access Control (PR.AC);;aws;;PASS;EventBridge event bus default does not allow cross-account access.;arn:aws:events:ca-central-1:350381001508:event-bus/default;eventbridge_bus_cross_account_access;False;default;NIST-CSF;National Institute of Standards and Technology (NIST) Cybersecurity Framework (CSF) v2.0;
aws;The NIST Cybersecurity Framework (CSF) 2.0 offers a taxonomy of high-level cybersecurity outcomes that can be used by any organization regardless of its size, sector, or maturity to better understand, assess, prioritize, and communicate its cybersecurity efforts. The framework's core functions are organized into six key areas: Govern (new), Identify, Protect, Detect, Respond, and Recover. Together, these functions provide a comprehensive lifecycle approach to managing cybersecurity risk.;350381001508;ca-central-1;2026-08-01 19:04:21.788096;dp_4;Event detection information is communicated.;Detect (DE);Detection Processes (DE.DP);;aws;;PASS;EventBridge event bus default does not allow cross-account access.;arn:aws:events:ca-central-1:350381001508:event-bus/default;eventbridge_bus_cross_account_access;False;default;NIST-CSF;National Institute of Standards and Technology (NIST) Cybersecurity Framework (CSF) v2.0;
aws;The NIST Cybersecurity Framework (CSF) 2.0 offers a taxonomy of high-level cybersecurity outcomes that can be used by any organization regardless of its size, sector, or maturity to better understand, assess, prioritize, and communicate its cybersecurity efforts. The framework's core functions are organized into six key areas: Govern (new), Identify, Protect, Detect, Respond, and Recover. Together, these functions provide a comprehensive lifecycle approach to managing cybersecurity risk.;350381001508;eu-central-1;2026-08-01 19:04:21.788096;ra_5;Threats, vulnerabilities, likelihoods, and impacts are used to determine risk.;Identify (ID);Risk Assessment (ID.RA);;aws;;PASS;EventBridge event bus default does not allow cross-account access.;arn:aws:events:eu-central-1:350381001508:event-bus/default;eventbridge_bus_cross_account_access;False;default;NIST-CSF;National Institute of Standards and Technology (NIST) Cybersecurity Framework (CSF) v2.0;
aws;The NIST Cybersecurity Framework (CSF) 2.0 offers a taxonomy of high-level cybersecurity outcomes that can be used by any organization regardless of its size, sector, or maturity to better understand, assess, prioritize, and communicate its cybersecurity efforts. The framework's core functions are organized into six key areas: Govern (new), Identify, Protect, Detect, Respond, and Recover. Together, these functions provide a comprehensive lifecycle approach to managing cybersecurity risk.;350381001508;eu-central-1;2026-08-01 19:04:21.788096;ac_4;Access permissions and authorizations are managed, incorporating the principles of least privilege and separation of duties.;Protect (PR);Identity Management and Access Control (PR.AC);;aws;;PASS;EventBridge event bus default does not allow cross-account access.;arn:aws:events:eu-central-1:350381001508:event-bus/default;eventbridge_bus_cross_account_access;False;default;NIST-CSF;National Institute of Standards and Technology (NIST) Cybersecurity Framework (CSF) v2.0;
aws;The NIST Cybersecurity Framework (CSF) 2.0 offers a taxonomy of high-level cybersecurity outcomes that can be used by any organization regardless of its size, sector, or maturity to better understand, assess, prioritize, and communicate its cybersecurity efforts. The framework's core functions are organized into six key areas: Govern (new), Identify, Protect, Detect, Respond, and Recover. Together, these functions provide a comprehensive lifecycle approach to managing cybersecurity risk.;350381001508;eu-central-1;2026-08-01 19:04:21.788096;dp_4;Event detection information is communicated.;Detect (DE);Detection Processes (DE.DP);;aws;;PASS;EventBridge event bus default does not allow cross-account access.;arn:aws:events:eu-central-1:350381001508:event-bus/default;eventbridge_bus_cross_account_access;False;default;NIST-CSF;National Institute of Standards and Technology (NIST) Cybersecurity Framework (CSF) v2.0;
aws;The NIST Cybersecurity Framework (CSF) 2.0 offers a taxonomy of high-level cybersecurity outcomes that can be used by any organization regardless of its size, sector, or maturity to better understand, assess, prioritize, and communicate its cybersecurity efforts. The framework's core functions are organized into six key areas: Govern (new), Identify, Protect, Detect, Respond, and Recover. Together, these functions provide a comprehensive lifecycle approach to managing cybersecurity risk.;350381001508;eu-north-1;2026-08-01 19:04:21.788096;ra_5;Threats, vulnerabilities, likelihoods, and impacts are used to determine risk.;Identify (ID);Risk Assessment (ID.RA);;aws;;PASS;EventBridge event bus default does not allow cross-account access.;arn:aws:events:eu-north-1:350381001508:event-bus/default;eventbridge_bus_cross_account_access;False;default;NIST-CSF;National Institute of Standards and Technology (NIST) Cybersecurity Framework (CSF) v2.0;
aws;The NIST Cybersecurity Framework (CSF) 2.0 offers a taxonomy of high-level cybersecurity outcomes that can be used by any organization regardless of its size, sector, or maturity to better understand, assess, prioritize, and communicate its cybersecurity efforts. The framework's core functions are organized into six key areas: Govern (new), Identify, Protect, Detect, Respond, and Recover. Together, these functions provide a comprehensive lifecycle approach to managing cybersecurity risk.;350381001508;eu-north-1;2026-08-01 19:04:21.788096;ac_4;Access permissions and authorizations are managed, incorporating the principles of least privilege and separation of duties.;Protect (PR);Identity Management and Access Control (PR.AC);;aws;;PASS;EventBridge event bus default does not allow cross-account access.;arn:aws:events:eu-north-1:350381001508:event-bus/default;eventbridge_bus_cross_account_access;False;default;NIST-CSF;National Institute of Standards and Technology (NIST) Cybersecurity Framework (CSF) v2.0;
aws;The NIST Cybersecurity Framework (CSF) 2.0 offers a taxonomy of high-level cybersecurity outcomes that can be used by any organization regardless of its size, sector, or maturity to better understand, assess, prioritize, and communicate its cybersecurity efforts. The framework's core functions are organized into six key areas: Govern (new), Identify, Protect, Detect, Respond, and Recover. Together, these functions provide a comprehensive lifecycle approach to managing cybersecurity risk.;350381001508;eu-north-1;2026-08-01 19:04:21.788096;dp_4;Event detection information is communicated.;Detect (DE);Detection Processes (DE.DP);;aws;;PASS;EventBridge event bus default does not allow cross-account access.;arn:aws:events:eu-north-1:350381001508:event-bus/default;eventbridge_bus_cross_account_access;False;default;NIST-CSF;National Institute of Standards and Technology (NIST) Cybersecurity Framework (CSF) v2.0;
aws;The NIST Cybersecurity Framework (CSF) 2.0 offers a taxonomy of high-level cybersecurity outcomes that can be used by any organization regardless of its size, sector, or maturity to better understand, assess, prioritize, and communicate its cybersecurity efforts. The framework's core functions are organized into six key areas: Govern (new), Identify, Protect, Detect, Respond, and Recover. Together, these functions provide a comprehensive lifecycle approach to managing cybersecurity risk.;350381001508;eu-west-1;2026-08-01 19:04:21.788096;ra_5;Threats, vulnerabilities, likelihoods, and impacts are used to determine risk.;Identify (ID);Risk Assessment (ID.RA);;aws;;PASS;EventBridge event bus default does not allow cross-account access.;arn:aws:events:eu-west-1:350381001508:event-bus/default;eventbridge_bus_cross_account_access;False;default;NIST-CSF;National Institute of Standards and Technology (NIST) Cybersecurity Framework (CSF) v2.0;
aws;The NIST Cybersecurity Framework (CSF) 2.0 offers a taxonomy of high-level cybersecurity outcomes that can be used by any organization regardless of its size, sector, or maturity to better understand, assess, prioritize, and communicate its cybersecurity efforts. The framework's core functions are organized into six key areas: Govern (new), Identify, Protect, Detect, Respond, and Recover. Together, these functions provide a comprehensive lifecycle approach to managing cybersecurity risk.;350381001508;eu-west-1;2026-08-01 19:04:21.788096;ac_4;Access permissions and authorizations are managed, incorporating the principles of least privilege and separation of duties.;Protect (PR);Identity Management and Access Control (PR.AC);;aws;;PASS;EventBridge event bus default does not allow cross-account access.;arn:aws:events:eu-west-1:350381001508:event-bus/default;eventbridge_bus_cross_account_access;False;default;NIST-CSF;National Institute of Standards and Technology (NIST) Cybersecurity Framework (CSF) v2.0;
aws;The NIST Cybersecurity Framework (CSF) 2.0 offers a taxonomy of high-level cybersecurity outcomes that can be used by any organization regardless of its size, sector, or maturity to better understand, assess, prioritize, and communicate its cybersecurity efforts. The framework's core functions are organized into six key areas: Govern (new), Identify, Protect, Detect, Respond, and Recover. Together, these functions provide a comprehensive lifecycle approach to managing cybersecurity risk.;350381001508;eu-west-1;2026-08-01 19:04:21.788096;dp_4;Event detection information is communicated.;Detect (DE);Detection Processes (DE.DP);;aws;;PASS;EventBridge event bus default does not allow cross-account access.;arn:aws:events:eu-west-1:350381001508:event-bus/default;eventbridge_bus_cross_account_access;False;default;NIST-CSF;National Institute of Standards and Technology (NIST) Cybersecurity Framework (CSF) v2.0;
aws;The NIST Cybersecurity Framework (CSF) 2.0 offers a taxonomy of high-level cybersecurity outcomes that can be used by any organization regardless of its size, sector, or maturity to better understand, assess, prioritize, and communicate its cybersecurity efforts. The framework's core functions are organized into six key areas: Govern (new), Identify, Protect, Detect, Respond, and Recover. Together, these functions provide a comprehensive lifecycle approach to managing cybersecurity risk.;350381001508;eu-west-2;2026-08-01 19:04:21.788096;ra_5;Threats, vulnerabilities, likelihoods, and impacts are used to determine risk.;Identify (ID);Risk Assessment (ID.RA);;aws;;PASS;EventBridge event bus default does not allow cross-account access.;arn:aws:events:eu-west-2:350381001508:event-bus/default;eventbridge_bus_cross_account_access;False;default;NIST-CSF;National Institute of Standards and Technology (NIST) Cybersecurity Framework (CSF) v2.0;
aws;The NIST Cybersecurity Framework (CSF) 2.0 offers a taxonomy of high-level cybersecurity outcomes that can be used by any organization regardless of its size, sector, or maturity to better understand, assess, prioritize, and communicate its cybersecurity efforts. The framework's core functions are organized into six key areas: Govern (new), Identify, Protect, Detect, Respond, and Recover. Together, these functions provide a comprehensive lifecycle approach to managing cybersecurity risk.;350381001508;eu-west-2;2026-08-01 19:04:21.788096;ac_4;Access permissions and authorizations are managed, incorporating the principles of least privilege and separation of duties.;Protect (PR);Identity Management and Access Control (PR.AC);;aws;;PASS;EventBridge event bus default does not allow cross-account access.;arn:aws:events:eu-west-2:350381001508:event-bus/default;eventbridge_bus_cross_account_access;False;default;NIST-CSF;National Institute of Standards and Technology (NIST) Cybersecurity Framework (CSF) v2.0;
aws;The NIST Cybersecurity Framework (CSF) 2.0 offers a taxonomy of high-level cybersecurity outcomes that can be used by any organization regardless of its size, sector, or maturity to better understand, assess, prioritize, and communicate its cybersecurity efforts. The framework's core functions are organized into six key areas: Govern (new), Identify, Protect, Detect, Respond, and Recover. Together, these functions provide a comprehensive lifecycle approach to managing cybersecurity risk.;350381001508;eu-west-2;2026-08-01 19:04:21.788096;dp_4;Event detection information is communicated.;Detect (DE);Detection Processes (DE.DP);;aws;;PASS;EventBridge event bus default does not allow cross-account access.;arn:aws:events:eu-west-2:350381001508:event-bus/default;eventbridge_bus_cross_account_access;False;default;NIST-CSF;National Institute of Standards and Technology (NIST) Cybersecurity Framework (CSF) v2.0;
aws;The NIST Cybersecurity Framework (CSF) 2.0 offers a taxonomy of high-level cybersecurity outcomes that can be used by any organization regardless of its size, sector, or maturity to better understand, assess, prioritize, and communicate its cybersecurity efforts. The framework's core functions are organized into six key areas: Govern (new), Identify, Protect, Detect, Respond, and Recover. Together, these functions provide a comprehensive lifecycle approach to managing cybersecurity risk.;350381001508;eu-west-3;2026-08-01 19:04:21.788096;ra_5;Threats, vulnerabilities, likelihoods, and impacts are used to determine risk.;Identify (ID);Risk Assessment (ID.RA);;aws;;PASS;EventBridge event bus default does not allow cross-account access.;arn:aws:events:eu-west-3:350381001508:event-bus/default;eventbridge_bus_cross_account_access;False;default;NIST-CSF;National Institute of Standards and Technology (NIST) Cybersecurity Framework (CSF) v2.0;
aws;The NIST Cybersecurity Framework (CSF) 2.0 offers a taxonomy of high-level cybersecurity outcomes that can be used by any organization regardless of its size, sector, or maturity to better understand, assess, prioritize, and communicate its cybersecurity efforts. The framework's core functions are organized into six key areas: Govern (new), Identify, Protect, Detect, Respond, and Recover. Together, these functions provide a comprehensive lifecycle approach to managing cybersecurity risk.;350381001508;eu-west-3;2026-08-01 19:04:21.788096;ac_4;Access permissions and authorizations are managed, incorporating the principles of least privilege and separation of duties.;Protect (PR);Identity Management and Access Control (PR.AC);;aws;;PASS;EventBridge event bus default does not allow cross-account access.;arn:aws:events:eu-west-3:350381001508:event-bus/default;eventbridge_bus_cross_account_access;False;default;NIST-CSF;National Institute of Standards and Technology (NIST) Cybersecurity Framework (CSF) v2.0;
aws;The NIST Cybersecurity Framework (CSF) 2.0 offers a taxonomy of high-level cybersecurity outcomes that can be used by any organization regardless of its size, sector, or maturity to better understand, assess, prioritize, and communicate its cybersecurity efforts. The framework's core functions are organized into six key areas: Govern (new), Identify, Protect, Detect, Respond, and Recover. Together, these functions provide a comprehensive lifecycle approach to managing cybersecurity risk.;350381001508;eu-west-3;2026-08-01 19:04:21.788096;dp_4;Event detection information is communicated.;Detect (DE);Detection Processes (DE.DP);;aws;;PASS;EventBridge event bus default does not allow cross-account access.;arn:aws:events:eu-west-3:350381001508:event-bus/default;eventbridge_bus_cross_account_access;False;default;NIST-CSF;National Institute of Standards and Technology (NIST) Cybersecurity Framework (CSF) v2.0;
aws;The NIST Cybersecurity Framework (CSF) 2.0 offers a taxonomy of high-level cybersecurity outcomes that can be used by any organization regardless of its size, sector, or maturity to better understand, assess, prioritize, and communicate its cybersecurity efforts. The framework's core functions are organized into six key areas: Govern (new), Identify, Protect, Detect, Respond, and Recover. Together, these functions provide a comprehensive lifecycle approach to managing cybersecurity risk.;350381001508;sa-east-1;2026-08-01 19:04:21.788096;ra_5;Threats, vulnerabilities, likelihoods, and impacts are used to determine risk.;Identify (ID);Risk Assessment (ID.RA);;aws;;PASS;EventBridge event bus default does not allow cross-account access.;arn:aws:events:sa-east-1:350381001508:event-bus/default;eventbridge_bus_cross_account_access;False;default;NIST-CSF;National Institute of Standards and Technology (NIST) Cybersecurity Framework (CSF) v2.0;
aws;The NIST Cybersecurity Framework (CSF) 2.0 offers a taxonomy of high-level cybersecurity outcomes that can be used by any organization regardless of its size, sector, or maturity to better understand, assess, prioritize, and communicate its cybersecurity efforts. The framework's core functions are organized into six key areas: Govern (new), Identify, Protect, Detect, Respond, and Recover. Together, these functions provide a comprehensive lifecycle approach to managing cybersecurity risk.;350381001508;sa-east-1;2026-08-01 19:04:21.788096;ac_4;Access permissions and authorizations are managed, incorporating the principles of least privilege and separation of duties.;Protect (PR);Identity Management and Access Control (PR.AC);;aws;;PASS;EventBridge event bus default does not allow cross-account access.;arn:aws:events:sa-east-1:350381001508:event-bus/default;eventbridge_bus_cross_account_access;False;default;NIST-CSF;National Institute of Standards and Technology (NIST) Cybersecurity Framework (CSF) v2.0;
aws;The NIST Cybersecurity Framework (CSF) 2.0 offers a taxonomy of high-level cybersecurity outcomes that can be used by any organization regardless of its size, sector, or maturity to better understand, assess, prioritize, and communicate its cybersecurity efforts. The framework's core functions are organized into six key areas: Govern (new), Identify, Protect, Detect, Respond, and Recover. Together, these functions provide a comprehensive lifecycle approach to managing cybersecurity risk.;350381001508;sa-east-1;2026-08-01 19:04:21.788096;dp_4;Event detection information is communicated.;Detect (DE);Detection Processes (DE.DP);;aws;;PASS;EventBridge event bus default does not allow cross-account access.;arn:aws:events:sa-east-1:350381001508:event-bus/default;eventbridge_bus_cross_account_access;False;default;NIST-CSF;National Institute of Standards and Technology (NIST) Cybersecurity Framework (CSF) v2.0;
aws;The NIST Cybersecurity Framework (CSF) 2.0 offers a taxonomy of high-level cybersecurity outcomes that can be used by any organization regardless of its size, sector, or maturity to better understand, assess, prioritize, and communicate its cybersecurity efforts. The framework's core functions are organized into six key areas: Govern (new), Identify, Protect, Detect, Respond, and Recover. Together, these functions provide a comprehensive lifecycle approach to managing cybersecurity risk.;350381001508;us-east-1;2026-08-01 19:04:21.788096;ra_5;Threats, vulnerabilities, likelihoods, and impacts are used to determine risk.;Identify (ID);Risk Assessment (ID.RA);;aws;;PASS;EventBridge event bus default does not allow cross-account access.;arn:aws:events:us-east-1:350381001508:event-bus/default;eventbridge_bus_cross_account_access;False;default;NIST-CSF;National Institute of Standards and Technology (NIST) Cybersecurity Framework (CSF) v2.0;
aws;The NIST Cybersecurity Framework (CSF) 2.0 offers a taxonomy of high-level cybersecurity outcomes that can be used by any organization regardless of its size, sector, or maturity to better understand, assess, prioritize, and communicate its cybersecurity efforts. The framework's core functions are organized into six key areas: Govern (new), Identify, Protect, Detect, Respond, and Recover. Together, these functions provide a comprehensive lifecycle approach to managing cybersecurity risk.;350381001508;us-east-1;2026-08-01 19:04:21.788096;ac_4;Access permissions and authorizations are managed, incorporating the principles of least privilege and separation of duties.;Protect (PR);Identity Management and Access Control (PR.AC);;aws;;PASS;EventBridge event bus default does not allow cross-account access.;arn:aws:events:us-east-1:350381001508:event-bus/default;eventbridge_bus_cross_account_access;False;default;NIST-CSF;National Institute of Standards and Technology (NIST) Cybersecurity Framework (CSF) v2.0;
aws;The NIST Cybersecurity Framework (CSF) 2.0 offers a taxonomy of high-level cybersecurity outcomes that can be used by any organization regardless of its size, sector, or maturity to better understand, assess, prioritize, and communicate its cybersecurity efforts. The framework's core functions are organized into six key areas: Govern (new), Identify, Protect, Detect, Respond, and Recover. Together, these functions provide a comprehensive lifecycle approach to managing cybersecurity risk.;350381001508;us-east-1;2026-08-01 19:04:21.788096;dp_4;Event detection information is communicated.;Detect (DE);Detection Processes (DE.DP);;aws;;PASS;EventBridge event bus default does not allow cross-account access.;arn:aws:events:us-east-1:350381001508:event-bus/default;eventbridge_bus_cross_account_access;False;default;NIST-CSF;National Institute of Standards and Technology (NIST) Cybersecurity Framework (CSF) v2.0;
aws;The NIST Cybersecurity Framework (CSF) 2.0 offers a taxonomy of high-level cybersecurity outcomes that can be used by any organization regardless of its size, sector, or maturity to better understand, assess, prioritize, and communicate its cybersecurity efforts. The framework's core functions are organized into six key areas: Govern (new), Identify, Protect, Detect, Respond, and Recover. Together, these functions provide a comprehensive lifecycle approach to managing cybersecurity risk.;350381001508;us-east-2;2026-08-01 19:04:21.788096;ra_5;Threats, vulnerabilities, likelihoods, and impacts are used to determine risk.;Identify (ID);Risk Assessment (ID.RA);;aws;;PASS;EventBridge event bus default does not allow cross-account access.;arn:aws:events:us-east-2:350381001508:event-bus/default;eventbridge_bus_cross_account_access;False;default;NIST-CSF;National Institute of Standards and Technology (NIST) Cybersecurity Framework (CSF) v2.0;
aws;The NIST Cybersecurity Framework (CSF) 2.0 offers a taxonomy of high-level cybersecurity outcomes that can be used by any organization regardless of its size, sector, or maturity to better understand, assess, prioritize, and communicate its cybersecurity efforts. The framework's core functions are organized into six key areas: Govern (new), Identify, Protect, Detect, Respond, and Recover. Together, these functions provide a comprehensive lifecycle approach to managing cybersecurity risk.;350381001508;us-east-2;2026-08-01 19:04:21.788096;ac_4;Access permissions and authorizations are managed, incorporating the principles of least privilege and separation of duties.;Protect (PR);Identity Management and Access Control (PR.AC);;aws;;PASS;EventBridge event bus default does not allow cross-account access.;arn:aws:events:us-east-2:350381001508:event-bus/default;eventbridge_bus_cross_account_access;False;default;NIST-CSF;National Institute of Standards and Technology (NIST) Cybersecurity Framework (CSF) v2.0;
aws;The NIST Cybersecurity Framework (CSF) 2.0 offers a taxonomy of high-level cybersecurity outcomes that can be used by any organization regardless of its size, sector, or maturity to better understand, assess, prioritize, and communicate its cybersecurity efforts. The framework's core functions are organized into six key areas: Govern (new), Identify, Protect, Detect, Respond, and Recover. Together, these functions provide a comprehensive lifecycle approach to managing cybersecurity risk.;350381001508;us-east-2;2026-08-01 19:04:21.788096;dp_4;Event detection information is communicated.;Detect (DE);Detection Processes (DE.DP);;aws;;PASS;EventBridge event bus default does not allow cross-account access.;arn:aws:events:us-east-2:350381001508:event-bus/default;eventbridge_bus_cross_account_access;False;default;NIST-CSF;National Institute of Standards and Technology (NIST) Cybersecurity Framework (CSF) v2.0;
aws;The NIST Cybersecurity Framework (CSF) 2.0 offers a taxonomy of high-level cybersecurity outcomes that can be used by any organization regardless of its size, sector, or maturity to better understand, assess, prioritize, and communicate its cybersecurity efforts. The framework's core functions are organized into six key areas: Govern (new), Identify, Protect, Detect, Respond, and Recover. Together, these functions provide a comprehensive lifecycle approach to managing cybersecurity risk.;350381001508;us-west-1;2026-08-01 19:04:21.788096;ra_5;Threats, vulnerabilities, likelihoods, and impacts are used to determine risk.;Identify (ID);Risk Assessment (ID.RA);;aws;;PASS;EventBridge event bus default does not allow cross-account access.;arn:aws:events:us-west-1:350381001508:event-bus/default;eventbridge_bus_cross_account_access;False;default;NIST-CSF;National Institute of Standards and Technology (NIST) Cybersecurity Framework (CSF) v2.0;
aws;The NIST Cybersecurity Framework (CSF) 2.0 offers a taxonomy of high-level cybersecurity outcomes that can be used by any organization regardless of its size, sector, or maturity to better understand, assess, prioritize, and communicate its cybersecurity efforts. The framework's core functions are organized into six key areas: Govern (new), Identify, Protect, Detect, Respond, and Recover. Together, these functions provide a comprehensive lifecycle approach to managing cybersecurity risk.;350381001508;us-west-1;2026-08-01 19:04:21.788096;ac_4;Access permissions and authorizations are managed, incorporating the principles of least privilege and separation of duties.;Protect (PR);Identity Management and Access Control (PR.AC);;aws;;PASS;EventBridge event bus default does not allow cross-account access.;arn:aws:events:us-west-1:350381001508:event-bus/default;eventbridge_bus_cross_account_access;False;default;NIST-CSF;National Institute of Standards and Technology (NIST) Cybersecurity Framework (CSF) v2.0;
aws;The NIST Cybersecurity Framework (CSF) 2.0 offers a taxonomy of high-level cybersecurity outcomes that can be used by any organization regardless of its size, sector, or maturity to better understand, assess, prioritize, and communicate its cybersecurity efforts. The framework's core functions are organized into six key areas: Govern (new), Identify, Protect, Detect, Respond, and Recover. Together, these functions provide a comprehensive lifecycle approach to managing cybersecurity risk.;350381001508;us-west-1;2026-08-01 19:04:21.788096;dp_4;Event detection information is communicated.;Detect (DE);Detection Processes (DE.DP);;aws;;PASS;EventBridge event bus default does not allow cross-account access.;arn:aws:events:us-west-1:350381001508:event-bus/default;eventbridge_bus_cross_account_access;False;default;NIST-CSF;National Institute of Standards and Technology (NIST) Cybersecurity Framework (CSF) v2.0;
aws;The NIST Cybersecurity Framework (CSF) 2.0 offers a taxonomy of high-level cybersecurity outcomes that can be used by any organization regardless of its size, sector, or maturity to better understand, assess, prioritize, and communicate its cybersecurity efforts. The framework's core functions are organized into six key areas: Govern (new), Identify, Protect, Detect, Respond, and Recover. Together, these functions provide a comprehensive lifecycle approach to managing cybersecurity risk.;350381001508;us-west-2;2026-08-01 19:04:21.788096;ra_5;Threats, vulnerabilities, likelihoods, and impacts are used to determine risk.;Identify (ID);Risk Assessment (ID.RA);;aws;;PASS;EventBridge event bus default does not allow cross-account access.;arn:aws:events:us-west-2:350381001508:event-bus/default;eventbridge_bus_cross_account_access;False;default;NIST-CSF;National Institute of Standards and Technology (NIST) Cybersecurity Framework (CSF) v2.0;
aws;The NIST Cybersecurity Framework (CSF) 2.0 offers a taxonomy of high-level cybersecurity outcomes that can be used by any organization regardless of its size, sector, or maturity to better understand, assess, prioritize, and communicate its cybersecurity efforts. The framework's core functions are organized into six key areas: Govern (new), Identify, Protect, Detect, Respond, and Recover. Together, these functions provide a comprehensive lifecycle approach to managing cybersecurity risk.;350381001508;us-west-2;2026-08-01 19:04:21.788096;ac_4;Access permissions and authorizations are managed, incorporating the principles of least privilege and separation of duties.;Protect (PR);Identity Management and Access Control (PR.AC);;aws;;PASS;EventBridge event bus default does not allow cross-account access.;arn:aws:events:us-west-2:350381001508:event-bus/default;eventbridge_bus_cross_account_access;False;default;NIST-CSF;National Institute of Standards and Technology (NIST) Cybersecurity Framework (CSF) v2.0;
aws;The NIST Cybersecurity Framework (CSF) 2.0 offers a taxonomy of high-level cybersecurity outcomes that can be used by any organization regardless of its size, sector, or maturity to better understand, assess, prioritize, and communicate its cybersecurity efforts. The framework's core functions are organized into six key areas: Govern (new), Identify, Protect, Detect, Respond, and Recover. Together, these functions provide a comprehensive lifecycle approach to managing cybersecurity risk.;350381001508;us-west-2;2026-08-01 19:04:21.788096;dp_4;Event detection information is communicated.;Detect (DE);Detection Processes (DE.DP);;aws;;PASS;EventBridge event bus default does not allow cross-account access.;arn:aws:events:us-west-2:350381001508:event-bus/default;eventbridge_bus_cross_account_access;False;default;NIST-CSF;National Institute of Standards and Technology (NIST) Cybersecurity Framework (CSF) v2.0;
aws;The NIST Cybersecurity Framework (CSF) 2.0 offers a taxonomy of high-level cybersecurity outcomes that can be used by any organization regardless of its size, sector, or maturity to better understand, assess, prioritize, and communicate its cybersecurity efforts. The framework's core functions are organized into six key areas: Govern (new), Identify, Protect, Detect, Respond, and Recover. Together, these functions provide a comprehensive lifecycle approach to managing cybersecurity risk.;350381001508;ap-northeast-1;2026-08-01 19:04:21.788096;ra_5;Threats, vulnerabilities, likelihoods, and impacts are used to determine risk.;Identify (ID);Risk Assessment (ID.RA);;aws;;PASS;EventBridge event bus default is not exposed to everyone.;arn:aws:events:ap-northeast-1:350381001508:event-bus/default;eventbridge_bus_exposed;False;default;NIST-CSF;National Institute of Standards and Technology (NIST) Cybersecurity Framework (CSF) v2.0;
aws;The NIST Cybersecurity Framework (CSF) 2.0 offers a taxonomy of high-level cybersecurity outcomes that can be used by any organization regardless of its size, sector, or maturity to better understand, assess, prioritize, and communicate its cybersecurity efforts. The framework's core functions are organized into six key areas: Govern (new), Identify, Protect, Detect, Respond, and Recover. Together, these functions provide a comprehensive lifecycle approach to managing cybersecurity risk.;350381001508;ap-northeast-1;2026-08-01 19:04:21.788096;ac_4;Access permissions and authorizations are managed, incorporating the principles of least privilege and separation of duties.;Protect (PR);Identity Management and Access Control (PR.AC);;aws;;PASS;EventBridge event bus default is not exposed to everyone.;arn:aws:events:ap-northeast-1:350381001508:event-bus/default;eventbridge_bus_exposed;False;default;NIST-CSF;National Institute of Standards and Technology (NIST) Cybersecurity Framework (CSF) v2.0;
aws;The NIST Cybersecurity Framework (CSF) 2.0 offers a taxonomy of high-level cybersecurity outcomes that can be used by any organization regardless of its size, sector, or maturity to better understand, assess, prioritize, and communicate its cybersecurity efforts. The framework's core functions are organized into six key areas: Govern (new), Identify, Protect, Detect, Respond, and Recover. Together, these functions provide a comprehensive lifecycle approach to managing cybersecurity risk.;350381001508;ap-northeast-1;2026-08-01 19:04:21.788096;dp_4;Event detection information is communicated.;Detect (DE);Detection Processes (DE.DP);;aws;;PASS;EventBridge event bus default is not exposed to everyone.;arn:aws:events:ap-northeast-1:350381001508:event-bus/default;eventbridge_bus_exposed;False;default;NIST-CSF;National Institute of Standards and Technology (NIST) Cybersecurity Framework (CSF) v2.0;
aws;The NIST Cybersecurity Framework (CSF) 2.0 offers a taxonomy of high-level cybersecurity outcomes that can be used by any organization regardless of its size, sector, or maturity to better understand, assess, prioritize, and communicate its cybersecurity efforts. The framework's core functions are organized into six key areas: Govern (new), Identify, Protect, Detect, Respond, and Recover. Together, these functions provide a comprehensive lifecycle approach to managing cybersecurity risk.;350381001508;ap-northeast-2;2026-08-01 19:04:21.788096;ra_5;Threats, vulnerabilities, likelihoods, and impacts are used to determine risk.;Identify (ID);Risk Assessment (ID.RA);;aws;;PASS;EventBridge event bus default is not exposed to everyone.;arn:aws:events:ap-northeast-2:350381001508:event-bus/default;eventbridge_bus_exposed;False;default;NIST-CSF;National Institute of Standards and Technology (NIST) Cybersecurity Framework (CSF) v2.0;
aws;The NIST Cybersecurity Framework (CSF) 2.0 offers a taxonomy of high-level cybersecurity outcomes that can be used by any organization regardless of its size, sector, or maturity to better understand, assess, prioritize, and communicate its cybersecurity efforts. The framework's core functions are organized into six key areas: Govern (new), Identify, Protect, Detect, Respond, and Recover. Together, these functions provide a comprehensive lifecycle approach to managing cybersecurity risk.;350381001508;ap-northeast-2;2026-08-01 19:04:21.788096;ac_4;Access permissions and authorizations are managed, incorporating the principles of least privilege and separation of duties.;Protect (PR);Identity Management and Access Control (PR.AC);;aws;;PASS;EventBridge event bus default is not exposed to everyone.;arn:aws:events:ap-northeast-2:350381001508:event-bus/default;eventbridge_bus_exposed;False;default;NIST-CSF;National Institute of Standards and Technology (NIST) Cybersecurity Framework (CSF) v2.0;
aws;The NIST Cybersecurity Framework (CSF) 2.0 offers a taxonomy of high-level cybersecurity outcomes that can be used by any organization regardless of its size, sector, or maturity to better understand, assess, prioritize, and communicate its cybersecurity efforts. The framework's core functions are organized into six key areas: Govern (new), Identify, Protect, Detect, Respond, and Recover. Together, these functions provide a comprehensive lifecycle approach to managing cybersecurity risk.;350381001508;ap-northeast-2;2026-08-01 19:04:21.788096;dp_4;Event detection information is communicated.;Detect (DE);Detection Processes (DE.DP);;aws;;PASS;EventBridge event bus default is not exposed to everyone.;arn:aws:events:ap-northeast-2:350381001508:event-bus/default;eventbridge_bus_exposed;False;default;NIST-CSF;National Institute of Standards and Technology (NIST) Cybersecurity Framework (CSF) v2.0;
aws;The NIST Cybersecurity Framework (CSF) 2.0 offers a taxonomy of high-level cybersecurity outcomes that can be used by any organization regardless of its size, sector, or maturity to better understand, assess, prioritize, and communicate its cybersecurity efforts. The framework's core functions are organized into six key areas: Govern (new), Identify, Protect, Detect, Respond, and Recover. Together, these functions provide a comprehensive lifecycle approach to managing cybersecurity risk.;350381001508;ap-northeast-3;2026-08-01 19:04:21.788096;ra_5;Threats, vulnerabilities, likelihoods, and impacts are used to determine risk.;Identify (ID);Risk Assessment (ID.RA);;aws;;PASS;EventBridge event bus default is not exposed to everyone.;arn:aws:events:ap-northeast-3:350381001508:event-bus/default;eventbridge_bus_exposed;False;default;NIST-CSF;National Institute of Standards and Technology (NIST) Cybersecurity Framework (CSF) v2.0;
aws;The NIST Cybersecurity Framework (CSF) 2.0 offers a taxonomy of high-level cybersecurity outcomes that can be used by any organization regardless of its size, sector, or maturity to better understand, assess, prioritize, and communicate its cybersecurity efforts. The framework's core functions are organized into six key areas: Govern (new), Identify, Protect, Detect, Respond, and Recover. Together, these functions provide a comprehensive lifecycle approach to managing cybersecurity risk.;350381001508;ap-northeast-3;2026-08-01 19:04:21.788096;ac_4;Access permissions and authorizations are managed, incorporating the principles of least privilege and separation of duties.;Protect (PR);Identity Management and Access Control (PR.AC);;aws;;PASS;EventBridge event bus default is not exposed to everyone.;arn:aws:events:ap-northeast-3:350381001508:event-bus/default;eventbridge_bus_exposed;False;default;NIST-CSF;National Institute of Standards and Technology (NIST) Cybersecurity Framework (CSF) v2.0;
aws;The NIST Cybersecurity Framework (CSF) 2.0 offers a taxonomy of high-level cybersecurity outcomes that can be used by any organization regardless of its size, sector, or maturity to better understand, assess, prioritize, and communicate its cybersecurity efforts. The framework's core functions are organized into six key areas: Govern (new), Identify, Protect, Detect, Respond, and Recover. Together, these functions provide a comprehensive lifecycle approach to managing cybersecurity risk.;350381001508;ap-northeast-3;2026-08-01 19:04:21.788096;dp_4;Event detection information is communicated.;Detect (DE);Detection Processes (DE.DP);;aws;;PASS;EventBridge event bus default is not exposed to everyone.;arn:aws:events:ap-northeast-3:350381001508:event-bus/default;eventbridge_bus_exposed;False;default;NIST-CSF;National Institute of Standards and Technology (NIST) Cybersecurity Framework (CSF) v2.0;
aws;The NIST Cybersecurity Framework (CSF) 2.0 offers a taxonomy of high-level cybersecurity outcomes that can be used by any organization regardless of its size, sector, or maturity to better understand, assess, prioritize, and communicate its cybersecurity efforts. The framework's core functions are organized into six key areas: Govern (new), Identify, Protect, Detect, Respond, and Recover. Together, these functions provide a comprehensive lifecycle approach to managing cybersecurity risk.;350381001508;ap-south-1;2026-08-01 19:04:21.788096;ra_5;Threats, vulnerabilities, likelihoods, and impacts are used to determine risk.;Identify (ID);Risk Assessment (ID.RA);;aws;;PASS;EventBridge event bus default is not exposed to everyone.;arn:aws:events:ap-south-1:350381001508:event-bus/default;eventbridge_bus_exposed;False;default;NIST-CSF;National Institute of Standards and Technology (NIST) Cybersecurity Framework (CSF) v2.0;
aws;The NIST Cybersecurity Framework (CSF) 2.0 offers a taxonomy of high-level cybersecurity outcomes that can be used by any organization regardless of its size, sector, or maturity to better understand, assess, prioritize, and communicate its cybersecurity efforts. The framework's core functions are organized into six key areas: Govern (new), Identify, Protect, Detect, Respond, and Recover. Together, these functions provide a comprehensive lifecycle approach to managing cybersecurity risk.;350381001508;ap-south-1;2026-08-01 19:04:21.788096;ac_4;Access permissions and authorizations are managed, incorporating the principles of least privilege and separation of duties.;Protect (PR);Identity Management and Access Control (PR.AC);;aws;;PASS;EventBridge event bus default is not exposed to everyone.;arn:aws:events:ap-south-1:350381001508:event-bus/default;eventbridge_bus_exposed;False;default;NIST-CSF;National Institute of Standards and Technology (NIST) Cybersecurity Framework (CSF) v2.0;
aws;The NIST Cybersecurity Framework (CSF) 2.0 offers a taxonomy of high-level cybersecurity outcomes that can be used by any organization regardless of its size, sector, or maturity to better understand, assess, prioritize, and communicate its cybersecurity efforts. The framework's core functions are organized into six key areas: Govern (new), Identify, Protect, Detect, Respond, and Recover. Together, these functions provide a comprehensive lifecycle approach to managing cybersecurity risk.;350381001508;ap-south-1;2026-08-01 19:04:21.788096;dp_4;Event detection information is communicated.;Detect (DE);Detection Processes (DE.DP);;aws;;PASS;EventBridge event bus default is not exposed to everyone.;arn:aws:events:ap-south-1:350381001508:event-bus/default;eventbridge_bus_exposed;False;default;NIST-CSF;National Institute of Standards and Technology (NIST) Cybersecurity Framework (CSF) v2.0;
aws;The NIST Cybersecurity Framework (CSF) 2.0 offers a taxonomy of high-level cybersecurity outcomes that can be used by any organization regardless of its size, sector, or maturity to better understand, assess, prioritize, and communicate its cybersecurity efforts. The framework's core functions are organized into six key areas: Govern (new), Identify, Protect, Detect, Respond, and Recover. Together, these functions provide a comprehensive lifecycle approach to managing cybersecurity risk.;350381001508;ap-southeast-1;2026-08-01 19:04:21.788096;ra_5;Threats, vulnerabilities, likelihoods, and impacts are used to determine risk.;Identify (ID);Risk Assessment (ID.RA);;aws;;PASS;EventBridge event bus default is not exposed to everyone.;arn:aws:events:ap-southeast-1:350381001508:event-bus/default;eventbridge_bus_exposed;False;default;NIST-CSF;National Institute of Standards and Technology (NIST) Cybersecurity Framework (CSF) v2.0;
aws;The NIST Cybersecurity Framework (CSF) 2.0 offers a taxonomy of high-level cybersecurity outcomes that can be used by any organization regardless of its size, sector, or maturity to better understand, assess, prioritize, and communicate its cybersecurity efforts. The framework's core functions are organized into six key areas: Govern (new), Identify, Protect, Detect, Respond, and Recover. Together, these functions provide a comprehensive lifecycle approach to managing cybersecurity risk.;350381001508;ap-southeast-1;2026-08-01 19:04:21.788096;ac_4;Access permissions and authorizations are managed, incorporating the principles of least privilege and separation of duties.;Protect (PR);Identity Management and Access Control (PR.AC);;aws;;PASS;EventBridge event bus default is not exposed to everyone.;arn:aws:events:ap-southeast-1:350381001508:event-bus/default;eventbridge_bus_exposed;False;default;NIST-CSF;National Institute of Standards and Technology (NIST) Cybersecurity Framework (CSF) v2.0;
aws;The NIST Cybersecurity Framework (CSF) 2.0 offers a taxonomy of high-level cybersecurity outcomes that can be used by any organization regardless of its size, sector, or maturity to better understand, assess, prioritize, and communicate its cybersecurity efforts. The framework's core functions are organized into six key areas: Govern (new), Identify, Protect, Detect, Respond, and Recover. Together, these functions provide a comprehensive lifecycle approach to managing cybersecurity risk.;350381001508;ap-southeast-1;2026-08-01 19:04:21.788096;dp_4;Event detection information is communicated.;Detect (DE);Detection Processes (DE.DP);;aws;;PASS;EventBridge event bus default is not exposed to everyone.;arn:aws:events:ap-southeast-1:350381001508:event-bus/default;eventbridge_bus_exposed;False;default;NIST-CSF;National Institute of Standards and Technology (NIST) Cybersecurity Framework (CSF) v2.0;
aws;The NIST Cybersecurity Framework (CSF) 2.0 offers a taxonomy of high-level cybersecurity outcomes that can be used by any organization regardless of its size, sector, or maturity to better understand, assess, prioritize, and communicate its cybersecurity efforts. The framework's core functions are organized into six key areas: Govern (new), Identify, Protect, Detect, Respond, and Recover. Together, these functions provide a comprehensive lifecycle approach to managing cybersecurity risk.;350381001508;ap-southeast-2;2026-08-01 19:04:21.788096;ra_5;Threats, vulnerabilities, likelihoods, and impacts are used to determine risk.;Identify (ID);Risk Assessment (ID.RA);;aws;;PASS;EventBridge event bus default is not exposed to everyone.;arn:aws:events:ap-southeast-2:350381001508:event-bus/default;eventbridge_bus_exposed;False;default;NIST-CSF;National Institute of Standards and Technology (NIST) Cybersecurity Framework (CSF) v2.0;
aws;The NIST Cybersecurity Framework (CSF) 2.0 offers a taxonomy of high-level cybersecurity outcomes that can be used by any organization regardless of its size, sector, or maturity to better understand, assess, prioritize, and communicate its cybersecurity efforts. The framework's core functions are organized into six key areas: Govern (new), Identify, Protect, Detect, Respond, and Recover. Together, these functions provide a comprehensive lifecycle approach to managing cybersecurity risk.;350381001508;ap-southeast-2;2026-08-01 19:04:21.788096;ac_4;Access permissions and authorizations are managed, incorporating the principles of least privilege and separation of duties.;Protect (PR);Identity Management and Access Control (PR.AC);;aws;;PASS;EventBridge event bus default is not exposed to everyone.;arn:aws:events:ap-southeast-2:350381001508:event-bus/default;eventbridge_bus_exposed;False;default;NIST-CSF;National Institute of Standards and Technology (NIST) Cybersecurity Framework (CSF) v2.0;
aws;The NIST Cybersecurity Framework (CSF) 2.0 offers a taxonomy of high-level cybersecurity outcomes that can be used by any organization regardless of its size, sector, or maturity to better understand, assess, prioritize, and communicate its cybersecurity efforts. The framework's core functions are organized into six key areas: Govern (new), Identify, Protect, Detect, Respond, and Recover. Together, these functions provide a comprehensive lifecycle approach to managing cybersecurity risk.;350381001508;ap-southeast-2;2026-08-01 19:04:21.788096;dp_4;Event detection information is communicated.;Detect (DE);Detection Processes (DE.DP);;aws;;PASS;EventBridge event bus default is not exposed to everyone.;arn:aws:events:ap-southeast-2:350381001508:event-bus/default;eventbridge_bus_exposed;False;default;NIST-CSF;National Institute of Standards and Technology (NIST) Cybersecurity Framework (CSF) v2.0;
aws;The NIST Cybersecurity Framework (CSF) 2.0 offers a taxonomy of high-level cybersecurity outcomes that can be used by any organization regardless of its size, sector, or maturity to better understand, assess, prioritize, and communicate its cybersecurity efforts. The framework's core functions are organized into six key areas: Govern (new), Identify, Protect, Detect, Respond, and Recover. Together, these functions provide a comprehensive lifecycle approach to managing cybersecurity risk.;350381001508;ca-central-1;2026-08-01 19:04:21.788096;ra_5;Threats, vulnerabilities, likelihoods, and impacts are used to determine risk.;Identify (ID);Risk Assessment (ID.RA);;aws;;PASS;EventBridge event bus default is not exposed to everyone.;arn:aws:events:ca-central-1:350381001508:event-bus/default;eventbridge_bus_exposed;False;default;NIST-CSF;National Institute of Standards and Technology (NIST) Cybersecurity Framework (CSF) v2.0;
aws;The NIST Cybersecurity Framework (CSF) 2.0 offers a taxonomy of high-level cybersecurity outcomes that can be used by any organization regardless of its size, sector, or maturity to better understand, assess, prioritize, and communicate its cybersecurity efforts. The framework's core functions are organized into six key areas: Govern (new), Identify, Protect, Detect, Respond, and Recover. Together, these functions provide a comprehensive lifecycle approach to managing cybersecurity risk.;350381001508;ca-central-1;2026-08-01 19:04:21.788096;ac_4;Access permissions and authorizations are managed, incorporating the principles of least privilege and separation of duties.;Protect (PR);Identity Management and Access Control (PR.AC);;aws;;PASS;EventBridge event bus default is not exposed to everyone.;arn:aws:events:ca-central-1:350381001508:event-bus/default;eventbridge_bus_exposed;False;default;NIST-CSF;National Institute of Standards and Technology (NIST) Cybersecurity Framework (CSF) v2.0;
aws;The NIST Cybersecurity Framework (CSF) 2.0 offers a taxonomy of high-level cybersecurity outcomes that can be used by any organization regardless of its size, sector, or maturity to better understand, assess, prioritize, and communicate its cybersecurity efforts. The framework's core functions are organized into six key areas: Govern (new), Identify, Protect, Detect, Respond, and Recover. Together, these functions provide a comprehensive lifecycle approach to managing cybersecurity risk.;350381001508;ca-central-1;2026-08-01 19:04:21.788096;dp_4;Event detection information is communicated.;Detect (DE);Detection Processes (DE.DP);;aws;;PASS;EventBridge event bus default is not exposed to everyone.;arn:aws:events:ca-central-1:350381001508:event-bus/default;eventbridge_bus_exposed;False;default;NIST-CSF;National Institute of Standards and Technology (NIST) Cybersecurity Framework (CSF) v2.0;
aws;The NIST Cybersecurity Framework (CSF) 2.0 offers a taxonomy of high-level cybersecurity outcomes that can be used by any organization regardless of its size, sector, or maturity to better understand, assess, prioritize, and communicate its cybersecurity efforts. The framework's core functions are organized into six key areas: Govern (new), Identify, Protect, Detect, Respond, and Recover. Together, these functions provide a comprehensive lifecycle approach to managing cybersecurity risk.;350381001508;eu-central-1;2026-08-01 19:04:21.788096;ra_5;Threats, vulnerabilities, likelihoods, and impacts are used to determine risk.;Identify (ID);Risk Assessment (ID.RA);;aws;;PASS;EventBridge event bus default is not exposed to everyone.;arn:aws:events:eu-central-1:350381001508:event-bus/default;eventbridge_bus_exposed;False;default;NIST-CSF;National Institute of Standards and Technology (NIST) Cybersecurity Framework (CSF) v2.0;
aws;The NIST Cybersecurity Framework (CSF) 2.0 offers a taxonomy of high-level cybersecurity outcomes that can be used by any organization regardless of its size, sector, or maturity to better understand, assess, prioritize, and communicate its cybersecurity efforts. The framework's core functions are organized into six key areas: Govern (new), Identify, Protect, Detect, Respond, and Recover. Together, these functions provide a comprehensive lifecycle approach to managing cybersecurity risk.;350381001508;eu-central-1;2026-08-01 19:04:21.788096;ac_4;Access permissions and authorizations are managed, incorporating the principles of least privilege and separation of duties.;Protect (PR);Identity Management and Access Control (PR.AC);;aws;;PASS;EventBridge event bus default is not exposed to everyone.;arn:aws:events:eu-central-1:350381001508:event-bus/default;eventbridge_bus_exposed;False;default;NIST-CSF;National Institute of Standards and Technology (NIST) Cybersecurity Framework (CSF) v2.0;
aws;The NIST Cybersecurity Framework (CSF) 2.0 offers a taxonomy of high-level cybersecurity outcomes that can be used by any organization regardless of its size, sector, or maturity to better understand, assess, prioritize, and communicate its cybersecurity efforts. The framework's core functions are organized into six key areas: Govern (new), Identify, Protect, Detect, Respond, and Recover. Together, these functions provide a comprehensive lifecycle approach to managing cybersecurity risk.;350381001508;eu-central-1;2026-08-01 19:04:21.788096;dp_4;Event detection information is communicated.;Detect (DE);Detection Processes (DE.DP);;aws;;PASS;EventBridge event bus default is not exposed to everyone.;arn:aws:events:eu-central-1:350381001508:event-bus/default;eventbridge_bus_exposed;False;default;NIST-CSF;National Institute of Standards and Technology (NIST) Cybersecurity Framework (CSF) v2.0;
aws;The NIST Cybersecurity Framework (CSF) 2.0 offers a taxonomy of high-level cybersecurity outcomes that can be used by any organization regardless of its size, sector, or maturity to better understand, assess, prioritize, and communicate its cybersecurity efforts. The framework's core functions are organized into six key areas: Govern (new), Identify, Protect, Detect, Respond, and Recover. Together, these functions provide a comprehensive lifecycle approach to managing cybersecurity risk.;350381001508;eu-north-1;2026-08-01 19:04:21.788096;ra_5;Threats, vulnerabilities, likelihoods, and impacts are used to determine risk.;Identify (ID);Risk Assessment (ID.RA);;aws;;PASS;EventBridge event bus default is not exposed to everyone.;arn:aws:events:eu-north-1:350381001508:event-bus/default;eventbridge_bus_exposed;False;default;NIST-CSF;National Institute of Standards and Technology (NIST) Cybersecurity Framework (CSF) v2.0;
aws;The NIST Cybersecurity Framework (CSF) 2.0 offers a taxonomy of high-level cybersecurity outcomes that can be used by any organization regardless of its size, sector, or maturity to better understand, assess, prioritize, and communicate its cybersecurity efforts. The framework's core functions are organized into six key areas: Govern (new), Identify, Protect, Detect, Respond, and Recover. Together, these functions provide a comprehensive lifecycle approach to managing cybersecurity risk.;350381001508;eu-north-1;2026-08-01 19:04:21.788096;ac_4;Access permissions and authorizations are managed, incorporating the principles of least privilege and separation of duties.;Protect (PR);Identity Management and Access Control (PR.AC);;aws;;PASS;EventBridge event bus default is not exposed to everyone.;arn:aws:events:eu-north-1:350381001508:event-bus/default;eventbridge_bus_exposed;False;default;NIST-CSF;National Institute of Standards and Technology (NIST) Cybersecurity Framework (CSF) v2.0;
aws;The NIST Cybersecurity Framework (CSF) 2.0 offers a taxonomy of high-level cybersecurity outcomes that can be used by any organization regardless of its size, sector, or maturity to better understand, assess, prioritize, and communicate its cybersecurity efforts. The framework's core functions are organized into six key areas: Govern (new), Identify, Protect, Detect, Respond, and Recover. Together, these functions provide a comprehensive lifecycle approach to managing cybersecurity risk.;350381001508;eu-north-1;2026-08-01 19:04:21.788096;dp_4;Event detection information is communicated.;Detect (DE);Detection Processes (DE.DP);;aws;;PASS;EventBridge event bus default is not exposed to everyone.;arn:aws:events:eu-north-1:350381001508:event-bus/default;eventbridge_bus_exposed;False;default;NIST-CSF;National Institute of Standards and Technology (NIST) Cybersecurity Framework (CSF) v2.0;
aws;The NIST Cybersecurity Framework (CSF) 2.0 offers a taxonomy of high-level cybersecurity outcomes that can be used by any organization regardless of its size, sector, or maturity to better understand, assess, prioritize, and communicate its cybersecurity efforts. The framework's core functions are organized into six key areas: Govern (new), Identify, Protect, Detect, Respond, and Recover. Together, these functions provide a comprehensive lifecycle approach to managing cybersecurity risk.;350381001508;eu-west-1;2026-08-01 19:04:21.788096;ra_5;Threats, vulnerabilities, likelihoods, and impacts are used to determine risk.;Identify (ID);Risk Assessment (ID.RA);;aws;;PASS;EventBridge event bus default is not exposed to everyone.;arn:aws:events:eu-west-1:350381001508:event-bus/default;eventbridge_bus_exposed;False;default;NIST-CSF;National Institute of Standards and Technology (NIST) Cybersecurity Framework (CSF) v2.0;
aws;The NIST Cybersecurity Framework (CSF) 2.0 offers a taxonomy of high-level cybersecurity outcomes that can be used by any organization regardless of its size, sector, or maturity to better understand, assess, prioritize, and communicate its cybersecurity efforts. The framework's core functions are organized into six key areas: Govern (new), Identify, Protect, Detect, Respond, and Recover. Together, these functions provide a comprehensive lifecycle approach to managing cybersecurity risk.;350381001508;eu-west-1;2026-08-01 19:04:21.788096;ac_4;Access permissions and authorizations are managed, incorporating the principles of least privilege and separation of duties.;Protect (PR);Identity Management and Access Control (PR.AC);;aws;;PASS;EventBridge event bus default is not exposed to everyone.;arn:aws:events:eu-west-1:350381001508:event-bus/default;eventbridge_bus_exposed;False;default;NIST-CSF;National Institute of Standards and Technology (NIST) Cybersecurity Framework (CSF) v2.0;
aws;The NIST Cybersecurity Framework (CSF) 2.0 offers a taxonomy of high-level cybersecurity outcomes that can be used by any organization regardless of its size, sector, or maturity to better understand, assess, prioritize, and communicate its cybersecurity efforts. The framework's core functions are organized into six key areas: Govern (new), Identify, Protect, Detect, Respond, and Recover. Together, these functions provide a comprehensive lifecycle approach to managing cybersecurity risk.;350381001508;eu-west-1;2026-08-01 19:04:21.788096;dp_4;Event detection information is communicated.;Detect (DE);Detection Processes (DE.DP);;aws;;PASS;EventBridge event bus default is not exposed to everyone.;arn:aws:events:eu-west-1:350381001508:event-bus/default;eventbridge_bus_exposed;False;default;NIST-CSF;National Institute of Standards and Technology (NIST) Cybersecurity Framework (CSF) v2.0;
aws;The NIST Cybersecurity Framework (CSF) 2.0 offers a taxonomy of high-level cybersecurity outcomes that can be used by any organization regardless of its size, sector, or maturity to better understand, assess, prioritize, and communicate its cybersecurity efforts. The framework's core functions are organized into six key areas: Govern (new), Identify, Protect, Detect, Respond, and Recover. Together, these functions provide a comprehensive lifecycle approach to managing cybersecurity risk.;350381001508;eu-west-2;2026-08-01 19:04:21.788096;ra_5;Threats, vulnerabilities, likelihoods, and impacts are used to determine risk.;Identify (ID);Risk Assessment (ID.RA);;aws;;PASS;EventBridge event bus default is not exposed to everyone.;arn:aws:events:eu-west-2:350381001508:event-bus/default;eventbridge_bus_exposed;False;default;NIST-CSF;National Institute of Standards and Technology (NIST) Cybersecurity Framework (CSF) v2.0;
aws;The NIST Cybersecurity Framework (CSF) 2.0 offers a taxonomy of high-level cybersecurity outcomes that can be used by any organization regardless of its size, sector, or maturity to better understand, assess, prioritize, and communicate its cybersecurity efforts. The framework's core functions are organized into six key areas: Govern (new), Identify, Protect, Detect, Respond, and Recover. Together, these functions provide a comprehensive lifecycle approach to managing cybersecurity risk.;350381001508;eu-west-2;2026-08-01 19:04:21.788096;ac_4;Access permissions and authorizations are managed, incorporating the principles of least privilege and separation of duties.;Protect (PR);Identity Management and Access Control (PR.AC);;aws;;PASS;EventBridge event bus default is not exposed to everyone.;arn:aws:events:eu-west-2:350381001508:event-bus/default;eventbridge_bus_exposed;False;default;NIST-CSF;National Institute of Standards and Technology (NIST) Cybersecurity Framework (CSF) v2.0;
aws;The NIST Cybersecurity Framework (CSF) 2.0 offers a taxonomy of high-level cybersecurity outcomes that can be used by any organization regardless of its size, sector, or maturity to better understand, assess, prioritize, and communicate its cybersecurity efforts. The framework's core functions are organized into six key areas: Govern (new), Identify, Protect, Detect, Respond, and Recover. Together, these functions provide a comprehensive lifecycle approach to managing cybersecurity risk.;350381001508;eu-west-2;2026-08-01 19:04:21.788096;dp_4;Event detection information is communicated.;Detect (DE);Detection Processes (DE.DP);;aws;;PASS;EventBridge event bus default is not exposed to everyone.;arn:aws:events:eu-west-2:350381001508:event-bus/default;eventbridge_bus_exposed;False;default;NIST-CSF;National Institute of Standards and Technology (NIST) Cybersecurity Framework (CSF) v2.0;
aws;The NIST Cybersecurity Framework (CSF) 2.0 offers a taxonomy of high-level cybersecurity outcomes that can be used by any organization regardless of its size, sector, or maturity to better understand, assess, prioritize, and communicate its cybersecurity efforts. The framework's core functions are organized into six key areas: Govern (new), Identify, Protect, Detect, Respond, and Recover. Together, these functions provide a comprehensive lifecycle approach to managing cybersecurity risk.;350381001508;eu-west-3;2026-08-01 19:04:21.788096;ra_5;Threats, vulnerabilities, likelihoods, and impacts are used to determine risk.;Identify (ID);Risk Assessment (ID.RA);;aws;;PASS;EventBridge event bus default is not exposed to everyone.;arn:aws:events:eu-west-3:350381001508:event-bus/default;eventbridge_bus_exposed;False;default;NIST-CSF;National Institute of Standards and Technology (NIST) Cybersecurity Framework (CSF) v2.0;
aws;The NIST Cybersecurity Framework (CSF) 2.0 offers a taxonomy of high-level cybersecurity outcomes that can be used by any organization regardless of its size, sector, or maturity to better understand, assess, prioritize, and communicate its cybersecurity efforts. The framework's core functions are organized into six key areas: Govern (new), Identify, Protect, Detect, Respond, and Recover. Together, these functions provide a comprehensive lifecycle approach to managing cybersecurity risk.;350381001508;eu-west-3;2026-08-01 19:04:21.788096;ac_4;Access permissions and authorizations are managed, incorporating the principles of least privilege and separation of duties.;Protect (PR);Identity Management and Access Control (PR.AC);;aws;;PASS;EventBridge event bus default is not exposed to everyone.;arn:aws:events:eu-west-3:350381001508:event-bus/default;eventbridge_bus_exposed;False;default;NIST-CSF;National Institute of Standards and Technology (NIST) Cybersecurity Framework (CSF) v2.0;
aws;The NIST Cybersecurity Framework (CSF) 2.0 offers a taxonomy of high-level cybersecurity outcomes that can be used by any organization regardless of its size, sector, or maturity to better understand, assess, prioritize, and communicate its cybersecurity efforts. The framework's core functions are organized into six key areas: Govern (new), Identify, Protect, Detect, Respond, and Recover. Together, these functions provide a comprehensive lifecycle approach to managing cybersecurity risk.;350381001508;eu-west-3;2026-08-01 19:04:21.788096;dp_4;Event detection information is communicated.;Detect (DE);Detection Processes (DE.DP);;aws;;PASS;EventBridge event bus default is not exposed to everyone.;arn:aws:events:eu-west-3:350381001508:event-bus/default;eventbridge_bus_exposed;False;default;NIST-CSF;National Institute of Standards and Technology (NIST) Cybersecurity Framework (CSF) v2.0;
aws;The NIST Cybersecurity Framework (CSF) 2.0 offers a taxonomy of high-level cybersecurity outcomes that can be used by any organization regardless of its size, sector, or maturity to better understand, assess, prioritize, and communicate its cybersecurity efforts. The framework's core functions are organized into six key areas: Govern (new), Identify, Protect, Detect, Respond, and Recover. Together, these functions provide a comprehensive lifecycle approach to managing cybersecurity risk.;350381001508;sa-east-1;2026-08-01 19:04:21.788096;ra_5;Threats, vulnerabilities, likelihoods, and impacts are used to determine risk.;Identify (ID);Risk Assessment (ID.RA);;aws;;PASS;EventBridge event bus default is not exposed to everyone.;arn:aws:events:sa-east-1:350381001508:event-bus/default;eventbridge_bus_exposed;False;default;NIST-CSF;National Institute of Standards and Technology (NIST) Cybersecurity Framework (CSF) v2.0;
aws;The NIST Cybersecurity Framework (CSF) 2.0 offers a taxonomy of high-level cybersecurity outcomes that can be used by any organization regardless of its size, sector, or maturity to better understand, assess, prioritize, and communicate its cybersecurity efforts. The framework's core functions are organized into six key areas: Govern (new), Identify, Protect, Detect, Respond, and Recover. Together, these functions provide a comprehensive lifecycle approach to managing cybersecurity risk.;350381001508;sa-east-1;2026-08-01 19:04:21.788096;ac_4;Access permissions and authorizations are managed, incorporating the principles of least privilege and separation of duties.;Protect (PR);Identity Management and Access Control (PR.AC);;aws;;PASS;EventBridge event bus default is not exposed to everyone.;arn:aws:events:sa-east-1:350381001508:event-bus/default;eventbridge_bus_exposed;False;default;NIST-CSF;National Institute of Standards and Technology (NIST) Cybersecurity Framework (CSF) v2.0;
aws;The NIST Cybersecurity Framework (CSF) 2.0 offers a taxonomy of high-level cybersecurity outcomes that can be used by any organization regardless of its size, sector, or maturity to better understand, assess, prioritize, and communicate its cybersecurity efforts. The framework's core functions are organized into six key areas: Govern (new), Identify, Protect, Detect, Respond, and Recover. Together, these functions provide a comprehensive lifecycle approach to managing cybersecurity risk.;350381001508;sa-east-1;2026-08-01 19:04:21.788096;dp_4;Event detection information is communicated.;Detect (DE);Detection Processes (DE.DP);;aws;;PASS;EventBridge event bus default is not exposed to everyone.;arn:aws:events:sa-east-1:350381001508:event-bus/default;eventbridge_bus_exposed;False;default;NIST-CSF;National Institute of Standards and Technology (NIST) Cybersecurity Framework (CSF) v2.0;
aws;The NIST Cybersecurity Framework (CSF) 2.0 offers a taxonomy of high-level cybersecurity outcomes that can be used by any organization regardless of its size, sector, or maturity to better understand, assess, prioritize, and communicate its cybersecurity efforts. The framework's core functions are organized into six key areas: Govern (new), Identify, Protect, Detect, Respond, and Recover. Together, these functions provide a comprehensive lifecycle approach to managing cybersecurity risk.;350381001508;us-east-1;2026-08-01 19:04:21.788096;ra_5;Threats, vulnerabilities, likelihoods, and impacts are used to determine risk.;Identify (ID);Risk Assessment (ID.RA);;aws;;PASS;EventBridge event bus default is not exposed to everyone.;arn:aws:events:us-east-1:350381001508:event-bus/default;eventbridge_bus_exposed;False;default;NIST-CSF;National Institute of Standards and Technology (NIST) Cybersecurity Framework (CSF) v2.0;
aws;The NIST Cybersecurity Framework (CSF) 2.0 offers a taxonomy of high-level cybersecurity outcomes that can be used by any organization regardless of its size, sector, or maturity to better understand, assess, prioritize, and communicate its cybersecurity efforts. The framework's core functions are organized into six key areas: Govern (new), Identify, Protect, Detect, Respond, and Recover. Together, these functions provide a comprehensive lifecycle approach to managing cybersecurity risk.;350381001508;us-east-1;2026-08-01 19:04:21.788096;ac_4;Access permissions and authorizations are managed, incorporating the principles of least privilege and separation of duties.;Protect (PR);Identity Management and Access Control (PR.AC);;aws;;PASS;EventBridge event bus default is not exposed to everyone.;arn:aws:events:us-east-1:350381001508:event-bus/default;eventbridge_bus_exposed;False;default;NIST-CSF;National Institute of Standards and Technology (NIST) Cybersecurity Framework (CSF) v2.0;
aws;The NIST Cybersecurity Framework (CSF) 2.0 offers a taxonomy of high-level cybersecurity outcomes that can be used by any organization regardless of its size, sector, or maturity to better understand, assess, prioritize, and communicate its cybersecurity efforts. The framework's core functions are organized into six key areas: Govern (new), Identify, Protect, Detect, Respond, and Recover. Together, these functions provide a comprehensive lifecycle approach to managing cybersecurity risk.;350381001508;us-east-1;2026-08-01 19:04:21.788096;dp_4;Event detection information is communicated.;Detect (DE);Detection Processes (DE.DP);;aws;;PASS;EventBridge event bus default is not exposed to everyone.;arn:aws:events:us-east-1:350381001508:event-bus/default;eventbridge_bus_exposed;False;default;NIST-CSF;National Institute of Standards and Technology (NIST) Cybersecurity Framework (CSF) v2.0;
aws;The NIST Cybersecurity Framework (CSF) 2.0 offers a taxonomy of high-level cybersecurity outcomes that can be used by any organization regardless of its size, sector, or maturity to better understand, assess, prioritize, and communicate its cybersecurity efforts. The framework's core functions are organized into six key areas: Govern (new), Identify, Protect, Detect, Respond, and Recover. Together, these functions provide a comprehensive lifecycle approach to managing cybersecurity risk.;350381001508;us-east-2;2026-08-01 19:04:21.788096;ra_5;Threats, vulnerabilities, likelihoods, and impacts are used to determine risk.;Identify (ID);Risk Assessment (ID.RA);;aws;;PASS;EventBridge event bus default is not exposed to everyone.;arn:aws:events:us-east-2:350381001508:event-bus/default;eventbridge_bus_exposed;False;default;NIST-CSF;National Institute of Standards and Technology (NIST) Cybersecurity Framework (CSF) v2.0;
aws;The NIST Cybersecurity Framework (CSF) 2.0 offers a taxonomy of high-level cybersecurity outcomes that can be used by any organization regardless of its size, sector, or maturity to better understand, assess, prioritize, and communicate its cybersecurity efforts. The framework's core functions are organized into six key areas: Govern (new), Identify, Protect, Detect, Respond, and Recover. Together, these functions provide a comprehensive lifecycle approach to managing cybersecurity risk.;350381001508;us-east-2;2026-08-01 19:04:21.788096;ac_4;Access permissions and authorizations are managed, incorporating the principles of least privilege and separation of duties.;Protect (PR);Identity Management and Access Control (PR.AC);;aws;;PASS;EventBridge event bus default is not exposed to everyone.;arn:aws:events:us-east-2:350381001508:event-bus/default;eventbridge_bus_exposed;False;default;NIST-CSF;National Institute of Standards and Technology (NIST) Cybersecurity Framework (CSF) v2.0;
aws;The NIST Cybersecurity Framework (CSF) 2.0 offers a taxonomy of high-level cybersecurity outcomes that can be used by any organization regardless of its size, sector, or maturity to better understand, assess, prioritize, and communicate its cybersecurity efforts. The framework's core functions are organized into six key areas: Govern (new), Identify, Protect, Detect, Respond, and Recover. Together, these functions provide a comprehensive lifecycle approach to managing cybersecurity risk.;350381001508;us-east-2;2026-08-01 19:04:21.788096;dp_4;Event detection information is communicated.;Detect (DE);Detection Processes (DE.DP);;aws;;PASS;EventBridge event bus default is not exposed to everyone.;arn:aws:events:us-east-2:350381001508:event-bus/default;eventbridge_bus_exposed;False;default;NIST-CSF;National Institute of Standards and Technology (NIST) Cybersecurity Framework (CSF) v2.0;
aws;The NIST Cybersecurity Framework (CSF) 2.0 offers a taxonomy of high-level cybersecurity outcomes that can be used by any organization regardless of its size, sector, or maturity to better understand, assess, prioritize, and communicate its cybersecurity efforts. The framework's core functions are organized into six key areas: Govern (new), Identify, Protect, Detect, Respond, and Recover. Together, these functions provide a comprehensive lifecycle approach to managing cybersecurity risk.;350381001508;us-west-1;2026-08-01 19:04:21.788096;ra_5;Threats, vulnerabilities, likelihoods, and impacts are used to determine risk.;Identify (ID);Risk Assessment (ID.RA);;aws;;PASS;EventBridge event bus default is not exposed to everyone.;arn:aws:events:us-west-1:350381001508:event-bus/default;eventbridge_bus_exposed;False;default;NIST-CSF;National Institute of Standards and Technology (NIST) Cybersecurity Framework (CSF) v2.0;
aws;The NIST Cybersecurity Framework (CSF) 2.0 offers a taxonomy of high-level cybersecurity outcomes that can be used by any organization regardless of its size, sector, or maturity to better understand, assess, prioritize, and communicate its cybersecurity efforts. The framework's core functions are organized into six key areas: Govern (new), Identify, Protect, Detect, Respond, and Recover. Together, these functions provide a comprehensive lifecycle approach to managing cybersecurity risk.;350381001508;us-west-1;2026-08-01 19:04:21.788096;ac_4;Access permissions and authorizations are managed, incorporating the principles of least privilege and separation of duties.;Protect (PR);Identity Management and Access Control (PR.AC);;aws;;PASS;EventBridge event bus default is not exposed to everyone.;arn:aws:events:us-west-1:350381001508:event-bus/default;eventbridge_bus_exposed;False;default;NIST-CSF;National Institute of Standards and Technology (NIST) Cybersecurity Framework (CSF) v2.0;
aws;The NIST Cybersecurity Framework (CSF) 2.0 offers a taxonomy of high-level cybersecurity outcomes that can be used by any organization regardless of its size, sector, or maturity to better understand, assess, prioritize, and communicate its cybersecurity efforts. The framework's core functions are organized into six key areas: Govern (new), Identify, Protect, Detect, Respond, and Recover. Together, these functions provide a comprehensive lifecycle approach to managing cybersecurity risk.;350381001508;us-west-1;2026-08-01 19:04:21.788096;dp_4;Event detection information is communicated.;Detect (DE);Detection Processes (DE.DP);;aws;;PASS;EventBridge event bus default is not exposed to everyone.;arn:aws:events:us-west-1:350381001508:event-bus/default;eventbridge_bus_exposed;False;default;NIST-CSF;National Institute of Standards and Technology (NIST) Cybersecurity Framework (CSF) v2.0;
aws;The NIST Cybersecurity Framework (CSF) 2.0 offers a taxonomy of high-level cybersecurity outcomes that can be used by any organization regardless of its size, sector, or maturity to better understand, assess, prioritize, and communicate its cybersecurity efforts. The framework's core functions are organized into six key areas: Govern (new), Identify, Protect, Detect, Respond, and Recover. Together, these functions provide a comprehensive lifecycle approach to managing cybersecurity risk.;350381001508;us-west-2;2026-08-01 19:04:21.788096;ra_5;Threats, vulnerabilities, likelihoods, and impacts are used to determine risk.;Identify (ID);Risk Assessment (ID.RA);;aws;;PASS;EventBridge event bus default is not exposed to everyone.;arn:aws:events:us-west-2:350381001508:event-bus/default;eventbridge_bus_exposed;False;default;NIST-CSF;National Institute of Standards and Technology (NIST) Cybersecurity Framework (CSF) v2.0;
aws;The NIST Cybersecurity Framework (CSF) 2.0 offers a taxonomy of high-level cybersecurity outcomes that can be used by any organization regardless of its size, sector, or maturity to better understand, assess, prioritize, and communicate its cybersecurity efforts. The framework's core functions are organized into six key areas: Govern (new), Identify, Protect, Detect, Respond, and Recover. Together, these functions provide a comprehensive lifecycle approach to managing cybersecurity risk.;350381001508;us-west-2;2026-08-01 19:04:21.788096;ac_4;Access permissions and authorizations are managed, incorporating the principles of least privilege and separation of duties.;Protect (PR);Identity Management and Access Control (PR.AC);;aws;;PASS;EventBridge event bus default is not exposed to everyone.;arn:aws:events:us-west-2:350381001508:event-bus/default;eventbridge_bus_exposed;False;default;NIST-CSF;National Institute of Standards and Technology (NIST) Cybersecurity Framework (CSF) v2.0;
aws;The NIST Cybersecurity Framework (CSF) 2.0 offers a taxonomy of high-level cybersecurity outcomes that can be used by any organization regardless of its size, sector, or maturity to better understand, assess, prioritize, and communicate its cybersecurity efforts. The framework's core functions are organized into six key areas: Govern (new), Identify, Protect, Detect, Respond, and Recover. Together, these functions provide a comprehensive lifecycle approach to managing cybersecurity risk.;350381001508;us-west-2;2026-08-01 19:04:21.788096;dp_4;Event detection information is communicated.;Detect (DE);Detection Processes (DE.DP);;aws;;PASS;EventBridge event bus default is not exposed to everyone.;arn:aws:events:us-west-2:350381001508:event-bus/default;eventbridge_bus_exposed;False;default;NIST-CSF;National Institute of Standards and Technology (NIST) Cybersecurity Framework (CSF) v2.0;
aws;The NIST Cybersecurity Framework (CSF) 2.0 offers a taxonomy of high-level cybersecurity outcomes that can be used by any organization regardless of its size, sector, or maturity to better understand, assess, prioritize, and communicate its cybersecurity efforts. The framework's core functions are organized into six key areas: Govern (new), Identify, Protect, Detect, Respond, and Recover. Together, these functions provide a comprehensive lifecycle approach to managing cybersecurity risk.;350381001508;us-east-1;2026-08-01 19:04:21.788096;rr_1;Cybersecurity roles and responsibilities are coordinated and aligned with internal roles and external partners.;Govern (GV);Roles, Responsibilities, and Authorities (GV.RR);;iam;;PASS;Group Admin-group provides non-administrative access.;arn:aws:iam::350381001508:group/Admin-group;iam_administrator_access_with_mfa;False;Admin-group;NIST-CSF;National Institute of Standards and Technology (NIST) Cybersecurity Framework (CSF) v2.0;
aws;The NIST Cybersecurity Framework (CSF) 2.0 offers a taxonomy of high-level cybersecurity outcomes that can be used by any organization regardless of its size, sector, or maturity to better understand, assess, prioritize, and communicate its cybersecurity efforts. The framework's core functions are organized into six key areas: Govern (new), Identify, Protect, Detect, Respond, and Recover. Together, these functions provide a comprehensive lifecycle approach to managing cybersecurity risk.;350381001508;us-east-1;2026-08-01 19:04:21.788096;ac_4;Access permissions and authorizations are managed, incorporating the principles of least privilege and separation of duties.;Protect (PR);Identity Management and Access Control (PR.AC);;aws;;PASS;Group Admin-group provides non-administrative access.;arn:aws:iam::350381001508:group/Admin-group;iam_administrator_access_with_mfa;False;Admin-group;NIST-CSF;National Institute of Standards and Technology (NIST) Cybersecurity Framework (CSF) v2.0;
aws;The NIST Cybersecurity Framework (CSF) 2.0 offers a taxonomy of high-level cybersecurity outcomes that can be used by any organization regardless of its size, sector, or maturity to better understand, assess, prioritize, and communicate its cybersecurity efforts. The framework's core functions are organized into six key areas: Govern (new), Identify, Protect, Detect, Respond, and Recover. Together, these functions provide a comprehensive lifecycle approach to managing cybersecurity risk.;350381001508;us-east-1;2026-08-01 19:04:21.788096;ip_1;A baseline configuration of information technology/industrial control systems is created and maintained incorporating security principles (e.g. concept of least functionality).;Protect (PR);Information Protection Processes and Procedures (PR.IP);;aws;;PASS;Group Admin-group provides non-administrative access.;arn:aws:iam::350381001508:group/Admin-group;iam_administrator_access_with_mfa;False;Admin-group;NIST-CSF;National Institute of Standards and Technology (NIST) Cybersecurity Framework (CSF) v2.0;
aws;The NIST Cybersecurity Framework (CSF) 2.0 offers a taxonomy of high-level cybersecurity outcomes that can be used by any organization regardless of its size, sector, or maturity to better understand, assess, prioritize, and communicate its cybersecurity efforts. The framework's core functions are organized into six key areas: Govern (new), Identify, Protect, Detect, Respond, and Recover. Together, these functions provide a comprehensive lifecycle approach to managing cybersecurity risk.;350381001508;us-east-1;2026-08-01 19:04:21.788096;rr_1;Cybersecurity roles and responsibilities are coordinated and aligned with internal roles and external partners.;Govern (GV);Roles, Responsibilities, and Authorities (GV.RR);;iam;;PASS;Group scanner-group provides non-administrative access.;arn:aws:iam::350381001508:group/scanner-group;iam_administrator_access_with_mfa;False;scanner-group;NIST-CSF;National Institute of Standards and Technology (NIST) Cybersecurity Framework (CSF) v2.0;
aws;The NIST Cybersecurity Framework (CSF) 2.0 offers a taxonomy of high-level cybersecurity outcomes that can be used by any organization regardless of its size, sector, or maturity to better understand, assess, prioritize, and communicate its cybersecurity efforts. The framework's core functions are organized into six key areas: Govern (new), Identify, Protect, Detect, Respond, and Recover. Together, these functions provide a comprehensive lifecycle approach to managing cybersecurity risk.;350381001508;us-east-1;2026-08-01 19:04:21.788096;ac_4;Access permissions and authorizations are managed, incorporating the principles of least privilege and separation of duties.;Protect (PR);Identity Management and Access Control (PR.AC);;aws;;PASS;Group scanner-group provides non-administrative access.;arn:aws:iam::350381001508:group/scanner-group;iam_administrator_access_with_mfa;False;scanner-group;NIST-CSF;National Institute of Standards and Technology (NIST) Cybersecurity Framework (CSF) v2.0;
aws;The NIST Cybersecurity Framework (CSF) 2.0 offers a taxonomy of high-level cybersecurity outcomes that can be used by any organization regardless of its size, sector, or maturity to better understand, assess, prioritize, and communicate its cybersecurity efforts. The framework's core functions are organized into six key areas: Govern (new), Identify, Protect, Detect, Respond, and Recover. Together, these functions provide a comprehensive lifecycle approach to managing cybersecurity risk.;350381001508;us-east-1;2026-08-01 19:04:21.788096;ip_1;A baseline configuration of information technology/industrial control systems is created and maintained incorporating security principles (e.g. concept of least functionality).;Protect (PR);Information Protection Processes and Procedures (PR.IP);;aws;;PASS;Group scanner-group provides non-administrative access.;arn:aws:iam::350381001508:group/scanner-group;iam_administrator_access_with_mfa;False;scanner-group;NIST-CSF;National Institute of Standards and Technology (NIST) Cybersecurity Framework (CSF) v2.0;
aws;The NIST Cybersecurity Framework (CSF) 2.0 offers a taxonomy of high-level cybersecurity outcomes that can be used by any organization regardless of its size, sector, or maturity to better understand, assess, prioritize, and communicate its cybersecurity efforts. The framework's core functions are organized into six key areas: Govern (new), Identify, Protect, Detect, Respond, and Recover. Together, these functions provide a comprehensive lifecycle approach to managing cybersecurity risk.;350381001508;us-east-1;2026-08-01 19:04:21.788096;rr_1;Cybersecurity roles and responsibilities are coordinated and aligned with internal roles and external partners.;Govern (GV);Roles, Responsibilities, and Authorities (GV.RR);;iam;;FAIL;Group weak-admin-group provides administrator access to User test-user with MFA disabled.;arn:aws:iam::350381001508:group/weak-admin-group;iam_administrator_access_with_mfa;False;weak-admin-group;NIST-CSF;National Institute of Standards and Technology (NIST) Cybersecurity Framework (CSF) v2.0;
aws;The NIST Cybersecurity Framework (CSF) 2.0 offers a taxonomy of high-level cybersecurity outcomes that can be used by any organization regardless of its size, sector, or maturity to better understand, assess, prioritize, and communicate its cybersecurity efforts. The framework's core functions are organized into six key areas: Govern (new), Identify, Protect, Detect, Respond, and Recover. Together, these functions provide a comprehensive lifecycle approach to managing cybersecurity risk.;350381001508;us-east-1;2026-08-01 19:04:21.788096;ac_4;Access permissions and authorizations are managed, incorporating the principles of least privilege and separation of duties.;Protect (PR);Identity Management and Access Control (PR.AC);;aws;;FAIL;Group weak-admin-group provides administrator access to User test-user with MFA disabled.;arn:aws:iam::350381001508:group/weak-admin-group;iam_administrator_access_with_mfa;False;weak-admin-group;NIST-CSF;National Institute of Standards and Technology (NIST) Cybersecurity Framework (CSF) v2.0;
aws;The NIST Cybersecurity Framework (CSF) 2.0 offers a taxonomy of high-level cybersecurity outcomes that can be used by any organization regardless of its size, sector, or maturity to better understand, assess, prioritize, and communicate its cybersecurity efforts. The framework's core functions are organized into six key areas: Govern (new), Identify, Protect, Detect, Respond, and Recover. Together, these functions provide a comprehensive lifecycle approach to managing cybersecurity risk.;350381001508;us-east-1;2026-08-01 19:04:21.788096;ip_1;A baseline configuration of information technology/industrial control systems is created and maintained incorporating security principles (e.g. concept of least functionality).;Protect (PR);Information Protection Processes and Procedures (PR.IP);;aws;;FAIL;Group weak-admin-group provides administrator access to User test-user with MFA disabled.;arn:aws:iam::350381001508:group/weak-admin-group;iam_administrator_access_with_mfa;False;weak-admin-group;NIST-CSF;National Institute of Standards and Technology (NIST) Cybersecurity Framework (CSF) v2.0;
aws;The NIST Cybersecurity Framework (CSF) 2.0 offers a taxonomy of high-level cybersecurity outcomes that can be used by any organization regardless of its size, sector, or maturity to better understand, assess, prioritize, and communicate its cybersecurity efforts. The framework's core functions are organized into six key areas: Govern (new), Identify, Protect, Detect, Respond, and Recover. Together, these functions provide a comprehensive lifecycle approach to managing cybersecurity risk.;350381001508;us-east-1;2026-08-01 19:04:21.788096;rr_1;Cybersecurity roles and responsibilities are coordinated and aligned with internal roles and external partners.;Govern (GV);Roles, Responsibilities, and Authorities (GV.RR);;iam;;PASS;AWS policy AWSTrustedAdvisorServiceRolePolicy is attached but does not allow '*:*' administrative privileges.;arn:aws:iam::aws:policy/aws-service-role/AWSTrustedAdvisorServiceRolePolicy;iam_aws_attached_policy_no_administrative_privileges;False;AWSTrustedAdvisorServiceRolePolicy;NIST-CSF;National Institute of Standards and Technology (NIST) Cybersecurity Framework (CSF) v2.0;
aws;The NIST Cybersecurity Framework (CSF) 2.0 offers a taxonomy of high-level cybersecurity outcomes that can be used by any organization regardless of its size, sector, or maturity to better understand, assess, prioritize, and communicate its cybersecurity efforts. The framework's core functions are organized into six key areas: Govern (new), Identify, Protect, Detect, Respond, and Recover. Together, these functions provide a comprehensive lifecycle approach to managing cybersecurity risk.;350381001508;us-east-1;2026-08-01 19:04:21.788096;rr_2;Cybersecurity responsibilities are established and communicated.;Govern (GV);Roles, Responsibilities, and Authorities (GV.RR);;iam;;PASS;AWS policy AWSTrustedAdvisorServiceRolePolicy is attached but does not allow '*:*' administrative privileges.;arn:aws:iam::aws:policy/aws-service-role/AWSTrustedAdvisorServiceRolePolicy;iam_aws_attached_policy_no_administrative_privileges;False;AWSTrustedAdvisorServiceRolePolicy;NIST-CSF;National Institute of Standards and Technology (NIST) Cybersecurity Framework (CSF) v2.0;
aws;The NIST Cybersecurity Framework (CSF) 2.0 offers a taxonomy of high-level cybersecurity outcomes that can be used by any organization regardless of its size, sector, or maturity to better understand, assess, prioritize, and communicate its cybersecurity efforts. The framework's core functions are organized into six key areas: Govern (new), Identify, Protect, Detect, Respond, and Recover. Together, these functions provide a comprehensive lifecycle approach to managing cybersecurity risk.;350381001508;us-east-1;2026-08-01 19:04:21.788096;po_1;Cybersecurity policy is established, communicated, and enforced.;Govern (GV);Policies, Processes, and Procedures (GV.PO);;aws;;PASS;AWS policy AWSTrustedAdvisorServiceRolePolicy is attached but does not allow '*:*' administrative privileges.;arn:aws:iam::aws:policy/aws-service-role/AWSTrustedAdvisorServiceRolePolicy;iam_aws_attached_policy_no_administrative_privileges;False;AWSTrustedAdvisorServiceRolePolicy;NIST-CSF;National Institute of Standards and Technology (NIST) Cybersecurity Framework (CSF) v2.0;
aws;The NIST Cybersecurity Framework (CSF) 2.0 offers a taxonomy of high-level cybersecurity outcomes that can be used by any organization regardless of its size, sector, or maturity to better understand, assess, prioritize, and communicate its cybersecurity efforts. The framework's core functions are organized into six key areas: Govern (new), Identify, Protect, Detect, Respond, and Recover. Together, these functions provide a comprehensive lifecycle approach to managing cybersecurity risk.;350381001508;us-east-1;2026-08-01 19:04:21.788096;ac_1;Identities and credentials are issued, managed, verified, revoked, and audited for authorized devices, users and processes.;Protect (PR);Identity Management and Access Control (PR.AC);;aws;;PASS;AWS policy AWSTrustedAdvisorServiceRolePolicy is attached but does not allow '*:*' administrative privileges.;arn:aws:iam::aws:policy/aws-service-role/AWSTrustedAdvisorServiceRolePolicy;iam_aws_attached_policy_no_administrative_privileges;False;AWSTrustedAdvisorServiceRolePolicy;NIST-CSF;National Institute of Standards and Technology (NIST) Cybersecurity Framework (CSF) v2.0;
aws;The NIST Cybersecurity Framework (CSF) 2.0 offers a taxonomy of high-level cybersecurity outcomes that can be used by any organization regardless of its size, sector, or maturity to better understand, assess, prioritize, and communicate its cybersecurity efforts. The framework's core functions are organized into six key areas: Govern (new), Identify, Protect, Detect, Respond, and Recover. Together, these functions provide a comprehensive lifecycle approach to managing cybersecurity risk.;350381001508;us-east-1;2026-08-01 19:04:21.788096;rr_1;Cybersecurity roles and responsibilities are coordinated and aligned with internal roles and external partners.;Govern (GV);Roles, Responsibilities, and Authorities (GV.RR);;iam;;FAIL;AWS policy AdministratorAccess is attached and allows '*:*' administrative privileges.;arn:aws:iam::aws:policy/AdministratorAccess;iam_aws_attached_policy_no_administrative_privileges;False;AdministratorAccess;NIST-CSF;National Institute of Standards and Technology (NIST) Cybersecurity Framework (CSF) v2.0;
aws;The NIST Cybersecurity Framework (CSF) 2.0 offers a taxonomy of high-level cybersecurity outcomes that can be used by any organization regardless of its size, sector, or maturity to better understand, assess, prioritize, and communicate its cybersecurity efforts. The framework's core functions are organized into six key areas: Govern (new), Identify, Protect, Detect, Respond, and Recover. Together, these functions provide a comprehensive lifecycle approach to managing cybersecurity risk.;350381001508;us-east-1;2026-08-01 19:04:21.788096;rr_2;Cybersecurity responsibilities are established and communicated.;Govern (GV);Roles, Responsibilities, and Authorities (GV.RR);;iam;;FAIL;AWS policy AdministratorAccess is attached and allows '*:*' administrative privileges.;arn:aws:iam::aws:policy/AdministratorAccess;iam_aws_attached_policy_no_administrative_privileges;False;AdministratorAccess;NIST-CSF;National Institute of Standards and Technology (NIST) Cybersecurity Framework (CSF) v2.0;
aws;The NIST Cybersecurity Framework (CSF) 2.0 offers a taxonomy of high-level cybersecurity outcomes that can be used by any organization regardless of its size, sector, or maturity to better understand, assess, prioritize, and communicate its cybersecurity efforts. The framework's core functions are organized into six key areas: Govern (new), Identify, Protect, Detect, Respond, and Recover. Together, these functions provide a comprehensive lifecycle approach to managing cybersecurity risk.;350381001508;us-east-1;2026-08-01 19:04:21.788096;po_1;Cybersecurity policy is established, communicated, and enforced.;Govern (GV);Policies, Processes, and Procedures (GV.PO);;aws;;FAIL;AWS policy AdministratorAccess is attached and allows '*:*' administrative privileges.;arn:aws:iam::aws:policy/AdministratorAccess;iam_aws_attached_policy_no_administrative_privileges;False;AdministratorAccess;NIST-CSF;National Institute of Standards and Technology (NIST) Cybersecurity Framework (CSF) v2.0;
aws;The NIST Cybersecurity Framework (CSF) 2.0 offers a taxonomy of high-level cybersecurity outcomes that can be used by any organization regardless of its size, sector, or maturity to better understand, assess, prioritize, and communicate its cybersecurity efforts. The framework's core functions are organized into six key areas: Govern (new), Identify, Protect, Detect, Respond, and Recover. Together, these functions provide a comprehensive lifecycle approach to managing cybersecurity risk.;350381001508;us-east-1;2026-08-01 19:04:21.788096;ac_1;Identities and credentials are issued, managed, verified, revoked, and audited for authorized devices, users and processes.;Protect (PR);Identity Management and Access Control (PR.AC);;aws;;FAIL;AWS policy AdministratorAccess is attached and allows '*:*' administrative privileges.;arn:aws:iam::aws:policy/AdministratorAccess;iam_aws_attached_policy_no_administrative_privileges;False;AdministratorAccess;NIST-CSF;National Institute of Standards and Technology (NIST) Cybersecurity Framework (CSF) v2.0;
aws;The NIST Cybersecurity Framework (CSF) 2.0 offers a taxonomy of high-level cybersecurity outcomes that can be used by any organization regardless of its size, sector, or maturity to better understand, assess, prioritize, and communicate its cybersecurity efforts. The framework's core functions are organized into six key areas: Govern (new), Identify, Protect, Detect, Respond, and Recover. Together, these functions provide a comprehensive lifecycle approach to managing cybersecurity risk.;350381001508;us-east-1;2026-08-01 19:04:21.788096;rr_1;Cybersecurity roles and responsibilities are coordinated and aligned with internal roles and external partners.;Govern (GV);Roles, Responsibilities, and Authorities (GV.RR);;iam;;PASS;AWS policy AWSSupportServiceRolePolicy is attached but does not allow '*:*' administrative privileges.;arn:aws:iam::aws:policy/aws-service-role/AWSSupportServiceRolePolicy;iam_aws_attached_policy_no_administrative_privileges;False;AWSSupportServiceRolePolicy;NIST-CSF;National Institute of Standards and Technology (NIST) Cybersecurity Framework (CSF) v2.0;
aws;The NIST Cybersecurity Framework (CSF) 2.0 offers a taxonomy of high-level cybersecurity outcomes that can be used by any organization regardless of its size, sector, or maturity to better understand, assess, prioritize, and communicate its cybersecurity efforts. The framework's core functions are organized into six key areas: Govern (new), Identify, Protect, Detect, Respond, and Recover. Together, these functions provide a comprehensive lifecycle approach to managing cybersecurity risk.;350381001508;us-east-1;2026-08-01 19:04:21.788096;rr_2;Cybersecurity responsibilities are established and communicated.;Govern (GV);Roles, Responsibilities, and Authorities (GV.RR);;iam;;PASS;AWS policy AWSSupportServiceRolePolicy is attached but does not allow '*:*' administrative privileges.;arn:aws:iam::aws:policy/aws-service-role/AWSSupportServiceRolePolicy;iam_aws_attached_policy_no_administrative_privileges;False;AWSSupportServiceRolePolicy;NIST-CSF;National Institute of Standards and Technology (NIST) Cybersecurity Framework (CSF) v2.0;
aws;The NIST Cybersecurity Framework (CSF) 2.0 offers a taxonomy of high-level cybersecurity outcomes that can be used by any organization regardless of its size, sector, or maturity to better understand, assess, prioritize, and communicate its cybersecurity efforts. The framework's core functions are organized into six key areas: Govern (new), Identify, Protect, Detect, Respond, and Recover. Together, these functions provide a comprehensive lifecycle approach to managing cybersecurity risk.;350381001508;us-east-1;2026-08-01 19:04:21.788096;po_1;Cybersecurity policy is established, communicated, and enforced.;Govern (GV);Policies, Processes, and Procedures (GV.PO);;aws;;PASS;AWS policy AWSSupportServiceRolePolicy is attached but does not allow '*:*' administrative privileges.;arn:aws:iam::aws:policy/aws-service-role/AWSSupportServiceRolePolicy;iam_aws_attached_policy_no_administrative_privileges;False;AWSSupportServiceRolePolicy;NIST-CSF;National Institute of Standards and Technology (NIST) Cybersecurity Framework (CSF) v2.0;
aws;The NIST Cybersecurity Framework (CSF) 2.0 offers a taxonomy of high-level cybersecurity outcomes that can be used by any organization regardless of its size, sector, or maturity to better understand, assess, prioritize, and communicate its cybersecurity efforts. The framework's core functions are organized into six key areas: Govern (new), Identify, Protect, Detect, Respond, and Recover. Together, these functions provide a comprehensive lifecycle approach to managing cybersecurity risk.;350381001508;us-east-1;2026-08-01 19:04:21.788096;ac_1;Identities and credentials are issued, managed, verified, revoked, and audited for authorized devices, users and processes.;Protect (PR);Identity Management and Access Control (PR.AC);;aws;;PASS;AWS policy AWSSupportServiceRolePolicy is attached but does not allow '*:*' administrative privileges.;arn:aws:iam::aws:policy/aws-service-role/AWSSupportServiceRolePolicy;iam_aws_attached_policy_no_administrative_privileges;False;AWSSupportServiceRolePolicy;NIST-CSF;National Institute of Standards and Technology (NIST) Cybersecurity Framework (CSF) v2.0;
aws;The NIST Cybersecurity Framework (CSF) 2.0 offers a taxonomy of high-level cybersecurity outcomes that can be used by any organization regardless of its size, sector, or maturity to better understand, assess, prioritize, and communicate its cybersecurity efforts. The framework's core functions are organized into six key areas: Govern (new), Identify, Protect, Detect, Respond, and Recover. Together, these functions provide a comprehensive lifecycle approach to managing cybersecurity risk.;350381001508;us-east-1;2026-08-01 19:04:21.788096;rr_1;Cybersecurity roles and responsibilities are coordinated and aligned with internal roles and external partners.;Govern (GV);Roles, Responsibilities, and Authorities (GV.RR);;iam;;PASS;AWS policy ReadOnlyAccess is attached but does not allow '*:*' administrative privileges.;arn:aws:iam::aws:policy/ReadOnlyAccess;iam_aws_attached_policy_no_administrative_privileges;False;ReadOnlyAccess;NIST-CSF;National Institute of Standards and Technology (NIST) Cybersecurity Framework (CSF) v2.0;
aws;The NIST Cybersecurity Framework (CSF) 2.0 offers a taxonomy of high-level cybersecurity outcomes that can be used by any organization regardless of its size, sector, or maturity to better understand, assess, prioritize, and communicate its cybersecurity efforts. The framework's core functions are organized into six key areas: Govern (new), Identify, Protect, Detect, Respond, and Recover. Together, these functions provide a comprehensive lifecycle approach to managing cybersecurity risk.;350381001508;us-east-1;2026-08-01 19:04:21.788096;rr_2;Cybersecurity responsibilities are established and communicated.;Govern (GV);Roles, Responsibilities, and Authorities (GV.RR);;iam;;PASS;AWS policy ReadOnlyAccess is attached but does not allow '*:*' administrative privileges.;arn:aws:iam::aws:policy/ReadOnlyAccess;iam_aws_attached_policy_no_administrative_privileges;False;ReadOnlyAccess;NIST-CSF;National Institute of Standards and Technology (NIST) Cybersecurity Framework (CSF) v2.0;
aws;The NIST Cybersecurity Framework (CSF) 2.0 offers a taxonomy of high-level cybersecurity outcomes that can be used by any organization regardless of its size, sector, or maturity to better understand, assess, prioritize, and communicate its cybersecurity efforts. The framework's core functions are organized into six key areas: Govern (new), Identify, Protect, Detect, Respond, and Recover. Together, these functions provide a comprehensive lifecycle approach to managing cybersecurity risk.;350381001508;us-east-1;2026-08-01 19:04:21.788096;po_1;Cybersecurity policy is established, communicated, and enforced.;Govern (GV);Policies, Processes, and Procedures (GV.PO);;aws;;PASS;AWS policy ReadOnlyAccess is attached but does not allow '*:*' administrative privileges.;arn:aws:iam::aws:policy/ReadOnlyAccess;iam_aws_attached_policy_no_administrative_privileges;False;ReadOnlyAccess;NIST-CSF;National Institute of Standards and Technology (NIST) Cybersecurity Framework (CSF) v2.0;
aws;The NIST Cybersecurity Framework (CSF) 2.0 offers a taxonomy of high-level cybersecurity outcomes that can be used by any organization regardless of its size, sector, or maturity to better understand, assess, prioritize, and communicate its cybersecurity efforts. The framework's core functions are organized into six key areas: Govern (new), Identify, Protect, Detect, Respond, and Recover. Together, these functions provide a comprehensive lifecycle approach to managing cybersecurity risk.;350381001508;us-east-1;2026-08-01 19:04:21.788096;ac_1;Identities and credentials are issued, managed, verified, revoked, and audited for authorized devices, users and processes.;Protect (PR);Identity Management and Access Control (PR.AC);;aws;;PASS;AWS policy ReadOnlyAccess is attached but does not allow '*:*' administrative privileges.;arn:aws:iam::aws:policy/ReadOnlyAccess;iam_aws_attached_policy_no_administrative_privileges;False;ReadOnlyAccess;NIST-CSF;National Institute of Standards and Technology (NIST) Cybersecurity Framework (CSF) v2.0;
aws;The NIST Cybersecurity Framework (CSF) 2.0 offers a taxonomy of high-level cybersecurity outcomes that can be used by any organization regardless of its size, sector, or maturity to better understand, assess, prioritize, and communicate its cybersecurity efforts. The framework's core functions are organized into six key areas: Govern (new), Identify, Protect, Detect, Respond, and Recover. Together, these functions provide a comprehensive lifecycle approach to managing cybersecurity risk.;350381001508;us-east-1;2026-08-01 19:04:21.788096;rr_1;Cybersecurity roles and responsibilities are coordinated and aligned with internal roles and external partners.;Govern (GV);Roles, Responsibilities, and Authorities (GV.RR);;iam;;PASS;AWS policy IAMUserChangePassword is attached but does not allow '*:*' administrative privileges.;arn:aws:iam::aws:policy/IAMUserChangePassword;iam_aws_attached_policy_no_administrative_privileges;False;IAMUserChangePassword;NIST-CSF;National Institute of Standards and Technology (NIST) Cybersecurity Framework (CSF) v2.0;
aws;The NIST Cybersecurity Framework (CSF) 2.0 offers a taxonomy of high-level cybersecurity outcomes that can be used by any organization regardless of its size, sector, or maturity to better understand, assess, prioritize, and communicate its cybersecurity efforts. The framework's core functions are organized into six key areas: Govern (new), Identify, Protect, Detect, Respond, and Recover. Together, these functions provide a comprehensive lifecycle approach to managing cybersecurity risk.;350381001508;us-east-1;2026-08-01 19:04:21.788096;rr_2;Cybersecurity responsibilities are established and communicated.;Govern (GV);Roles, Responsibilities, and Authorities (GV.RR);;iam;;PASS;AWS policy IAMUserChangePassword is attached but does not allow '*:*' administrative privileges.;arn:aws:iam::aws:policy/IAMUserChangePassword;iam_aws_attached_policy_no_administrative_privileges;False;IAMUserChangePassword;NIST-CSF;National Institute of Standards and Technology (NIST) Cybersecurity Framework (CSF) v2.0;
aws;The NIST Cybersecurity Framework (CSF) 2.0 offers a taxonomy of high-level cybersecurity outcomes that can be used by any organization regardless of its size, sector, or maturity to better understand, assess, prioritize, and communicate its cybersecurity efforts. The framework's core functions are organized into six key areas: Govern (new), Identify, Protect, Detect, Respond, and Recover. Together, these functions provide a comprehensive lifecycle approach to managing cybersecurity risk.;350381001508;us-east-1;2026-08-01 19:04:21.788096;po_1;Cybersecurity policy is established, communicated, and enforced.;Govern (GV);Policies, Processes, and Procedures (GV.PO);;aws;;PASS;AWS policy IAMUserChangePassword is attached but does not allow '*:*' administrative privileges.;arn:aws:iam::aws:policy/IAMUserChangePassword;iam_aws_attached_policy_no_administrative_privileges;False;IAMUserChangePassword;NIST-CSF;National Institute of Standards and Technology (NIST) Cybersecurity Framework (CSF) v2.0;
aws;The NIST Cybersecurity Framework (CSF) 2.0 offers a taxonomy of high-level cybersecurity outcomes that can be used by any organization regardless of its size, sector, or maturity to better understand, assess, prioritize, and communicate its cybersecurity efforts. The framework's core functions are organized into six key areas: Govern (new), Identify, Protect, Detect, Respond, and Recover. Together, these functions provide a comprehensive lifecycle approach to managing cybersecurity risk.;350381001508;us-east-1;2026-08-01 19:04:21.788096;ac_1;Identities and credentials are issued, managed, verified, revoked, and audited for authorized devices, users and processes.;Protect (PR);Identity Management and Access Control (PR.AC);;aws;;PASS;AWS policy IAMUserChangePassword is attached but does not allow '*:*' administrative privileges.;arn:aws:iam::aws:policy/IAMUserChangePassword;iam_aws_attached_policy_no_administrative_privileges;False;IAMUserChangePassword;NIST-CSF;National Institute of Standards and Technology (NIST) Cybersecurity Framework (CSF) v2.0;
aws;The NIST Cybersecurity Framework (CSF) 2.0 offers a taxonomy of high-level cybersecurity outcomes that can be used by any organization regardless of its size, sector, or maturity to better understand, assess, prioritize, and communicate its cybersecurity efforts. The framework's core functions are organized into six key areas: Govern (new), Identify, Protect, Detect, Respond, and Recover. Together, these functions provide a comprehensive lifecycle approach to managing cybersecurity risk.;350381001508;us-east-1;2026-08-01 19:04:21.788096;rr_1;Cybersecurity roles and responsibilities are coordinated and aligned with internal roles and external partners.;Govern (GV);Roles, Responsibilities, and Authorities (GV.RR);;iam;;PASS;AWS policy AWSResourceExplorerServiceRolePolicy is attached but does not allow '*:*' administrative privileges.;arn:aws:iam::aws:policy/aws-service-role/AWSResourceExplorerServiceRolePolicy;iam_aws_attached_policy_no_administrative_privileges;False;AWSResourceExplorerServiceRolePolicy;NIST-CSF;National Institute of Standards and Technology (NIST) Cybersecurity Framework (CSF) v2.0;
aws;The NIST Cybersecurity Framework (CSF) 2.0 offers a taxonomy of high-level cybersecurity outcomes that can be used by any organization regardless of its size, sector, or maturity to better understand, assess, prioritize, and communicate its cybersecurity efforts. The framework's core functions are organized into six key areas: Govern (new), Identify, Protect, Detect, Respond, and Recover. Together, these functions provide a comprehensive lifecycle approach to managing cybersecurity risk.;350381001508;us-east-1;2026-08-01 19:04:21.788096;rr_2;Cybersecurity responsibilities are established and communicated.;Govern (GV);Roles, Responsibilities, and Authorities (GV.RR);;iam;;PASS;AWS policy AWSResourceExplorerServiceRolePolicy is attached but does not allow '*:*' administrative privileges.;arn:aws:iam::aws:policy/aws-service-role/AWSResourceExplorerServiceRolePolicy;iam_aws_attached_policy_no_administrative_privileges;False;AWSResourceExplorerServiceRolePolicy;NIST-CSF;National Institute of Standards and Technology (NIST) Cybersecurity Framework (CSF) v2.0;
aws;The NIST Cybersecurity Framework (CSF) 2.0 offers a taxonomy of high-level cybersecurity outcomes that can be used by any organization regardless of its size, sector, or maturity to better understand, assess, prioritize, and communicate its cybersecurity efforts. The framework's core functions are organized into six key areas: Govern (new), Identify, Protect, Detect, Respond, and Recover. Together, these functions provide a comprehensive lifecycle approach to managing cybersecurity risk.;350381001508;us-east-1;2026-08-01 19:04:21.788096;po_1;Cybersecurity policy is established, communicated, and enforced.;Govern (GV);Policies, Processes, and Procedures (GV.PO);;aws;;PASS;AWS policy AWSResourceExplorerServiceRolePolicy is attached but does not allow '*:*' administrative privileges.;arn:aws:iam::aws:policy/aws-service-role/AWSResourceExplorerServiceRolePolicy;iam_aws_attached_policy_no_administrative_privileges;False;AWSResourceExplorerServiceRolePolicy;NIST-CSF;National Institute of Standards and Technology (NIST) Cybersecurity Framework (CSF) v2.0;
aws;The NIST Cybersecurity Framework (CSF) 2.0 offers a taxonomy of high-level cybersecurity outcomes that can be used by any organization regardless of its size, sector, or maturity to better understand, assess, prioritize, and communicate its cybersecurity efforts. The framework's core functions are organized into six key areas: Govern (new), Identify, Protect, Detect, Respond, and Recover. Together, these functions provide a comprehensive lifecycle approach to managing cybersecurity risk.;350381001508;us-east-1;2026-08-01 19:04:21.788096;ac_1;Identities and credentials are issued, managed, verified, revoked, and audited for authorized devices, users and processes.;Protect (PR);Identity Management and Access Control (PR.AC);;aws;;PASS;AWS policy AWSResourceExplorerServiceRolePolicy is attached but does not allow '*:*' administrative privileges.;arn:aws:iam::aws:policy/aws-service-role/AWSResourceExplorerServiceRolePolicy;iam_aws_attached_policy_no_administrative_privileges;False;AWSResourceExplorerServiceRolePolicy;NIST-CSF;National Institute of Standards and Technology (NIST) Cybersecurity Framework (CSF) v2.0;
aws;The NIST Cybersecurity Framework (CSF) 2.0 offers a taxonomy of high-level cybersecurity outcomes that can be used by any organization regardless of its size, sector, or maturity to better understand, assess, prioritize, and communicate its cybersecurity efforts. The framework's core functions are organized into six key areas: Govern (new), Identify, Protect, Detect, Respond, and Recover. Together, these functions provide a comprehensive lifecycle approach to managing cybersecurity risk.;350381001508;us-east-1;2026-08-01 19:04:21.788096;ac_7;Users, devices, and other assets are authenticated (e.g., single-factor, multi-factor) commensurate with the risk of the transaction (e.g., individuals' security and privacy risks and other organizational risks).;Protect (PR);Identity Management and Access Control (PR.AC);;iam;;FAIL;No SAML Providers found.;arn:aws:iam::350381001508:root;iam_check_saml_providers_sts;False;350381001508;NIST-CSF;National Institute of Standards and Technology (NIST) Cybersecurity Framework (CSF) v2.0;
aws;The NIST Cybersecurity Framework (CSF) 2.0 offers a taxonomy of high-level cybersecurity outcomes that can be used by any organization regardless of its size, sector, or maturity to better understand, assess, prioritize, and communicate its cybersecurity efforts. The framework's core functions are organized into six key areas: Govern (new), Identify, Protect, Detect, Respond, and Recover. Together, these functions provide a comprehensive lifecycle approach to managing cybersecurity risk.;350381001508;us-east-1;2026-08-01 19:04:21.788096;rr_1;Cybersecurity roles and responsibilities are coordinated and aligned with internal roles and external partners.;Govern (GV);Roles, Responsibilities, and Authorities (GV.RR);;iam;;FAIL;IAM Group Admin-group has AdministratorAccess policy attached.;arn:aws:iam::350381001508:group/Admin-group;iam_group_administrator_access_policy;False;Admin-group;NIST-CSF;National Institute of Standards and Technology (NIST) Cybersecurity Framework (CSF) v2.0;
aws;The NIST Cybersecurity Framework (CSF) 2.0 offers a taxonomy of high-level cybersecurity outcomes that can be used by any organization regardless of its size, sector, or maturity to better understand, assess, prioritize, and communicate its cybersecurity efforts. The framework's core functions are organized into six key areas: Govern (new), Identify, Protect, Detect, Respond, and Recover. Together, these functions provide a comprehensive lifecycle approach to managing cybersecurity risk.;350381001508;us-east-1;2026-08-01 19:04:21.788096;rr_2;Cybersecurity responsibilities are established and communicated.;Govern (GV);Roles, Responsibilities, and Authorities (GV.RR);;iam;;FAIL;IAM Group Admin-group has AdministratorAccess policy attached.;arn:aws:iam::350381001508:group/Admin-group;iam_group_administrator_access_policy;False;Admin-group;NIST-CSF;National Institute of Standards and Technology (NIST) Cybersecurity Framework (CSF) v2.0;
aws;The NIST Cybersecurity Framework (CSF) 2.0 offers a taxonomy of high-level cybersecurity outcomes that can be used by any organization regardless of its size, sector, or maturity to better understand, assess, prioritize, and communicate its cybersecurity efforts. The framework's core functions are organized into six key areas: Govern (new), Identify, Protect, Detect, Respond, and Recover. Together, these functions provide a comprehensive lifecycle approach to managing cybersecurity risk.;350381001508;us-east-1;2026-08-01 19:04:21.788096;po_1;Cybersecurity policy is established, communicated, and enforced.;Govern (GV);Policies, Processes, and Procedures (GV.PO);;aws;;FAIL;IAM Group Admin-group has AdministratorAccess policy attached.;arn:aws:iam::350381001508:group/Admin-group;iam_group_administrator_access_policy;False;Admin-group;NIST-CSF;National Institute of Standards and Technology (NIST) Cybersecurity Framework (CSF) v2.0;
aws;The NIST Cybersecurity Framework (CSF) 2.0 offers a taxonomy of high-level cybersecurity outcomes that can be used by any organization regardless of its size, sector, or maturity to better understand, assess, prioritize, and communicate its cybersecurity efforts. The framework's core functions are organized into six key areas: Govern (new), Identify, Protect, Detect, Respond, and Recover. Together, these functions provide a comprehensive lifecycle approach to managing cybersecurity risk.;350381001508;us-east-1;2026-08-01 19:04:21.788096;am_6;Cybersecurity roles and responsibilities for the entire workforce and third-party stakeholders (e.g., suppliers, customers, partners) are established.;Identify (ID);Asset Management (ID.AM);;iam;;FAIL;IAM Group Admin-group has AdministratorAccess policy attached.;arn:aws:iam::350381001508:group/Admin-group;iam_group_administrator_access_policy;False;Admin-group;NIST-CSF;National Institute of Standards and Technology (NIST) Cybersecurity Framework (CSF) v2.0;
aws;The NIST Cybersecurity Framework (CSF) 2.0 offers a taxonomy of high-level cybersecurity outcomes that can be used by any organization regardless of its size, sector, or maturity to better understand, assess, prioritize, and communicate its cybersecurity efforts. The framework's core functions are organized into six key areas: Govern (new), Identify, Protect, Detect, Respond, and Recover. Together, these functions provide a comprehensive lifecycle approach to managing cybersecurity risk.;350381001508;us-east-1;2026-08-01 19:04:21.788096;ac_1;Identities and credentials are issued, managed, verified, revoked, and audited for authorized devices, users and processes.;Protect (PR);Identity Management and Access Control (PR.AC);;aws;;FAIL;IAM Group Admin-group has AdministratorAccess policy attached.;arn:aws:iam::350381001508:group/Admin-group;iam_group_administrator_access_policy;False;Admin-group;NIST-CSF;National Institute of Standards and Technology (NIST) Cybersecurity Framework (CSF) v2.0;
aws;The NIST Cybersecurity Framework (CSF) 2.0 offers a taxonomy of high-level cybersecurity outcomes that can be used by any organization regardless of its size, sector, or maturity to better understand, assess, prioritize, and communicate its cybersecurity efforts. The framework's core functions are organized into six key areas: Govern (new), Identify, Protect, Detect, Respond, and Recover. Together, these functions provide a comprehensive lifecycle approach to managing cybersecurity risk.;350381001508;us-east-1;2026-08-01 19:04:21.788096;ac_4;Access permissions and authorizations are managed, incorporating the principles of least privilege and separation of duties.;Protect (PR);Identity Management and Access Control (PR.AC);;aws;;FAIL;IAM Group Admin-group has AdministratorAccess policy attached.;arn:aws:iam::350381001508:group/Admin-group;iam_group_administrator_access_policy;False;Admin-group;NIST-CSF;National Institute of Standards and Technology (NIST) Cybersecurity Framework (CSF) v2.0;
aws;The NIST Cybersecurity Framework (CSF) 2.0 offers a taxonomy of high-level cybersecurity outcomes that can be used by any organization regardless of its size, sector, or maturity to better understand, assess, prioritize, and communicate its cybersecurity efforts. The framework's core functions are organized into six key areas: Govern (new), Identify, Protect, Detect, Respond, and Recover. Together, these functions provide a comprehensive lifecycle approach to managing cybersecurity risk.;350381001508;us-east-1;2026-08-01 19:04:21.788096;ac_6;Identities are proofed and bound to credentials and asserted in interactions.;Protect (PR);Identity Management and Access Control (PR.AC);;aws;;FAIL;IAM Group Admin-group has AdministratorAccess policy attached.;arn:aws:iam::350381001508:group/Admin-group;iam_group_administrator_access_policy;False;Admin-group;NIST-CSF;National Institute of Standards and Technology (NIST) Cybersecurity Framework (CSF) v2.0;
aws;The NIST Cybersecurity Framework (CSF) 2.0 offers a taxonomy of high-level cybersecurity outcomes that can be used by any organization regardless of its size, sector, or maturity to better understand, assess, prioritize, and communicate its cybersecurity efforts. The framework's core functions are organized into six key areas: Govern (new), Identify, Protect, Detect, Respond, and Recover. Together, these functions provide a comprehensive lifecycle approach to managing cybersecurity risk.;350381001508;us-east-1;2026-08-01 19:04:21.788096;rr_1;Cybersecurity roles and responsibilities are coordinated and aligned with internal roles and external partners.;Govern (GV);Roles, Responsibilities, and Authorities (GV.RR);;iam;;PASS;IAM Group scanner-group does not have AdministratorAccess policy.;arn:aws:iam::350381001508:group/scanner-group;iam_group_administrator_access_policy;False;scanner-group;NIST-CSF;National Institute of Standards and Technology (NIST) Cybersecurity Framework (CSF) v2.0;
aws;The NIST Cybersecurity Framework (CSF) 2.0 offers a taxonomy of high-level cybersecurity outcomes that can be used by any organization regardless of its size, sector, or maturity to better understand, assess, prioritize, and communicate its cybersecurity efforts. The framework's core functions are organized into six key areas: Govern (new), Identify, Protect, Detect, Respond, and Recover. Together, these functions provide a comprehensive lifecycle approach to managing cybersecurity risk.;350381001508;us-east-1;2026-08-01 19:04:21.788096;rr_2;Cybersecurity responsibilities are established and communicated.;Govern (GV);Roles, Responsibilities, and Authorities (GV.RR);;iam;;PASS;IAM Group scanner-group does not have AdministratorAccess policy.;arn:aws:iam::350381001508:group/scanner-group;iam_group_administrator_access_policy;False;scanner-group;NIST-CSF;National Institute of Standards and Technology (NIST) Cybersecurity Framework (CSF) v2.0;
aws;The NIST Cybersecurity Framework (CSF) 2.0 offers a taxonomy of high-level cybersecurity outcomes that can be used by any organization regardless of its size, sector, or maturity to better understand, assess, prioritize, and communicate its cybersecurity efforts. The framework's core functions are organized into six key areas: Govern (new), Identify, Protect, Detect, Respond, and Recover. Together, these functions provide a comprehensive lifecycle approach to managing cybersecurity risk.;350381001508;us-east-1;2026-08-01 19:04:21.788096;po_1;Cybersecurity policy is established, communicated, and enforced.;Govern (GV);Policies, Processes, and Procedures (GV.PO);;aws;;PASS;IAM Group scanner-group does not have AdministratorAccess policy.;arn:aws:iam::350381001508:group/scanner-group;iam_group_administrator_access_policy;False;scanner-group;NIST-CSF;National Institute of Standards and Technology (NIST) Cybersecurity Framework (CSF) v2.0;
aws;The NIST Cybersecurity Framework (CSF) 2.0 offers a taxonomy of high-level cybersecurity outcomes that can be used by any organization regardless of its size, sector, or maturity to better understand, assess, prioritize, and communicate its cybersecurity efforts. The framework's core functions are organized into six key areas: Govern (new), Identify, Protect, Detect, Respond, and Recover. Together, these functions provide a comprehensive lifecycle approach to managing cybersecurity risk.;350381001508;us-east-1;2026-08-01 19:04:21.788096;am_6;Cybersecurity roles and responsibilities for the entire workforce and third-party stakeholders (e.g., suppliers, customers, partners) are established.;Identify (ID);Asset Management (ID.AM);;iam;;PASS;IAM Group scanner-group does not have AdministratorAccess policy.;arn:aws:iam::350381001508:group/scanner-group;iam_group_administrator_access_policy;False;scanner-group;NIST-CSF;National Institute of Standards and Technology (NIST) Cybersecurity Framework (CSF) v2.0;
aws;The NIST Cybersecurity Framework (CSF) 2.0 offers a taxonomy of high-level cybersecurity outcomes that can be used by any organization regardless of its size, sector, or maturity to better understand, assess, prioritize, and communicate its cybersecurity efforts. The framework's core functions are organized into six key areas: Govern (new), Identify, Protect, Detect, Respond, and Recover. Together, these functions provide a comprehensive lifecycle approach to managing cybersecurity risk.;350381001508;us-east-1;2026-08-01 19:04:21.788096;ac_1;Identities and credentials are issued, managed, verified, revoked, and audited for authorized devices, users and processes.;Protect (PR);Identity Management and Access Control (PR.AC);;aws;;PASS;IAM Group scanner-group does not have AdministratorAccess policy.;arn:aws:iam::350381001508:group/scanner-group;iam_group_administrator_access_policy;False;scanner-group;NIST-CSF;National Institute of Standards and Technology (NIST) Cybersecurity Framework (CSF) v2.0;
aws;The NIST Cybersecurity Framework (CSF) 2.0 offers a taxonomy of high-level cybersecurity outcomes that can be used by any organization regardless of its size, sector, or maturity to better understand, assess, prioritize, and communicate its cybersecurity efforts. The framework's core functions are organized into six key areas: Govern (new), Identify, Protect, Detect, Respond, and Recover. Together, these functions provide a comprehensive lifecycle approach to managing cybersecurity risk.;350381001508;us-east-1;2026-08-01 19:04:21.788096;ac_4;Access permissions and authorizations are managed, incorporating the principles of least privilege and separation of duties.;Protect (PR);Identity Management and Access Control (PR.AC);;aws;;PASS;IAM Group scanner-group does not have AdministratorAccess policy.;arn:aws:iam::350381001508:group/scanner-group;iam_group_administrator_access_policy;False;scanner-group;NIST-CSF;National Institute of Standards and Technology (NIST) Cybersecurity Framework (CSF) v2.0;
aws;The NIST Cybersecurity Framework (CSF) 2.0 offers a taxonomy of high-level cybersecurity outcomes that can be used by any organization regardless of its size, sector, or maturity to better understand, assess, prioritize, and communicate its cybersecurity efforts. The framework's core functions are organized into six key areas: Govern (new), Identify, Protect, Detect, Respond, and Recover. Together, these functions provide a comprehensive lifecycle approach to managing cybersecurity risk.;350381001508;us-east-1;2026-08-01 19:04:21.788096;ac_6;Identities are proofed and bound to credentials and asserted in interactions.;Protect (PR);Identity Management and Access Control (PR.AC);;aws;;PASS;IAM Group scanner-group does not have AdministratorAccess policy.;arn:aws:iam::350381001508:group/scanner-group;iam_group_administrator_access_policy;False;scanner-group;NIST-CSF;National Institute of Standards and Technology (NIST) Cybersecurity Framework (CSF) v2.0;
aws;The NIST Cybersecurity Framework (CSF) 2.0 offers a taxonomy of high-level cybersecurity outcomes that can be used by any organization regardless of its size, sector, or maturity to better understand, assess, prioritize, and communicate its cybersecurity efforts. The framework's core functions are organized into six key areas: Govern (new), Identify, Protect, Detect, Respond, and Recover. Together, these functions provide a comprehensive lifecycle approach to managing cybersecurity risk.;350381001508;us-east-1;2026-08-01 19:04:21.788096;rr_1;Cybersecurity roles and responsibilities are coordinated and aligned with internal roles and external partners.;Govern (GV);Roles, Responsibilities, and Authorities (GV.RR);;iam;;FAIL;IAM Group weak-admin-group has AdministratorAccess policy attached.;arn:aws:iam::350381001508:group/weak-admin-group;iam_group_administrator_access_policy;False;weak-admin-group;NIST-CSF;National Institute of Standards and Technology (NIST) Cybersecurity Framework (CSF) v2.0;
aws;The NIST Cybersecurity Framework (CSF) 2.0 offers a taxonomy of high-level cybersecurity outcomes that can be used by any organization regardless of its size, sector, or maturity to better understand, assess, prioritize, and communicate its cybersecurity efforts. The framework's core functions are organized into six key areas: Govern (new), Identify, Protect, Detect, Respond, and Recover. Together, these functions provide a comprehensive lifecycle approach to managing cybersecurity risk.;350381001508;us-east-1;2026-08-01 19:04:21.788096;rr_2;Cybersecurity responsibilities are established and communicated.;Govern (GV);Roles, Responsibilities, and Authorities (GV.RR);;iam;;FAIL;IAM Group weak-admin-group has AdministratorAccess policy attached.;arn:aws:iam::350381001508:group/weak-admin-group;iam_group_administrator_access_policy;False;weak-admin-group;NIST-CSF;National Institute of Standards and Technology (NIST) Cybersecurity Framework (CSF) v2.0;
aws;The NIST Cybersecurity Framework (CSF) 2.0 offers a taxonomy of high-level cybersecurity outcomes that can be used by any organization regardless of its size, sector, or maturity to better understand, assess, prioritize, and communicate its cybersecurity efforts. The framework's core functions are organized into six key areas: Govern (new), Identify, Protect, Detect, Respond, and Recover. Together, these functions provide a comprehensive lifecycle approach to managing cybersecurity risk.;350381001508;us-east-1;2026-08-01 19:04:21.788096;po_1;Cybersecurity policy is established, communicated, and enforced.;Govern (GV);Policies, Processes, and Procedures (GV.PO);;aws;;FAIL;IAM Group weak-admin-group has AdministratorAccess policy attached.;arn:aws:iam::350381001508:group/weak-admin-group;iam_group_administrator_access_policy;False;weak-admin-group;NIST-CSF;National Institute of Standards and Technology (NIST) Cybersecurity Framework (CSF) v2.0;
aws;The NIST Cybersecurity Framework (CSF) 2.0 offers a taxonomy of high-level cybersecurity outcomes that can be used by any organization regardless of its size, sector, or maturity to better understand, assess, prioritize, and communicate its cybersecurity efforts. The framework's core functions are organized into six key areas: Govern (new), Identify, Protect, Detect, Respond, and Recover. Together, these functions provide a comprehensive lifecycle approach to managing cybersecurity risk.;350381001508;us-east-1;2026-08-01 19:04:21.788096;am_6;Cybersecurity roles and responsibilities for the entire workforce and third-party stakeholders (e.g., suppliers, customers, partners) are established.;Identify (ID);Asset Management (ID.AM);;iam;;FAIL;IAM Group weak-admin-group has AdministratorAccess policy attached.;arn:aws:iam::350381001508:group/weak-admin-group;iam_group_administrator_access_policy;False;weak-admin-group;NIST-CSF;National Institute of Standards and Technology (NIST) Cybersecurity Framework (CSF) v2.0;
aws;The NIST Cybersecurity Framework (CSF) 2.0 offers a taxonomy of high-level cybersecurity outcomes that can be used by any organization regardless of its size, sector, or maturity to better understand, assess, prioritize, and communicate its cybersecurity efforts. The framework's core functions are organized into six key areas: Govern (new), Identify, Protect, Detect, Respond, and Recover. Together, these functions provide a comprehensive lifecycle approach to managing cybersecurity risk.;350381001508;us-east-1;2026-08-01 19:04:21.788096;ac_1;Identities and credentials are issued, managed, verified, revoked, and audited for authorized devices, users and processes.;Protect (PR);Identity Management and Access Control (PR.AC);;aws;;FAIL;IAM Group weak-admin-group has AdministratorAccess policy attached.;arn:aws:iam::350381001508:group/weak-admin-group;iam_group_administrator_access_policy;False;weak-admin-group;NIST-CSF;National Institute of Standards and Technology (NIST) Cybersecurity Framework (CSF) v2.0;
aws;The NIST Cybersecurity Framework (CSF) 2.0 offers a taxonomy of high-level cybersecurity outcomes that can be used by any organization regardless of its size, sector, or maturity to better understand, assess, prioritize, and communicate its cybersecurity efforts. The framework's core functions are organized into six key areas: Govern (new), Identify, Protect, Detect, Respond, and Recover. Together, these functions provide a comprehensive lifecycle approach to managing cybersecurity risk.;350381001508;us-east-1;2026-08-01 19:04:21.788096;ac_4;Access permissions and authorizations are managed, incorporating the principles of least privilege and separation of duties.;Protect (PR);Identity Management and Access Control (PR.AC);;aws;;FAIL;IAM Group weak-admin-group has AdministratorAccess policy attached.;arn:aws:iam::350381001508:group/weak-admin-group;iam_group_administrator_access_policy;False;weak-admin-group;NIST-CSF;National Institute of Standards and Technology (NIST) Cybersecurity Framework (CSF) v2.0;
aws;The NIST Cybersecurity Framework (CSF) 2.0 offers a taxonomy of high-level cybersecurity outcomes that can be used by any organization regardless of its size, sector, or maturity to better understand, assess, prioritize, and communicate its cybersecurity efforts. The framework's core functions are organized into six key areas: Govern (new), Identify, Protect, Detect, Respond, and Recover. Together, these functions provide a comprehensive lifecycle approach to managing cybersecurity risk.;350381001508;us-east-1;2026-08-01 19:04:21.788096;ac_6;Identities are proofed and bound to credentials and asserted in interactions.;Protect (PR);Identity Management and Access Control (PR.AC);;aws;;FAIL;IAM Group weak-admin-group has AdministratorAccess policy attached.;arn:aws:iam::350381001508:group/weak-admin-group;iam_group_administrator_access_policy;False;weak-admin-group;NIST-CSF;National Institute of Standards and Technology (NIST) Cybersecurity Framework (CSF) v2.0;
aws;The NIST Cybersecurity Framework (CSF) 2.0 offers a taxonomy of high-level cybersecurity outcomes that can be used by any organization regardless of its size, sector, or maturity to better understand, assess, prioritize, and communicate its cybersecurity efforts. The framework's core functions are organized into six key areas: Govern (new), Identify, Protect, Detect, Respond, and Recover. Together, these functions provide a comprehensive lifecycle approach to managing cybersecurity risk.;350381001508;us-east-1;2026-08-01 19:04:21.788096;ac_1;Identities and credentials are issued, managed, verified, revoked, and audited for authorized devices, users and processes.;Protect (PR);Identity Management and Access Control (PR.AC);;aws;;PASS;Root account does not have access keys.;arn:aws:iam::350381001508:root;iam_no_root_access_key;False;<root_account>;NIST-CSF;National Institute of Standards and Technology (NIST) Cybersecurity Framework (CSF) v2.0;
aws;The NIST Cybersecurity Framework (CSF) 2.0 offers a taxonomy of high-level cybersecurity outcomes that can be used by any organization regardless of its size, sector, or maturity to better understand, assess, prioritize, and communicate its cybersecurity efforts. The framework's core functions are organized into six key areas: Govern (new), Identify, Protect, Detect, Respond, and Recover. Together, these functions provide a comprehensive lifecycle approach to managing cybersecurity risk.;350381001508;us-east-1;2026-08-01 19:04:21.788096;ac_6;Identities are proofed and bound to credentials and asserted in interactions.;Protect (PR);Identity Management and Access Control (PR.AC);;aws;;PASS;Root account does not have access keys.;arn:aws:iam::350381001508:root;iam_no_root_access_key;False;<root_account>;NIST-CSF;National Institute of Standards and Technology (NIST) Cybersecurity Framework (CSF) v2.0;
aws;The NIST Cybersecurity Framework (CSF) 2.0 offers a taxonomy of high-level cybersecurity outcomes that can be used by any organization regardless of its size, sector, or maturity to better understand, assess, prioritize, and communicate its cybersecurity efforts. The framework's core functions are organized into six key areas: Govern (new), Identify, Protect, Detect, Respond, and Recover. Together, these functions provide a comprehensive lifecycle approach to managing cybersecurity risk.;350381001508;us-east-1;2026-08-01 19:04:21.788096;rr_1;Cybersecurity roles and responsibilities are coordinated and aligned with internal roles and external partners.;Govern (GV);Roles, Responsibilities, and Authorities (GV.RR);;iam;;FAIL;User research-admin has the policy IAMUserChangePassword attached.;arn:aws:iam::350381001508:user/research-admin;iam_policy_attached_only_to_group_or_roles;False;research-admin/IAMUserChangePassword;NIST-CSF;National Institute of Standards and Technology (NIST) Cybersecurity Framework (CSF) v2.0;
aws;The NIST Cybersecurity Framework (CSF) 2.0 offers a taxonomy of high-level cybersecurity outcomes that can be used by any organization regardless of its size, sector, or maturity to better understand, assess, prioritize, and communicate its cybersecurity efforts. The framework's core functions are organized into six key areas: Govern (new), Identify, Protect, Detect, Respond, and Recover. Together, these functions provide a comprehensive lifecycle approach to managing cybersecurity risk.;350381001508;us-east-1;2026-08-01 19:04:21.788096;rr_2;Cybersecurity responsibilities are established and communicated.;Govern (GV);Roles, Responsibilities, and Authorities (GV.RR);;iam;;FAIL;User research-admin has the policy IAMUserChangePassword attached.;arn:aws:iam::350381001508:user/research-admin;iam_policy_attached_only_to_group_or_roles;False;research-admin/IAMUserChangePassword;NIST-CSF;National Institute of Standards and Technology (NIST) Cybersecurity Framework (CSF) v2.0;
aws;The NIST Cybersecurity Framework (CSF) 2.0 offers a taxonomy of high-level cybersecurity outcomes that can be used by any organization regardless of its size, sector, or maturity to better understand, assess, prioritize, and communicate its cybersecurity efforts. The framework's core functions are organized into six key areas: Govern (new), Identify, Protect, Detect, Respond, and Recover. Together, these functions provide a comprehensive lifecycle approach to managing cybersecurity risk.;350381001508;us-east-1;2026-08-01 19:04:21.788096;po_1;Cybersecurity policy is established, communicated, and enforced.;Govern (GV);Policies, Processes, and Procedures (GV.PO);;aws;;FAIL;User research-admin has the policy IAMUserChangePassword attached.;arn:aws:iam::350381001508:user/research-admin;iam_policy_attached_only_to_group_or_roles;False;research-admin/IAMUserChangePassword;NIST-CSF;National Institute of Standards and Technology (NIST) Cybersecurity Framework (CSF) v2.0;
aws;The NIST Cybersecurity Framework (CSF) 2.0 offers a taxonomy of high-level cybersecurity outcomes that can be used by any organization regardless of its size, sector, or maturity to better understand, assess, prioritize, and communicate its cybersecurity efforts. The framework's core functions are organized into six key areas: Govern (new), Identify, Protect, Detect, Respond, and Recover. Together, these functions provide a comprehensive lifecycle approach to managing cybersecurity risk.;350381001508;us-east-1;2026-08-01 19:04:21.788096;am_6;Cybersecurity roles and responsibilities for the entire workforce and third-party stakeholders (e.g., suppliers, customers, partners) are established.;Identify (ID);Asset Management (ID.AM);;iam;;FAIL;User research-admin has the policy IAMUserChangePassword attached.;arn:aws:iam::350381001508:user/research-admin;iam_policy_attached_only_to_group_or_roles;False;research-admin/IAMUserChangePassword;NIST-CSF;National Institute of Standards and Technology (NIST) Cybersecurity Framework (CSF) v2.0;
aws;The NIST Cybersecurity Framework (CSF) 2.0 offers a taxonomy of high-level cybersecurity outcomes that can be used by any organization regardless of its size, sector, or maturity to better understand, assess, prioritize, and communicate its cybersecurity efforts. The framework's core functions are organized into six key areas: Govern (new), Identify, Protect, Detect, Respond, and Recover. Together, these functions provide a comprehensive lifecycle approach to managing cybersecurity risk.;350381001508;us-east-1;2026-08-01 19:04:21.788096;ac_1;Identities and credentials are issued, managed, verified, revoked, and audited for authorized devices, users and processes.;Protect (PR);Identity Management and Access Control (PR.AC);;aws;;FAIL;User research-admin has the policy IAMUserChangePassword attached.;arn:aws:iam::350381001508:user/research-admin;iam_policy_attached_only_to_group_or_roles;False;research-admin/IAMUserChangePassword;NIST-CSF;National Institute of Standards and Technology (NIST) Cybersecurity Framework (CSF) v2.0;
aws;The NIST Cybersecurity Framework (CSF) 2.0 offers a taxonomy of high-level cybersecurity outcomes that can be used by any organization regardless of its size, sector, or maturity to better understand, assess, prioritize, and communicate its cybersecurity efforts. The framework's core functions are organized into six key areas: Govern (new), Identify, Protect, Detect, Respond, and Recover. Together, these functions provide a comprehensive lifecycle approach to managing cybersecurity risk.;350381001508;us-east-1;2026-08-01 19:04:21.788096;ac_4;Access permissions and authorizations are managed, incorporating the principles of least privilege and separation of duties.;Protect (PR);Identity Management and Access Control (PR.AC);;aws;;FAIL;User research-admin has the policy IAMUserChangePassword attached.;arn:aws:iam::350381001508:user/research-admin;iam_policy_attached_only_to_group_or_roles;False;research-admin/IAMUserChangePassword;NIST-CSF;National Institute of Standards and Technology (NIST) Cybersecurity Framework (CSF) v2.0;
aws;The NIST Cybersecurity Framework (CSF) 2.0 offers a taxonomy of high-level cybersecurity outcomes that can be used by any organization regardless of its size, sector, or maturity to better understand, assess, prioritize, and communicate its cybersecurity efforts. The framework's core functions are organized into six key areas: Govern (new), Identify, Protect, Detect, Respond, and Recover. Together, these functions provide a comprehensive lifecycle approach to managing cybersecurity risk.;350381001508;us-east-1;2026-08-01 19:04:21.788096;ac_6;Identities are proofed and bound to credentials and asserted in interactions.;Protect (PR);Identity Management and Access Control (PR.AC);;aws;;FAIL;User research-admin has the policy IAMUserChangePassword attached.;arn:aws:iam::350381001508:user/research-admin;iam_policy_attached_only_to_group_or_roles;False;research-admin/IAMUserChangePassword;NIST-CSF;National Institute of Standards and Technology (NIST) Cybersecurity Framework (CSF) v2.0;
aws;The NIST Cybersecurity Framework (CSF) 2.0 offers a taxonomy of high-level cybersecurity outcomes that can be used by any organization regardless of its size, sector, or maturity to better understand, assess, prioritize, and communicate its cybersecurity efforts. The framework's core functions are organized into six key areas: Govern (new), Identify, Protect, Detect, Respond, and Recover. Together, these functions provide a comprehensive lifecycle approach to managing cybersecurity risk.;350381001508;us-east-1;2026-08-01 19:04:21.788096;ac_7;Users, devices, and other assets are authenticated (e.g., single-factor, multi-factor) commensurate with the risk of the transaction (e.g., individuals' security and privacy risks and other organizational risks).;Protect (PR);Identity Management and Access Control (PR.AC);;iam;;FAIL;User research-admin has the policy IAMUserChangePassword attached.;arn:aws:iam::350381001508:user/research-admin;iam_policy_attached_only_to_group_or_roles;False;research-admin/IAMUserChangePassword;NIST-CSF;National Institute of Standards and Technology (NIST) Cybersecurity Framework (CSF) v2.0;
aws;The NIST Cybersecurity Framework (CSF) 2.0 offers a taxonomy of high-level cybersecurity outcomes that can be used by any organization regardless of its size, sector, or maturity to better understand, assess, prioritize, and communicate its cybersecurity efforts. The framework's core functions are organized into six key areas: Govern (new), Identify, Protect, Detect, Respond, and Recover. Together, these functions provide a comprehensive lifecycle approach to managing cybersecurity risk.;350381001508;us-east-1;2026-08-01 19:04:21.788096;ip_1;A baseline configuration of information technology/industrial control systems is created and maintained incorporating security principles (e.g. concept of least functionality).;Protect (PR);Information Protection Processes and Procedures (PR.IP);;aws;;FAIL;User research-admin has the policy IAMUserChangePassword attached.;arn:aws:iam::350381001508:user/research-admin;iam_policy_attached_only_to_group_or_roles;False;research-admin/IAMUserChangePassword;NIST-CSF;National Institute of Standards and Technology (NIST) Cybersecurity Framework (CSF) v2.0;
aws;The NIST Cybersecurity Framework (CSF) 2.0 offers a taxonomy of high-level cybersecurity outcomes that can be used by any organization regardless of its size, sector, or maturity to better understand, assess, prioritize, and communicate its cybersecurity efforts. The framework's core functions are organized into six key areas: Govern (new), Identify, Protect, Detect, Respond, and Recover. Together, these functions provide a comprehensive lifecycle approach to managing cybersecurity risk.;350381001508;us-east-1;2026-08-01 19:04:21.788096;rr_1;Cybersecurity roles and responsibilities are coordinated and aligned with internal roles and external partners.;Govern (GV);Roles, Responsibilities, and Authorities (GV.RR);;iam;;FAIL;User scanner-user has the policy IAMUserChangePassword attached.;arn:aws:iam::350381001508:user/scanner-user;iam_policy_attached_only_to_group_or_roles;False;scanner-user/IAMUserChangePassword;NIST-CSF;National Institute of Standards and Technology (NIST) Cybersecurity Framework (CSF) v2.0;
aws;The NIST Cybersecurity Framework (CSF) 2.0 offers a taxonomy of high-level cybersecurity outcomes that can be used by any organization regardless of its size, sector, or maturity to better understand, assess, prioritize, and communicate its cybersecurity efforts. The framework's core functions are organized into six key areas: Govern (new), Identify, Protect, Detect, Respond, and Recover. Together, these functions provide a comprehensive lifecycle approach to managing cybersecurity risk.;350381001508;us-east-1;2026-08-01 19:04:21.788096;rr_2;Cybersecurity responsibilities are established and communicated.;Govern (GV);Roles, Responsibilities, and Authorities (GV.RR);;iam;;FAIL;User scanner-user has the policy IAMUserChangePassword attached.;arn:aws:iam::350381001508:user/scanner-user;iam_policy_attached_only_to_group_or_roles;False;scanner-user/IAMUserChangePassword;NIST-CSF;National Institute of Standards and Technology (NIST) Cybersecurity Framework (CSF) v2.0;
aws;The NIST Cybersecurity Framework (CSF) 2.0 offers a taxonomy of high-level cybersecurity outcomes that can be used by any organization regardless of its size, sector, or maturity to better understand, assess, prioritize, and communicate its cybersecurity efforts. The framework's core functions are organized into six key areas: Govern (new), Identify, Protect, Detect, Respond, and Recover. Together, these functions provide a comprehensive lifecycle approach to managing cybersecurity risk.;350381001508;us-east-1;2026-08-01 19:04:21.788096;po_1;Cybersecurity policy is established, communicated, and enforced.;Govern (GV);Policies, Processes, and Procedures (GV.PO);;aws;;FAIL;User scanner-user has the policy IAMUserChangePassword attached.;arn:aws:iam::350381001508:user/scanner-user;iam_policy_attached_only_to_group_or_roles;False;scanner-user/IAMUserChangePassword;NIST-CSF;National Institute of Standards and Technology (NIST) Cybersecurity Framework (CSF) v2.0;
aws;The NIST Cybersecurity Framework (CSF) 2.0 offers a taxonomy of high-level cybersecurity outcomes that can be used by any organization regardless of its size, sector, or maturity to better understand, assess, prioritize, and communicate its cybersecurity efforts. The framework's core functions are organized into six key areas: Govern (new), Identify, Protect, Detect, Respond, and Recover. Together, these functions provide a comprehensive lifecycle approach to managing cybersecurity risk.;350381001508;us-east-1;2026-08-01 19:04:21.788096;am_6;Cybersecurity roles and responsibilities for the entire workforce and third-party stakeholders (e.g., suppliers, customers, partners) are established.;Identify (ID);Asset Management (ID.AM);;iam;;FAIL;User scanner-user has the policy IAMUserChangePassword attached.;arn:aws:iam::350381001508:user/scanner-user;iam_policy_attached_only_to_group_or_roles;False;scanner-user/IAMUserChangePassword;NIST-CSF;National Institute of Standards and Technology (NIST) Cybersecurity Framework (CSF) v2.0;
aws;The NIST Cybersecurity Framework (CSF) 2.0 offers a taxonomy of high-level cybersecurity outcomes that can be used by any organization regardless of its size, sector, or maturity to better understand, assess, prioritize, and communicate its cybersecurity efforts. The framework's core functions are organized into six key areas: Govern (new), Identify, Protect, Detect, Respond, and Recover. Together, these functions provide a comprehensive lifecycle approach to managing cybersecurity risk.;350381001508;us-east-1;2026-08-01 19:04:21.788096;ac_1;Identities and credentials are issued, managed, verified, revoked, and audited for authorized devices, users and processes.;Protect (PR);Identity Management and Access Control (PR.AC);;aws;;FAIL;User scanner-user has the policy IAMUserChangePassword attached.;arn:aws:iam::350381001508:user/scanner-user;iam_policy_attached_only_to_group_or_roles;False;scanner-user/IAMUserChangePassword;NIST-CSF;National Institute of Standards and Technology (NIST) Cybersecurity Framework (CSF) v2.0;
aws;The NIST Cybersecurity Framework (CSF) 2.0 offers a taxonomy of high-level cybersecurity outcomes that can be used by any organization regardless of its size, sector, or maturity to better understand, assess, prioritize, and communicate its cybersecurity efforts. The framework's core functions are organized into six key areas: Govern (new), Identify, Protect, Detect, Respond, and Recover. Together, these functions provide a comprehensive lifecycle approach to managing cybersecurity risk.;350381001508;us-east-1;2026-08-01 19:04:21.788096;ac_4;Access permissions and authorizations are managed, incorporating the principles of least privilege and separation of duties.;Protect (PR);Identity Management and Access Control (PR.AC);;aws;;FAIL;User scanner-user has the policy IAMUserChangePassword attached.;arn:aws:iam::350381001508:user/scanner-user;iam_policy_attached_only_to_group_or_roles;False;scanner-user/IAMUserChangePassword;NIST-CSF;National Institute of Standards and Technology (NIST) Cybersecurity Framework (CSF) v2.0;
aws;The NIST Cybersecurity Framework (CSF) 2.0 offers a taxonomy of high-level cybersecurity outcomes that can be used by any organization regardless of its size, sector, or maturity to better understand, assess, prioritize, and communicate its cybersecurity efforts. The framework's core functions are organized into six key areas: Govern (new), Identify, Protect, Detect, Respond, and Recover. Together, these functions provide a comprehensive lifecycle approach to managing cybersecurity risk.;350381001508;us-east-1;2026-08-01 19:04:21.788096;ac_6;Identities are proofed and bound to credentials and asserted in interactions.;Protect (PR);Identity Management and Access Control (PR.AC);;aws;;FAIL;User scanner-user has the policy IAMUserChangePassword attached.;arn:aws:iam::350381001508:user/scanner-user;iam_policy_attached_only_to_group_or_roles;False;scanner-user/IAMUserChangePassword;NIST-CSF;National Institute of Standards and Technology (NIST) Cybersecurity Framework (CSF) v2.0;
aws;The NIST Cybersecurity Framework (CSF) 2.0 offers a taxonomy of high-level cybersecurity outcomes that can be used by any organization regardless of its size, sector, or maturity to better understand, assess, prioritize, and communicate its cybersecurity efforts. The framework's core functions are organized into six key areas: Govern (new), Identify, Protect, Detect, Respond, and Recover. Together, these functions provide a comprehensive lifecycle approach to managing cybersecurity risk.;350381001508;us-east-1;2026-08-01 19:04:21.788096;ac_7;Users, devices, and other assets are authenticated (e.g., single-factor, multi-factor) commensurate with the risk of the transaction (e.g., individuals' security and privacy risks and other organizational risks).;Protect (PR);Identity Management and Access Control (PR.AC);;iam;;FAIL;User scanner-user has the policy IAMUserChangePassword attached.;arn:aws:iam::350381001508:user/scanner-user;iam_policy_attached_only_to_group_or_roles;False;scanner-user/IAMUserChangePassword;NIST-CSF;National Institute of Standards and Technology (NIST) Cybersecurity Framework (CSF) v2.0;
aws;The NIST Cybersecurity Framework (CSF) 2.0 offers a taxonomy of high-level cybersecurity outcomes that can be used by any organization regardless of its size, sector, or maturity to better understand, assess, prioritize, and communicate its cybersecurity efforts. The framework's core functions are organized into six key areas: Govern (new), Identify, Protect, Detect, Respond, and Recover. Together, these functions provide a comprehensive lifecycle approach to managing cybersecurity risk.;350381001508;us-east-1;2026-08-01 19:04:21.788096;ip_1;A baseline configuration of information technology/industrial control systems is created and maintained incorporating security principles (e.g. concept of least functionality).;Protect (PR);Information Protection Processes and Procedures (PR.IP);;aws;;FAIL;User scanner-user has the policy IAMUserChangePassword attached.;arn:aws:iam::350381001508:user/scanner-user;iam_policy_attached_only_to_group_or_roles;False;scanner-user/IAMUserChangePassword;NIST-CSF;National Institute of Standards and Technology (NIST) Cybersecurity Framework (CSF) v2.0;
aws;The NIST Cybersecurity Framework (CSF) 2.0 offers a taxonomy of high-level cybersecurity outcomes that can be used by any organization regardless of its size, sector, or maturity to better understand, assess, prioritize, and communicate its cybersecurity efforts. The framework's core functions are organized into six key areas: Govern (new), Identify, Protect, Detect, Respond, and Recover. Together, these functions provide a comprehensive lifecycle approach to managing cybersecurity risk.;350381001508;us-east-1;2026-08-01 19:04:21.788096;rr_1;Cybersecurity roles and responsibilities are coordinated and aligned with internal roles and external partners.;Govern (GV);Roles, Responsibilities, and Authorities (GV.RR);;iam;;FAIL;User test-user has the policy IAMUserChangePassword attached.;arn:aws:iam::350381001508:user/test-user;iam_policy_attached_only_to_group_or_roles;False;test-user/IAMUserChangePassword;NIST-CSF;National Institute of Standards and Technology (NIST) Cybersecurity Framework (CSF) v2.0;
aws;The NIST Cybersecurity Framework (CSF) 2.0 offers a taxonomy of high-level cybersecurity outcomes that can be used by any organization regardless of its size, sector, or maturity to better understand, assess, prioritize, and communicate its cybersecurity efforts. The framework's core functions are organized into six key areas: Govern (new), Identify, Protect, Detect, Respond, and Recover. Together, these functions provide a comprehensive lifecycle approach to managing cybersecurity risk.;350381001508;us-east-1;2026-08-01 19:04:21.788096;rr_2;Cybersecurity responsibilities are established and communicated.;Govern (GV);Roles, Responsibilities, and Authorities (GV.RR);;iam;;FAIL;User test-user has the policy IAMUserChangePassword attached.;arn:aws:iam::350381001508:user/test-user;iam_policy_attached_only_to_group_or_roles;False;test-user/IAMUserChangePassword;NIST-CSF;National Institute of Standards and Technology (NIST) Cybersecurity Framework (CSF) v2.0;
aws;The NIST Cybersecurity Framework (CSF) 2.0 offers a taxonomy of high-level cybersecurity outcomes that can be used by any organization regardless of its size, sector, or maturity to better understand, assess, prioritize, and communicate its cybersecurity efforts. The framework's core functions are organized into six key areas: Govern (new), Identify, Protect, Detect, Respond, and Recover. Together, these functions provide a comprehensive lifecycle approach to managing cybersecurity risk.;350381001508;us-east-1;2026-08-01 19:04:21.788096;po_1;Cybersecurity policy is established, communicated, and enforced.;Govern (GV);Policies, Processes, and Procedures (GV.PO);;aws;;FAIL;User test-user has the policy IAMUserChangePassword attached.;arn:aws:iam::350381001508:user/test-user;iam_policy_attached_only_to_group_or_roles;False;test-user/IAMUserChangePassword;NIST-CSF;National Institute of Standards and Technology (NIST) Cybersecurity Framework (CSF) v2.0;
aws;The NIST Cybersecurity Framework (CSF) 2.0 offers a taxonomy of high-level cybersecurity outcomes that can be used by any organization regardless of its size, sector, or maturity to better understand, assess, prioritize, and communicate its cybersecurity efforts. The framework's core functions are organized into six key areas: Govern (new), Identify, Protect, Detect, Respond, and Recover. Together, these functions provide a comprehensive lifecycle approach to managing cybersecurity risk.;350381001508;us-east-1;2026-08-01 19:04:21.788096;am_6;Cybersecurity roles and responsibilities for the entire workforce and third-party stakeholders (e.g., suppliers, customers, partners) are established.;Identify (ID);Asset Management (ID.AM);;iam;;FAIL;User test-user has the policy IAMUserChangePassword attached.;arn:aws:iam::350381001508:user/test-user;iam_policy_attached_only_to_group_or_roles;False;test-user/IAMUserChangePassword;NIST-CSF;National Institute of Standards and Technology (NIST) Cybersecurity Framework (CSF) v2.0;
aws;The NIST Cybersecurity Framework (CSF) 2.0 offers a taxonomy of high-level cybersecurity outcomes that can be used by any organization regardless of its size, sector, or maturity to better understand, assess, prioritize, and communicate its cybersecurity efforts. The framework's core functions are organized into six key areas: Govern (new), Identify, Protect, Detect, Respond, and Recover. Together, these functions provide a comprehensive lifecycle approach to managing cybersecurity risk.;350381001508;us-east-1;2026-08-01 19:04:21.788096;ac_1;Identities and credentials are issued, managed, verified, revoked, and audited for authorized devices, users and processes.;Protect (PR);Identity Management and Access Control (PR.AC);;aws;;FAIL;User test-user has the policy IAMUserChangePassword attached.;arn:aws:iam::350381001508:user/test-user;iam_policy_attached_only_to_group_or_roles;False;test-user/IAMUserChangePassword;NIST-CSF;National Institute of Standards and Technology (NIST) Cybersecurity Framework (CSF) v2.0;
aws;The NIST Cybersecurity Framework (CSF) 2.0 offers a taxonomy of high-level cybersecurity outcomes that can be used by any organization regardless of its size, sector, or maturity to better understand, assess, prioritize, and communicate its cybersecurity efforts. The framework's core functions are organized into six key areas: Govern (new), Identify, Protect, Detect, Respond, and Recover. Together, these functions provide a comprehensive lifecycle approach to managing cybersecurity risk.;350381001508;us-east-1;2026-08-01 19:04:21.788096;ac_4;Access permissions and authorizations are managed, incorporating the principles of least privilege and separation of duties.;Protect (PR);Identity Management and Access Control (PR.AC);;aws;;FAIL;User test-user has the policy IAMUserChangePassword attached.;arn:aws:iam::350381001508:user/test-user;iam_policy_attached_only_to_group_or_roles;False;test-user/IAMUserChangePassword;NIST-CSF;National Institute of Standards and Technology (NIST) Cybersecurity Framework (CSF) v2.0;
aws;The NIST Cybersecurity Framework (CSF) 2.0 offers a taxonomy of high-level cybersecurity outcomes that can be used by any organization regardless of its size, sector, or maturity to better understand, assess, prioritize, and communicate its cybersecurity efforts. The framework's core functions are organized into six key areas: Govern (new), Identify, Protect, Detect, Respond, and Recover. Together, these functions provide a comprehensive lifecycle approach to managing cybersecurity risk.;350381001508;us-east-1;2026-08-01 19:04:21.788096;ac_6;Identities are proofed and bound to credentials and asserted in interactions.;Protect (PR);Identity Management and Access Control (PR.AC);;aws;;FAIL;User test-user has the policy IAMUserChangePassword attached.;arn:aws:iam::350381001508:user/test-user;iam_policy_attached_only_to_group_or_roles;False;test-user/IAMUserChangePassword;NIST-CSF;National Institute of Standards and Technology (NIST) Cybersecurity Framework (CSF) v2.0;
aws;The NIST Cybersecurity Framework (CSF) 2.0 offers a taxonomy of high-level cybersecurity outcomes that can be used by any organization regardless of its size, sector, or maturity to better understand, assess, prioritize, and communicate its cybersecurity efforts. The framework's core functions are organized into six key areas: Govern (new), Identify, Protect, Detect, Respond, and Recover. Together, these functions provide a comprehensive lifecycle approach to managing cybersecurity risk.;350381001508;us-east-1;2026-08-01 19:04:21.788096;ac_7;Users, devices, and other assets are authenticated (e.g., single-factor, multi-factor) commensurate with the risk of the transaction (e.g., individuals' security and privacy risks and other organizational risks).;Protect (PR);Identity Management and Access Control (PR.AC);;iam;;FAIL;User test-user has the policy IAMUserChangePassword attached.;arn:aws:iam::350381001508:user/test-user;iam_policy_attached_only_to_group_or_roles;False;test-user/IAMUserChangePassword;NIST-CSF;National Institute of Standards and Technology (NIST) Cybersecurity Framework (CSF) v2.0;
aws;The NIST Cybersecurity Framework (CSF) 2.0 offers a taxonomy of high-level cybersecurity outcomes that can be used by any organization regardless of its size, sector, or maturity to better understand, assess, prioritize, and communicate its cybersecurity efforts. The framework's core functions are organized into six key areas: Govern (new), Identify, Protect, Detect, Respond, and Recover. Together, these functions provide a comprehensive lifecycle approach to managing cybersecurity risk.;350381001508;us-east-1;2026-08-01 19:04:21.788096;ip_1;A baseline configuration of information technology/industrial control systems is created and maintained incorporating security principles (e.g. concept of least functionality).;Protect (PR);Information Protection Processes and Procedures (PR.IP);;aws;;FAIL;User test-user has the policy IAMUserChangePassword attached.;arn:aws:iam::350381001508:user/test-user;iam_policy_attached_only_to_group_or_roles;False;test-user/IAMUserChangePassword;NIST-CSF;National Institute of Standards and Technology (NIST) Cybersecurity Framework (CSF) v2.0;
aws;The NIST Cybersecurity Framework (CSF) 2.0 offers a taxonomy of high-level cybersecurity outcomes that can be used by any organization regardless of its size, sector, or maturity to better understand, assess, prioritize, and communicate its cybersecurity efforts. The framework's core functions are organized into six key areas: Govern (new), Identify, Protect, Detect, Respond, and Recover. Together, these functions provide a comprehensive lifecycle approach to managing cybersecurity risk.;350381001508;us-east-1;2026-08-01 19:04:21.788096;ac_1;Identities and credentials are issued, managed, verified, revoked, and audited for authorized devices, users and processes.;Protect (PR);Identity Management and Access Control (PR.AC);;aws;;PASS;IAM Role AWSServiceRoleForResourceExplorer accessed Bedrock 2 days ago (threshold: 60 days).;arn:aws:iam::350381001508:role/aws-service-role/resource-explorer-2.amazonaws.com/AWSServiceRoleForResourceExplorer;iam_role_access_not_stale_to_bedrock;False;AWSServiceRoleForResourceExplorer;NIST-CSF;National Institute of Standards and Technology (NIST) Cybersecurity Framework (CSF) v2.0;
aws;The NIST Cybersecurity Framework (CSF) 2.0 offers a taxonomy of high-level cybersecurity outcomes that can be used by any organization regardless of its size, sector, or maturity to better understand, assess, prioritize, and communicate its cybersecurity efforts. The framework's core functions are organized into six key areas: Govern (new), Identify, Protect, Detect, Respond, and Recover. Together, these functions provide a comprehensive lifecycle approach to managing cybersecurity risk.;350381001508;us-east-1;2026-08-01 19:04:21.788096;ac_1;Identities and credentials are issued, managed, verified, revoked, and audited for authorized devices, users and processes.;Protect (PR);Identity Management and Access Control (PR.AC);;aws;;FAIL;IAM Role AWSServiceRoleForSupport has Bedrock permissions but has never used them.;arn:aws:iam::350381001508:role/aws-service-role/support.amazonaws.com/AWSServiceRoleForSupport;iam_role_access_not_stale_to_bedrock;False;AWSServiceRoleForSupport;NIST-CSF;National Institute of Standards and Technology (NIST) Cybersecurity Framework (CSF) v2.0;
aws;The NIST Cybersecurity Framework (CSF) 2.0 offers a taxonomy of high-level cybersecurity outcomes that can be used by any organization regardless of its size, sector, or maturity to better understand, assess, prioritize, and communicate its cybersecurity efforts. The framework's core functions are organized into six key areas: Govern (new), Identify, Protect, Detect, Respond, and Recover. Together, these functions provide a comprehensive lifecycle approach to managing cybersecurity risk.;350381001508;us-east-1;2026-08-01 19:04:21.788096;rr_1;Cybersecurity roles and responsibilities are coordinated and aligned with internal roles and external partners.;Govern (GV);Roles, Responsibilities, and Authorities (GV.RR);;iam;;PASS;MFA is enabled for root account.;arn:aws:iam::350381001508:root;iam_root_mfa_enabled;False;<root_account>;NIST-CSF;National Institute of Standards and Technology (NIST) Cybersecurity Framework (CSF) v2.0;
aws;The NIST Cybersecurity Framework (CSF) 2.0 offers a taxonomy of high-level cybersecurity outcomes that can be used by any organization regardless of its size, sector, or maturity to better understand, assess, prioritize, and communicate its cybersecurity efforts. The framework's core functions are organized into six key areas: Govern (new), Identify, Protect, Detect, Respond, and Recover. Together, these functions provide a comprehensive lifecycle approach to managing cybersecurity risk.;350381001508;us-east-1;2026-08-01 19:04:21.788096;po_4;Governance and risk management processes address cybersecurity risks.;Govern (GV);Policies, Processes, and Procedures (GV.PO);;aws;;PASS;MFA is enabled for root account.;arn:aws:iam::350381001508:root;iam_root_mfa_enabled;False;<root_account>;NIST-CSF;National Institute of Standards and Technology (NIST) Cybersecurity Framework (CSF) v2.0;
aws;The NIST Cybersecurity Framework (CSF) 2.0 offers a taxonomy of high-level cybersecurity outcomes that can be used by any organization regardless of its size, sector, or maturity to better understand, assess, prioritize, and communicate its cybersecurity efforts. The framework's core functions are organized into six key areas: Govern (new), Identify, Protect, Detect, Respond, and Recover. Together, these functions provide a comprehensive lifecycle approach to managing cybersecurity risk.;350381001508;us-east-1;2026-08-01 19:04:21.788096;ac_1;Identities and credentials are issued, managed, verified, revoked, and audited for authorized devices, users and processes.;Protect (PR);Identity Management and Access Control (PR.AC);;aws;;PASS;MFA is enabled for root account.;arn:aws:iam::350381001508:root;iam_root_mfa_enabled;False;<root_account>;NIST-CSF;National Institute of Standards and Technology (NIST) Cybersecurity Framework (CSF) v2.0;
aws;The NIST Cybersecurity Framework (CSF) 2.0 offers a taxonomy of high-level cybersecurity outcomes that can be used by any organization regardless of its size, sector, or maturity to better understand, assess, prioritize, and communicate its cybersecurity efforts. The framework's core functions are organized into six key areas: Govern (new), Identify, Protect, Detect, Respond, and Recover. Together, these functions provide a comprehensive lifecycle approach to managing cybersecurity risk.;350381001508;us-east-1;2026-08-01 19:04:21.788096;ac_6;Identities are proofed and bound to credentials and asserted in interactions.;Protect (PR);Identity Management and Access Control (PR.AC);;aws;;PASS;MFA is enabled for root account.;arn:aws:iam::350381001508:root;iam_root_mfa_enabled;False;<root_account>;NIST-CSF;National Institute of Standards and Technology (NIST) Cybersecurity Framework (CSF) v2.0;
aws;The NIST Cybersecurity Framework (CSF) 2.0 offers a taxonomy of high-level cybersecurity outcomes that can be used by any organization regardless of its size, sector, or maturity to better understand, assess, prioritize, and communicate its cybersecurity efforts. The framework's core functions are organized into six key areas: Govern (new), Identify, Protect, Detect, Respond, and Recover. Together, these functions provide a comprehensive lifecycle approach to managing cybersecurity risk.;350381001508;us-east-1;2026-08-01 19:04:21.788096;ac_7;Users, devices, and other assets are authenticated (e.g., single-factor, multi-factor) commensurate with the risk of the transaction (e.g., individuals' security and privacy risks and other organizational risks).;Protect (PR);Identity Management and Access Control (PR.AC);;iam;;PASS;MFA is enabled for root account.;arn:aws:iam::350381001508:root;iam_root_mfa_enabled;False;<root_account>;NIST-CSF;National Institute of Standards and Technology (NIST) Cybersecurity Framework (CSF) v2.0;
aws;The NIST Cybersecurity Framework (CSF) 2.0 offers a taxonomy of high-level cybersecurity outcomes that can be used by any organization regardless of its size, sector, or maturity to better understand, assess, prioritize, and communicate its cybersecurity efforts. The framework's core functions are organized into six key areas: Govern (new), Identify, Protect, Detect, Respond, and Recover. Together, these functions provide a comprehensive lifecycle approach to managing cybersecurity risk.;350381001508;us-east-1;2026-08-01 19:04:21.788096;ip_1;A baseline configuration of information technology/industrial control systems is created and maintained incorporating security principles (e.g. concept of least functionality).;Protect (PR);Information Protection Processes and Procedures (PR.IP);;aws;;PASS;MFA is enabled for root account.;arn:aws:iam::350381001508:root;iam_root_mfa_enabled;False;<root_account>;NIST-CSF;National Institute of Standards and Technology (NIST) Cybersecurity Framework (CSF) v2.0;
aws;The NIST Cybersecurity Framework (CSF) 2.0 offers a taxonomy of high-level cybersecurity outcomes that can be used by any organization regardless of its size, sector, or maturity to better understand, assess, prioritize, and communicate its cybersecurity efforts. The framework's core functions are organized into six key areas: Govern (new), Identify, Protect, Detect, Respond, and Recover. Together, these functions provide a comprehensive lifecycle approach to managing cybersecurity risk.;350381001508;us-east-1;2026-08-01 19:04:21.788096;ac_6;Identities are proofed and bound to credentials and asserted in interactions.;Protect (PR);Identity Management and Access Control (PR.AC);;aws;;PASS;User <root_account> does not have access keys.;arn:aws:iam::350381001508:root;iam_rotate_access_key_90_days;False;<root_account>;NIST-CSF;National Institute of Standards and Technology (NIST) Cybersecurity Framework (CSF) v2.0;
aws;The NIST Cybersecurity Framework (CSF) 2.0 offers a taxonomy of high-level cybersecurity outcomes that can be used by any organization regardless of its size, sector, or maturity to better understand, assess, prioritize, and communicate its cybersecurity efforts. The framework's core functions are organized into six key areas: Govern (new), Identify, Protect, Detect, Respond, and Recover. Together, these functions provide a comprehensive lifecycle approach to managing cybersecurity risk.;350381001508;us-east-1;2026-08-01 19:04:21.788096;ac_6;Identities are proofed and bound to credentials and asserted in interactions.;Protect (PR);Identity Management and Access Control (PR.AC);;aws;;PASS;User research-admin does not have access keys.;arn:aws:iam::350381001508:user/research-admin;iam_rotate_access_key_90_days;False;research-admin;NIST-CSF;National Institute of Standards and Technology (NIST) Cybersecurity Framework (CSF) v2.0;
aws;The NIST Cybersecurity Framework (CSF) 2.0 offers a taxonomy of high-level cybersecurity outcomes that can be used by any organization regardless of its size, sector, or maturity to better understand, assess, prioritize, and communicate its cybersecurity efforts. The framework's core functions are organized into six key areas: Govern (new), Identify, Protect, Detect, Respond, and Recover. Together, these functions provide a comprehensive lifecycle approach to managing cybersecurity risk.;350381001508;us-east-1;2026-08-01 19:04:21.788096;ac_6;Identities are proofed and bound to credentials and asserted in interactions.;Protect (PR);Identity Management and Access Control (PR.AC);;aws;;PASS;User scanner-user does not have access keys older than 90 days.;arn:aws:iam::350381001508:user/scanner-user;iam_rotate_access_key_90_days;False;scanner-user;NIST-CSF;National Institute of Standards and Technology (NIST) Cybersecurity Framework (CSF) v2.0;
aws;The NIST Cybersecurity Framework (CSF) 2.0 offers a taxonomy of high-level cybersecurity outcomes that can be used by any organization regardless of its size, sector, or maturity to better understand, assess, prioritize, and communicate its cybersecurity efforts. The framework's core functions are organized into six key areas: Govern (new), Identify, Protect, Detect, Respond, and Recover. Together, these functions provide a comprehensive lifecycle approach to managing cybersecurity risk.;350381001508;us-east-1;2026-08-01 19:04:21.788096;ac_6;Identities are proofed and bound to credentials and asserted in interactions.;Protect (PR);Identity Management and Access Control (PR.AC);;aws;;PASS;User test-user does not have access keys older than 90 days.;arn:aws:iam::350381001508:user/test-user;iam_rotate_access_key_90_days;False;test-user;NIST-CSF;National Institute of Standards and Technology (NIST) Cybersecurity Framework (CSF) v2.0;
aws;The NIST Cybersecurity Framework (CSF) 2.0 offers a taxonomy of high-level cybersecurity outcomes that can be used by any organization regardless of its size, sector, or maturity to better understand, assess, prioritize, and communicate its cybersecurity efforts. The framework's core functions are organized into six key areas: Govern (new), Identify, Protect, Detect, Respond, and Recover. Together, these functions provide a comprehensive lifecycle approach to managing cybersecurity risk.;350381001508;us-east-1;2026-08-01 19:04:21.788096;ac_1;Identities and credentials are issued, managed, verified, revoked, and audited for authorized devices, users and processes.;Protect (PR);Identity Management and Access Control (PR.AC);;aws;;FAIL;IAM User research-admin has Bedrock permissions but has never used them.;arn:aws:iam::350381001508:user/research-admin;iam_user_access_not_stale_to_bedrock;False;research-admin;NIST-CSF;National Institute of Standards and Technology (NIST) Cybersecurity Framework (CSF) v2.0;
aws;The NIST Cybersecurity Framework (CSF) 2.0 offers a taxonomy of high-level cybersecurity outcomes that can be used by any organization regardless of its size, sector, or maturity to better understand, assess, prioritize, and communicate its cybersecurity efforts. The framework's core functions are organized into six key areas: Govern (new), Identify, Protect, Detect, Respond, and Recover. Together, these functions provide a comprehensive lifecycle approach to managing cybersecurity risk.;350381001508;us-east-1;2026-08-01 19:04:21.788096;ac_1;Identities and credentials are issued, managed, verified, revoked, and audited for authorized devices, users and processes.;Protect (PR);Identity Management and Access Control (PR.AC);;aws;;PASS;IAM User scanner-user accessed Bedrock 0 days ago (threshold: 60 days).;arn:aws:iam::350381001508:user/scanner-user;iam_user_access_not_stale_to_bedrock;False;scanner-user;NIST-CSF;National Institute of Standards and Technology (NIST) Cybersecurity Framework (CSF) v2.0;
aws;The NIST Cybersecurity Framework (CSF) 2.0 offers a taxonomy of high-level cybersecurity outcomes that can be used by any organization regardless of its size, sector, or maturity to better understand, assess, prioritize, and communicate its cybersecurity efforts. The framework's core functions are organized into six key areas: Govern (new), Identify, Protect, Detect, Respond, and Recover. Together, these functions provide a comprehensive lifecycle approach to managing cybersecurity risk.;350381001508;us-east-1;2026-08-01 19:04:21.788096;ac_1;Identities and credentials are issued, managed, verified, revoked, and audited for authorized devices, users and processes.;Protect (PR);Identity Management and Access Control (PR.AC);;aws;;FAIL;IAM User test-user has Bedrock permissions but has never used them.;arn:aws:iam::350381001508:user/test-user;iam_user_access_not_stale_to_bedrock;False;test-user;NIST-CSF;National Institute of Standards and Technology (NIST) Cybersecurity Framework (CSF) v2.0;
aws;The NIST Cybersecurity Framework (CSF) 2.0 offers a taxonomy of high-level cybersecurity outcomes that can be used by any organization regardless of its size, sector, or maturity to better understand, assess, prioritize, and communicate its cybersecurity efforts. The framework's core functions are organized into six key areas: Govern (new), Identify, Protect, Detect, Respond, and Recover. Together, these functions provide a comprehensive lifecycle approach to managing cybersecurity risk.;350381001508;us-east-1;2026-08-01 19:04:21.788096;ac_1;Identities and credentials are issued, managed, verified, revoked, and audited for authorized devices, users and processes.;Protect (PR);Identity Management and Access Control (PR.AC);;aws;;PASS;User <root_account> does not have access keys.;arn:aws:iam::350381001508:root;iam_user_accesskey_unused;False;<root_account>;NIST-CSF;National Institute of Standards and Technology (NIST) Cybersecurity Framework (CSF) v2.0;
aws;The NIST Cybersecurity Framework (CSF) 2.0 offers a taxonomy of high-level cybersecurity outcomes that can be used by any organization regardless of its size, sector, or maturity to better understand, assess, prioritize, and communicate its cybersecurity efforts. The framework's core functions are organized into six key areas: Govern (new), Identify, Protect, Detect, Respond, and Recover. Together, these functions provide a comprehensive lifecycle approach to managing cybersecurity risk.;350381001508;us-east-1;2026-08-01 19:04:21.788096;ac_1;Identities and credentials are issued, managed, verified, revoked, and audited for authorized devices, users and processes.;Protect (PR);Identity Management and Access Control (PR.AC);;aws;;PASS;User research-admin does not have access keys.;arn:aws:iam::350381001508:user/research-admin;iam_user_accesskey_unused;False;research-admin;NIST-CSF;National Institute of Standards and Technology (NIST) Cybersecurity Framework (CSF) v2.0;
aws;The NIST Cybersecurity Framework (CSF) 2.0 offers a taxonomy of high-level cybersecurity outcomes that can be used by any organization regardless of its size, sector, or maturity to better understand, assess, prioritize, and communicate its cybersecurity efforts. The framework's core functions are organized into six key areas: Govern (new), Identify, Protect, Detect, Respond, and Recover. Together, these functions provide a comprehensive lifecycle approach to managing cybersecurity risk.;350381001508;us-east-1;2026-08-01 19:04:21.788096;ac_1;Identities and credentials are issued, managed, verified, revoked, and audited for authorized devices, users and processes.;Protect (PR);Identity Management and Access Control (PR.AC);;aws;;PASS;User scanner-user does not have unused access keys for 45 days.;arn:aws:iam::350381001508:user/scanner-user;iam_user_accesskey_unused;False;scanner-user;NIST-CSF;National Institute of Standards and Technology (NIST) Cybersecurity Framework (CSF) v2.0;
aws;The NIST Cybersecurity Framework (CSF) 2.0 offers a taxonomy of high-level cybersecurity outcomes that can be used by any organization regardless of its size, sector, or maturity to better understand, assess, prioritize, and communicate its cybersecurity efforts. The framework's core functions are organized into six key areas: Govern (new), Identify, Protect, Detect, Respond, and Recover. Together, these functions provide a comprehensive lifecycle approach to managing cybersecurity risk.;350381001508;us-east-1;2026-08-01 19:04:21.788096;ac_1;Identities and credentials are issued, managed, verified, revoked, and audited for authorized devices, users and processes.;Protect (PR);Identity Management and Access Control (PR.AC);;aws;;PASS;User test-user does not have unused access keys for 45 days.;arn:aws:iam::350381001508:user/test-user;iam_user_accesskey_unused;False;test-user;NIST-CSF;National Institute of Standards and Technology (NIST) Cybersecurity Framework (CSF) v2.0;
aws;The NIST Cybersecurity Framework (CSF) 2.0 offers a taxonomy of high-level cybersecurity outcomes that can be used by any organization regardless of its size, sector, or maturity to better understand, assess, prioritize, and communicate its cybersecurity efforts. The framework's core functions are organized into six key areas: Govern (new), Identify, Protect, Detect, Respond, and Recover. Together, these functions provide a comprehensive lifecycle approach to managing cybersecurity risk.;350381001508;us-east-1;2026-08-01 19:04:21.788096;rr_1;Cybersecurity roles and responsibilities are coordinated and aligned with internal roles and external partners.;Govern (GV);Roles, Responsibilities, and Authorities (GV.RR);;iam;;PASS;IAM User research-admin does not have AdministratorAccess policy.;arn:aws:iam::350381001508:user/research-admin;iam_user_administrator_access_policy;False;research-admin;NIST-CSF;National Institute of Standards and Technology (NIST) Cybersecurity Framework (CSF) v2.0;
aws;The NIST Cybersecurity Framework (CSF) 2.0 offers a taxonomy of high-level cybersecurity outcomes that can be used by any organization regardless of its size, sector, or maturity to better understand, assess, prioritize, and communicate its cybersecurity efforts. The framework's core functions are organized into six key areas: Govern (new), Identify, Protect, Detect, Respond, and Recover. Together, these functions provide a comprehensive lifecycle approach to managing cybersecurity risk.;350381001508;us-east-1;2026-08-01 19:04:21.788096;rr_2;Cybersecurity responsibilities are established and communicated.;Govern (GV);Roles, Responsibilities, and Authorities (GV.RR);;iam;;PASS;IAM User research-admin does not have AdministratorAccess policy.;arn:aws:iam::350381001508:user/research-admin;iam_user_administrator_access_policy;False;research-admin;NIST-CSF;National Institute of Standards and Technology (NIST) Cybersecurity Framework (CSF) v2.0;
aws;The NIST Cybersecurity Framework (CSF) 2.0 offers a taxonomy of high-level cybersecurity outcomes that can be used by any organization regardless of its size, sector, or maturity to better understand, assess, prioritize, and communicate its cybersecurity efforts. The framework's core functions are organized into six key areas: Govern (new), Identify, Protect, Detect, Respond, and Recover. Together, these functions provide a comprehensive lifecycle approach to managing cybersecurity risk.;350381001508;us-east-1;2026-08-01 19:04:21.788096;po_1;Cybersecurity policy is established, communicated, and enforced.;Govern (GV);Policies, Processes, and Procedures (GV.PO);;aws;;PASS;IAM User research-admin does not have AdministratorAccess policy.;arn:aws:iam::350381001508:user/research-admin;iam_user_administrator_access_policy;False;research-admin;NIST-CSF;National Institute of Standards and Technology (NIST) Cybersecurity Framework (CSF) v2.0;
aws;The NIST Cybersecurity Framework (CSF) 2.0 offers a taxonomy of high-level cybersecurity outcomes that can be used by any organization regardless of its size, sector, or maturity to better understand, assess, prioritize, and communicate its cybersecurity efforts. The framework's core functions are organized into six key areas: Govern (new), Identify, Protect, Detect, Respond, and Recover. Together, these functions provide a comprehensive lifecycle approach to managing cybersecurity risk.;350381001508;us-east-1;2026-08-01 19:04:21.788096;am_6;Cybersecurity roles and responsibilities for the entire workforce and third-party stakeholders (e.g., suppliers, customers, partners) are established.;Identify (ID);Asset Management (ID.AM);;iam;;PASS;IAM User research-admin does not have AdministratorAccess policy.;arn:aws:iam::350381001508:user/research-admin;iam_user_administrator_access_policy;False;research-admin;NIST-CSF;National Institute of Standards and Technology (NIST) Cybersecurity Framework (CSF) v2.0;
aws;The NIST Cybersecurity Framework (CSF) 2.0 offers a taxonomy of high-level cybersecurity outcomes that can be used by any organization regardless of its size, sector, or maturity to better understand, assess, prioritize, and communicate its cybersecurity efforts. The framework's core functions are organized into six key areas: Govern (new), Identify, Protect, Detect, Respond, and Recover. Together, these functions provide a comprehensive lifecycle approach to managing cybersecurity risk.;350381001508;us-east-1;2026-08-01 19:04:21.788096;ac_4;Access permissions and authorizations are managed, incorporating the principles of least privilege and separation of duties.;Protect (PR);Identity Management and Access Control (PR.AC);;aws;;PASS;IAM User research-admin does not have AdministratorAccess policy.;arn:aws:iam::350381001508:user/research-admin;iam_user_administrator_access_policy;False;research-admin;NIST-CSF;National Institute of Standards and Technology (NIST) Cybersecurity Framework (CSF) v2.0;
aws;The NIST Cybersecurity Framework (CSF) 2.0 offers a taxonomy of high-level cybersecurity outcomes that can be used by any organization regardless of its size, sector, or maturity to better understand, assess, prioritize, and communicate its cybersecurity efforts. The framework's core functions are organized into six key areas: Govern (new), Identify, Protect, Detect, Respond, and Recover. Together, these functions provide a comprehensive lifecycle approach to managing cybersecurity risk.;350381001508;us-east-1;2026-08-01 19:04:21.788096;rr_1;Cybersecurity roles and responsibilities are coordinated and aligned with internal roles and external partners.;Govern (GV);Roles, Responsibilities, and Authorities (GV.RR);;iam;;PASS;IAM User scanner-user does not have AdministratorAccess policy.;arn:aws:iam::350381001508:user/scanner-user;iam_user_administrator_access_policy;False;scanner-user;NIST-CSF;National Institute of Standards and Technology (NIST) Cybersecurity Framework (CSF) v2.0;
aws;The NIST Cybersecurity Framework (CSF) 2.0 offers a taxonomy of high-level cybersecurity outcomes that can be used by any organization regardless of its size, sector, or maturity to better understand, assess, prioritize, and communicate its cybersecurity efforts. The framework's core functions are organized into six key areas: Govern (new), Identify, Protect, Detect, Respond, and Recover. Together, these functions provide a comprehensive lifecycle approach to managing cybersecurity risk.;350381001508;us-east-1;2026-08-01 19:04:21.788096;rr_2;Cybersecurity responsibilities are established and communicated.;Govern (GV);Roles, Responsibilities, and Authorities (GV.RR);;iam;;PASS;IAM User scanner-user does not have AdministratorAccess policy.;arn:aws:iam::350381001508:user/scanner-user;iam_user_administrator_access_policy;False;scanner-user;NIST-CSF;National Institute of Standards and Technology (NIST) Cybersecurity Framework (CSF) v2.0;
aws;The NIST Cybersecurity Framework (CSF) 2.0 offers a taxonomy of high-level cybersecurity outcomes that can be used by any organization regardless of its size, sector, or maturity to better understand, assess, prioritize, and communicate its cybersecurity efforts. The framework's core functions are organized into six key areas: Govern (new), Identify, Protect, Detect, Respond, and Recover. Together, these functions provide a comprehensive lifecycle approach to managing cybersecurity risk.;350381001508;us-east-1;2026-08-01 19:04:21.788096;po_1;Cybersecurity policy is established, communicated, and enforced.;Govern (GV);Policies, Processes, and Procedures (GV.PO);;aws;;PASS;IAM User scanner-user does not have AdministratorAccess policy.;arn:aws:iam::350381001508:user/scanner-user;iam_user_administrator_access_policy;False;scanner-user;NIST-CSF;National Institute of Standards and Technology (NIST) Cybersecurity Framework (CSF) v2.0;
aws;The NIST Cybersecurity Framework (CSF) 2.0 offers a taxonomy of high-level cybersecurity outcomes that can be used by any organization regardless of its size, sector, or maturity to better understand, assess, prioritize, and communicate its cybersecurity efforts. The framework's core functions are organized into six key areas: Govern (new), Identify, Protect, Detect, Respond, and Recover. Together, these functions provide a comprehensive lifecycle approach to managing cybersecurity risk.;350381001508;us-east-1;2026-08-01 19:04:21.788096;am_6;Cybersecurity roles and responsibilities for the entire workforce and third-party stakeholders (e.g., suppliers, customers, partners) are established.;Identify (ID);Asset Management (ID.AM);;iam;;PASS;IAM User scanner-user does not have AdministratorAccess policy.;arn:aws:iam::350381001508:user/scanner-user;iam_user_administrator_access_policy;False;scanner-user;NIST-CSF;National Institute of Standards and Technology (NIST) Cybersecurity Framework (CSF) v2.0;
aws;The NIST Cybersecurity Framework (CSF) 2.0 offers a taxonomy of high-level cybersecurity outcomes that can be used by any organization regardless of its size, sector, or maturity to better understand, assess, prioritize, and communicate its cybersecurity efforts. The framework's core functions are organized into six key areas: Govern (new), Identify, Protect, Detect, Respond, and Recover. Together, these functions provide a comprehensive lifecycle approach to managing cybersecurity risk.;350381001508;us-east-1;2026-08-01 19:04:21.788096;ac_4;Access permissions and authorizations are managed, incorporating the principles of least privilege and separation of duties.;Protect (PR);Identity Management and Access Control (PR.AC);;aws;;PASS;IAM User scanner-user does not have AdministratorAccess policy.;arn:aws:iam::350381001508:user/scanner-user;iam_user_administrator_access_policy;False;scanner-user;NIST-CSF;National Institute of Standards and Technology (NIST) Cybersecurity Framework (CSF) v2.0;
aws;The NIST Cybersecurity Framework (CSF) 2.0 offers a taxonomy of high-level cybersecurity outcomes that can be used by any organization regardless of its size, sector, or maturity to better understand, assess, prioritize, and communicate its cybersecurity efforts. The framework's core functions are organized into six key areas: Govern (new), Identify, Protect, Detect, Respond, and Recover. Together, these functions provide a comprehensive lifecycle approach to managing cybersecurity risk.;350381001508;us-east-1;2026-08-01 19:04:21.788096;rr_1;Cybersecurity roles and responsibilities are coordinated and aligned with internal roles and external partners.;Govern (GV);Roles, Responsibilities, and Authorities (GV.RR);;iam;;PASS;IAM User test-user does not have AdministratorAccess policy.;arn:aws:iam::350381001508:user/test-user;iam_user_administrator_access_policy;False;test-user;NIST-CSF;National Institute of Standards and Technology (NIST) Cybersecurity Framework (CSF) v2.0;
aws;The NIST Cybersecurity Framework (CSF) 2.0 offers a taxonomy of high-level cybersecurity outcomes that can be used by any organization regardless of its size, sector, or maturity to better understand, assess, prioritize, and communicate its cybersecurity efforts. The framework's core functions are organized into six key areas: Govern (new), Identify, Protect, Detect, Respond, and Recover. Together, these functions provide a comprehensive lifecycle approach to managing cybersecurity risk.;350381001508;us-east-1;2026-08-01 19:04:21.788096;rr_2;Cybersecurity responsibilities are established and communicated.;Govern (GV);Roles, Responsibilities, and Authorities (GV.RR);;iam;;PASS;IAM User test-user does not have AdministratorAccess policy.;arn:aws:iam::350381001508:user/test-user;iam_user_administrator_access_policy;False;test-user;NIST-CSF;National Institute of Standards and Technology (NIST) Cybersecurity Framework (CSF) v2.0;
aws;The NIST Cybersecurity Framework (CSF) 2.0 offers a taxonomy of high-level cybersecurity outcomes that can be used by any organization regardless of its size, sector, or maturity to better understand, assess, prioritize, and communicate its cybersecurity efforts. The framework's core functions are organized into six key areas: Govern (new), Identify, Protect, Detect, Respond, and Recover. Together, these functions provide a comprehensive lifecycle approach to managing cybersecurity risk.;350381001508;us-east-1;2026-08-01 19:04:21.788096;po_1;Cybersecurity policy is established, communicated, and enforced.;Govern (GV);Policies, Processes, and Procedures (GV.PO);;aws;;PASS;IAM User test-user does not have AdministratorAccess policy.;arn:aws:iam::350381001508:user/test-user;iam_user_administrator_access_policy;False;test-user;NIST-CSF;National Institute of Standards and Technology (NIST) Cybersecurity Framework (CSF) v2.0;
aws;The NIST Cybersecurity Framework (CSF) 2.0 offers a taxonomy of high-level cybersecurity outcomes that can be used by any organization regardless of its size, sector, or maturity to better understand, assess, prioritize, and communicate its cybersecurity efforts. The framework's core functions are organized into six key areas: Govern (new), Identify, Protect, Detect, Respond, and Recover. Together, these functions provide a comprehensive lifecycle approach to managing cybersecurity risk.;350381001508;us-east-1;2026-08-01 19:04:21.788096;am_6;Cybersecurity roles and responsibilities for the entire workforce and third-party stakeholders (e.g., suppliers, customers, partners) are established.;Identify (ID);Asset Management (ID.AM);;iam;;PASS;IAM User test-user does not have AdministratorAccess policy.;arn:aws:iam::350381001508:user/test-user;iam_user_administrator_access_policy;False;test-user;NIST-CSF;National Institute of Standards and Technology (NIST) Cybersecurity Framework (CSF) v2.0;
aws;The NIST Cybersecurity Framework (CSF) 2.0 offers a taxonomy of high-level cybersecurity outcomes that can be used by any organization regardless of its size, sector, or maturity to better understand, assess, prioritize, and communicate its cybersecurity efforts. The framework's core functions are organized into six key areas: Govern (new), Identify, Protect, Detect, Respond, and Recover. Together, these functions provide a comprehensive lifecycle approach to managing cybersecurity risk.;350381001508;us-east-1;2026-08-01 19:04:21.788096;ac_4;Access permissions and authorizations are managed, incorporating the principles of least privilege and separation of duties.;Protect (PR);Identity Management and Access Control (PR.AC);;aws;;PASS;IAM User test-user does not have AdministratorAccess policy.;arn:aws:iam::350381001508:user/test-user;iam_user_administrator_access_policy;False;test-user;NIST-CSF;National Institute of Standards and Technology (NIST) Cybersecurity Framework (CSF) v2.0;
aws;The NIST Cybersecurity Framework (CSF) 2.0 offers a taxonomy of high-level cybersecurity outcomes that can be used by any organization regardless of its size, sector, or maturity to better understand, assess, prioritize, and communicate its cybersecurity efforts. The framework's core functions are organized into six key areas: Govern (new), Identify, Protect, Detect, Respond, and Recover. Together, these functions provide a comprehensive lifecycle approach to managing cybersecurity risk.;350381001508;us-east-1;2026-08-01 19:04:21.788096;ac_1;Identities and credentials are issued, managed, verified, revoked, and audited for authorized devices, users and processes.;Protect (PR);Identity Management and Access Control (PR.AC);;aws;;PASS;User research-admin does not have console access enabled or is unused.;arn:aws:iam::350381001508:user/research-admin;iam_user_console_access_unused;False;research-admin;NIST-CSF;National Institute of Standards and Technology (NIST) Cybersecurity Framework (CSF) v2.0;
aws;The NIST Cybersecurity Framework (CSF) 2.0 offers a taxonomy of high-level cybersecurity outcomes that can be used by any organization regardless of its size, sector, or maturity to better understand, assess, prioritize, and communicate its cybersecurity efforts. The framework's core functions are organized into six key areas: Govern (new), Identify, Protect, Detect, Respond, and Recover. Together, these functions provide a comprehensive lifecycle approach to managing cybersecurity risk.;350381001508;us-east-1;2026-08-01 19:04:21.788096;ac_1;Identities and credentials are issued, managed, verified, revoked, and audited for authorized devices, users and processes.;Protect (PR);Identity Management and Access Control (PR.AC);;aws;;PASS;User scanner-user does not have console access enabled or is unused.;arn:aws:iam::350381001508:user/scanner-user;iam_user_console_access_unused;False;scanner-user;NIST-CSF;National Institute of Standards and Technology (NIST) Cybersecurity Framework (CSF) v2.0;
aws;The NIST Cybersecurity Framework (CSF) 2.0 offers a taxonomy of high-level cybersecurity outcomes that can be used by any organization regardless of its size, sector, or maturity to better understand, assess, prioritize, and communicate its cybersecurity efforts. The framework's core functions are organized into six key areas: Govern (new), Identify, Protect, Detect, Respond, and Recover. Together, these functions provide a comprehensive lifecycle approach to managing cybersecurity risk.;350381001508;us-east-1;2026-08-01 19:04:21.788096;ac_1;Identities and credentials are issued, managed, verified, revoked, and audited for authorized devices, users and processes.;Protect (PR);Identity Management and Access Control (PR.AC);;aws;;PASS;User test-user does not have console access enabled or is unused.;arn:aws:iam::350381001508:user/test-user;iam_user_console_access_unused;False;test-user;NIST-CSF;National Institute of Standards and Technology (NIST) Cybersecurity Framework (CSF) v2.0;
aws;The NIST Cybersecurity Framework (CSF) 2.0 offers a taxonomy of high-level cybersecurity outcomes that can be used by any organization regardless of its size, sector, or maturity to better understand, assess, prioritize, and communicate its cybersecurity efforts. The framework's core functions are organized into six key areas: Govern (new), Identify, Protect, Detect, Respond, and Recover. Together, these functions provide a comprehensive lifecycle approach to managing cybersecurity risk.;350381001508;us-east-1;2026-08-01 19:04:21.788096;ac_7;Users, devices, and other assets are authenticated (e.g., single-factor, multi-factor) commensurate with the risk of the transaction (e.g., individuals' security and privacy risks and other organizational risks).;Protect (PR);Identity Management and Access Control (PR.AC);;iam;;PASS;User research-admin has Console Password enabled and MFA enabled.;arn:aws:iam::350381001508:user/research-admin;iam_user_mfa_enabled_console_access;False;research-admin;NIST-CSF;National Institute of Standards and Technology (NIST) Cybersecurity Framework (CSF) v2.0;
aws;The NIST Cybersecurity Framework (CSF) 2.0 offers a taxonomy of high-level cybersecurity outcomes that can be used by any organization regardless of its size, sector, or maturity to better understand, assess, prioritize, and communicate its cybersecurity efforts. The framework's core functions are organized into six key areas: Govern (new), Identify, Protect, Detect, Respond, and Recover. Together, these functions provide a comprehensive lifecycle approach to managing cybersecurity risk.;350381001508;us-east-1;2026-08-01 19:04:21.788096;ac_7;Users, devices, and other assets are authenticated (e.g., single-factor, multi-factor) commensurate with the risk of the transaction (e.g., individuals' security and privacy risks and other organizational risks).;Protect (PR);Identity Management and Access Control (PR.AC);;iam;;PASS;User scanner-user has Console Password enabled and MFA enabled.;arn:aws:iam::350381001508:user/scanner-user;iam_user_mfa_enabled_console_access;False;scanner-user;NIST-CSF;National Institute of Standards and Technology (NIST) Cybersecurity Framework (CSF) v2.0;
aws;The NIST Cybersecurity Framework (CSF) 2.0 offers a taxonomy of high-level cybersecurity outcomes that can be used by any organization regardless of its size, sector, or maturity to better understand, assess, prioritize, and communicate its cybersecurity efforts. The framework's core functions are organized into six key areas: Govern (new), Identify, Protect, Detect, Respond, and Recover. Together, these functions provide a comprehensive lifecycle approach to managing cybersecurity risk.;350381001508;us-east-1;2026-08-01 19:04:21.788096;ac_7;Users, devices, and other assets are authenticated (e.g., single-factor, multi-factor) commensurate with the risk of the transaction (e.g., individuals' security and privacy risks and other organizational risks).;Protect (PR);Identity Management and Access Control (PR.AC);;iam;;FAIL;User test-user has Console Password enabled but MFA disabled.;arn:aws:iam::350381001508:user/test-user;iam_user_mfa_enabled_console_access;False;test-user;NIST-CSF;National Institute of Standards and Technology (NIST) Cybersecurity Framework (CSF) v2.0;
aws;The NIST Cybersecurity Framework (CSF) 2.0 offers a taxonomy of high-level cybersecurity outcomes that can be used by any organization regardless of its size, sector, or maturity to better understand, assess, prioritize, and communicate its cybersecurity efforts. The framework's core functions are organized into six key areas: Govern (new), Identify, Protect, Detect, Respond, and Recover. Together, these functions provide a comprehensive lifecycle approach to managing cybersecurity risk.;350381001508;us-east-1;2026-08-01 19:04:21.788096;ac_1;Identities and credentials are issued, managed, verified, revoked, and audited for authorized devices, users and processes.;Protect (PR);Identity Management and Access Control (PR.AC);;aws;;PASS;User <root_account> does not have 2 active access keys.;arn:aws:iam::350381001508:root;iam_user_two_active_access_key;False;<root_account>;NIST-CSF;National Institute of Standards and Technology (NIST) Cybersecurity Framework (CSF) v2.0;
aws;The NIST Cybersecurity Framework (CSF) 2.0 offers a taxonomy of high-level cybersecurity outcomes that can be used by any organization regardless of its size, sector, or maturity to better understand, assess, prioritize, and communicate its cybersecurity efforts. The framework's core functions are organized into six key areas: Govern (new), Identify, Protect, Detect, Respond, and Recover. Together, these functions provide a comprehensive lifecycle approach to managing cybersecurity risk.;350381001508;us-east-1;2026-08-01 19:04:21.788096;ac_6;Identities are proofed and bound to credentials and asserted in interactions.;Protect (PR);Identity Management and Access Control (PR.AC);;aws;;PASS;User <root_account> does not have 2 active access keys.;arn:aws:iam::350381001508:root;iam_user_two_active_access_key;False;<root_account>;NIST-CSF;National Institute of Standards and Technology (NIST) Cybersecurity Framework (CSF) v2.0;
aws;The NIST Cybersecurity Framework (CSF) 2.0 offers a taxonomy of high-level cybersecurity outcomes that can be used by any organization regardless of its size, sector, or maturity to better understand, assess, prioritize, and communicate its cybersecurity efforts. The framework's core functions are organized into six key areas: Govern (new), Identify, Protect, Detect, Respond, and Recover. Together, these functions provide a comprehensive lifecycle approach to managing cybersecurity risk.;350381001508;us-east-1;2026-08-01 19:04:21.788096;ac_1;Identities and credentials are issued, managed, verified, revoked, and audited for authorized devices, users and processes.;Protect (PR);Identity Management and Access Control (PR.AC);;aws;;PASS;User research-admin does not have 2 active access keys.;arn:aws:iam::350381001508:user/research-admin;iam_user_two_active_access_key;False;research-admin;NIST-CSF;National Institute of Standards and Technology (NIST) Cybersecurity Framework (CSF) v2.0;
aws;The NIST Cybersecurity Framework (CSF) 2.0 offers a taxonomy of high-level cybersecurity outcomes that can be used by any organization regardless of its size, sector, or maturity to better understand, assess, prioritize, and communicate its cybersecurity efforts. The framework's core functions are organized into six key areas: Govern (new), Identify, Protect, Detect, Respond, and Recover. Together, these functions provide a comprehensive lifecycle approach to managing cybersecurity risk.;350381001508;us-east-1;2026-08-01 19:04:21.788096;ac_6;Identities are proofed and bound to credentials and asserted in interactions.;Protect (PR);Identity Management and Access Control (PR.AC);;aws;;PASS;User research-admin does not have 2 active access keys.;arn:aws:iam::350381001508:user/research-admin;iam_user_two_active_access_key;False;research-admin;NIST-CSF;National Institute of Standards and Technology (NIST) Cybersecurity Framework (CSF) v2.0;
aws;The NIST Cybersecurity Framework (CSF) 2.0 offers a taxonomy of high-level cybersecurity outcomes that can be used by any organization regardless of its size, sector, or maturity to better understand, assess, prioritize, and communicate its cybersecurity efforts. The framework's core functions are organized into six key areas: Govern (new), Identify, Protect, Detect, Respond, and Recover. Together, these functions provide a comprehensive lifecycle approach to managing cybersecurity risk.;350381001508;us-east-1;2026-08-01 19:04:21.788096;ac_1;Identities and credentials are issued, managed, verified, revoked, and audited for authorized devices, users and processes.;Protect (PR);Identity Management and Access Control (PR.AC);;aws;;PASS;User scanner-user does not have 2 active access keys.;arn:aws:iam::350381001508:user/scanner-user;iam_user_two_active_access_key;False;scanner-user;NIST-CSF;National Institute of Standards and Technology (NIST) Cybersecurity Framework (CSF) v2.0;
aws;The NIST Cybersecurity Framework (CSF) 2.0 offers a taxonomy of high-level cybersecurity outcomes that can be used by any organization regardless of its size, sector, or maturity to better understand, assess, prioritize, and communicate its cybersecurity efforts. The framework's core functions are organized into six key areas: Govern (new), Identify, Protect, Detect, Respond, and Recover. Together, these functions provide a comprehensive lifecycle approach to managing cybersecurity risk.;350381001508;us-east-1;2026-08-01 19:04:21.788096;ac_6;Identities are proofed and bound to credentials and asserted in interactions.;Protect (PR);Identity Management and Access Control (PR.AC);;aws;;PASS;User scanner-user does not have 2 active access keys.;arn:aws:iam::350381001508:user/scanner-user;iam_user_two_active_access_key;False;scanner-user;NIST-CSF;National Institute of Standards and Technology (NIST) Cybersecurity Framework (CSF) v2.0;
aws;The NIST Cybersecurity Framework (CSF) 2.0 offers a taxonomy of high-level cybersecurity outcomes that can be used by any organization regardless of its size, sector, or maturity to better understand, assess, prioritize, and communicate its cybersecurity efforts. The framework's core functions are organized into six key areas: Govern (new), Identify, Protect, Detect, Respond, and Recover. Together, these functions provide a comprehensive lifecycle approach to managing cybersecurity risk.;350381001508;us-east-1;2026-08-01 19:04:21.788096;ac_1;Identities and credentials are issued, managed, verified, revoked, and audited for authorized devices, users and processes.;Protect (PR);Identity Management and Access Control (PR.AC);;aws;;PASS;User test-user does not have 2 active access keys.;arn:aws:iam::350381001508:user/test-user;iam_user_two_active_access_key;False;test-user;NIST-CSF;National Institute of Standards and Technology (NIST) Cybersecurity Framework (CSF) v2.0;
aws;The NIST Cybersecurity Framework (CSF) 2.0 offers a taxonomy of high-level cybersecurity outcomes that can be used by any organization regardless of its size, sector, or maturity to better understand, assess, prioritize, and communicate its cybersecurity efforts. The framework's core functions are organized into six key areas: Govern (new), Identify, Protect, Detect, Respond, and Recover. Together, these functions provide a comprehensive lifecycle approach to managing cybersecurity risk.;350381001508;us-east-1;2026-08-01 19:04:21.788096;ac_6;Identities are proofed and bound to credentials and asserted in interactions.;Protect (PR);Identity Management and Access Control (PR.AC);;aws;;PASS;User test-user does not have 2 active access keys.;arn:aws:iam::350381001508:user/test-user;iam_user_two_active_access_key;False;test-user;NIST-CSF;National Institute of Standards and Technology (NIST) Cybersecurity Framework (CSF) v2.0;
aws;The NIST Cybersecurity Framework (CSF) 2.0 offers a taxonomy of high-level cybersecurity outcomes that can be used by any organization regardless of its size, sector, or maturity to better understand, assess, prioritize, and communicate its cybersecurity efforts. The framework's core functions are organized into six key areas: Govern (new), Identify, Protect, Detect, Respond, and Recover. Together, these functions provide a comprehensive lifecycle approach to managing cybersecurity risk.;350381001508;us-east-1;2026-08-01 19:04:21.788096;ac_6;Identities are proofed and bound to credentials and asserted in interactions.;Protect (PR);Identity Management and Access Control (PR.AC);;aws;;PASS;User research-admin doesn't have long lived credentials with access to other services than IAM or STS.;arn:aws:iam::350381001508:user/research-admin;iam_user_with_temporary_credentials;False;research-admin;NIST-CSF;National Institute of Standards and Technology (NIST) Cybersecurity Framework (CSF) v2.0;
aws;The NIST Cybersecurity Framework (CSF) 2.0 offers a taxonomy of high-level cybersecurity outcomes that can be used by any organization regardless of its size, sector, or maturity to better understand, assess, prioritize, and communicate its cybersecurity efforts. The framework's core functions are organized into six key areas: Govern (new), Identify, Protect, Detect, Respond, and Recover. Together, these functions provide a comprehensive lifecycle approach to managing cybersecurity risk.;350381001508;us-east-1;2026-08-01 19:04:21.788096;ac_6;Identities are proofed and bound to credentials and asserted in interactions.;Protect (PR);Identity Management and Access Control (PR.AC);;aws;;FAIL;User scanner-user has long lived credentials with access to other services than IAM or STS.;arn:aws:iam::350381001508:user/scanner-user;iam_user_with_temporary_credentials;False;scanner-user;NIST-CSF;National Institute of Standards and Technology (NIST) Cybersecurity Framework (CSF) v2.0;
aws;The NIST Cybersecurity Framework (CSF) 2.0 offers a taxonomy of high-level cybersecurity outcomes that can be used by any organization regardless of its size, sector, or maturity to better understand, assess, prioritize, and communicate its cybersecurity efforts. The framework's core functions are organized into six key areas: Govern (new), Identify, Protect, Detect, Respond, and Recover. Together, these functions provide a comprehensive lifecycle approach to managing cybersecurity risk.;350381001508;us-east-1;2026-08-01 19:04:21.788096;ac_6;Identities are proofed and bound to credentials and asserted in interactions.;Protect (PR);Identity Management and Access Control (PR.AC);;aws;;FAIL;User test-user has long lived credentials with access to other services than IAM or STS.;arn:aws:iam::350381001508:user/test-user;iam_user_with_temporary_credentials;False;test-user;NIST-CSF;National Institute of Standards and Technology (NIST) Cybersecurity Framework (CSF) v2.0;
aws;The NIST Cybersecurity Framework (CSF) 2.0 offers a taxonomy of high-level cybersecurity outcomes that can be used by any organization regardless of its size, sector, or maturity to better understand, assess, prioritize, and communicate its cybersecurity efforts. The framework's core functions are organized into six key areas: Govern (new), Identify, Protect, Detect, Respond, and Recover. Together, these functions provide a comprehensive lifecycle approach to managing cybersecurity risk.;350381001508;us-east-1;2026-08-01 19:04:21.788096;rm_1;Organizational cybersecurity risk management strategy is established, communicated, and maintained.;Govern (GV);Risk Management Strategy (GV.RM);;aws;;FAIL;AWS Organizations is not in-use for this AWS Account.;arn:aws:organizations::350381001508:unknown;organizations_account_part_of_organizations;False;unknown;NIST-CSF;National Institute of Standards and Technology (NIST) Cybersecurity Framework (CSF) v2.0;
aws;The NIST Cybersecurity Framework (CSF) 2.0 offers a taxonomy of high-level cybersecurity outcomes that can be used by any organization regardless of its size, sector, or maturity to better understand, assess, prioritize, and communicate its cybersecurity efforts. The framework's core functions are organized into six key areas: Govern (new), Identify, Protect, Detect, Respond, and Recover. Together, these functions provide a comprehensive lifecycle approach to managing cybersecurity risk.;350381001508;us-east-1;2026-08-01 19:04:21.788096;rr_1;Cybersecurity roles and responsibilities are coordinated and aligned with internal roles and external partners.;Govern (GV);Roles, Responsibilities, and Authorities (GV.RR);;iam;;FAIL;AWS Organizations is not in-use for this AWS Account.;arn:aws:organizations::350381001508:unknown;organizations_account_part_of_organizations;False;unknown;NIST-CSF;National Institute of Standards and Technology (NIST) Cybersecurity Framework (CSF) v2.0;
aws;The NIST Cybersecurity Framework (CSF) 2.0 offers a taxonomy of high-level cybersecurity outcomes that can be used by any organization regardless of its size, sector, or maturity to better understand, assess, prioritize, and communicate its cybersecurity efforts. The framework's core functions are organized into six key areas: Govern (new), Identify, Protect, Detect, Respond, and Recover. Together, these functions provide a comprehensive lifecycle approach to managing cybersecurity risk.;350381001508;us-east-1;2026-08-01 19:04:21.788096;rr_2;Cybersecurity responsibilities are established and communicated.;Govern (GV);Roles, Responsibilities, and Authorities (GV.RR);;iam;;FAIL;AWS Organizations is not in-use for this AWS Account.;arn:aws:organizations::350381001508:unknown;organizations_account_part_of_organizations;False;unknown;NIST-CSF;National Institute of Standards and Technology (NIST) Cybersecurity Framework (CSF) v2.0;
aws;The NIST Cybersecurity Framework (CSF) 2.0 offers a taxonomy of high-level cybersecurity outcomes that can be used by any organization regardless of its size, sector, or maturity to better understand, assess, prioritize, and communicate its cybersecurity efforts. The framework's core functions are organized into six key areas: Govern (new), Identify, Protect, Detect, Respond, and Recover. Together, these functions provide a comprehensive lifecycle approach to managing cybersecurity risk.;350381001508;us-east-1;2026-08-01 19:04:21.788096;po_3;Legal and regulatory requirements regarding cybersecurity, including privacy and civil liberties obligations, are understood and managed.;Govern (GV);Policies, Processes, and Procedures (GV.PO);;aws;;FAIL;AWS Organizations is not in-use for this AWS Account.;arn:aws:organizations::350381001508:unknown;organizations_account_part_of_organizations;False;unknown;NIST-CSF;National Institute of Standards and Technology (NIST) Cybersecurity Framework (CSF) v2.0;
aws;The NIST Cybersecurity Framework (CSF) 2.0 offers a taxonomy of high-level cybersecurity outcomes that can be used by any organization regardless of its size, sector, or maturity to better understand, assess, prioritize, and communicate its cybersecurity efforts. The framework's core functions are organized into six key areas: Govern (new), Identify, Protect, Detect, Respond, and Recover. Together, these functions provide a comprehensive lifecycle approach to managing cybersecurity risk.;350381001508;us-east-1;2026-08-01 19:04:21.788096;po_4;Governance and risk management processes address cybersecurity risks.;Govern (GV);Policies, Processes, and Procedures (GV.PO);;aws;;FAIL;AWS Organizations is not in-use for this AWS Account.;arn:aws:organizations::350381001508:unknown;organizations_account_part_of_organizations;False;unknown;NIST-CSF;National Institute of Standards and Technology (NIST) Cybersecurity Framework (CSF) v2.0;
aws;The NIST Cybersecurity Framework (CSF) 2.0 offers a taxonomy of high-level cybersecurity outcomes that can be used by any organization regardless of its size, sector, or maturity to better understand, assess, prioritize, and communicate its cybersecurity efforts. The framework's core functions are organized into six key areas: Govern (new), Identify, Protect, Detect, Respond, and Recover. Together, these functions provide a comprehensive lifecycle approach to managing cybersecurity risk.;350381001508;us-east-1;2026-08-01 19:04:21.788096;am_6;Cybersecurity roles and responsibilities for the entire workforce and third-party stakeholders (e.g., suppliers, customers, partners) are established.;Identify (ID);Asset Management (ID.AM);;iam;;FAIL;AWS Organizations is not in-use for this AWS Account.;arn:aws:organizations::350381001508:unknown;organizations_account_part_of_organizations;False;unknown;NIST-CSF;National Institute of Standards and Technology (NIST) Cybersecurity Framework (CSF) v2.0;
aws;The NIST Cybersecurity Framework (CSF) 2.0 offers a taxonomy of high-level cybersecurity outcomes that can be used by any organization regardless of its size, sector, or maturity to better understand, assess, prioritize, and communicate its cybersecurity efforts. The framework's core functions are organized into six key areas: Govern (new), Identify, Protect, Detect, Respond, and Recover. Together, these functions provide a comprehensive lifecycle approach to managing cybersecurity risk.;350381001508;us-east-1;2026-08-01 19:04:21.788096;rm_1;Organizational cybersecurity risk management strategy is established, communicated, and maintained.;Govern (GV);Risk Management Strategy (GV.RM);;aws;;FAIL;AWS Organizations is not in-use for this AWS Account.;arn:aws:organizations::350381001508:unknown;organizations_opt_out_ai_services_policy;False;unknown;NIST-CSF;National Institute of Standards and Technology (NIST) Cybersecurity Framework (CSF) v2.0;
aws;The NIST Cybersecurity Framework (CSF) 2.0 offers a taxonomy of high-level cybersecurity outcomes that can be used by any organization regardless of its size, sector, or maturity to better understand, assess, prioritize, and communicate its cybersecurity efforts. The framework's core functions are organized into six key areas: Govern (new), Identify, Protect, Detect, Respond, and Recover. Together, these functions provide a comprehensive lifecycle approach to managing cybersecurity risk.;350381001508;us-east-1;2026-08-01 19:04:21.788096;rr_1;Cybersecurity roles and responsibilities are coordinated and aligned with internal roles and external partners.;Govern (GV);Roles, Responsibilities, and Authorities (GV.RR);;iam;;FAIL;AWS Organizations is not in-use for this AWS Account.;arn:aws:organizations::350381001508:unknown;organizations_opt_out_ai_services_policy;False;unknown;NIST-CSF;National Institute of Standards and Technology (NIST) Cybersecurity Framework (CSF) v2.0;
aws;The NIST Cybersecurity Framework (CSF) 2.0 offers a taxonomy of high-level cybersecurity outcomes that can be used by any organization regardless of its size, sector, or maturity to better understand, assess, prioritize, and communicate its cybersecurity efforts. The framework's core functions are organized into six key areas: Govern (new), Identify, Protect, Detect, Respond, and Recover. Together, these functions provide a comprehensive lifecycle approach to managing cybersecurity risk.;350381001508;us-east-1;2026-08-01 19:04:21.788096;rr_2;Cybersecurity responsibilities are established and communicated.;Govern (GV);Roles, Responsibilities, and Authorities (GV.RR);;iam;;FAIL;AWS Organizations is not in-use for this AWS Account.;arn:aws:organizations::350381001508:unknown;organizations_opt_out_ai_services_policy;False;unknown;NIST-CSF;National Institute of Standards and Technology (NIST) Cybersecurity Framework (CSF) v2.0;
aws;The NIST Cybersecurity Framework (CSF) 2.0 offers a taxonomy of high-level cybersecurity outcomes that can be used by any organization regardless of its size, sector, or maturity to better understand, assess, prioritize, and communicate its cybersecurity efforts. The framework's core functions are organized into six key areas: Govern (new), Identify, Protect, Detect, Respond, and Recover. Together, these functions provide a comprehensive lifecycle approach to managing cybersecurity risk.;350381001508;us-east-1;2026-08-01 19:04:21.788096;po_3;Legal and regulatory requirements regarding cybersecurity, including privacy and civil liberties obligations, are understood and managed.;Govern (GV);Policies, Processes, and Procedures (GV.PO);;aws;;FAIL;AWS Organizations is not in-use for this AWS Account.;arn:aws:organizations::350381001508:unknown;organizations_opt_out_ai_services_policy;False;unknown;NIST-CSF;National Institute of Standards and Technology (NIST) Cybersecurity Framework (CSF) v2.0;
aws;The NIST Cybersecurity Framework (CSF) 2.0 offers a taxonomy of high-level cybersecurity outcomes that can be used by any organization regardless of its size, sector, or maturity to better understand, assess, prioritize, and communicate its cybersecurity efforts. The framework's core functions are organized into six key areas: Govern (new), Identify, Protect, Detect, Respond, and Recover. Together, these functions provide a comprehensive lifecycle approach to managing cybersecurity risk.;350381001508;us-east-1;2026-08-01 19:04:21.788096;rm_1;Organizational cybersecurity risk management strategy is established, communicated, and maintained.;Govern (GV);Risk Management Strategy (GV.RM);;aws;;FAIL;AWS Organizations is not in-use for this AWS Account.;arn:aws:organizations::350381001508:unknown;organizations_scp_check_deny_regions;False;unknown;NIST-CSF;National Institute of Standards and Technology (NIST) Cybersecurity Framework (CSF) v2.0;
aws;The NIST Cybersecurity Framework (CSF) 2.0 offers a taxonomy of high-level cybersecurity outcomes that can be used by any organization regardless of its size, sector, or maturity to better understand, assess, prioritize, and communicate its cybersecurity efforts. The framework's core functions are organized into six key areas: Govern (new), Identify, Protect, Detect, Respond, and Recover. Together, these functions provide a comprehensive lifecycle approach to managing cybersecurity risk.;350381001508;us-east-1;2026-08-01 19:04:21.788096;rr_1;Cybersecurity roles and responsibilities are coordinated and aligned with internal roles and external partners.;Govern (GV);Roles, Responsibilities, and Authorities (GV.RR);;iam;;FAIL;AWS Organizations is not in-use for this AWS Account.;arn:aws:organizations::350381001508:unknown;organizations_scp_check_deny_regions;False;unknown;NIST-CSF;National Institute of Standards and Technology (NIST) Cybersecurity Framework (CSF) v2.0;
aws;The NIST Cybersecurity Framework (CSF) 2.0 offers a taxonomy of high-level cybersecurity outcomes that can be used by any organization regardless of its size, sector, or maturity to better understand, assess, prioritize, and communicate its cybersecurity efforts. The framework's core functions are organized into six key areas: Govern (new), Identify, Protect, Detect, Respond, and Recover. Together, these functions provide a comprehensive lifecycle approach to managing cybersecurity risk.;350381001508;us-east-1;2026-08-01 19:04:21.788096;rr_2;Cybersecurity responsibilities are established and communicated.;Govern (GV);Roles, Responsibilities, and Authorities (GV.RR);;iam;;FAIL;AWS Organizations is not in-use for this AWS Account.;arn:aws:organizations::350381001508:unknown;organizations_scp_check_deny_regions;False;unknown;NIST-CSF;National Institute of Standards and Technology (NIST) Cybersecurity Framework (CSF) v2.0;
aws;The NIST Cybersecurity Framework (CSF) 2.0 offers a taxonomy of high-level cybersecurity outcomes that can be used by any organization regardless of its size, sector, or maturity to better understand, assess, prioritize, and communicate its cybersecurity efforts. The framework's core functions are organized into six key areas: Govern (new), Identify, Protect, Detect, Respond, and Recover. Together, these functions provide a comprehensive lifecycle approach to managing cybersecurity risk.;350381001508;us-east-1;2026-08-01 19:04:21.788096;po_3;Legal and regulatory requirements regarding cybersecurity, including privacy and civil liberties obligations, are understood and managed.;Govern (GV);Policies, Processes, and Procedures (GV.PO);;aws;;FAIL;AWS Organizations is not in-use for this AWS Account.;arn:aws:organizations::350381001508:unknown;organizations_scp_check_deny_regions;False;unknown;NIST-CSF;National Institute of Standards and Technology (NIST) Cybersecurity Framework (CSF) v2.0;
aws;The NIST Cybersecurity Framework (CSF) 2.0 offers a taxonomy of high-level cybersecurity outcomes that can be used by any organization regardless of its size, sector, or maturity to better understand, assess, prioritize, and communicate its cybersecurity efforts. The framework's core functions are organized into six key areas: Govern (new), Identify, Protect, Detect, Respond, and Recover. Together, these functions provide a comprehensive lifecycle approach to managing cybersecurity risk.;350381001508;us-east-1;2026-08-01 19:04:21.788096;po_4;Governance and risk management processes address cybersecurity risks.;Govern (GV);Policies, Processes, and Procedures (GV.PO);;aws;;FAIL;AWS Organizations is not in-use for this AWS Account.;arn:aws:organizations::350381001508:unknown;organizations_scp_check_deny_regions;False;unknown;NIST-CSF;National Institute of Standards and Technology (NIST) Cybersecurity Framework (CSF) v2.0;
aws;The NIST Cybersecurity Framework (CSF) 2.0 offers a taxonomy of high-level cybersecurity outcomes that can be used by any organization regardless of its size, sector, or maturity to better understand, assess, prioritize, and communicate its cybersecurity efforts. The framework's core functions are organized into six key areas: Govern (new), Identify, Protect, Detect, Respond, and Recover. Together, these functions provide a comprehensive lifecycle approach to managing cybersecurity risk.;350381001508;us-east-1;2026-08-01 19:04:21.788096;ov_3;Cybersecurity risk management strategy and practices are reviewed and adjusted to adapt to changes in the threat landscape, technologies, or mission, business, or system environments.;Govern (GV);Oversight (GV.OV);;aws;;FAIL;AWS Organizations is not in-use for this AWS Account.;arn:aws:organizations::350381001508:unknown;organizations_scp_check_deny_regions;False;unknown;NIST-CSF;National Institute of Standards and Technology (NIST) Cybersecurity Framework (CSF) v2.0;
aws;The NIST Cybersecurity Framework (CSF) 2.0 offers a taxonomy of high-level cybersecurity outcomes that can be used by any organization regardless of its size, sector, or maturity to better understand, assess, prioritize, and communicate its cybersecurity efforts. The framework's core functions are organized into six key areas: Govern (new), Identify, Protect, Detect, Respond, and Recover. Together, these functions provide a comprehensive lifecycle approach to managing cybersecurity risk.;350381001508;us-east-1;2026-08-01 19:04:21.788096;rm_1;Organizational cybersecurity risk management strategy is established, communicated, and maintained.;Govern (GV);Risk Management Strategy (GV.RM);;aws;;FAIL;AWS Organizations is not in-use for this AWS Account.;arn:aws:organizations::350381001508:unknown;organizations_tags_policies_enabled_and_attached;False;unknown;NIST-CSF;National Institute of Standards and Technology (NIST) Cybersecurity Framework (CSF) v2.0;
aws;The NIST Cybersecurity Framework (CSF) 2.0 offers a taxonomy of high-level cybersecurity outcomes that can be used by any organization regardless of its size, sector, or maturity to better understand, assess, prioritize, and communicate its cybersecurity efforts. The framework's core functions are organized into six key areas: Govern (new), Identify, Protect, Detect, Respond, and Recover. Together, these functions provide a comprehensive lifecycle approach to managing cybersecurity risk.;350381001508;us-east-1;2026-08-01 19:04:21.788096;po_3;Legal and regulatory requirements regarding cybersecurity, including privacy and civil liberties obligations, are understood and managed.;Govern (GV);Policies, Processes, and Procedures (GV.PO);;aws;;FAIL;AWS Organizations is not in-use for this AWS Account.;arn:aws:organizations::350381001508:unknown;organizations_tags_policies_enabled_and_attached;False;unknown;NIST-CSF;National Institute of Standards and Technology (NIST) Cybersecurity Framework (CSF) v2.0;
aws;The NIST Cybersecurity Framework (CSF) 2.0 offers a taxonomy of high-level cybersecurity outcomes that can be used by any organization regardless of its size, sector, or maturity to better understand, assess, prioritize, and communicate its cybersecurity efforts. The framework's core functions are organized into six key areas: Govern (new), Identify, Protect, Detect, Respond, and Recover. Together, these functions provide a comprehensive lifecycle approach to managing cybersecurity risk.;350381001508;us-east-1;2026-08-01 19:04:21.788096;ov_3;Cybersecurity risk management strategy and practices are reviewed and adjusted to adapt to changes in the threat landscape, technologies, or mission, business, or system environments.;Govern (GV);Oversight (GV.OV);;aws;;FAIL;AWS Organizations is not in-use for this AWS Account.;arn:aws:organizations::350381001508:unknown;organizations_tags_policies_enabled_and_attached;False;unknown;NIST-CSF;National Institute of Standards and Technology (NIST) Cybersecurity Framework (CSF) v2.0;
aws;The NIST Cybersecurity Framework (CSF) 2.0 offers a taxonomy of high-level cybersecurity outcomes that can be used by any organization regardless of its size, sector, or maturity to better understand, assess, prioritize, and communicate its cybersecurity efforts. The framework's core functions are organized into six key areas: Govern (new), Identify, Protect, Detect, Respond, and Recover. Together, these functions provide a comprehensive lifecycle approach to managing cybersecurity risk.;350381001508;us-east-1;2026-08-01 19:04:21.788096;ac_3;Remote access is managed.;Protect (PR);Identity Management and Access Control (PR.AC);;aws;;FAIL;Block Public Access is not configured for the account 350381001508.;arn:aws:s3:us-east-1:350381001508:account;s3_account_level_public_access_blocks;False;350381001508;NIST-CSF;National Institute of Standards and Technology (NIST) Cybersecurity Framework (CSF) v2.0;
aws;The NIST Cybersecurity Framework (CSF) 2.0 offers a taxonomy of high-level cybersecurity outcomes that can be used by any organization regardless of its size, sector, or maturity to better understand, assess, prioritize, and communicate its cybersecurity efforts. The framework's core functions are organized into six key areas: Govern (new), Identify, Protect, Detect, Respond, and Recover. Together, these functions provide a comprehensive lifecycle approach to managing cybersecurity risk.;350381001508;us-east-1;2026-08-01 19:04:21.788096;ds_5;Protections against data leaks are implemented.;Protect (PR);Data Security (PR.DS);;aws;;PASS;S3 Bucket aws-cloudtrail-logs-350381001508-dae76776 has bucket ACLs disabled.;arn:aws:s3:::aws-cloudtrail-logs-350381001508-dae76776;s3_bucket_acl_prohibited;False;aws-cloudtrail-logs-350381001508-dae76776;NIST-CSF;National Institute of Standards and Technology (NIST) Cybersecurity Framework (CSF) v2.0;
aws;The NIST Cybersecurity Framework (CSF) 2.0 offers a taxonomy of high-level cybersecurity outcomes that can be used by any organization regardless of its size, sector, or maturity to better understand, assess, prioritize, and communicate its cybersecurity efforts. The framework's core functions are organized into six key areas: Govern (new), Identify, Protect, Detect, Respond, and Recover. Together, these functions provide a comprehensive lifecycle approach to managing cybersecurity risk.;350381001508;us-east-1;2026-08-01 19:04:21.788096;ds_5;Protections against data leaks are implemented.;Protect (PR);Data Security (PR.DS);;aws;;PASS;S3 Bucket public-bucket-open has bucket ACLs disabled.;arn:aws:s3:::public-bucket-open;s3_bucket_acl_prohibited;False;public-bucket-open;NIST-CSF;National Institute of Standards and Technology (NIST) Cybersecurity Framework (CSF) v2.0;
aws;The NIST Cybersecurity Framework (CSF) 2.0 offers a taxonomy of high-level cybersecurity outcomes that can be used by any organization regardless of its size, sector, or maturity to better understand, assess, prioritize, and communicate its cybersecurity efforts. The framework's core functions are organized into six key areas: Govern (new), Identify, Protect, Detect, Respond, and Recover. Together, these functions provide a comprehensive lifecycle approach to managing cybersecurity risk.;350381001508;us-east-1;2026-08-01 19:04:21.788096;ds_5;Protections against data leaks are implemented.;Protect (PR);Data Security (PR.DS);;aws;;PASS;S3 Bucket research-secure-bucket has bucket ACLs disabled.;arn:aws:s3:::research-secure-bucket;s3_bucket_acl_prohibited;False;research-secure-bucket;NIST-CSF;National Institute of Standards and Technology (NIST) Cybersecurity Framework (CSF) v2.0;
aws;The NIST Cybersecurity Framework (CSF) 2.0 offers a taxonomy of high-level cybersecurity outcomes that can be used by any organization regardless of its size, sector, or maturity to better understand, assess, prioritize, and communicate its cybersecurity efforts. The framework's core functions are organized into six key areas: Govern (new), Identify, Protect, Detect, Respond, and Recover. Together, these functions provide a comprehensive lifecycle approach to managing cybersecurity risk.;350381001508;us-east-1;2026-08-01 19:04:21.788096;ra_1;Asset vulnerabilities are identified and documented.;Identify (ID);Risk Assessment (ID.RA);;aws;;PASS;S3 Bucket aws-cloudtrail-logs-350381001508-dae76776 has a bucket policy but it does not allow cross account access.;arn:aws:s3:::aws-cloudtrail-logs-350381001508-dae76776;s3_bucket_cross_account_access;False;aws-cloudtrail-logs-350381001508-dae76776;NIST-CSF;National Institute of Standards and Technology (NIST) Cybersecurity Framework (CSF) v2.0;
aws;The NIST Cybersecurity Framework (CSF) 2.0 offers a taxonomy of high-level cybersecurity outcomes that can be used by any organization regardless of its size, sector, or maturity to better understand, assess, prioritize, and communicate its cybersecurity efforts. The framework's core functions are organized into six key areas: Govern (new), Identify, Protect, Detect, Respond, and Recover. Together, these functions provide a comprehensive lifecycle approach to managing cybersecurity risk.;350381001508;us-east-1;2026-08-01 19:04:21.788096;ds_5;Protections against data leaks are implemented.;Protect (PR);Data Security (PR.DS);;aws;;PASS;S3 Bucket aws-cloudtrail-logs-350381001508-dae76776 has a bucket policy but it does not allow cross account access.;arn:aws:s3:::aws-cloudtrail-logs-350381001508-dae76776;s3_bucket_cross_account_access;False;aws-cloudtrail-logs-350381001508-dae76776;NIST-CSF;National Institute of Standards and Technology (NIST) Cybersecurity Framework (CSF) v2.0;
aws;The NIST Cybersecurity Framework (CSF) 2.0 offers a taxonomy of high-level cybersecurity outcomes that can be used by any organization regardless of its size, sector, or maturity to better understand, assess, prioritize, and communicate its cybersecurity efforts. The framework's core functions are organized into six key areas: Govern (new), Identify, Protect, Detect, Respond, and Recover. Together, these functions provide a comprehensive lifecycle approach to managing cybersecurity risk.;350381001508;us-east-1;2026-08-01 19:04:21.788096;ip_1;A baseline configuration of information technology/industrial control systems is created and maintained incorporating security principles (e.g. concept of least functionality).;Protect (PR);Information Protection Processes and Procedures (PR.IP);;aws;;PASS;S3 Bucket aws-cloudtrail-logs-350381001508-dae76776 has a bucket policy but it does not allow cross account access.;arn:aws:s3:::aws-cloudtrail-logs-350381001508-dae76776;s3_bucket_cross_account_access;False;aws-cloudtrail-logs-350381001508-dae76776;NIST-CSF;National Institute of Standards and Technology (NIST) Cybersecurity Framework (CSF) v2.0;
aws;The NIST Cybersecurity Framework (CSF) 2.0 offers a taxonomy of high-level cybersecurity outcomes that can be used by any organization regardless of its size, sector, or maturity to better understand, assess, prioritize, and communicate its cybersecurity efforts. The framework's core functions are organized into six key areas: Govern (new), Identify, Protect, Detect, Respond, and Recover. Together, these functions provide a comprehensive lifecycle approach to managing cybersecurity risk.;350381001508;us-east-1;2026-08-01 19:04:21.788096;ra_1;Asset vulnerabilities are identified and documented.;Identify (ID);Risk Assessment (ID.RA);;aws;;FAIL;S3 Bucket public-bucket-open has a bucket policy allowing cross account access.;arn:aws:s3:::public-bucket-open;s3_bucket_cross_account_access;False;public-bucket-open;NIST-CSF;National Institute of Standards and Technology (NIST) Cybersecurity Framework (CSF) v2.0;
aws;The NIST Cybersecurity Framework (CSF) 2.0 offers a taxonomy of high-level cybersecurity outcomes that can be used by any organization regardless of its size, sector, or maturity to better understand, assess, prioritize, and communicate its cybersecurity efforts. The framework's core functions are organized into six key areas: Govern (new), Identify, Protect, Detect, Respond, and Recover. Together, these functions provide a comprehensive lifecycle approach to managing cybersecurity risk.;350381001508;us-east-1;2026-08-01 19:04:21.788096;ds_5;Protections against data leaks are implemented.;Protect (PR);Data Security (PR.DS);;aws;;FAIL;S3 Bucket public-bucket-open has a bucket policy allowing cross account access.;arn:aws:s3:::public-bucket-open;s3_bucket_cross_account_access;False;public-bucket-open;NIST-CSF;National Institute of Standards and Technology (NIST) Cybersecurity Framework (CSF) v2.0;
aws;The NIST Cybersecurity Framework (CSF) 2.0 offers a taxonomy of high-level cybersecurity outcomes that can be used by any organization regardless of its size, sector, or maturity to better understand, assess, prioritize, and communicate its cybersecurity efforts. The framework's core functions are organized into six key areas: Govern (new), Identify, Protect, Detect, Respond, and Recover. Together, these functions provide a comprehensive lifecycle approach to managing cybersecurity risk.;350381001508;us-east-1;2026-08-01 19:04:21.788096;ip_1;A baseline configuration of information technology/industrial control systems is created and maintained incorporating security principles (e.g. concept of least functionality).;Protect (PR);Information Protection Processes and Procedures (PR.IP);;aws;;FAIL;S3 Bucket public-bucket-open has a bucket policy allowing cross account access.;arn:aws:s3:::public-bucket-open;s3_bucket_cross_account_access;False;public-bucket-open;NIST-CSF;National Institute of Standards and Technology (NIST) Cybersecurity Framework (CSF) v2.0;
aws;The NIST Cybersecurity Framework (CSF) 2.0 offers a taxonomy of high-level cybersecurity outcomes that can be used by any organization regardless of its size, sector, or maturity to better understand, assess, prioritize, and communicate its cybersecurity efforts. The framework's core functions are organized into six key areas: Govern (new), Identify, Protect, Detect, Respond, and Recover. Together, these functions provide a comprehensive lifecycle approach to managing cybersecurity risk.;350381001508;us-east-1;2026-08-01 19:04:21.788096;ra_1;Asset vulnerabilities are identified and documented.;Identify (ID);Risk Assessment (ID.RA);;aws;;PASS;S3 Bucket research-secure-bucket does not have a bucket policy.;arn:aws:s3:::research-secure-bucket;s3_bucket_cross_account_access;False;research-secure-bucket;NIST-CSF;National Institute of Standards and Technology (NIST) Cybersecurity Framework (CSF) v2.0;
aws;The NIST Cybersecurity Framework (CSF) 2.0 offers a taxonomy of high-level cybersecurity outcomes that can be used by any organization regardless of its size, sector, or maturity to better understand, assess, prioritize, and communicate its cybersecurity efforts. The framework's core functions are organized into six key areas: Govern (new), Identify, Protect, Detect, Respond, and Recover. Together, these functions provide a comprehensive lifecycle approach to managing cybersecurity risk.;350381001508;us-east-1;2026-08-01 19:04:21.788096;ds_5;Protections against data leaks are implemented.;Protect (PR);Data Security (PR.DS);;aws;;PASS;S3 Bucket research-secure-bucket does not have a bucket policy.;arn:aws:s3:::research-secure-bucket;s3_bucket_cross_account_access;False;research-secure-bucket;NIST-CSF;National Institute of Standards and Technology (NIST) Cybersecurity Framework (CSF) v2.0;
aws;The NIST Cybersecurity Framework (CSF) 2.0 offers a taxonomy of high-level cybersecurity outcomes that can be used by any organization regardless of its size, sector, or maturity to better understand, assess, prioritize, and communicate its cybersecurity efforts. The framework's core functions are organized into six key areas: Govern (new), Identify, Protect, Detect, Respond, and Recover. Together, these functions provide a comprehensive lifecycle approach to managing cybersecurity risk.;350381001508;us-east-1;2026-08-01 19:04:21.788096;ip_1;A baseline configuration of information technology/industrial control systems is created and maintained incorporating security principles (e.g. concept of least functionality).;Protect (PR);Information Protection Processes and Procedures (PR.IP);;aws;;PASS;S3 Bucket research-secure-bucket does not have a bucket policy.;arn:aws:s3:::research-secure-bucket;s3_bucket_cross_account_access;False;research-secure-bucket;NIST-CSF;National Institute of Standards and Technology (NIST) Cybersecurity Framework (CSF) v2.0;
aws;The NIST Cybersecurity Framework (CSF) 2.0 offers a taxonomy of high-level cybersecurity outcomes that can be used by any organization regardless of its size, sector, or maturity to better understand, assess, prioritize, and communicate its cybersecurity efforts. The framework's core functions are organized into six key areas: Govern (new), Identify, Protect, Detect, Respond, and Recover. Together, these functions provide a comprehensive lifecycle approach to managing cybersecurity risk.;350381001508;us-east-1;2026-08-01 19:04:21.788096;be_5;Resilience requirements to support delivery of critical services are established for all operating states (e.g. under duress/attack, during recovery, normal operations);Identify (ID);Business Environment (ID.BE);;aws;;FAIL;S3 Bucket aws-cloudtrail-logs-350381001508-dae76776 does not have correct cross region replication configuration.;arn:aws:s3:::aws-cloudtrail-logs-350381001508-dae76776;s3_bucket_cross_region_replication;False;aws-cloudtrail-logs-350381001508-dae76776;NIST-CSF;National Institute of Standards and Technology (NIST) Cybersecurity Framework (CSF) v2.0;
aws;The NIST Cybersecurity Framework (CSF) 2.0 offers a taxonomy of high-level cybersecurity outcomes that can be used by any organization regardless of its size, sector, or maturity to better understand, assess, prioritize, and communicate its cybersecurity efforts. The framework's core functions are organized into six key areas: Govern (new), Identify, Protect, Detect, Respond, and Recover. Together, these functions provide a comprehensive lifecycle approach to managing cybersecurity risk.;350381001508;us-east-1;2026-08-01 19:04:21.788096;ds_4;Adequate capacity to ensure availability is maintained.;Protect (PR);Data Security (PR.DS);;aws;;FAIL;S3 Bucket aws-cloudtrail-logs-350381001508-dae76776 does not have correct cross region replication configuration.;arn:aws:s3:::aws-cloudtrail-logs-350381001508-dae76776;s3_bucket_cross_region_replication;False;aws-cloudtrail-logs-350381001508-dae76776;NIST-CSF;National Institute of Standards and Technology (NIST) Cybersecurity Framework (CSF) v2.0;
aws;The NIST Cybersecurity Framework (CSF) 2.0 offers a taxonomy of high-level cybersecurity outcomes that can be used by any organization regardless of its size, sector, or maturity to better understand, assess, prioritize, and communicate its cybersecurity efforts. The framework's core functions are organized into six key areas: Govern (new), Identify, Protect, Detect, Respond, and Recover. Together, these functions provide a comprehensive lifecycle approach to managing cybersecurity risk.;350381001508;us-east-1;2026-08-01 19:04:21.788096;pt_5;Mechanisms (e.g., failsafe, load balancing, hot swap) are implemented to achieve resilience requirements in normal and adverse situations.;Protect (PR);Protective Technology (PR.PT);;aws;;FAIL;S3 Bucket aws-cloudtrail-logs-350381001508-dae76776 does not have correct cross region replication configuration.;arn:aws:s3:::aws-cloudtrail-logs-350381001508-dae76776;s3_bucket_cross_region_replication;False;aws-cloudtrail-logs-350381001508-dae76776;NIST-CSF;National Institute of Standards and Technology (NIST) Cybersecurity Framework (CSF) v2.0;
aws;The NIST Cybersecurity Framework (CSF) 2.0 offers a taxonomy of high-level cybersecurity outcomes that can be used by any organization regardless of its size, sector, or maturity to better understand, assess, prioritize, and communicate its cybersecurity efforts. The framework's core functions are organized into six key areas: Govern (new), Identify, Protect, Detect, Respond, and Recover. Together, these functions provide a comprehensive lifecycle approach to managing cybersecurity risk.;350381001508;us-east-1;2026-08-01 19:04:21.788096;be_5;Resilience requirements to support delivery of critical services are established for all operating states (e.g. under duress/attack, during recovery, normal operations);Identify (ID);Business Environment (ID.BE);;aws;;FAIL;S3 Bucket public-bucket-open does not have correct cross region replication configuration.;arn:aws:s3:::public-bucket-open;s3_bucket_cross_region_replication;False;public-bucket-open;NIST-CSF;National Institute of Standards and Technology (NIST) Cybersecurity Framework (CSF) v2.0;
aws;The NIST Cybersecurity Framework (CSF) 2.0 offers a taxonomy of high-level cybersecurity outcomes that can be used by any organization regardless of its size, sector, or maturity to better understand, assess, prioritize, and communicate its cybersecurity efforts. The framework's core functions are organized into six key areas: Govern (new), Identify, Protect, Detect, Respond, and Recover. Together, these functions provide a comprehensive lifecycle approach to managing cybersecurity risk.;350381001508;us-east-1;2026-08-01 19:04:21.788096;ds_4;Adequate capacity to ensure availability is maintained.;Protect (PR);Data Security (PR.DS);;aws;;FAIL;S3 Bucket public-bucket-open does not have correct cross region replication configuration.;arn:aws:s3:::public-bucket-open;s3_bucket_cross_region_replication;False;public-bucket-open;NIST-CSF;National Institute of Standards and Technology (NIST) Cybersecurity Framework (CSF) v2.0;
aws;The NIST Cybersecurity Framework (CSF) 2.0 offers a taxonomy of high-level cybersecurity outcomes that can be used by any organization regardless of its size, sector, or maturity to better understand, assess, prioritize, and communicate its cybersecurity efforts. The framework's core functions are organized into six key areas: Govern (new), Identify, Protect, Detect, Respond, and Recover. Together, these functions provide a comprehensive lifecycle approach to managing cybersecurity risk.;350381001508;us-east-1;2026-08-01 19:04:21.788096;pt_5;Mechanisms (e.g., failsafe, load balancing, hot swap) are implemented to achieve resilience requirements in normal and adverse situations.;Protect (PR);Protective Technology (PR.PT);;aws;;FAIL;S3 Bucket public-bucket-open does not have correct cross region replication configuration.;arn:aws:s3:::public-bucket-open;s3_bucket_cross_region_replication;False;public-bucket-open;NIST-CSF;National Institute of Standards and Technology (NIST) Cybersecurity Framework (CSF) v2.0;
aws;The NIST Cybersecurity Framework (CSF) 2.0 offers a taxonomy of high-level cybersecurity outcomes that can be used by any organization regardless of its size, sector, or maturity to better understand, assess, prioritize, and communicate its cybersecurity efforts. The framework's core functions are organized into six key areas: Govern (new), Identify, Protect, Detect, Respond, and Recover. Together, these functions provide a comprehensive lifecycle approach to managing cybersecurity risk.;350381001508;us-east-1;2026-08-01 19:04:21.788096;be_5;Resilience requirements to support delivery of critical services are established for all operating states (e.g. under duress/attack, during recovery, normal operations);Identify (ID);Business Environment (ID.BE);;aws;;FAIL;S3 Bucket research-secure-bucket does not have correct cross region replication configuration.;arn:aws:s3:::research-secure-bucket;s3_bucket_cross_region_replication;False;research-secure-bucket;NIST-CSF;National Institute of Standards and Technology (NIST) Cybersecurity Framework (CSF) v2.0;
aws;The NIST Cybersecurity Framework (CSF) 2.0 offers a taxonomy of high-level cybersecurity outcomes that can be used by any organization regardless of its size, sector, or maturity to better understand, assess, prioritize, and communicate its cybersecurity efforts. The framework's core functions are organized into six key areas: Govern (new), Identify, Protect, Detect, Respond, and Recover. Together, these functions provide a comprehensive lifecycle approach to managing cybersecurity risk.;350381001508;us-east-1;2026-08-01 19:04:21.788096;ds_4;Adequate capacity to ensure availability is maintained.;Protect (PR);Data Security (PR.DS);;aws;;FAIL;S3 Bucket research-secure-bucket does not have correct cross region replication configuration.;arn:aws:s3:::research-secure-bucket;s3_bucket_cross_region_replication;False;research-secure-bucket;NIST-CSF;National Institute of Standards and Technology (NIST) Cybersecurity Framework (CSF) v2.0;
aws;The NIST Cybersecurity Framework (CSF) 2.0 offers a taxonomy of high-level cybersecurity outcomes that can be used by any organization regardless of its size, sector, or maturity to better understand, assess, prioritize, and communicate its cybersecurity efforts. The framework's core functions are organized into six key areas: Govern (new), Identify, Protect, Detect, Respond, and Recover. Together, these functions provide a comprehensive lifecycle approach to managing cybersecurity risk.;350381001508;us-east-1;2026-08-01 19:04:21.788096;pt_5;Mechanisms (e.g., failsafe, load balancing, hot swap) are implemented to achieve resilience requirements in normal and adverse situations.;Protect (PR);Protective Technology (PR.PT);;aws;;FAIL;S3 Bucket research-secure-bucket does not have correct cross region replication configuration.;arn:aws:s3:::research-secure-bucket;s3_bucket_cross_region_replication;False;research-secure-bucket;NIST-CSF;National Institute of Standards and Technology (NIST) Cybersecurity Framework (CSF) v2.0;
aws;The NIST Cybersecurity Framework (CSF) 2.0 offers a taxonomy of high-level cybersecurity outcomes that can be used by any organization regardless of its size, sector, or maturity to better understand, assess, prioritize, and communicate its cybersecurity efforts. The framework's core functions are organized into six key areas: Govern (new), Identify, Protect, Detect, Respond, and Recover. Together, these functions provide a comprehensive lifecycle approach to managing cybersecurity risk.;350381001508;us-east-1;2026-08-01 19:04:21.788096;ds_1;Data-at-rest is protected.;Protect (PR);Data Security (PR.DS);;aws;;PASS;S3 Bucket aws-cloudtrail-logs-350381001508-dae76776 has Server Side Encryption with AES256.;arn:aws:s3:::aws-cloudtrail-logs-350381001508-dae76776;s3_bucket_default_encryption;False;aws-cloudtrail-logs-350381001508-dae76776;NIST-CSF;National Institute of Standards and Technology (NIST) Cybersecurity Framework (CSF) v2.0;
aws;The NIST Cybersecurity Framework (CSF) 2.0 offers a taxonomy of high-level cybersecurity outcomes that can be used by any organization regardless of its size, sector, or maturity to better understand, assess, prioritize, and communicate its cybersecurity efforts. The framework's core functions are organized into six key areas: Govern (new), Identify, Protect, Detect, Respond, and Recover. Together, these functions provide a comprehensive lifecycle approach to managing cybersecurity risk.;350381001508;us-east-1;2026-08-01 19:04:21.788096;ds_3;Assets are formally managed throughout removal, transfers, and disposition.;Protect (PR);Data Security (PR.DS);;aws;;PASS;S3 Bucket aws-cloudtrail-logs-350381001508-dae76776 has Server Side Encryption with AES256.;arn:aws:s3:::aws-cloudtrail-logs-350381001508-dae76776;s3_bucket_default_encryption;False;aws-cloudtrail-logs-350381001508-dae76776;NIST-CSF;National Institute of Standards and Technology (NIST) Cybersecurity Framework (CSF) v2.0;
aws;The NIST Cybersecurity Framework (CSF) 2.0 offers a taxonomy of high-level cybersecurity outcomes that can be used by any organization regardless of its size, sector, or maturity to better understand, assess, prioritize, and communicate its cybersecurity efforts. The framework's core functions are organized into six key areas: Govern (new), Identify, Protect, Detect, Respond, and Recover. Together, these functions provide a comprehensive lifecycle approach to managing cybersecurity risk.;350381001508;us-east-1;2026-08-01 19:04:21.788096;ds_1;Data-at-rest is protected.;Protect (PR);Data Security (PR.DS);;aws;;PASS;S3 Bucket public-bucket-open has Server Side Encryption with AES256.;arn:aws:s3:::public-bucket-open;s3_bucket_default_encryption;False;public-bucket-open;NIST-CSF;National Institute of Standards and Technology (NIST) Cybersecurity Framework (CSF) v2.0;
aws;The NIST Cybersecurity Framework (CSF) 2.0 offers a taxonomy of high-level cybersecurity outcomes that can be used by any organization regardless of its size, sector, or maturity to better understand, assess, prioritize, and communicate its cybersecurity efforts. The framework's core functions are organized into six key areas: Govern (new), Identify, Protect, Detect, Respond, and Recover. Together, these functions provide a comprehensive lifecycle approach to managing cybersecurity risk.;350381001508;us-east-1;2026-08-01 19:04:21.788096;ds_3;Assets are formally managed throughout removal, transfers, and disposition.;Protect (PR);Data Security (PR.DS);;aws;;PASS;S3 Bucket public-bucket-open has Server Side Encryption with AES256.;arn:aws:s3:::public-bucket-open;s3_bucket_default_encryption;False;public-bucket-open;NIST-CSF;National Institute of Standards and Technology (NIST) Cybersecurity Framework (CSF) v2.0;
aws;The NIST Cybersecurity Framework (CSF) 2.0 offers a taxonomy of high-level cybersecurity outcomes that can be used by any organization regardless of its size, sector, or maturity to better understand, assess, prioritize, and communicate its cybersecurity efforts. The framework's core functions are organized into six key areas: Govern (new), Identify, Protect, Detect, Respond, and Recover. Together, these functions provide a comprehensive lifecycle approach to managing cybersecurity risk.;350381001508;us-east-1;2026-08-01 19:04:21.788096;ds_1;Data-at-rest is protected.;Protect (PR);Data Security (PR.DS);;aws;;PASS;S3 Bucket research-secure-bucket has Server Side Encryption with AES256.;arn:aws:s3:::research-secure-bucket;s3_bucket_default_encryption;False;research-secure-bucket;NIST-CSF;National Institute of Standards and Technology (NIST) Cybersecurity Framework (CSF) v2.0;
aws;The NIST Cybersecurity Framework (CSF) 2.0 offers a taxonomy of high-level cybersecurity outcomes that can be used by any organization regardless of its size, sector, or maturity to better understand, assess, prioritize, and communicate its cybersecurity efforts. The framework's core functions are organized into six key areas: Govern (new), Identify, Protect, Detect, Respond, and Recover. Together, these functions provide a comprehensive lifecycle approach to managing cybersecurity risk.;350381001508;us-east-1;2026-08-01 19:04:21.788096;ds_3;Assets are formally managed throughout removal, transfers, and disposition.;Protect (PR);Data Security (PR.DS);;aws;;PASS;S3 Bucket research-secure-bucket has Server Side Encryption with AES256.;arn:aws:s3:::research-secure-bucket;s3_bucket_default_encryption;False;research-secure-bucket;NIST-CSF;National Institute of Standards and Technology (NIST) Cybersecurity Framework (CSF) v2.0;
aws;The NIST Cybersecurity Framework (CSF) 2.0 offers a taxonomy of high-level cybersecurity outcomes that can be used by any organization regardless of its size, sector, or maturity to better understand, assess, prioritize, and communicate its cybersecurity efforts. The framework's core functions are organized into six key areas: Govern (new), Identify, Protect, Detect, Respond, and Recover. Together, these functions provide a comprehensive lifecycle approach to managing cybersecurity risk.;350381001508;us-east-1;2026-08-01 19:04:21.788096;dp_4;Event detection information is communicated.;Detect (DE);Detection Processes (DE.DP);;aws;;FAIL;S3 Bucket aws-cloudtrail-logs-350381001508-dae76776 does not have event notifications enabled.;arn:aws:s3:::aws-cloudtrail-logs-350381001508-dae76776;s3_bucket_event_notifications_enabled;False;aws-cloudtrail-logs-350381001508-dae76776;NIST-CSF;National Institute of Standards and Technology (NIST) Cybersecurity Framework (CSF) v2.0;
aws;The NIST Cybersecurity Framework (CSF) 2.0 offers a taxonomy of high-level cybersecurity outcomes that can be used by any organization regardless of its size, sector, or maturity to better understand, assess, prioritize, and communicate its cybersecurity efforts. The framework's core functions are organized into six key areas: Govern (new), Identify, Protect, Detect, Respond, and Recover. Together, these functions provide a comprehensive lifecycle approach to managing cybersecurity risk.;350381001508;us-east-1;2026-08-01 19:04:21.788096;dp_4;Event detection information is communicated.;Detect (DE);Detection Processes (DE.DP);;aws;;FAIL;S3 Bucket public-bucket-open does not have event notifications enabled.;arn:aws:s3:::public-bucket-open;s3_bucket_event_notifications_enabled;False;public-bucket-open;NIST-CSF;National Institute of Standards and Technology (NIST) Cybersecurity Framework (CSF) v2.0;
aws;The NIST Cybersecurity Framework (CSF) 2.0 offers a taxonomy of high-level cybersecurity outcomes that can be used by any organization regardless of its size, sector, or maturity to better understand, assess, prioritize, and communicate its cybersecurity efforts. The framework's core functions are organized into six key areas: Govern (new), Identify, Protect, Detect, Respond, and Recover. Together, these functions provide a comprehensive lifecycle approach to managing cybersecurity risk.;350381001508;us-east-1;2026-08-01 19:04:21.788096;dp_4;Event detection information is communicated.;Detect (DE);Detection Processes (DE.DP);;aws;;FAIL;S3 Bucket research-secure-bucket does not have event notifications enabled.;arn:aws:s3:::research-secure-bucket;s3_bucket_event_notifications_enabled;False;research-secure-bucket;NIST-CSF;National Institute of Standards and Technology (NIST) Cybersecurity Framework (CSF) v2.0;
aws;The NIST Cybersecurity Framework (CSF) 2.0 offers a taxonomy of high-level cybersecurity outcomes that can be used by any organization regardless of its size, sector, or maturity to better understand, assess, prioritize, and communicate its cybersecurity efforts. The framework's core functions are organized into six key areas: Govern (new), Identify, Protect, Detect, Respond, and Recover. Together, these functions provide a comprehensive lifecycle approach to managing cybersecurity risk.;350381001508;us-east-1;2026-08-01 19:04:21.788096;ds_1;Data-at-rest is protected.;Protect (PR);Data Security (PR.DS);;aws;;FAIL;Server Side Encryption is not configured with kms for S3 Bucket aws-cloudtrail-logs-350381001508-dae76776.;arn:aws:s3:::aws-cloudtrail-logs-350381001508-dae76776;s3_bucket_kms_encryption;False;aws-cloudtrail-logs-350381001508-dae76776;NIST-CSF;National Institute of Standards and Technology (NIST) Cybersecurity Framework (CSF) v2.0;
aws;The NIST Cybersecurity Framework (CSF) 2.0 offers a taxonomy of high-level cybersecurity outcomes that can be used by any organization regardless of its size, sector, or maturity to better understand, assess, prioritize, and communicate its cybersecurity efforts. The framework's core functions are organized into six key areas: Govern (new), Identify, Protect, Detect, Respond, and Recover. Together, these functions provide a comprehensive lifecycle approach to managing cybersecurity risk.;350381001508;us-east-1;2026-08-01 19:04:21.788096;ds_3;Assets are formally managed throughout removal, transfers, and disposition.;Protect (PR);Data Security (PR.DS);;aws;;FAIL;Server Side Encryption is not configured with kms for S3 Bucket aws-cloudtrail-logs-350381001508-dae76776.;arn:aws:s3:::aws-cloudtrail-logs-350381001508-dae76776;s3_bucket_kms_encryption;False;aws-cloudtrail-logs-350381001508-dae76776;NIST-CSF;National Institute of Standards and Technology (NIST) Cybersecurity Framework (CSF) v2.0;
aws;The NIST Cybersecurity Framework (CSF) 2.0 offers a taxonomy of high-level cybersecurity outcomes that can be used by any organization regardless of its size, sector, or maturity to better understand, assess, prioritize, and communicate its cybersecurity efforts. The framework's core functions are organized into six key areas: Govern (new), Identify, Protect, Detect, Respond, and Recover. Together, these functions provide a comprehensive lifecycle approach to managing cybersecurity risk.;350381001508;us-east-1;2026-08-01 19:04:21.788096;ds_5;Protections against data leaks are implemented.;Protect (PR);Data Security (PR.DS);;aws;;FAIL;Server Side Encryption is not configured with kms for S3 Bucket aws-cloudtrail-logs-350381001508-dae76776.;arn:aws:s3:::aws-cloudtrail-logs-350381001508-dae76776;s3_bucket_kms_encryption;False;aws-cloudtrail-logs-350381001508-dae76776;NIST-CSF;National Institute of Standards and Technology (NIST) Cybersecurity Framework (CSF) v2.0;
aws;The NIST Cybersecurity Framework (CSF) 2.0 offers a taxonomy of high-level cybersecurity outcomes that can be used by any organization regardless of its size, sector, or maturity to better understand, assess, prioritize, and communicate its cybersecurity efforts. The framework's core functions are organized into six key areas: Govern (new), Identify, Protect, Detect, Respond, and Recover. Together, these functions provide a comprehensive lifecycle approach to managing cybersecurity risk.;350381001508;us-east-1;2026-08-01 19:04:21.788096;pt_4;Communications and control networks are protected.;Protect (PR);Protective Technology (PR.PT);;aws;;FAIL;Server Side Encryption is not configured with kms for S3 Bucket aws-cloudtrail-logs-350381001508-dae76776.;arn:aws:s3:::aws-cloudtrail-logs-350381001508-dae76776;s3_bucket_kms_encryption;False;aws-cloudtrail-logs-350381001508-dae76776;NIST-CSF;National Institute of Standards and Technology (NIST) Cybersecurity Framework (CSF) v2.0;
aws;The NIST Cybersecurity Framework (CSF) 2.0 offers a taxonomy of high-level cybersecurity outcomes that can be used by any organization regardless of its size, sector, or maturity to better understand, assess, prioritize, and communicate its cybersecurity efforts. The framework's core functions are organized into six key areas: Govern (new), Identify, Protect, Detect, Respond, and Recover. Together, these functions provide a comprehensive lifecycle approach to managing cybersecurity risk.;350381001508;us-east-1;2026-08-01 19:04:21.788096;ds_1;Data-at-rest is protected.;Protect (PR);Data Security (PR.DS);;aws;;FAIL;Server Side Encryption is not configured with kms for S3 Bucket public-bucket-open.;arn:aws:s3:::public-bucket-open;s3_bucket_kms_encryption;False;public-bucket-open;NIST-CSF;National Institute of Standards and Technology (NIST) Cybersecurity Framework (CSF) v2.0;
aws;The NIST Cybersecurity Framework (CSF) 2.0 offers a taxonomy of high-level cybersecurity outcomes that can be used by any organization regardless of its size, sector, or maturity to better understand, assess, prioritize, and communicate its cybersecurity efforts. The framework's core functions are organized into six key areas: Govern (new), Identify, Protect, Detect, Respond, and Recover. Together, these functions provide a comprehensive lifecycle approach to managing cybersecurity risk.;350381001508;us-east-1;2026-08-01 19:04:21.788096;ds_3;Assets are formally managed throughout removal, transfers, and disposition.;Protect (PR);Data Security (PR.DS);;aws;;FAIL;Server Side Encryption is not configured with kms for S3 Bucket public-bucket-open.;arn:aws:s3:::public-bucket-open;s3_bucket_kms_encryption;False;public-bucket-open;NIST-CSF;National Institute of Standards and Technology (NIST) Cybersecurity Framework (CSF) v2.0;
aws;The NIST Cybersecurity Framework (CSF) 2.0 offers a taxonomy of high-level cybersecurity outcomes that can be used by any organization regardless of its size, sector, or maturity to better understand, assess, prioritize, and communicate its cybersecurity efforts. The framework's core functions are organized into six key areas: Govern (new), Identify, Protect, Detect, Respond, and Recover. Together, these functions provide a comprehensive lifecycle approach to managing cybersecurity risk.;350381001508;us-east-1;2026-08-01 19:04:21.788096;ds_5;Protections against data leaks are implemented.;Protect (PR);Data Security (PR.DS);;aws;;FAIL;Server Side Encryption is not configured with kms for S3 Bucket public-bucket-open.;arn:aws:s3:::public-bucket-open;s3_bucket_kms_encryption;False;public-bucket-open;NIST-CSF;National Institute of Standards and Technology (NIST) Cybersecurity Framework (CSF) v2.0;
aws;The NIST Cybersecurity Framework (CSF) 2.0 offers a taxonomy of high-level cybersecurity outcomes that can be used by any organization regardless of its size, sector, or maturity to better understand, assess, prioritize, and communicate its cybersecurity efforts. The framework's core functions are organized into six key areas: Govern (new), Identify, Protect, Detect, Respond, and Recover. Together, these functions provide a comprehensive lifecycle approach to managing cybersecurity risk.;350381001508;us-east-1;2026-08-01 19:04:21.788096;pt_4;Communications and control networks are protected.;Protect (PR);Protective Technology (PR.PT);;aws;;FAIL;Server Side Encryption is not configured with kms for S3 Bucket public-bucket-open.;arn:aws:s3:::public-bucket-open;s3_bucket_kms_encryption;False;public-bucket-open;NIST-CSF;National Institute of Standards and Technology (NIST) Cybersecurity Framework (CSF) v2.0;
aws;The NIST Cybersecurity Framework (CSF) 2.0 offers a taxonomy of high-level cybersecurity outcomes that can be used by any organization regardless of its size, sector, or maturity to better understand, assess, prioritize, and communicate its cybersecurity efforts. The framework's core functions are organized into six key areas: Govern (new), Identify, Protect, Detect, Respond, and Recover. Together, these functions provide a comprehensive lifecycle approach to managing cybersecurity risk.;350381001508;us-east-1;2026-08-01 19:04:21.788096;ds_1;Data-at-rest is protected.;Protect (PR);Data Security (PR.DS);;aws;;FAIL;Server Side Encryption is not configured with kms for S3 Bucket research-secure-bucket.;arn:aws:s3:::research-secure-bucket;s3_bucket_kms_encryption;False;research-secure-bucket;NIST-CSF;National Institute of Standards and Technology (NIST) Cybersecurity Framework (CSF) v2.0;
aws;The NIST Cybersecurity Framework (CSF) 2.0 offers a taxonomy of high-level cybersecurity outcomes that can be used by any organization regardless of its size, sector, or maturity to better understand, assess, prioritize, and communicate its cybersecurity efforts. The framework's core functions are organized into six key areas: Govern (new), Identify, Protect, Detect, Respond, and Recover. Together, these functions provide a comprehensive lifecycle approach to managing cybersecurity risk.;350381001508;us-east-1;2026-08-01 19:04:21.788096;ds_3;Assets are formally managed throughout removal, transfers, and disposition.;Protect (PR);Data Security (PR.DS);;aws;;FAIL;Server Side Encryption is not configured with kms for S3 Bucket research-secure-bucket.;arn:aws:s3:::research-secure-bucket;s3_bucket_kms_encryption;False;research-secure-bucket;NIST-CSF;National Institute of Standards and Technology (NIST) Cybersecurity Framework (CSF) v2.0;
aws;The NIST Cybersecurity Framework (CSF) 2.0 offers a taxonomy of high-level cybersecurity outcomes that can be used by any organization regardless of its size, sector, or maturity to better understand, assess, prioritize, and communicate its cybersecurity efforts. The framework's core functions are organized into six key areas: Govern (new), Identify, Protect, Detect, Respond, and Recover. Together, these functions provide a comprehensive lifecycle approach to managing cybersecurity risk.;350381001508;us-east-1;2026-08-01 19:04:21.788096;ds_5;Protections against data leaks are implemented.;Protect (PR);Data Security (PR.DS);;aws;;FAIL;Server Side Encryption is not configured with kms for S3 Bucket research-secure-bucket.;arn:aws:s3:::research-secure-bucket;s3_bucket_kms_encryption;False;research-secure-bucket;NIST-CSF;National Institute of Standards and Technology (NIST) Cybersecurity Framework (CSF) v2.0;
aws;The NIST Cybersecurity Framework (CSF) 2.0 offers a taxonomy of high-level cybersecurity outcomes that can be used by any organization regardless of its size, sector, or maturity to better understand, assess, prioritize, and communicate its cybersecurity efforts. The framework's core functions are organized into six key areas: Govern (new), Identify, Protect, Detect, Respond, and Recover. Together, these functions provide a comprehensive lifecycle approach to managing cybersecurity risk.;350381001508;us-east-1;2026-08-01 19:04:21.788096;pt_4;Communications and control networks are protected.;Protect (PR);Protective Technology (PR.PT);;aws;;FAIL;Server Side Encryption is not configured with kms for S3 Bucket research-secure-bucket.;arn:aws:s3:::research-secure-bucket;s3_bucket_kms_encryption;False;research-secure-bucket;NIST-CSF;National Institute of Standards and Technology (NIST) Cybersecurity Framework (CSF) v2.0;
aws;The NIST Cybersecurity Framework (CSF) 2.0 offers a taxonomy of high-level cybersecurity outcomes that can be used by any organization regardless of its size, sector, or maturity to better understand, assess, prioritize, and communicate its cybersecurity efforts. The framework's core functions are organized into six key areas: Govern (new), Identify, Protect, Detect, Respond, and Recover. Together, these functions provide a comprehensive lifecycle approach to managing cybersecurity risk.;350381001508;us-east-1;2026-08-01 19:04:21.788096;ac_3;Remote access is managed.;Protect (PR);Identity Management and Access Control (PR.AC);;aws;;PASS;Block Public Access is configured for the S3 Bucket aws-cloudtrail-logs-350381001508-dae76776.;arn:aws:s3:::aws-cloudtrail-logs-350381001508-dae76776;s3_bucket_level_public_access_block;False;aws-cloudtrail-logs-350381001508-dae76776;NIST-CSF;National Institute of Standards and Technology (NIST) Cybersecurity Framework (CSF) v2.0;
aws;The NIST Cybersecurity Framework (CSF) 2.0 offers a taxonomy of high-level cybersecurity outcomes that can be used by any organization regardless of its size, sector, or maturity to better understand, assess, prioritize, and communicate its cybersecurity efforts. The framework's core functions are organized into six key areas: Govern (new), Identify, Protect, Detect, Respond, and Recover. Together, these functions provide a comprehensive lifecycle approach to managing cybersecurity risk.;350381001508;us-east-1;2026-08-01 19:04:21.788096;ac_3;Remote access is managed.;Protect (PR);Identity Management and Access Control (PR.AC);;aws;;FAIL;Block Public Access is not configured for the S3 Bucket public-bucket-open.;arn:aws:s3:::public-bucket-open;s3_bucket_level_public_access_block;False;public-bucket-open;NIST-CSF;National Institute of Standards and Technology (NIST) Cybersecurity Framework (CSF) v2.0;
aws;The NIST Cybersecurity Framework (CSF) 2.0 offers a taxonomy of high-level cybersecurity outcomes that can be used by any organization regardless of its size, sector, or maturity to better understand, assess, prioritize, and communicate its cybersecurity efforts. The framework's core functions are organized into six key areas: Govern (new), Identify, Protect, Detect, Respond, and Recover. Together, these functions provide a comprehensive lifecycle approach to managing cybersecurity risk.;350381001508;us-east-1;2026-08-01 19:04:21.788096;ac_3;Remote access is managed.;Protect (PR);Identity Management and Access Control (PR.AC);;aws;;PASS;Block Public Access is configured for the S3 Bucket research-secure-bucket.;arn:aws:s3:::research-secure-bucket;s3_bucket_level_public_access_block;False;research-secure-bucket;NIST-CSF;National Institute of Standards and Technology (NIST) Cybersecurity Framework (CSF) v2.0;
aws;The NIST Cybersecurity Framework (CSF) 2.0 offers a taxonomy of high-level cybersecurity outcomes that can be used by any organization regardless of its size, sector, or maturity to better understand, assess, prioritize, and communicate its cybersecurity efforts. The framework's core functions are organized into six key areas: Govern (new), Identify, Protect, Detect, Respond, and Recover. Together, these functions provide a comprehensive lifecycle approach to managing cybersecurity risk.;350381001508;us-east-1;2026-08-01 19:04:21.788096;ds_3;Assets are formally managed throughout removal, transfers, and disposition.;Protect (PR);Data Security (PR.DS);;aws;;FAIL;S3 Bucket aws-cloudtrail-logs-350381001508-dae76776 does not have a lifecycle configuration enabled.;arn:aws:s3:::aws-cloudtrail-logs-350381001508-dae76776;s3_bucket_lifecycle_enabled;False;aws-cloudtrail-logs-350381001508-dae76776;NIST-CSF;National Institute of Standards and Technology (NIST) Cybersecurity Framework (CSF) v2.0;
aws;The NIST Cybersecurity Framework (CSF) 2.0 offers a taxonomy of high-level cybersecurity outcomes that can be used by any organization regardless of its size, sector, or maturity to better understand, assess, prioritize, and communicate its cybersecurity efforts. The framework's core functions are organized into six key areas: Govern (new), Identify, Protect, Detect, Respond, and Recover. Together, these functions provide a comprehensive lifecycle approach to managing cybersecurity risk.;350381001508;us-east-1;2026-08-01 19:04:21.788096;ds_4;Adequate capacity to ensure availability is maintained.;Protect (PR);Data Security (PR.DS);;aws;;FAIL;S3 Bucket aws-cloudtrail-logs-350381001508-dae76776 does not have a lifecycle configuration enabled.;arn:aws:s3:::aws-cloudtrail-logs-350381001508-dae76776;s3_bucket_lifecycle_enabled;False;aws-cloudtrail-logs-350381001508-dae76776;NIST-CSF;National Institute of Standards and Technology (NIST) Cybersecurity Framework (CSF) v2.0;
aws;The NIST Cybersecurity Framework (CSF) 2.0 offers a taxonomy of high-level cybersecurity outcomes that can be used by any organization regardless of its size, sector, or maturity to better understand, assess, prioritize, and communicate its cybersecurity efforts. The framework's core functions are organized into six key areas: Govern (new), Identify, Protect, Detect, Respond, and Recover. Together, these functions provide a comprehensive lifecycle approach to managing cybersecurity risk.;350381001508;us-east-1;2026-08-01 19:04:21.788096;ds_3;Assets are formally managed throughout removal, transfers, and disposition.;Protect (PR);Data Security (PR.DS);;aws;;FAIL;S3 Bucket public-bucket-open does not have a lifecycle configuration enabled.;arn:aws:s3:::public-bucket-open;s3_bucket_lifecycle_enabled;False;public-bucket-open;NIST-CSF;National Institute of Standards and Technology (NIST) Cybersecurity Framework (CSF) v2.0;
aws;The NIST Cybersecurity Framework (CSF) 2.0 offers a taxonomy of high-level cybersecurity outcomes that can be used by any organization regardless of its size, sector, or maturity to better understand, assess, prioritize, and communicate its cybersecurity efforts. The framework's core functions are organized into six key areas: Govern (new), Identify, Protect, Detect, Respond, and Recover. Together, these functions provide a comprehensive lifecycle approach to managing cybersecurity risk.;350381001508;us-east-1;2026-08-01 19:04:21.788096;ds_4;Adequate capacity to ensure availability is maintained.;Protect (PR);Data Security (PR.DS);;aws;;FAIL;S3 Bucket public-bucket-open does not have a lifecycle configuration enabled.;arn:aws:s3:::public-bucket-open;s3_bucket_lifecycle_enabled;False;public-bucket-open;NIST-CSF;National Institute of Standards and Technology (NIST) Cybersecurity Framework (CSF) v2.0;
aws;The NIST Cybersecurity Framework (CSF) 2.0 offers a taxonomy of high-level cybersecurity outcomes that can be used by any organization regardless of its size, sector, or maturity to better understand, assess, prioritize, and communicate its cybersecurity efforts. The framework's core functions are organized into six key areas: Govern (new), Identify, Protect, Detect, Respond, and Recover. Together, these functions provide a comprehensive lifecycle approach to managing cybersecurity risk.;350381001508;us-east-1;2026-08-01 19:04:21.788096;ds_3;Assets are formally managed throughout removal, transfers, and disposition.;Protect (PR);Data Security (PR.DS);;aws;;FAIL;S3 Bucket research-secure-bucket does not have a lifecycle configuration enabled.;arn:aws:s3:::research-secure-bucket;s3_bucket_lifecycle_enabled;False;research-secure-bucket;NIST-CSF;National Institute of Standards and Technology (NIST) Cybersecurity Framework (CSF) v2.0;
aws;The NIST Cybersecurity Framework (CSF) 2.0 offers a taxonomy of high-level cybersecurity outcomes that can be used by any organization regardless of its size, sector, or maturity to better understand, assess, prioritize, and communicate its cybersecurity efforts. The framework's core functions are organized into six key areas: Govern (new), Identify, Protect, Detect, Respond, and Recover. Together, these functions provide a comprehensive lifecycle approach to managing cybersecurity risk.;350381001508;us-east-1;2026-08-01 19:04:21.788096;ds_4;Adequate capacity to ensure availability is maintained.;Protect (PR);Data Security (PR.DS);;aws;;FAIL;S3 Bucket research-secure-bucket does not have a lifecycle configuration enabled.;arn:aws:s3:::research-secure-bucket;s3_bucket_lifecycle_enabled;False;research-secure-bucket;NIST-CSF;National Institute of Standards and Technology (NIST) Cybersecurity Framework (CSF) v2.0;
aws;The NIST Cybersecurity Framework (CSF) 2.0 offers a taxonomy of high-level cybersecurity outcomes that can be used by any organization regardless of its size, sector, or maturity to better understand, assess, prioritize, and communicate its cybersecurity efforts. The framework's core functions are organized into six key areas: Govern (new), Identify, Protect, Detect, Respond, and Recover. Together, these functions provide a comprehensive lifecycle approach to managing cybersecurity risk.;350381001508;us-east-1;2026-08-01 19:04:21.788096;ra_1;Asset vulnerabilities are identified and documented.;Identify (ID);Risk Assessment (ID.RA);;aws;;PASS;S3 Bucket aws-cloudtrail-logs-350381001508-dae76776 is not public.;arn:aws:s3:::aws-cloudtrail-logs-350381001508-dae76776;s3_bucket_public_access;False;aws-cloudtrail-logs-350381001508-dae76776;NIST-CSF;National Institute of Standards and Technology (NIST) Cybersecurity Framework (CSF) v2.0;
aws;The NIST Cybersecurity Framework (CSF) 2.0 offers a taxonomy of high-level cybersecurity outcomes that can be used by any organization regardless of its size, sector, or maturity to better understand, assess, prioritize, and communicate its cybersecurity efforts. The framework's core functions are organized into six key areas: Govern (new), Identify, Protect, Detect, Respond, and Recover. Together, these functions provide a comprehensive lifecycle approach to managing cybersecurity risk.;350381001508;us-east-1;2026-08-01 19:04:21.788096;ac_3;Remote access is managed.;Protect (PR);Identity Management and Access Control (PR.AC);;aws;;PASS;S3 Bucket aws-cloudtrail-logs-350381001508-dae76776 is not public.;arn:aws:s3:::aws-cloudtrail-logs-350381001508-dae76776;s3_bucket_public_access;False;aws-cloudtrail-logs-350381001508-dae76776;NIST-CSF;National Institute of Standards and Technology (NIST) Cybersecurity Framework (CSF) v2.0;
aws;The NIST Cybersecurity Framework (CSF) 2.0 offers a taxonomy of high-level cybersecurity outcomes that can be used by any organization regardless of its size, sector, or maturity to better understand, assess, prioritize, and communicate its cybersecurity efforts. The framework's core functions are organized into six key areas: Govern (new), Identify, Protect, Detect, Respond, and Recover. Together, these functions provide a comprehensive lifecycle approach to managing cybersecurity risk.;350381001508;us-east-1;2026-08-01 19:04:21.788096;ds_5;Protections against data leaks are implemented.;Protect (PR);Data Security (PR.DS);;aws;;PASS;S3 Bucket aws-cloudtrail-logs-350381001508-dae76776 is not public.;arn:aws:s3:::aws-cloudtrail-logs-350381001508-dae76776;s3_bucket_public_access;False;aws-cloudtrail-logs-350381001508-dae76776;NIST-CSF;National Institute of Standards and Technology (NIST) Cybersecurity Framework (CSF) v2.0;
aws;The NIST Cybersecurity Framework (CSF) 2.0 offers a taxonomy of high-level cybersecurity outcomes that can be used by any organization regardless of its size, sector, or maturity to better understand, assess, prioritize, and communicate its cybersecurity efforts. The framework's core functions are organized into six key areas: Govern (new), Identify, Protect, Detect, Respond, and Recover. Together, these functions provide a comprehensive lifecycle approach to managing cybersecurity risk.;350381001508;us-east-1;2026-08-01 19:04:21.788096;ip_1;A baseline configuration of information technology/industrial control systems is created and maintained incorporating security principles (e.g. concept of least functionality).;Protect (PR);Information Protection Processes and Procedures (PR.IP);;aws;;PASS;S3 Bucket aws-cloudtrail-logs-350381001508-dae76776 is not public.;arn:aws:s3:::aws-cloudtrail-logs-350381001508-dae76776;s3_bucket_public_access;False;aws-cloudtrail-logs-350381001508-dae76776;NIST-CSF;National Institute of Standards and Technology (NIST) Cybersecurity Framework (CSF) v2.0;
aws;The NIST Cybersecurity Framework (CSF) 2.0 offers a taxonomy of high-level cybersecurity outcomes that can be used by any organization regardless of its size, sector, or maturity to better understand, assess, prioritize, and communicate its cybersecurity efforts. The framework's core functions are organized into six key areas: Govern (new), Identify, Protect, Detect, Respond, and Recover. Together, these functions provide a comprehensive lifecycle approach to managing cybersecurity risk.;350381001508;us-east-1;2026-08-01 19:04:21.788096;ra_1;Asset vulnerabilities are identified and documented.;Identify (ID);Risk Assessment (ID.RA);;aws;;FAIL;S3 Bucket public-bucket-open has public access due to bucket policy.;arn:aws:s3:::public-bucket-open;s3_bucket_public_access;False;public-bucket-open;NIST-CSF;National Institute of Standards and Technology (NIST) Cybersecurity Framework (CSF) v2.0;
aws;The NIST Cybersecurity Framework (CSF) 2.0 offers a taxonomy of high-level cybersecurity outcomes that can be used by any organization regardless of its size, sector, or maturity to better understand, assess, prioritize, and communicate its cybersecurity efforts. The framework's core functions are organized into six key areas: Govern (new), Identify, Protect, Detect, Respond, and Recover. Together, these functions provide a comprehensive lifecycle approach to managing cybersecurity risk.;350381001508;us-east-1;2026-08-01 19:04:21.788096;ac_3;Remote access is managed.;Protect (PR);Identity Management and Access Control (PR.AC);;aws;;FAIL;S3 Bucket public-bucket-open has public access due to bucket policy.;arn:aws:s3:::public-bucket-open;s3_bucket_public_access;False;public-bucket-open;NIST-CSF;National Institute of Standards and Technology (NIST) Cybersecurity Framework (CSF) v2.0;
aws;The NIST Cybersecurity Framework (CSF) 2.0 offers a taxonomy of high-level cybersecurity outcomes that can be used by any organization regardless of its size, sector, or maturity to better understand, assess, prioritize, and communicate its cybersecurity efforts. The framework's core functions are organized into six key areas: Govern (new), Identify, Protect, Detect, Respond, and Recover. Together, these functions provide a comprehensive lifecycle approach to managing cybersecurity risk.;350381001508;us-east-1;2026-08-01 19:04:21.788096;ds_5;Protections against data leaks are implemented.;Protect (PR);Data Security (PR.DS);;aws;;FAIL;S3 Bucket public-bucket-open has public access due to bucket policy.;arn:aws:s3:::public-bucket-open;s3_bucket_public_access;False;public-bucket-open;NIST-CSF;National Institute of Standards and Technology (NIST) Cybersecurity Framework (CSF) v2.0;
aws;The NIST Cybersecurity Framework (CSF) 2.0 offers a taxonomy of high-level cybersecurity outcomes that can be used by any organization regardless of its size, sector, or maturity to better understand, assess, prioritize, and communicate its cybersecurity efforts. The framework's core functions are organized into six key areas: Govern (new), Identify, Protect, Detect, Respond, and Recover. Together, these functions provide a comprehensive lifecycle approach to managing cybersecurity risk.;350381001508;us-east-1;2026-08-01 19:04:21.788096;ip_1;A baseline configuration of information technology/industrial control systems is created and maintained incorporating security principles (e.g. concept of least functionality).;Protect (PR);Information Protection Processes and Procedures (PR.IP);;aws;;FAIL;S3 Bucket public-bucket-open has public access due to bucket policy.;arn:aws:s3:::public-bucket-open;s3_bucket_public_access;False;public-bucket-open;NIST-CSF;National Institute of Standards and Technology (NIST) Cybersecurity Framework (CSF) v2.0;
aws;The NIST Cybersecurity Framework (CSF) 2.0 offers a taxonomy of high-level cybersecurity outcomes that can be used by any organization regardless of its size, sector, or maturity to better understand, assess, prioritize, and communicate its cybersecurity efforts. The framework's core functions are organized into six key areas: Govern (new), Identify, Protect, Detect, Respond, and Recover. Together, these functions provide a comprehensive lifecycle approach to managing cybersecurity risk.;350381001508;us-east-1;2026-08-01 19:04:21.788096;ra_1;Asset vulnerabilities are identified and documented.;Identify (ID);Risk Assessment (ID.RA);;aws;;PASS;S3 Bucket research-secure-bucket is not public.;arn:aws:s3:::research-secure-bucket;s3_bucket_public_access;False;research-secure-bucket;NIST-CSF;National Institute of Standards and Technology (NIST) Cybersecurity Framework (CSF) v2.0;
aws;The NIST Cybersecurity Framework (CSF) 2.0 offers a taxonomy of high-level cybersecurity outcomes that can be used by any organization regardless of its size, sector, or maturity to better understand, assess, prioritize, and communicate its cybersecurity efforts. The framework's core functions are organized into six key areas: Govern (new), Identify, Protect, Detect, Respond, and Recover. Together, these functions provide a comprehensive lifecycle approach to managing cybersecurity risk.;350381001508;us-east-1;2026-08-01 19:04:21.788096;ac_3;Remote access is managed.;Protect (PR);Identity Management and Access Control (PR.AC);;aws;;PASS;S3 Bucket research-secure-bucket is not public.;arn:aws:s3:::research-secure-bucket;s3_bucket_public_access;False;research-secure-bucket;NIST-CSF;National Institute of Standards and Technology (NIST) Cybersecurity Framework (CSF) v2.0;
aws;The NIST Cybersecurity Framework (CSF) 2.0 offers a taxonomy of high-level cybersecurity outcomes that can be used by any organization regardless of its size, sector, or maturity to better understand, assess, prioritize, and communicate its cybersecurity efforts. The framework's core functions are organized into six key areas: Govern (new), Identify, Protect, Detect, Respond, and Recover. Together, these functions provide a comprehensive lifecycle approach to managing cybersecurity risk.;350381001508;us-east-1;2026-08-01 19:04:21.788096;ds_5;Protections against data leaks are implemented.;Protect (PR);Data Security (PR.DS);;aws;;PASS;S3 Bucket research-secure-bucket is not public.;arn:aws:s3:::research-secure-bucket;s3_bucket_public_access;False;research-secure-bucket;NIST-CSF;National Institute of Standards and Technology (NIST) Cybersecurity Framework (CSF) v2.0;
aws;The NIST Cybersecurity Framework (CSF) 2.0 offers a taxonomy of high-level cybersecurity outcomes that can be used by any organization regardless of its size, sector, or maturity to better understand, assess, prioritize, and communicate its cybersecurity efforts. The framework's core functions are organized into six key areas: Govern (new), Identify, Protect, Detect, Respond, and Recover. Together, these functions provide a comprehensive lifecycle approach to managing cybersecurity risk.;350381001508;us-east-1;2026-08-01 19:04:21.788096;ip_1;A baseline configuration of information technology/industrial control systems is created and maintained incorporating security principles (e.g. concept of least functionality).;Protect (PR);Information Protection Processes and Procedures (PR.IP);;aws;;PASS;S3 Bucket research-secure-bucket is not public.;arn:aws:s3:::research-secure-bucket;s3_bucket_public_access;False;research-secure-bucket;NIST-CSF;National Institute of Standards and Technology (NIST) Cybersecurity Framework (CSF) v2.0;
aws;The NIST Cybersecurity Framework (CSF) 2.0 offers a taxonomy of high-level cybersecurity outcomes that can be used by any organization regardless of its size, sector, or maturity to better understand, assess, prioritize, and communicate its cybersecurity efforts. The framework's core functions are organized into six key areas: Govern (new), Identify, Protect, Detect, Respond, and Recover. Together, these functions provide a comprehensive lifecycle approach to managing cybersecurity risk.;350381001508;us-east-1;2026-08-01 19:04:21.788096;ds_5;Protections against data leaks are implemented.;Protect (PR);Data Security (PR.DS);;aws;;PASS;S3 Bucket aws-cloudtrail-logs-350381001508-dae76776 is not publicly listable.;arn:aws:s3:::aws-cloudtrail-logs-350381001508-dae76776;s3_bucket_public_list_acl;False;aws-cloudtrail-logs-350381001508-dae76776;NIST-CSF;National Institute of Standards and Technology (NIST) Cybersecurity Framework (CSF) v2.0;
aws;The NIST Cybersecurity Framework (CSF) 2.0 offers a taxonomy of high-level cybersecurity outcomes that can be used by any organization regardless of its size, sector, or maturity to better understand, assess, prioritize, and communicate its cybersecurity efforts. The framework's core functions are organized into six key areas: Govern (new), Identify, Protect, Detect, Respond, and Recover. Together, these functions provide a comprehensive lifecycle approach to managing cybersecurity risk.;350381001508;us-east-1;2026-08-01 19:04:21.788096;ds_5;Protections against data leaks are implemented.;Protect (PR);Data Security (PR.DS);;aws;;PASS;S3 Bucket public-bucket-open is not publicly listable.;arn:aws:s3:::public-bucket-open;s3_bucket_public_list_acl;False;public-bucket-open;NIST-CSF;National Institute of Standards and Technology (NIST) Cybersecurity Framework (CSF) v2.0;
aws;The NIST Cybersecurity Framework (CSF) 2.0 offers a taxonomy of high-level cybersecurity outcomes that can be used by any organization regardless of its size, sector, or maturity to better understand, assess, prioritize, and communicate its cybersecurity efforts. The framework's core functions are organized into six key areas: Govern (new), Identify, Protect, Detect, Respond, and Recover. Together, these functions provide a comprehensive lifecycle approach to managing cybersecurity risk.;350381001508;us-east-1;2026-08-01 19:04:21.788096;ds_5;Protections against data leaks are implemented.;Protect (PR);Data Security (PR.DS);;aws;;PASS;S3 Bucket research-secure-bucket is not publicly listable.;arn:aws:s3:::research-secure-bucket;s3_bucket_public_list_acl;False;research-secure-bucket;NIST-CSF;National Institute of Standards and Technology (NIST) Cybersecurity Framework (CSF) v2.0;
aws;The NIST Cybersecurity Framework (CSF) 2.0 offers a taxonomy of high-level cybersecurity outcomes that can be used by any organization regardless of its size, sector, or maturity to better understand, assess, prioritize, and communicate its cybersecurity efforts. The framework's core functions are organized into six key areas: Govern (new), Identify, Protect, Detect, Respond, and Recover. Together, these functions provide a comprehensive lifecycle approach to managing cybersecurity risk.;350381001508;us-east-1;2026-08-01 19:04:21.788096;ra_1;Asset vulnerabilities are identified and documented.;Identify (ID);Risk Assessment (ID.RA);;aws;;PASS;S3 Bucket aws-cloudtrail-logs-350381001508-dae76776 is not publicly writable.;arn:aws:s3:::aws-cloudtrail-logs-350381001508-dae76776;s3_bucket_public_write_acl;False;aws-cloudtrail-logs-350381001508-dae76776;NIST-CSF;National Institute of Standards and Technology (NIST) Cybersecurity Framework (CSF) v2.0;
aws;The NIST Cybersecurity Framework (CSF) 2.0 offers a taxonomy of high-level cybersecurity outcomes that can be used by any organization regardless of its size, sector, or maturity to better understand, assess, prioritize, and communicate its cybersecurity efforts. The framework's core functions are organized into six key areas: Govern (new), Identify, Protect, Detect, Respond, and Recover. Together, these functions provide a comprehensive lifecycle approach to managing cybersecurity risk.;350381001508;us-east-1;2026-08-01 19:04:21.788096;ds_5;Protections against data leaks are implemented.;Protect (PR);Data Security (PR.DS);;aws;;PASS;S3 Bucket aws-cloudtrail-logs-350381001508-dae76776 is not publicly writable.;arn:aws:s3:::aws-cloudtrail-logs-350381001508-dae76776;s3_bucket_public_write_acl;False;aws-cloudtrail-logs-350381001508-dae76776;NIST-CSF;National Institute of Standards and Technology (NIST) Cybersecurity Framework (CSF) v2.0;
aws;The NIST Cybersecurity Framework (CSF) 2.0 offers a taxonomy of high-level cybersecurity outcomes that can be used by any organization regardless of its size, sector, or maturity to better understand, assess, prioritize, and communicate its cybersecurity efforts. The framework's core functions are organized into six key areas: Govern (new), Identify, Protect, Detect, Respond, and Recover. Together, these functions provide a comprehensive lifecycle approach to managing cybersecurity risk.;350381001508;us-east-1;2026-08-01 19:04:21.788096;ra_1;Asset vulnerabilities are identified and documented.;Identify (ID);Risk Assessment (ID.RA);;aws;;PASS;S3 Bucket public-bucket-open is not publicly writable.;arn:aws:s3:::public-bucket-open;s3_bucket_public_write_acl;False;public-bucket-open;NIST-CSF;National Institute of Standards and Technology (NIST) Cybersecurity Framework (CSF) v2.0;
aws;The NIST Cybersecurity Framework (CSF) 2.0 offers a taxonomy of high-level cybersecurity outcomes that can be used by any organization regardless of its size, sector, or maturity to better understand, assess, prioritize, and communicate its cybersecurity efforts. The framework's core functions are organized into six key areas: Govern (new), Identify, Protect, Detect, Respond, and Recover. Together, these functions provide a comprehensive lifecycle approach to managing cybersecurity risk.;350381001508;us-east-1;2026-08-01 19:04:21.788096;ds_5;Protections against data leaks are implemented.;Protect (PR);Data Security (PR.DS);;aws;;PASS;S3 Bucket public-bucket-open is not publicly writable.;arn:aws:s3:::public-bucket-open;s3_bucket_public_write_acl;False;public-bucket-open;NIST-CSF;National Institute of Standards and Technology (NIST) Cybersecurity Framework (CSF) v2.0;
aws;The NIST Cybersecurity Framework (CSF) 2.0 offers a taxonomy of high-level cybersecurity outcomes that can be used by any organization regardless of its size, sector, or maturity to better understand, assess, prioritize, and communicate its cybersecurity efforts. The framework's core functions are organized into six key areas: Govern (new), Identify, Protect, Detect, Respond, and Recover. Together, these functions provide a comprehensive lifecycle approach to managing cybersecurity risk.;350381001508;us-east-1;2026-08-01 19:04:21.788096;ra_1;Asset vulnerabilities are identified and documented.;Identify (ID);Risk Assessment (ID.RA);;aws;;PASS;S3 Bucket research-secure-bucket is not publicly writable.;arn:aws:s3:::research-secure-bucket;s3_bucket_public_write_acl;False;research-secure-bucket;NIST-CSF;National Institute of Standards and Technology (NIST) Cybersecurity Framework (CSF) v2.0;
aws;The NIST Cybersecurity Framework (CSF) 2.0 offers a taxonomy of high-level cybersecurity outcomes that can be used by any organization regardless of its size, sector, or maturity to better understand, assess, prioritize, and communicate its cybersecurity efforts. The framework's core functions are organized into six key areas: Govern (new), Identify, Protect, Detect, Respond, and Recover. Together, these functions provide a comprehensive lifecycle approach to managing cybersecurity risk.;350381001508;us-east-1;2026-08-01 19:04:21.788096;ds_5;Protections against data leaks are implemented.;Protect (PR);Data Security (PR.DS);;aws;;PASS;S3 Bucket research-secure-bucket is not publicly writable.;arn:aws:s3:::research-secure-bucket;s3_bucket_public_write_acl;False;research-secure-bucket;NIST-CSF;National Institute of Standards and Technology (NIST) Cybersecurity Framework (CSF) v2.0;
aws;The NIST Cybersecurity Framework (CSF) 2.0 offers a taxonomy of high-level cybersecurity outcomes that can be used by any organization regardless of its size, sector, or maturity to better understand, assess, prioritize, and communicate its cybersecurity efforts. The framework's core functions are organized into six key areas: Govern (new), Identify, Protect, Detect, Respond, and Recover. Together, these functions provide a comprehensive lifecycle approach to managing cybersecurity risk.;350381001508;us-east-1;2026-08-01 19:04:21.788096;ds_2;Data-in-transit is protected.;Protect (PR);Data Security (PR.DS);;aws;;FAIL;S3 Bucket aws-cloudtrail-logs-350381001508-dae76776 allows requests over insecure transport in the bucket policy.;arn:aws:s3:::aws-cloudtrail-logs-350381001508-dae76776;s3_bucket_secure_transport_policy;False;aws-cloudtrail-logs-350381001508-dae76776;NIST-CSF;National Institute of Standards and Technology (NIST) Cybersecurity Framework (CSF) v2.0;
aws;The NIST Cybersecurity Framework (CSF) 2.0 offers a taxonomy of high-level cybersecurity outcomes that can be used by any organization regardless of its size, sector, or maturity to better understand, assess, prioritize, and communicate its cybersecurity efforts. The framework's core functions are organized into six key areas: Govern (new), Identify, Protect, Detect, Respond, and Recover. Together, these functions provide a comprehensive lifecycle approach to managing cybersecurity risk.;350381001508;us-east-1;2026-08-01 19:04:21.788096;pt_4;Communications and control networks are protected.;Protect (PR);Protective Technology (PR.PT);;aws;;FAIL;S3 Bucket aws-cloudtrail-logs-350381001508-dae76776 allows requests over insecure transport in the bucket policy.;arn:aws:s3:::aws-cloudtrail-logs-350381001508-dae76776;s3_bucket_secure_transport_policy;False;aws-cloudtrail-logs-350381001508-dae76776;NIST-CSF;National Institute of Standards and Technology (NIST) Cybersecurity Framework (CSF) v2.0;
aws;The NIST Cybersecurity Framework (CSF) 2.0 offers a taxonomy of high-level cybersecurity outcomes that can be used by any organization regardless of its size, sector, or maturity to better understand, assess, prioritize, and communicate its cybersecurity efforts. The framework's core functions are organized into six key areas: Govern (new), Identify, Protect, Detect, Respond, and Recover. Together, these functions provide a comprehensive lifecycle approach to managing cybersecurity risk.;350381001508;us-east-1;2026-08-01 19:04:21.788096;ds_2;Data-in-transit is protected.;Protect (PR);Data Security (PR.DS);;aws;;FAIL;S3 Bucket public-bucket-open allows requests over insecure transport in the bucket policy.;arn:aws:s3:::public-bucket-open;s3_bucket_secure_transport_policy;False;public-bucket-open;NIST-CSF;National Institute of Standards and Technology (NIST) Cybersecurity Framework (CSF) v2.0;
aws;The NIST Cybersecurity Framework (CSF) 2.0 offers a taxonomy of high-level cybersecurity outcomes that can be used by any organization regardless of its size, sector, or maturity to better understand, assess, prioritize, and communicate its cybersecurity efforts. The framework's core functions are organized into six key areas: Govern (new), Identify, Protect, Detect, Respond, and Recover. Together, these functions provide a comprehensive lifecycle approach to managing cybersecurity risk.;350381001508;us-east-1;2026-08-01 19:04:21.788096;pt_4;Communications and control networks are protected.;Protect (PR);Protective Technology (PR.PT);;aws;;FAIL;S3 Bucket public-bucket-open allows requests over insecure transport in the bucket policy.;arn:aws:s3:::public-bucket-open;s3_bucket_secure_transport_policy;False;public-bucket-open;NIST-CSF;National Institute of Standards and Technology (NIST) Cybersecurity Framework (CSF) v2.0;
aws;The NIST Cybersecurity Framework (CSF) 2.0 offers a taxonomy of high-level cybersecurity outcomes that can be used by any organization regardless of its size, sector, or maturity to better understand, assess, prioritize, and communicate its cybersecurity efforts. The framework's core functions are organized into six key areas: Govern (new), Identify, Protect, Detect, Respond, and Recover. Together, these functions provide a comprehensive lifecycle approach to managing cybersecurity risk.;350381001508;us-east-1;2026-08-01 19:04:21.788096;ds_2;Data-in-transit is protected.;Protect (PR);Data Security (PR.DS);;aws;;FAIL;S3 Bucket research-secure-bucket does not have a bucket policy, thus it allows HTTP requests.;arn:aws:s3:::research-secure-bucket;s3_bucket_secure_transport_policy;False;research-secure-bucket;NIST-CSF;National Institute of Standards and Technology (NIST) Cybersecurity Framework (CSF) v2.0;
aws;The NIST Cybersecurity Framework (CSF) 2.0 offers a taxonomy of high-level cybersecurity outcomes that can be used by any organization regardless of its size, sector, or maturity to better understand, assess, prioritize, and communicate its cybersecurity efforts. The framework's core functions are organized into six key areas: Govern (new), Identify, Protect, Detect, Respond, and Recover. Together, these functions provide a comprehensive lifecycle approach to managing cybersecurity risk.;350381001508;us-east-1;2026-08-01 19:04:21.788096;pt_4;Communications and control networks are protected.;Protect (PR);Protective Technology (PR.PT);;aws;;FAIL;S3 Bucket research-secure-bucket does not have a bucket policy, thus it allows HTTP requests.;arn:aws:s3:::research-secure-bucket;s3_bucket_secure_transport_policy;False;research-secure-bucket;NIST-CSF;National Institute of Standards and Technology (NIST) Cybersecurity Framework (CSF) v2.0;
aws;The NIST Cybersecurity Framework (CSF) 2.0 offers a taxonomy of high-level cybersecurity outcomes that can be used by any organization regardless of its size, sector, or maturity to better understand, assess, prioritize, and communicate its cybersecurity efforts. The framework's core functions are organized into six key areas: Govern (new), Identify, Protect, Detect, Respond, and Recover. Together, these functions provide a comprehensive lifecycle approach to managing cybersecurity risk.;350381001508;us-east-1;2026-08-01 19:04:21.788096;ip_9;Response plans (Incident Response and Business Continuity) and recovery plans (Incident Recovery and Disaster Recovery) are in place and managed.;Protect (PR);Information Protection Processes and Procedures (PR.IP);;aws;;FAIL;No SSM Incidents replication set exists.;arn:aws:ssm-incidents:us-east-1:350381001508:replication-set;ssmincidents_enabled_with_plans;False;350381001508;NIST-CSF;National Institute of Standards and Technology (NIST) Cybersecurity Framework (CSF) v2.0;
aws;The NIST Cybersecurity Framework (CSF) 2.0 offers a taxonomy of high-level cybersecurity outcomes that can be used by any organization regardless of its size, sector, or maturity to better understand, assess, prioritize, and communicate its cybersecurity efforts. The framework's core functions are organized into six key areas: Govern (new), Identify, Protect, Detect, Respond, and Recover. Together, these functions provide a comprehensive lifecycle approach to managing cybersecurity risk.;350381001508;us-east-1;2026-08-01 19:04:21.788096;rp_1;Response plan is executed during or after an incident.;Respond (RS);Response Planning (RS.RP);;aws;;FAIL;No SSM Incidents replication set exists.;arn:aws:ssm-incidents:us-east-1:350381001508:replication-set;ssmincidents_enabled_with_plans;False;350381001508;NIST-CSF;National Institute of Standards and Technology (NIST) Cybersecurity Framework (CSF) v2.0;
aws;The NIST Cybersecurity Framework (CSF) 2.0 offers a taxonomy of high-level cybersecurity outcomes that can be used by any organization regardless of its size, sector, or maturity to better understand, assess, prioritize, and communicate its cybersecurity efforts. The framework's core functions are organized into six key areas: Govern (new), Identify, Protect, Detect, Respond, and Recover. Together, these functions provide a comprehensive lifecycle approach to managing cybersecurity risk.;350381001508;us-east-1;2026-08-01 19:04:21.788096;rm_1;Organizational cybersecurity risk management strategy is established, communicated, and maintained.;Govern (GV);Risk Management Strategy (GV.RM);;aws;;MANUAL;Amazon Web Services Premium Support Subscription is required to use this service.;arn:aws:trusted-advisor:us-east-1:350381001508:account;trustedadvisor_errors_and_warnings;False;350381001508;NIST-CSF;National Institute of Standards and Technology (NIST) Cybersecurity Framework (CSF) v2.0;
aws;The NIST Cybersecurity Framework (CSF) 2.0 offers a taxonomy of high-level cybersecurity outcomes that can be used by any organization regardless of its size, sector, or maturity to better understand, assess, prioritize, and communicate its cybersecurity efforts. The framework's core functions are organized into six key areas: Govern (new), Identify, Protect, Detect, Respond, and Recover. Together, these functions provide a comprehensive lifecycle approach to managing cybersecurity risk.;350381001508;us-east-1;2026-08-01 19:04:21.788096;po_3;Legal and regulatory requirements regarding cybersecurity, including privacy and civil liberties obligations, are understood and managed.;Govern (GV);Policies, Processes, and Procedures (GV.PO);;aws;;MANUAL;Amazon Web Services Premium Support Subscription is required to use this service.;arn:aws:trusted-advisor:us-east-1:350381001508:account;trustedadvisor_errors_and_warnings;False;350381001508;NIST-CSF;National Institute of Standards and Technology (NIST) Cybersecurity Framework (CSF) v2.0;
aws;The NIST Cybersecurity Framework (CSF) 2.0 offers a taxonomy of high-level cybersecurity outcomes that can be used by any organization regardless of its size, sector, or maturity to better understand, assess, prioritize, and communicate its cybersecurity efforts. The framework's core functions are organized into six key areas: Govern (new), Identify, Protect, Detect, Respond, and Recover. Together, these functions provide a comprehensive lifecycle approach to managing cybersecurity risk.;350381001508;us-east-1;2026-08-01 19:04:21.788096;po_4;Governance and risk management processes address cybersecurity risks.;Govern (GV);Policies, Processes, and Procedures (GV.PO);;aws;;MANUAL;Amazon Web Services Premium Support Subscription is required to use this service.;arn:aws:trusted-advisor:us-east-1:350381001508:account;trustedadvisor_errors_and_warnings;False;350381001508;NIST-CSF;National Institute of Standards and Technology (NIST) Cybersecurity Framework (CSF) v2.0;
aws;The NIST Cybersecurity Framework (CSF) 2.0 offers a taxonomy of high-level cybersecurity outcomes that can be used by any organization regardless of its size, sector, or maturity to better understand, assess, prioritize, and communicate its cybersecurity efforts. The framework's core functions are organized into six key areas: Govern (new), Identify, Protect, Detect, Respond, and Recover. Together, these functions provide a comprehensive lifecycle approach to managing cybersecurity risk.;350381001508;us-east-1;2026-08-01 19:04:21.788096;ov_2;Cybersecurity risk management performance is measured and reported.;Govern (GV);Oversight (GV.OV);;aws;;MANUAL;Amazon Web Services Premium Support Subscription is required to use this service.;arn:aws:trusted-advisor:us-east-1:350381001508:account;trustedadvisor_errors_and_warnings;False;350381001508;NIST-CSF;National Institute of Standards and Technology (NIST) Cybersecurity Framework (CSF) v2.0;
aws;The NIST Cybersecurity Framework (CSF) 2.0 offers a taxonomy of high-level cybersecurity outcomes that can be used by any organization regardless of its size, sector, or maturity to better understand, assess, prioritize, and communicate its cybersecurity efforts. The framework's core functions are organized into six key areas: Govern (new), Identify, Protect, Detect, Respond, and Recover. Together, these functions provide a comprehensive lifecycle approach to managing cybersecurity risk.;350381001508;us-east-1;2026-08-01 19:04:21.788096;ov_3;Cybersecurity risk management strategy and practices are reviewed and adjusted to adapt to changes in the threat landscape, technologies, or mission, business, or system environments.;Govern (GV);Oversight (GV.OV);;aws;;MANUAL;Amazon Web Services Premium Support Subscription is required to use this service.;arn:aws:trusted-advisor:us-east-1:350381001508:account;trustedadvisor_errors_and_warnings;False;350381001508;NIST-CSF;National Institute of Standards and Technology (NIST) Cybersecurity Framework (CSF) v2.0;
aws;The NIST Cybersecurity Framework (CSF) 2.0 offers a taxonomy of high-level cybersecurity outcomes that can be used by any organization regardless of its size, sector, or maturity to better understand, assess, prioritize, and communicate its cybersecurity efforts. The framework's core functions are organized into six key areas: Govern (new), Identify, Protect, Detect, Respond, and Recover. Together, these functions provide a comprehensive lifecycle approach to managing cybersecurity risk.;350381001508;us-east-1;2026-08-01 19:04:21.788096;rm_1;Organizational cybersecurity risk management strategy is established, communicated, and maintained.;Govern (GV);Risk Management Strategy (GV.RM);;aws;;FAIL;Amazon Web Services Premium Support Plan isn't subscribed.;arn:aws:trusted-advisor:us-east-1:350381001508:account;trustedadvisor_premium_support_plan_subscribed;False;350381001508;NIST-CSF;National Institute of Standards and Technology (NIST) Cybersecurity Framework (CSF) v2.0;
aws;The NIST Cybersecurity Framework (CSF) 2.0 offers a taxonomy of high-level cybersecurity outcomes that can be used by any organization regardless of its size, sector, or maturity to better understand, assess, prioritize, and communicate its cybersecurity efforts. The framework's core functions are organized into six key areas: Govern (new), Identify, Protect, Detect, Respond, and Recover. Together, these functions provide a comprehensive lifecycle approach to managing cybersecurity risk.;350381001508;us-east-1;2026-08-01 19:04:21.788096;po_3;Legal and regulatory requirements regarding cybersecurity, including privacy and civil liberties obligations, are understood and managed.;Govern (GV);Policies, Processes, and Procedures (GV.PO);;aws;;FAIL;Amazon Web Services Premium Support Plan isn't subscribed.;arn:aws:trusted-advisor:us-east-1:350381001508:account;trustedadvisor_premium_support_plan_subscribed;False;350381001508;NIST-CSF;National Institute of Standards and Technology (NIST) Cybersecurity Framework (CSF) v2.0;
aws;The NIST Cybersecurity Framework (CSF) 2.0 offers a taxonomy of high-level cybersecurity outcomes that can be used by any organization regardless of its size, sector, or maturity to better understand, assess, prioritize, and communicate its cybersecurity efforts. The framework's core functions are organized into six key areas: Govern (new), Identify, Protect, Detect, Respond, and Recover. Together, these functions provide a comprehensive lifecycle approach to managing cybersecurity risk.;350381001508;us-east-1;2026-08-01 19:04:21.788096;po_4;Governance and risk management processes address cybersecurity risks.;Govern (GV);Policies, Processes, and Procedures (GV.PO);;aws;;FAIL;Amazon Web Services Premium Support Plan isn't subscribed.;arn:aws:trusted-advisor:us-east-1:350381001508:account;trustedadvisor_premium_support_plan_subscribed;False;350381001508;NIST-CSF;National Institute of Standards and Technology (NIST) Cybersecurity Framework (CSF) v2.0;
aws;The NIST Cybersecurity Framework (CSF) 2.0 offers a taxonomy of high-level cybersecurity outcomes that can be used by any organization regardless of its size, sector, or maturity to better understand, assess, prioritize, and communicate its cybersecurity efforts. The framework's core functions are organized into six key areas: Govern (new), Identify, Protect, Detect, Respond, and Recover. Together, these functions provide a comprehensive lifecycle approach to managing cybersecurity risk.;350381001508;us-east-1;2026-08-01 19:04:21.788096;ov_3;Cybersecurity risk management strategy and practices are reviewed and adjusted to adapt to changes in the threat landscape, technologies, or mission, business, or system environments.;Govern (GV);Oversight (GV.OV);;aws;;FAIL;Amazon Web Services Premium Support Plan isn't subscribed.;arn:aws:trusted-advisor:us-east-1:350381001508:account;trustedadvisor_premium_support_plan_subscribed;False;350381001508;NIST-CSF;National Institute of Standards and Technology (NIST) Cybersecurity Framework (CSF) v2.0;
aws;The NIST Cybersecurity Framework (CSF) 2.0 offers a taxonomy of high-level cybersecurity outcomes that can be used by any organization regardless of its size, sector, or maturity to better understand, assess, prioritize, and communicate its cybersecurity efforts. The framework's core functions are organized into six key areas: Govern (new), Identify, Protect, Detect, Respond, and Recover. Together, these functions provide a comprehensive lifecycle approach to managing cybersecurity risk.;350381001508;us-east-1;2026-08-01 19:04:21.788096;ra_5;Threats, vulnerabilities, likelihoods, and impacts are used to determine risk.;Identify (ID);Risk Assessment (ID.RA);;aws;;FAIL;VPC vpc-081d4be98bcc01b9b has no EC2 endpoint.;arn:aws:ec2:us-east-1:350381001508:vpc/vpc-081d4be98bcc01b9b;vpc_endpoint_for_ec2_enabled;False;vpc-081d4be98bcc01b9b;NIST-CSF;National Institute of Standards and Technology (NIST) Cybersecurity Framework (CSF) v2.0;
aws;The NIST Cybersecurity Framework (CSF) 2.0 offers a taxonomy of high-level cybersecurity outcomes that can be used by any organization regardless of its size, sector, or maturity to better understand, assess, prioritize, and communicate its cybersecurity efforts. The framework's core functions are organized into six key areas: Govern (new), Identify, Protect, Detect, Respond, and Recover. Together, these functions provide a comprehensive lifecycle approach to managing cybersecurity risk.;350381001508;us-east-1;2026-08-01 19:04:21.788096;ae_1;A baseline of network operations and expected data flows for users and systems is established and managed.;Detect (DE);Anomalies and Events (DE.AE);;aws;;FAIL;VPC vpc-081d4be98bcc01b9b has no EC2 endpoint.;arn:aws:ec2:us-east-1:350381001508:vpc/vpc-081d4be98bcc01b9b;vpc_endpoint_for_ec2_enabled;False;vpc-081d4be98bcc01b9b;NIST-CSF;National Institute of Standards and Technology (NIST) Cybersecurity Framework (CSF) v2.0;
aws;The NIST Cybersecurity Framework (CSF) 2.0 offers a taxonomy of high-level cybersecurity outcomes that can be used by any organization regardless of its size, sector, or maturity to better understand, assess, prioritize, and communicate its cybersecurity efforts. The framework's core functions are organized into six key areas: Govern (new), Identify, Protect, Detect, Respond, and Recover. Together, these functions provide a comprehensive lifecycle approach to managing cybersecurity risk.;350381001508;us-east-1;2026-08-01 19:04:21.788096;po_4;Governance and risk management processes address cybersecurity risks.;Govern (GV);Policies, Processes, and Procedures (GV.PO);;aws;;FAIL;VPC research-vpc Flow logs are disabled.;arn:aws:ec2:us-east-1:350381001508:vpc/vpc-081d4be98bcc01b9b;vpc_flow_logs_enabled;False;vpc-081d4be98bcc01b9b;NIST-CSF;National Institute of Standards and Technology (NIST) Cybersecurity Framework (CSF) v2.0;
aws;The NIST Cybersecurity Framework (CSF) 2.0 offers a taxonomy of high-level cybersecurity outcomes that can be used by any organization regardless of its size, sector, or maturity to better understand, assess, prioritize, and communicate its cybersecurity efforts. The framework's core functions are organized into six key areas: Govern (new), Identify, Protect, Detect, Respond, and Recover. Together, these functions provide a comprehensive lifecycle approach to managing cybersecurity risk.;350381001508;us-east-1;2026-08-01 19:04:21.788096;pt_1;Audit/log records are determined, documented, implemented, and reviewed in accordance with policy.;Protect (PR);Protective Technology (PR.PT);;aws;;FAIL;VPC research-vpc Flow logs are disabled.;arn:aws:ec2:us-east-1:350381001508:vpc/vpc-081d4be98bcc01b9b;vpc_flow_logs_enabled;False;vpc-081d4be98bcc01b9b;NIST-CSF;National Institute of Standards and Technology (NIST) Cybersecurity Framework (CSF) v2.0;
aws;The NIST Cybersecurity Framework (CSF) 2.0 offers a taxonomy of high-level cybersecurity outcomes that can be used by any organization regardless of its size, sector, or maturity to better understand, assess, prioritize, and communicate its cybersecurity efforts. The framework's core functions are organized into six key areas: Govern (new), Identify, Protect, Detect, Respond, and Recover. Together, these functions provide a comprehensive lifecycle approach to managing cybersecurity risk.;350381001508;us-east-1;2026-08-01 19:04:21.788096;pt_4;Communications and control networks are protected.;Protect (PR);Protective Technology (PR.PT);;aws;;FAIL;VPC research-vpc Flow logs are disabled.;arn:aws:ec2:us-east-1:350381001508:vpc/vpc-081d4be98bcc01b9b;vpc_flow_logs_enabled;False;vpc-081d4be98bcc01b9b;NIST-CSF;National Institute of Standards and Technology (NIST) Cybersecurity Framework (CSF) v2.0;
aws;The NIST Cybersecurity Framework (CSF) 2.0 offers a taxonomy of high-level cybersecurity outcomes that can be used by any organization regardless of its size, sector, or maturity to better understand, assess, prioritize, and communicate its cybersecurity efforts. The framework's core functions are organized into six key areas: Govern (new), Identify, Protect, Detect, Respond, and Recover. Together, these functions provide a comprehensive lifecycle approach to managing cybersecurity risk.;350381001508;us-east-1;2026-08-01 19:04:21.788096;ae_1;A baseline of network operations and expected data flows for users and systems is established and managed.;Detect (DE);Anomalies and Events (DE.AE);;aws;;FAIL;VPC research-vpc Flow logs are disabled.;arn:aws:ec2:us-east-1:350381001508:vpc/vpc-081d4be98bcc01b9b;vpc_flow_logs_enabled;False;vpc-081d4be98bcc01b9b;NIST-CSF;National Institute of Standards and Technology (NIST) Cybersecurity Framework (CSF) v2.0;
aws;The NIST Cybersecurity Framework (CSF) 2.0 offers a taxonomy of high-level cybersecurity outcomes that can be used by any organization regardless of its size, sector, or maturity to better understand, assess, prioritize, and communicate its cybersecurity efforts. The framework's core functions are organized into six key areas: Govern (new), Identify, Protect, Detect, Respond, and Recover. Together, these functions provide a comprehensive lifecycle approach to managing cybersecurity risk.;350381001508;us-east-1;2026-08-01 19:04:21.788096;cm_1;The network is monitored to detect potential cybersecurity events.;Detect (DE);Security Continuous Monitoring (DE.CM);;aws;;FAIL;VPC research-vpc Flow logs are disabled.;arn:aws:ec2:us-east-1:350381001508:vpc/vpc-081d4be98bcc01b9b;vpc_flow_logs_enabled;False;vpc-081d4be98bcc01b9b;NIST-CSF;National Institute of Standards and Technology (NIST) Cybersecurity Framework (CSF) v2.0;
aws;The NIST Cybersecurity Framework (CSF) 2.0 offers a taxonomy of high-level cybersecurity outcomes that can be used by any organization regardless of its size, sector, or maturity to better understand, assess, prioritize, and communicate its cybersecurity efforts. The framework's core functions are organized into six key areas: Govern (new), Identify, Protect, Detect, Respond, and Recover. Together, these functions provide a comprehensive lifecycle approach to managing cybersecurity risk.;350381001508;us-east-1;2026-08-01 19:04:21.788096;be_5;Resilience requirements to support delivery of critical services are established for all operating states (e.g. under duress/attack, during recovery, normal operations);Identify (ID);Business Environment (ID.BE);;aws;;FAIL;VPC research-vpc has only subnets in us-east-1a.;arn:aws:ec2:us-east-1:350381001508:vpc/vpc-081d4be98bcc01b9b;vpc_subnet_different_az;False;vpc-081d4be98bcc01b9b;NIST-CSF;National Institute of Standards and Technology (NIST) Cybersecurity Framework (CSF) v2.0;
aws;The NIST Cybersecurity Framework (CSF) 2.0 offers a taxonomy of high-level cybersecurity outcomes that can be used by any organization regardless of its size, sector, or maturity to better understand, assess, prioritize, and communicate its cybersecurity efforts. The framework's core functions are organized into six key areas: Govern (new), Identify, Protect, Detect, Respond, and Recover. Together, these functions provide a comprehensive lifecycle approach to managing cybersecurity risk.;350381001508;us-east-1;2026-08-01 19:04:21.788096;ac_5;Network integrity is protected (e.g., network segregation, network segmentation).;Protect (PR);Identity Management and Access Control (PR.AC);;aws;;FAIL;VPC research-vpc has only subnets in us-east-1a.;arn:aws:ec2:us-east-1:350381001508:vpc/vpc-081d4be98bcc01b9b;vpc_subnet_different_az;False;vpc-081d4be98bcc01b9b;NIST-CSF;National Institute of Standards and Technology (NIST) Cybersecurity Framework (CSF) v2.0;
aws;The NIST Cybersecurity Framework (CSF) 2.0 offers a taxonomy of high-level cybersecurity outcomes that can be used by any organization regardless of its size, sector, or maturity to better understand, assess, prioritize, and communicate its cybersecurity efforts. The framework's core functions are organized into six key areas: Govern (new), Identify, Protect, Detect, Respond, and Recover. Together, these functions provide a comprehensive lifecycle approach to managing cybersecurity risk.;350381001508;us-east-1;2026-08-01 19:04:21.788096;be_5;Resilience requirements to support delivery of critical services are established for all operating states (e.g. under duress/attack, during recovery, normal operations);Identify (ID);Business Environment (ID.BE);;aws;;FAIL;VPC subnet public-subnet assigns public IP by default.;arn:aws:ec2:us-east-1:350381001508:subnet/subnet-0b92ef0c8cfd4ef0d;vpc_subnet_no_public_ip_by_default;False;subnet-0b92ef0c8cfd4ef0d;NIST-CSF;National Institute of Standards and Technology (NIST) Cybersecurity Framework (CSF) v2.0;
aws;The NIST Cybersecurity Framework (CSF) 2.0 offers a taxonomy of high-level cybersecurity outcomes that can be used by any organization regardless of its size, sector, or maturity to better understand, assess, prioritize, and communicate its cybersecurity efforts. The framework's core functions are organized into six key areas: Govern (new), Identify, Protect, Detect, Respond, and Recover. Together, these functions provide a comprehensive lifecycle approach to managing cybersecurity risk.;350381001508;us-east-1;2026-08-01 19:04:21.788096;be_5;Resilience requirements to support delivery of critical services are established for all operating states (e.g. under duress/attack, during recovery, normal operations);Identify (ID);Business Environment (ID.BE);;aws;;FAIL;VPC research-vpc has only public subnets.;arn:aws:ec2:us-east-1:350381001508:vpc/vpc-081d4be98bcc01b9b;vpc_subnet_separate_private_public;False;vpc-081d4be98bcc01b9b;NIST-CSF;National Institute of Standards and Technology (NIST) Cybersecurity Framework (CSF) v2.0;
aws;The NIST Cybersecurity Framework (CSF) 2.0 offers a taxonomy of high-level cybersecurity outcomes that can be used by any organization regardless of its size, sector, or maturity to better understand, assess, prioritize, and communicate its cybersecurity efforts. The framework's core functions are organized into six key areas: Govern (new), Identify, Protect, Detect, Respond, and Recover. Together, these functions provide a comprehensive lifecycle approach to managing cybersecurity risk.;350381001508;us-east-1;2026-08-01 19:04:21.788096;ac_5;Network integrity is protected (e.g., network segregation, network segmentation).;Protect (PR);Identity Management and Access Control (PR.AC);;aws;;FAIL;VPC research-vpc has only public subnets.;arn:aws:ec2:us-east-1:350381001508:vpc/vpc-081d4be98bcc01b9b;vpc_subnet_separate_private_public;False;vpc-081d4be98bcc01b9b;NIST-CSF;National Institute of Standards and Technology (NIST) Cybersecurity Framework (CSF) v2.0;
aws;The NIST Cybersecurity Framework (CSF) 2.0 offers a taxonomy of high-level cybersecurity outcomes that can be used by any organization regardless of its size, sector, or maturity to better understand, assess, prioritize, and communicate its cybersecurity efforts. The framework's core functions are organized into six key areas: Govern (new), Identify, Protect, Detect, Respond, and Recover. Together, these functions provide a comprehensive lifecycle approach to managing cybersecurity risk.;;;2026-08-01 19:04:21.788096;oc_1;The organization's role in the supply chain is identified and communicated.;Govern (GV);Organizational Context (GV.OC);;aws;;MANUAL;Manual check;manual_check;manual;False;Manual check;NIST-CSF;National Institute of Standards and Technology (NIST) Cybersecurity Framework (CSF) v2.0;
aws;The NIST Cybersecurity Framework (CSF) 2.0 offers a taxonomy of high-level cybersecurity outcomes that can be used by any organization regardless of its size, sector, or maturity to better understand, assess, prioritize, and communicate its cybersecurity efforts. The framework's core functions are organized into six key areas: Govern (new), Identify, Protect, Detect, Respond, and Recover. Together, these functions provide a comprehensive lifecycle approach to managing cybersecurity risk.;;;2026-08-01 19:04:21.788096;oc_2;Legal, regulatory, and contractual requirements regarding cybersecurity including privacy and civil liberties obligations are understood and managed.;Govern (GV);Organizational Context (GV.OC);;aws;;MANUAL;Manual check;manual_check;manual;False;Manual check;NIST-CSF;National Institute of Standards and Technology (NIST) Cybersecurity Framework (CSF) v2.0;
aws;The NIST Cybersecurity Framework (CSF) 2.0 offers a taxonomy of high-level cybersecurity outcomes that can be used by any organization regardless of its size, sector, or maturity to better understand, assess, prioritize, and communicate its cybersecurity efforts. The framework's core functions are organized into six key areas: Govern (new), Identify, Protect, Detect, Respond, and Recover. Together, these functions provide a comprehensive lifecycle approach to managing cybersecurity risk.;;;2026-08-01 19:04:21.788096;oc_3;The organization's place in critical infrastructure and its industry sector is identified and communicated.;Govern (GV);Organizational Context (GV.OC);;aws;;MANUAL;Manual check;manual_check;manual;False;Manual check;NIST-CSF;National Institute of Standards and Technology (NIST) Cybersecurity Framework (CSF) v2.0;
aws;The NIST Cybersecurity Framework (CSF) 2.0 offers a taxonomy of high-level cybersecurity outcomes that can be used by any organization regardless of its size, sector, or maturity to better understand, assess, prioritize, and communicate its cybersecurity efforts. The framework's core functions are organized into six key areas: Govern (new), Identify, Protect, Detect, Respond, and Recover. Together, these functions provide a comprehensive lifecycle approach to managing cybersecurity risk.;;;2026-08-01 19:04:21.788096;rm_2;Organizational risk tolerance is determined and clearly expressed.;Govern (GV);Risk Management Strategy (GV.RM);;aws;;MANUAL;Manual check;manual_check;manual;False;Manual check;NIST-CSF;National Institute of Standards and Technology (NIST) Cybersecurity Framework (CSF) v2.0;
aws;The NIST Cybersecurity Framework (CSF) 2.0 offers a taxonomy of high-level cybersecurity outcomes that can be used by any organization regardless of its size, sector, or maturity to better understand, assess, prioritize, and communicate its cybersecurity efforts. The framework's core functions are organized into six key areas: Govern (new), Identify, Protect, Detect, Respond, and Recover. Together, these functions provide a comprehensive lifecycle approach to managing cybersecurity risk.;;;2026-08-01 19:04:21.788096;rm_3;The organization's determination of risk tolerance is informed by its role in critical infrastructure, sector-specific risk analysis, or organizational risk analysis.;Govern (GV);Risk Management Strategy (GV.RM);;aws;;MANUAL;Manual check;manual_check;manual;False;Manual check;NIST-CSF;National Institute of Standards and Technology (NIST) Cybersecurity Framework (CSF) v2.0;
aws;The NIST Cybersecurity Framework (CSF) 2.0 offers a taxonomy of high-level cybersecurity outcomes that can be used by any organization regardless of its size, sector, or maturity to better understand, assess, prioritize, and communicate its cybersecurity efforts. The framework's core functions are organized into six key areas: Govern (new), Identify, Protect, Detect, Respond, and Recover. Together, these functions provide a comprehensive lifecycle approach to managing cybersecurity risk.;;;2026-08-01 19:04:21.788096;sc_4;Supply chain risk management processes are continuously improved.;Govern (GV);Cybersecurity Supply Chain Risk Management (GV.SC);;aws;;MANUAL;Manual check;manual_check;manual;False;Manual check;NIST-CSF;National Institute of Standards and Technology (NIST) Cybersecurity Framework (CSF) v2.0;
aws;The NIST Cybersecurity Framework (CSF) 2.0 offers a taxonomy of high-level cybersecurity outcomes that can be used by any organization regardless of its size, sector, or maturity to better understand, assess, prioritize, and communicate its cybersecurity efforts. The framework's core functions are organized into six key areas: Govern (new), Identify, Protect, Detect, Respond, and Recover. Together, these functions provide a comprehensive lifecycle approach to managing cybersecurity risk.;;;2026-08-01 19:04:21.788096;rr_3;Senior executives are accountable for cybersecurity risk.;Govern (GV);Roles, Responsibilities, and Authorities (GV.RR);;aws;;MANUAL;Manual check;manual_check;manual;False;Manual check;NIST-CSF;National Institute of Standards and Technology (NIST) Cybersecurity Framework (CSF) v2.0;
aws;The NIST Cybersecurity Framework (CSF) 2.0 offers a taxonomy of high-level cybersecurity outcomes that can be used by any organization regardless of its size, sector, or maturity to better understand, assess, prioritize, and communicate its cybersecurity efforts. The framework's core functions are organized into six key areas: Govern (new), Identify, Protect, Detect, Respond, and Recover. Together, these functions provide a comprehensive lifecycle approach to managing cybersecurity risk.;;;2026-08-01 19:04:21.788096;po_2;Cybersecurity policy is updated as needed to reflect changes in organizational priorities, threat landscape, or technology.;Govern (GV);Policies, Processes, and Procedures (GV.PO);;aws;;MANUAL;Manual check;manual_check;manual;False;Manual check;NIST-CSF;National Institute of Standards and Technology (NIST) Cybersecurity Framework (CSF) v2.0;
aws;The NIST Cybersecurity Framework (CSF) 2.0 offers a taxonomy of high-level cybersecurity outcomes that can be used by any organization regardless of its size, sector, or maturity to better understand, assess, prioritize, and communicate its cybersecurity efforts. The framework's core functions are organized into six key areas: Govern (new), Identify, Protect, Detect, Respond, and Recover. Together, these functions provide a comprehensive lifecycle approach to managing cybersecurity risk.;;;2026-08-01 19:04:21.788096;ov_1;Cybersecurity risk management strategy outcomes are reviewed to inform and adjust organizational priorities.;Govern (GV);Oversight (GV.OV);;aws;;MANUAL;Manual check;manual_check;manual;False;Manual check;NIST-CSF;National Institute of Standards and Technology (NIST) Cybersecurity Framework (CSF) v2.0;
aws;The NIST Cybersecurity Framework (CSF) 2.0 offers a taxonomy of high-level cybersecurity outcomes that can be used by any organization regardless of its size, sector, or maturity to better understand, assess, prioritize, and communicate its cybersecurity efforts. The framework's core functions are organized into six key areas: Govern (new), Identify, Protect, Detect, Respond, and Recover. Together, these functions provide a comprehensive lifecycle approach to managing cybersecurity risk.;;;2026-08-01 19:04:21.788096;ov_4;Cybersecurity risk management processes are reviewed to ensure they meet legal and regulatory requirements.;Govern (GV);Oversight (GV.OV);;aws;;MANUAL;Manual check;manual_check;manual;False;Manual check;NIST-CSF;National Institute of Standards and Technology (NIST) Cybersecurity Framework (CSF) v2.0;
aws;The NIST Cybersecurity Framework (CSF) 2.0 offers a taxonomy of high-level cybersecurity outcomes that can be used by any organization regardless of its size, sector, or maturity to better understand, assess, prioritize, and communicate its cybersecurity efforts. The framework's core functions are organized into six key areas: Govern (new), Identify, Protect, Detect, Respond, and Recover. Together, these functions provide a comprehensive lifecycle approach to managing cybersecurity risk.;;;2026-08-01 19:04:21.788096;am_1;Physical devices and systems within the organization are inventoried.;Identify (ID);Asset Management (ID.AM);;aws;;MANUAL;Manual check;manual_check;manual;False;Manual check;NIST-CSF;National Institute of Standards and Technology (NIST) Cybersecurity Framework (CSF) v2.0;
aws;The NIST Cybersecurity Framework (CSF) 2.0 offers a taxonomy of high-level cybersecurity outcomes that can be used by any organization regardless of its size, sector, or maturity to better understand, assess, prioritize, and communicate its cybersecurity efforts. The framework's core functions are organized into six key areas: Govern (new), Identify, Protect, Detect, Respond, and Recover. Together, these functions provide a comprehensive lifecycle approach to managing cybersecurity risk.;;;2026-08-01 19:04:21.788096;am_2;Software platforms and applications within the organization are inventoried.;Identify (ID);Asset Management (ID.AM);;aws;;MANUAL;Manual check;manual_check;manual;False;Manual check;NIST-CSF;National Institute of Standards and Technology (NIST) Cybersecurity Framework (CSF) v2.0;
aws;The NIST Cybersecurity Framework (CSF) 2.0 offers a taxonomy of high-level cybersecurity outcomes that can be used by any organization regardless of its size, sector, or maturity to better understand, assess, prioritize, and communicate its cybersecurity efforts. The framework's core functions are organized into six key areas: Govern (new), Identify, Protect, Detect, Respond, and Recover. Together, these functions provide a comprehensive lifecycle approach to managing cybersecurity risk.;;;2026-08-01 19:04:21.788096;am_3;Organizational communication and data flows are mapped.;Identify (ID);Asset Management (ID.AM);;aws;;MANUAL;Manual check;manual_check;manual;False;Manual check;NIST-CSF;National Institute of Standards and Technology (NIST) Cybersecurity Framework (CSF) v2.0;
aws;The NIST Cybersecurity Framework (CSF) 2.0 offers a taxonomy of high-level cybersecurity outcomes that can be used by any organization regardless of its size, sector, or maturity to better understand, assess, prioritize, and communicate its cybersecurity efforts. The framework's core functions are organized into six key areas: Govern (new), Identify, Protect, Detect, Respond, and Recover. Together, these functions provide a comprehensive lifecycle approach to managing cybersecurity risk.;;;2026-08-01 19:04:21.788096;am_5;Resources (e.g., hardware, devices, data, time, personnel, and software) are prioritized based on their classification, criticality, and business value.;Identify (ID);Asset Management (ID.AM);;aws;;MANUAL;Manual check;manual_check;manual;False;Manual check;NIST-CSF;National Institute of Standards and Technology (NIST) Cybersecurity Framework (CSF) v2.0;
aws;The NIST Cybersecurity Framework (CSF) 2.0 offers a taxonomy of high-level cybersecurity outcomes that can be used by any organization regardless of its size, sector, or maturity to better understand, assess, prioritize, and communicate its cybersecurity efforts. The framework's core functions are organized into six key areas: Govern (new), Identify, Protect, Detect, Respond, and Recover. Together, these functions provide a comprehensive lifecycle approach to managing cybersecurity risk.;;;2026-08-01 19:04:21.788096;ra_2;Cyber threat intelligence is received from information sharing forums and sources.;Identify (ID);Risk Assessment (ID.RA);;aws;;MANUAL;Manual check;manual_check;manual;False;Manual check;NIST-CSF;National Institute of Standards and Technology (NIST) Cybersecurity Framework (CSF) v2.0;
aws;The NIST Cybersecurity Framework (CSF) 2.0 offers a taxonomy of high-level cybersecurity outcomes that can be used by any organization regardless of its size, sector, or maturity to better understand, assess, prioritize, and communicate its cybersecurity efforts. The framework's core functions are organized into six key areas: Govern (new), Identify, Protect, Detect, Respond, and Recover. Together, these functions provide a comprehensive lifecycle approach to managing cybersecurity risk.;;;2026-08-01 19:04:21.788096;id_sc_4;Suppliers and third-party partners are routinely assessed using audits, test results, or other forms of evaluations to confirm they are meeting their contractual obligations.;Identify (ID);Supply Chain Risk Management (ID.SC);;aws;;MANUAL;Manual check;manual_check;manual;False;Manual check;NIST-CSF;National Institute of Standards and Technology (NIST) Cybersecurity Framework (CSF) v2.0;
aws;The NIST Cybersecurity Framework (CSF) 2.0 offers a taxonomy of high-level cybersecurity outcomes that can be used by any organization regardless of its size, sector, or maturity to better understand, assess, prioritize, and communicate its cybersecurity efforts. The framework's core functions are organized into six key areas: Govern (new), Identify, Protect, Detect, Respond, and Recover. Together, these functions provide a comprehensive lifecycle approach to managing cybersecurity risk.;;;2026-08-01 19:04:21.788096;ds_7;The development and testing environment(s) are separate from the production environment.;Protect (PR);Data Security (PR.DS);;aws;;MANUAL;Manual check;manual_check;manual;False;Manual check;NIST-CSF;National Institute of Standards and Technology (NIST) Cybersecurity Framework (CSF) v2.0;
aws;The NIST Cybersecurity Framework (CSF) 2.0 offers a taxonomy of high-level cybersecurity outcomes that can be used by any organization regardless of its size, sector, or maturity to better understand, assess, prioritize, and communicate its cybersecurity efforts. The framework's core functions are organized into six key areas: Govern (new), Identify, Protect, Detect, Respond, and Recover. Together, these functions provide a comprehensive lifecycle approach to managing cybersecurity risk.;;;2026-08-01 19:04:21.788096;ds_8;Integrity checking mechanisms are used to verify hardware integrity.;Protect (PR);Data Security (PR.DS);;aws;;MANUAL;Manual check;manual_check;manual;False;Manual check;NIST-CSF;National Institute of Standards and Technology (NIST) Cybersecurity Framework (CSF) v2.0;
aws;The NIST Cybersecurity Framework (CSF) 2.0 offers a taxonomy of high-level cybersecurity outcomes that can be used by any organization regardless of its size, sector, or maturity to better understand, assess, prioritize, and communicate its cybersecurity efforts. The framework's core functions are organized into six key areas: Govern (new), Identify, Protect, Detect, Respond, and Recover. Together, these functions provide a comprehensive lifecycle approach to managing cybersecurity risk.;;;2026-08-01 19:04:21.788096;ip_3;Configuration change control processes are in place.;Protect (PR);Information Protection Processes and Procedures (PR.IP);;elb;;MANUAL;Manual check;manual_check;manual;False;Manual check;NIST-CSF;National Institute of Standards and Technology (NIST) Cybersecurity Framework (CSF) v2.0;
aws;The NIST Cybersecurity Framework (CSF) 2.0 offers a taxonomy of high-level cybersecurity outcomes that can be used by any organization regardless of its size, sector, or maturity to better understand, assess, prioritize, and communicate its cybersecurity efforts. The framework's core functions are organized into six key areas: Govern (new), Identify, Protect, Detect, Respond, and Recover. Together, these functions provide a comprehensive lifecycle approach to managing cybersecurity risk.;;;2026-08-01 19:04:21.788096;ma_2;Remote maintenance of organizational assets is approved, logged, and performed in a manner that prevents unauthorized access.;Protect (PR);Maintenance (PR.MA);;cloudtrail;;MANUAL;Manual check;manual_check;manual;False;Manual check;NIST-CSF;National Institute of Standards and Technology (NIST) Cybersecurity Framework (CSF) v2.0;
aws;The NIST Cybersecurity Framework (CSF) 2.0 offers a taxonomy of high-level cybersecurity outcomes that can be used by any organization regardless of its size, sector, or maturity to better understand, assess, prioritize, and communicate its cybersecurity efforts. The framework's core functions are organized into six key areas: Govern (new), Identify, Protect, Detect, Respond, and Recover. Together, these functions provide a comprehensive lifecycle approach to managing cybersecurity risk.;;;2026-08-01 19:04:21.788096;pt_3;The principle of least functionality is incorporated by configuring systems to provide only essential capabilities.;Protect (PR);Protective Technology (PR.PT);;aws;;MANUAL;Manual check;manual_check;manual;False;Manual check;NIST-CSF;National Institute of Standards and Technology (NIST) Cybersecurity Framework (CSF) v2.0;
aws;The NIST Cybersecurity Framework (CSF) 2.0 offers a taxonomy of high-level cybersecurity outcomes that can be used by any organization regardless of its size, sector, or maturity to better understand, assess, prioritize, and communicate its cybersecurity efforts. The framework's core functions are organized into six key areas: Govern (new), Identify, Protect, Detect, Respond, and Recover. Together, these functions provide a comprehensive lifecycle approach to managing cybersecurity risk.;;;2026-08-01 19:04:21.788096;ae_4;Impact of events is determined.;Detect (DE);Anomalies and Events (DE.AE);;aws;;MANUAL;Manual check;manual_check;manual;False;Manual check;NIST-CSF;National Institute of Standards and Technology (NIST) Cybersecurity Framework (CSF) v2.0;
aws;The NIST Cybersecurity Framework (CSF) 2.0 offers a taxonomy of high-level cybersecurity outcomes that can be used by any organization regardless of its size, sector, or maturity to better understand, assess, prioritize, and communicate its cybersecurity efforts. The framework's core functions are organized into six key areas: Govern (new), Identify, Protect, Detect, Respond, and Recover. Together, these functions provide a comprehensive lifecycle approach to managing cybersecurity risk.;;;2026-08-01 19:04:21.788096;ae_5;Incident alert thresholds are established.;Detect (DE);Anomalies and Events (DE.AE);;aws;;MANUAL;Manual check;manual_check;manual;False;Manual check;NIST-CSF;National Institute of Standards and Technology (NIST) Cybersecurity Framework (CSF) v2.0;
aws;The NIST Cybersecurity Framework (CSF) 2.0 offers a taxonomy of high-level cybersecurity outcomes that can be used by any organization regardless of its size, sector, or maturity to better understand, assess, prioritize, and communicate its cybersecurity efforts. The framework's core functions are organized into six key areas: Govern (new), Identify, Protect, Detect, Respond, and Recover. Together, these functions provide a comprehensive lifecycle approach to managing cybersecurity risk.;;;2026-08-01 19:04:21.788096;cm_2;The physical environment is monitored to detect potential cybersecurity events.;Detect (DE);Security Continuous Monitoring (DE.CM);;aws;;MANUAL;Manual check;manual_check;manual;False;Manual check;NIST-CSF;National Institute of Standards and Technology (NIST) Cybersecurity Framework (CSF) v2.0;
aws;The NIST Cybersecurity Framework (CSF) 2.0 offers a taxonomy of high-level cybersecurity outcomes that can be used by any organization regardless of its size, sector, or maturity to better understand, assess, prioritize, and communicate its cybersecurity efforts. The framework's core functions are organized into six key areas: Govern (new), Identify, Protect, Detect, Respond, and Recover. Together, these functions provide a comprehensive lifecycle approach to managing cybersecurity risk.;;;2026-08-01 19:04:21.788096;cm_5;Unauthorized mobile code is detected.;Detect (DE);Security Continuous Monitoring (DE.CM);;aws;;MANUAL;Manual check;manual_check;manual;False;Manual check;NIST-CSF;National Institute of Standards and Technology (NIST) Cybersecurity Framework (CSF) v2.0;
aws;The NIST Cybersecurity Framework (CSF) 2.0 offers a taxonomy of high-level cybersecurity outcomes that can be used by any organization regardless of its size, sector, or maturity to better understand, assess, prioritize, and communicate its cybersecurity efforts. The framework's core functions are organized into six key areas: Govern (new), Identify, Protect, Detect, Respond, and Recover. Together, these functions provide a comprehensive lifecycle approach to managing cybersecurity risk.;;;2026-08-01 19:04:21.788096;dp_5;Detection processes are continuously improved.;Detect (DE);Detection Processes (DE.DP);;ec2;;MANUAL;Manual check;manual_check;manual;False;Manual check;NIST-CSF;National Institute of Standards and Technology (NIST) Cybersecurity Framework (CSF) v2.0;
aws;The NIST Cybersecurity Framework (CSF) 2.0 offers a taxonomy of high-level cybersecurity outcomes that can be used by any organization regardless of its size, sector, or maturity to better understand, assess, prioritize, and communicate its cybersecurity efforts. The framework's core functions are organized into six key areas: Govern (new), Identify, Protect, Detect, Respond, and Recover. Together, these functions provide a comprehensive lifecycle approach to managing cybersecurity risk.;;;2026-08-01 19:04:21.788096;an_2;The impact of the incident is understood.;Respond (RS);Analysis (RS.AN);;guardduty;;MANUAL;Manual check;manual_check;manual;False;Manual check;NIST-CSF;National Institute of Standards and Technology (NIST) Cybersecurity Framework (CSF) v2.0;
aws;The NIST Cybersecurity Framework (CSF) 2.0 offers a taxonomy of high-level cybersecurity outcomes that can be used by any organization regardless of its size, sector, or maturity to better understand, assess, prioritize, and communicate its cybersecurity efforts. The framework's core functions are organized into six key areas: Govern (new), Identify, Protect, Detect, Respond, and Recover. Together, these functions provide a comprehensive lifecycle approach to managing cybersecurity risk.;;;2026-08-01 19:04:21.788096;mi_3;Newly identified vulnerabilities are mitigated or documented as accepted risks.;Respond (RS);Mitigation (RS.MI);;guardduty;;MANUAL;Manual check;manual_check;manual;False;Manual check;NIST-CSF;National Institute of Standards and Technology (NIST) Cybersecurity Framework (CSF) v2.0;
